timestamp,meter_id,demand_kw,temperature_f
2025-06-01 00:15:00,B001,47.05,54.7
2025-06-01 00:30:00,B001,62.28,54.5
2025-06-01 00:45:00,B001,51.26,54.3
2025-06-01 01:00:00,B001,49.07,54.2
2025-06-01 01:15:00,B001,49.68,54.2
2025-06-01 01:30:00,B001,56.76,54.3
2025-06-01 01:45:00,B001,55.42,54.4
2025-06-01 02:00:00,B001,55.8,54.5
2025-06-01 02:15:00,B001,55.95,54.8
2025-06-01 02:30:00,B001,69.63,55.1
2025-06-01 02:45:00,B001,49.25,55.4
2025-06-01 03:00:00,B001,48.4,55.9
2025-06-01 03:15:00,B001,45.99,56.3
2025-06-01 03:30:00,B001,57.43,56.9
2025-06-01 03:45:00,B001,61.53,57.4
2025-06-01 04:00:00,B001,51.59,58.1
2025-06-01 04:15:00,B001,45.78,58.8
2025-06-01 04:30:00,B001,45.9,59.5
2025-06-01 04:45:00,B001,57.7,60.2
2025-06-01 05:00:00,B001,58.45,61.0
2025-06-01 05:15:00,B001,56.85,61.9
2025-06-01 05:30:00,B001,47.18,62.8
2025-06-01 05:45:00,B001,54.36,63.7
2025-06-01 06:00:00,B001,53.43,64.6
2025-06-01 06:15:00,B001,54.25,65.5
2025-06-01 06:30:00,B001,59.47,66.5
2025-06-01 06:45:00,B001,54.29,67.5
2025-06-01 07:00:00,B001,57.93,68.4
2025-06-01 07:15:00,B001,53.04,69.4
2025-06-01 07:30:00,B001,54.81,70.4
2025-06-01 07:45:00,B001,57.55,71.4
2025-06-01 08:00:00,B001,40.84,72.3
2025-06-01 08:15:00,B001,49.94,73.3
2025-06-01 08:30:00,B001,48.74,74.2
2025-06-01 08:45:00,B001,48.23,75.1
2025-06-01 09:00:00,B001,56.47,76.0
2025-06-01 09:15:00,B001,75.79,76.9
2025-06-01 09:30:00,B001,61.86,77.7
2025-06-01 09:45:00,B001,81.28,78.5
2025-06-01 10:00:00,B001,64.57,79.3
2025-06-01 10:15:00,B001,79.6,80.0
2025-06-01 10:30:00,B001,87.55,80.6
2025-06-01 10:45:00,B001,94.62,81.2
2025-06-01 11:00:00,B001,98.98,81.8
2025-06-01 11:15:00,B001,102.68,82.3
2025-06-01 11:30:00,B001,96.26,82.8
2025-06-01 11:45:00,B001,97.71,83.2
2025-06-01 12:00:00,B001,110.27,83.5
2025-06-01 12:15:00,B001,103.51,83.8
2025-06-01 12:30:00,B001,96.1,84.0
2025-06-01 12:45:00,B001,98.12,84.1
2025-06-01 13:00:00,B001,100.33,84.2
2025-06-01 13:15:00,B001,111.78,84.2
2025-06-01 13:30:00,B001,108.68,84.2
2025-06-01 13:45:00,B001,112.41,84.1
2025-06-01 14:00:00,B001,102.43,83.9
2025-06-01 14:15:00,B001,105.7,83.7
2025-06-01 14:30:00,B001,107.66,83.4
2025-06-01 14:45:00,B001,98.03,83.0
2025-06-01 15:00:00,B001,101.66,82.6
2025-06-01 15:15:00,B001,89.86,82.1
2025-06-01 15:30:00,B001,89.08,81.6
2025-06-01 15:45:00,B001,85.44,81.0
2025-06-01 16:00:00,B001,75.13,80.4
2025-06-01 16:15:00,B001,84.51,79.7
2025-06-01 16:30:00,B001,72.51,79.0
2025-06-01 16:45:00,B001,71.76,78.2
2025-06-01 17:00:00,B001,70.68,77.4
2025-06-01 17:15:00,B001,65.36,76.5
2025-06-01 17:30:00,B001,61.88,75.7
2025-06-01 17:45:00,B001,51.71,74.8
2025-06-01 18:00:00,B001,49.11,73.9
2025-06-01 18:15:00,B001,51.86,72.9
2025-06-01 18:30:00,B001,39.0,72.0
2025-06-01 18:45:00,B001,40.92,71.0
2025-06-01 19:00:00,B001,41.92,70.0
2025-06-01 19:15:00,B001,44.52,69.0
2025-06-01 19:30:00,B001,55.7,68.0
2025-06-01 19:45:00,B001,45.26,67.1
2025-06-01 20:00:00,B001,49.47,66.1
2025-06-01 20:15:00,B001,62.89,65.1
2025-06-01 20:30:00,B001,49.65,64.2
2025-06-01 20:45:00,B001,58.4,63.3
2025-06-01 21:00:00,B001,45.03,62.4
2025-06-01 21:15:00,B001,50.86,61.5
2025-06-01 21:30:00,B001,44.9,60.7
2025-06-01 21:45:00,B001,49.79,59.9
2025-06-01 22:00:00,B001,59.22,59.2
2025-06-01 22:15:00,B001,38.68,58.5
2025-06-01 22:30:00,B001,55.98,57.8
2025-06-01 22:45:00,B001,54.4,57.2
2025-06-01 23:00:00,B001,47.75,56.6
2025-06-01 23:15:00,B001,40.93,56.1
2025-06-01 23:30:00,B001,53.08,55.7
2025-06-01 23:45:00,B001,48.26,55.3
2025-06-02 00:00:00,B001,151.86,55.0
2025-06-02 00:15:00,B001,150.17,49.3
2025-06-02 00:30:00,B001,162.81,49.1
2025-06-02 00:45:00,B001,148.09,48.9
2025-06-02 01:00:00,B001,141.81,48.9
2025-06-02 01:15:00,B001,151.43,48.8
2025-06-02 01:30:00,B001,151.76,48.9
2025-06-02 01:45:00,B001,160.87,49.0
2025-06-02 02:00:00,B001,156.68,49.2
2025-06-02 02:15:00,B001,152.85,49.4
2025-06-02 02:30:00,B001,161.71,49.7
2025-06-02 02:45:00,B001,140.49,50.1
2025-06-02 03:00:00,B001,144.88,50.5
2025-06-02 03:15:00,B001,142.59,50.9
2025-06-02 03:30:00,B001,146.88,51.5
2025-06-02 03:45:00,B001,138.99,52.1
2025-06-02 04:00:00,B001,155.08,52.7
2025-06-02 04:15:00,B001,148.22,53.4
2025-06-02 04:30:00,B001,138.23,54.1
2025-06-02 04:45:00,B001,141.88,54.9
2025-06-02 05:00:00,B001,152.51,55.7
2025-06-02 05:15:00,B001,156.71,56.5
2025-06-02 05:30:00,B001,165.97,57.4
2025-06-02 05:45:00,B001,173.32,58.3
2025-06-02 06:00:00,B001,153.37,59.2
2025-06-02 06:15:00,B001,142.35,60.1
2025-06-02 06:30:00,B001,134.1,61.1
2025-06-02 06:45:00,B001,156.41,62.1
2025-06-02 07:00:00,B001,156.68,63.1
2025-06-02 07:15:00,B001,180.93,64.0
2025-06-02 07:30:00,B001,219.91,65.0
2025-06-02 07:45:00,B001,286.22,66.0
2025-06-02 08:00:00,B001,370.52,67.0
2025-06-02 08:15:00,B001,426.31,67.9
2025-06-02 08:30:00,B001,448.73,68.8
2025-06-02 08:45:00,B001,416.77,69.8
2025-06-02 09:00:00,B001,348.6,70.6
2025-06-02 09:15:00,B001,283.46,71.5
2025-06-02 09:30:00,B001,224.38,72.3
2025-06-02 09:45:00,B001,198.39,73.1
2025-06-02 10:00:00,B001,164.22,73.9
2025-06-02 10:15:00,B001,162.13,74.6
2025-06-02 10:30:00,B001,148.64,75.2
2025-06-02 10:45:00,B001,145.94,75.9
2025-06-02 11:00:00,B001,150.85,76.4
2025-06-02 11:15:00,B001,155.77,76.9
2025-06-02 11:30:00,B001,181.3,77.4
2025-06-02 11:45:00,B001,160.06,77.8
2025-06-02 12:00:00,B001,175.34,78.1
2025-06-02 12:15:00,B001,163.05,78.4
2025-06-02 12:30:00,B001,178.99,78.6
2025-06-02 12:45:00,B001,175.5,78.7
2025-06-02 13:00:00,B001,171.67,78.8
2025-06-02 13:15:00,B001,172.71,78.8
2025-06-02 13:30:00,B001,167.55,78.8
2025-06-02 13:45:00,B001,175.78,78.7
2025-06-02 14:00:00,B001,167.77,78.5
2025-06-02 14:15:00,B001,160.89,78.3
2025-06-02 14:30:00,B001,160.53,78.0
2025-06-02 14:45:00,B001,174.39,77.6
2025-06-02 15:00:00,B001,192.56,77.2
2025-06-02 15:15:00,B001,196.4,76.7
2025-06-02 15:30:00,B001,221.78,76.2
2025-06-02 15:45:00,B001,268.11,75.6
2025-06-02 16:00:00,B001,334.42,75.0
2025-06-02 16:15:00,B001,396.62,74.3
2025-06-02 16:30:00,B001,459.29,73.6
2025-06-02 16:45:00,B001,520.74,72.8
2025-06-02 17:00:00,B001,533.43,72.0
2025-06-02 17:15:00,B001,524.18,71.2
2025-06-02 17:30:00,B001,464.05,70.3
2025-06-02 17:45:00,B001,385.07,69.4
2025-06-02 18:00:00,B001,313.03,68.5
2025-06-02 18:15:00,B001,275.32,67.5
2025-06-02 18:30:00,B001,229.31,66.6
2025-06-02 18:45:00,B001,183.29,65.6
2025-06-02 19:00:00,B001,163.63,64.6
2025-06-02 19:15:00,B001,168.97,63.6
2025-06-02 19:30:00,B001,144.02,62.7
2025-06-02 19:45:00,B001,143.87,61.7
2025-06-02 20:00:00,B001,155.48,60.7
2025-06-02 20:15:00,B001,146.94,59.8
2025-06-02 20:30:00,B001,149.99,58.8
2025-06-02 20:45:00,B001,148.7,57.9
2025-06-02 21:00:00,B001,152.7,57.0
2025-06-02 21:15:00,B001,161.26,56.2
2025-06-02 21:30:00,B001,150.72,55.3
2025-06-02 21:45:00,B001,155.15,54.6
2025-06-02 22:00:00,B001,133.6,53.8
2025-06-02 22:15:00,B001,149.61,53.1
2025-06-02 22:30:00,B001,143.25,52.4
2025-06-02 22:45:00,B001,140.25,51.8
2025-06-02 23:00:00,B001,142.97,51.3
2025-06-02 23:15:00,B001,147.33,50.8
2025-06-02 23:30:00,B001,157.33,50.3
2025-06-02 23:45:00,B001,139.39,49.9
2025-06-03 00:00:00,B001,150.25,49.6
2025-06-03 00:15:00,B001,146.13,56.5
2025-06-03 00:30:00,B001,147.38,56.3
2025-06-03 00:45:00,B001,158.02,56.1
2025-06-03 01:00:00,B001,154.3,56.0
2025-06-03 01:15:00,B001,160.7,56.0
2025-06-03 01:30:00,B001,148.76,56.0
2025-06-03 01:45:00,B001,144.43,56.2
2025-06-03 02:00:00,B001,148.21,56.3
2025-06-03 02:15:00,B001,151.94,56.6
2025-06-03 02:30:00,B001,151.41,56.9
2025-06-03 02:45:00,B001,141.32,57.2
2025-06-03 03:00:00,B001,150.72,57.6
2025-06-03 03:15:00,B001,151.83,58.1
2025-06-03 03:30:00,B001,170.14,58.6
2025-06-03 03:45:00,B001,165.01,59.2
2025-06-03 04:00:00,B001,143.17,59.9
2025-06-03 04:15:00,B001,147.7,60.5
2025-06-03 04:30:00,B001,138.29,61.3
2025-06-03 04:45:00,B001,145.27,62.0
2025-06-03 05:00:00,B001,152.52,62.8
2025-06-03 05:15:00,B001,159.65,63.7
2025-06-03 05:30:00,B001,144.17,64.5
2025-06-03 05:45:00,B001,144.78,65.4
2025-06-03 06:00:00,B001,132.87,66.4
2025-06-03 06:15:00,B001,148.96,67.3
2025-06-03 06:30:00,B001,142.66,68.3
2025-06-03 06:45:00,B001,150.03,69.2
2025-06-03 07:00:00,B001,156.17,70.2
2025-06-03 07:15:00,B001,183.49,71.2
2025-06-03 07:30:00,B001,210.74,72.2
2025-06-03 07:45:00,B001,275.61,73.2
2025-06-03 08:00:00,B001,379.03,74.1
2025-06-03 08:15:00,B001,415.2,75.1
2025-06-03 08:30:00,B001,447.28,76.0
2025-06-03 08:45:00,B001,451.29,76.9
2025-06-03 09:00:00,B001,402.1,77.8
2025-06-03 09:15:00,B001,300.0,78.7
2025-06-03 09:30:00,B001,248.85,79.5
2025-06-03 09:45:00,B001,218.71,80.3
2025-06-03 10:00:00,B001,213.24,81.0
2025-06-03 10:15:00,B001,186.85,81.7
2025-06-03 10:30:00,B001,193.64,82.4
2025-06-03 10:45:00,B001,204.61,83.0
2025-06-03 11:00:00,B001,205.02,83.6
2025-06-03 11:15:00,B001,201.53,84.1
2025-06-03 11:30:00,B001,206.17,84.5
2025-06-03 11:45:00,B001,198.6,84.9
2025-06-03 12:00:00,B001,209.7,85.3
2025-06-03 12:15:00,B001,211.11,85.5
2025-06-03 12:30:00,B001,216.36,85.8
2025-06-03 12:45:00,B001,210.94,85.9
2025-06-03 13:00:00,B001,219.66,86.0
2025-06-03 13:15:00,B001,224.11,86.0
2025-06-03 13:30:00,B001,217.0,86.0
2025-06-03 13:45:00,B001,217.99,85.8
2025-06-03 14:00:00,B001,214.81,85.7
2025-06-03 14:15:00,B001,213.66,85.4
2025-06-03 14:30:00,B001,207.95,85.1
2025-06-03 14:45:00,B001,218.51,84.8
2025-06-03 15:00:00,B001,222.12,84.4
2025-06-03 15:15:00,B001,254.83,83.9
2025-06-03 15:30:00,B001,278.29,83.4
2025-06-03 15:45:00,B001,311.88,82.8
2025-06-03 16:00:00,B001,360.77,82.1
2025-06-03 16:15:00,B001,424.78,81.5
2025-06-03 16:30:00,B001,506.57,80.7
2025-06-03 16:45:00,B001,543.85,80.0
2025-06-03 17:00:00,B001,558.87,79.2
2025-06-03 17:15:00,B001,517.92,78.3
2025-06-03 17:30:00,B001,484.76,77.5
2025-06-03 17:45:00,B001,407.86,76.6
2025-06-03 18:00:00,B001,318.92,75.6
2025-06-03 18:15:00,B001,258.34,74.7
2025-06-03 18:30:00,B001,217.63,73.7
2025-06-03 18:45:00,B001,185.15,72.8
2025-06-03 19:00:00,B001,164.36,71.8
2025-06-03 19:15:00,B001,156.45,70.8
2025-06-03 19:30:00,B001,150.86,69.8
2025-06-03 19:45:00,B001,152.25,68.8
2025-06-03 20:00:00,B001,162.11,67.9
2025-06-03 20:15:00,B001,129.57,66.9
2025-06-03 20:30:00,B001,148.13,66.0
2025-06-03 20:45:00,B001,151.42,65.1
2025-06-03 21:00:00,B001,152.37,64.2
2025-06-03 21:15:00,B001,147.02,63.3
2025-06-03 21:30:00,B001,135.95,62.5
2025-06-03 21:45:00,B001,152.62,61.7
2025-06-03 22:00:00,B001,163.82,61.0
2025-06-03 22:15:00,B001,137.73,60.3
2025-06-03 22:30:00,B001,156.91,59.6
2025-06-03 22:45:00,B001,147.37,59.0
2025-06-03 23:00:00,B001,149.51,58.4
2025-06-03 23:15:00,B001,141.58,57.9
2025-06-03 23:30:00,B001,147.32,57.5
2025-06-03 23:45:00,B001,160.4,57.1
2025-06-04 00:00:00,B001,154.66,56.7
2025-06-04 00:15:00,B001,163.86,57.2
2025-06-04 00:30:00,B001,159.42,57.0
2025-06-04 00:45:00,B001,153.51,56.9
2025-06-04 01:00:00,B001,163.95,56.8
2025-06-04 01:15:00,B001,153.51,56.8
2025-06-04 01:30:00,B001,156.62,56.8
2025-06-04 01:45:00,B001,147.63,56.9
2025-06-04 02:00:00,B001,150.53,57.1
2025-06-04 02:15:00,B001,144.42,57.3
2025-06-04 02:30:00,B001,157.92,57.6
2025-06-04 02:45:00,B001,140.57,58.0
2025-06-04 03:00:00,B001,156.26,58.4
2025-06-04 03:15:00,B001,148.47,58.9
2025-06-04 03:30:00,B001,159.37,59.4
2025-06-04 03:45:00,B001,156.01,60.0
2025-06-04 04:00:00,B001,164.57,60.6
2025-06-04 04:15:00,B001,155.85,61.3
2025-06-04 04:30:00,B001,137.42,62.0
2025-06-04 04:45:00,B001,149.46,62.8
2025-06-04 05:00:00,B001,140.62,63.6
2025-06-04 05:15:00,B001,145.85,64.4
2025-06-04 05:30:00,B001,162.09,65.3
2025-06-04 05:45:00,B001,155.11,66.2
2025-06-04 06:00:00,B001,144.46,67.1
2025-06-04 06:15:00,B001,142.16,68.1
2025-06-04 06:30:00,B001,151.42,69.0
2025-06-04 06:45:00,B001,144.53,70.0
2025-06-04 07:00:00,B001,157.81,71.0
2025-06-04 07:15:00,B001,186.74,72.0
2025-06-04 07:30:00,B001,234.05,72.9
2025-06-04 07:45:00,B001,292.22,73.9
2025-06-04 08:00:00,B001,343.66,74.9
2025-06-04 08:15:00,B001,432.49,75.8
2025-06-04 08:30:00,B001,461.19,76.8
2025-06-04 08:45:00,B001,444.47,77.7
2025-06-04 09:00:00,B001,396.36,78.6
2025-06-04 09:15:00,B001,297.43,79.4
2025-06-04 09:30:00,B001,251.63,80.3
2025-06-04 09:45:00,B001,225.27,81.0
2025-06-04 10:45:00,B001,209.72,83.8
2025-06-04 11:00:00,B001,201.54,84.3
2025-06-04 11:15:00,B001,215.62,84.8
2025-06-04 11:30:00,B001,220.36,85.3
2025-06-04 11:45:00,B001,216.03,85.7
2025-06-04 12:00:00,B001,218.04,86.0
2025-06-04 12:15:00,B001,219.97,86.3
2025-06-04 12:30:00,B001,212.16,86.5
2025-06-04 12:45:00,B001,218.77,86.7
2025-06-04 13:00:00,B001,219.23,86.7
2025-06-04 13:15:00,B001,223.64,86.8
2025-06-04 13:30:00,B001,228.32,86.7
2025-06-04 13:45:00,B001,211.27,86.6
2025-06-04 14:00:00,B001,217.94,86.4
2025-06-04 14:15:00,B001,230.08,86.2
2025-06-04 14:30:00,B001,212.34,85.9
2025-06-04 14:45:00,B001,213.97,85.5
2025-06-04 15:00:00,B001,229.08,85.1
2025-06-04 15:15:00,B001,249.4,84.7
2025-06-04 15:30:00,B001,270.36,84.1
2025-06-04 15:45:00,B001,323.99,83.5
2025-06-04 16:00:00,B001,378.29,82.9
2025-06-04 16:15:00,B001,444.98,82.2
2025-06-04 16:30:00,B001,506.04,81.5
2025-06-04 16:45:00,B001,564.94,80.7
2025-06-04 17:00:00,B001,557.95,79.9
2025-06-04 17:15:00,B001,520.41,79.1
2025-06-04 17:30:00,B001,494.73,78.2
2025-06-04 17:45:00,B001,405.13,77.3
2025-06-04 18:00:00,B001,333.22,76.4
2025-06-04 18:15:00,B001,275.31,75.5
2025-06-04 18:30:00,B001,202.7,74.5
2025-06-04 18:45:00,B001,174.72,73.5
2025-06-04 19:00:00,B001,153.89,72.5
2025-06-04 19:15:00,B001,150.93,71.6
2025-06-04 19:30:00,B001,156.4,70.6
2025-06-04 19:45:00,B001,155.23,69.6
2025-06-04 20:00:00,B001,152.55,68.6
2025-06-04 20:15:00,B001,138.8,67.7
2025-06-04 20:30:00,B001,131.55,66.8
2025-06-04 20:45:00,B001,150.44,65.8
2025-06-04 21:00:00,B001,146.23,65.0
2025-06-04 21:15:00,B001,153.68,64.1
2025-06-04 21:30:00,B001,155.62,63.3
2025-06-04 21:45:00,B001,151.11,62.5
2025-06-04 22:00:00,B001,156.08,61.7
2025-06-04 22:15:00,B001,151.83,61.0
2025-06-04 22:30:00,B001,154.24,60.4
2025-06-04 22:45:00,B001,144.36,59.7
2025-06-04 23:00:00,B001,148.56,59.2
2025-06-04 23:15:00,B001,151.57,58.7
2025-06-04 23:30:00,B001,156.56,58.2
2025-06-04 23:45:00,B001,146.85,57.8
2025-06-05 00:00:00,B001,154.17,57.5
2025-06-05 00:15:00,B001,147.87,45.7
2025-06-05 00:30:00,B001,149.06,45.4
2025-06-05 00:45:00,B001,156.64,45.3
2025-06-05 01:00:00,B001,134.06,45.2
2025-06-05 01:15:00,B001,139.63,45.2
2025-06-05 01:30:00,B001,138.14,45.2
2025-06-05 01:45:00,B001,131.33,45.4
2025-06-05 02:00:00,B001,144.57,45.5
2025-06-05 02:15:00,B001,156.0,45.8
2025-06-05 02:30:00,B001,147.72,46.1
2025-06-05 02:45:00,B001,151.58,46.4
2025-06-05 03:00:00,B001,158.71,46.8
2025-06-05 03:15:00,B001,160.62,47.3
2025-06-05 03:30:00,B001,149.45,47.8
2025-06-05 03:45:00,B001,160.83,48.4
2025-06-05 04:00:00,B001,150.74,49.0
2025-06-05 04:15:00,B001,143.3,49.7
2025-06-05 04:30:00,B001,145.24,50.5
2025-06-05 04:45:00,B001,138.16,51.2
2025-06-05 05:00:00,B001,142.89,52.0
2025-06-05 05:15:00,B001,147.14,52.9
2025-06-05 05:30:00,B001,156.43,53.7
2025-06-05 05:45:00,B001,163.77,54.6
2025-06-05 06:00:00,B001,138.99,55.6
2025-06-05 06:15:00,B001,153.41,56.5
2025-06-05 06:30:00,B001,142.84,57.5
2025-06-05 06:45:00,B001,158.06,58.4
2025-06-05 07:00:00,B001,162.13,59.4
2025-06-05 07:15:00,B001,169.6,60.4
2025-06-05 07:30:00,B001,232.23,61.4
2025-06-05 07:45:00,B001,282.51,62.3
2025-06-05 08:00:00,B001,357.72,63.3
2025-06-05 08:15:00,B001,416.5,64.3
2025-06-05 08:30:00,B001,444.77,65.2
2025-06-05 08:45:00,B001,428.48,66.1
2025-06-05 09:00:00,B001,360.48,67.0
2025-06-05 09:15:00,B001,289.98,67.9
2025-06-05 09:30:00,B001,227.7,68.7
2025-06-05 09:45:00,B001,194.81,69.5
2025-06-05 10:00:00,B001,160.44,70.2
2025-06-05 10:15:00,B001,142.45,70.9
2025-06-05 10:30:00,B001,159.7,71.6
2025-06-05 10:45:00,B001,147.61,72.2
2025-06-05 11:00:00,B001,158.97,72.8
2025-06-05 11:15:00,B001,153.08,73.3
2025-06-05 11:30:00,B001,148.95,73.7
2025-06-05 11:45:00,B001,152.79,74.1
2025-06-05 12:00:00,B001,165.61,74.5
2025-06-05 12:15:00,B001,166.62,74.7
2025-06-05 12:30:00,B001,150.56,74.9
2025-06-05 12:45:00,B001,151.83,75.1
2025-06-05 13:00:00,B001,159.66,75.2
2025-06-05 13:15:00,B001,144.41,75.2
2025-06-05 13:30:00,B001,153.59,75.1
2025-06-05 13:45:00,B001,150.14,75.0
2025-06-05 14:00:00,B001,152.85,74.9
2025-06-05 14:15:00,B001,144.37,74.6
2025-06-05 14:30:00,B001,140.16,74.3
2025-06-05 14:45:00,B001,140.7,74.0
2025-06-05 15:00:00,B001,157.76,73.6
2025-06-05 15:15:00,B001,181.06,73.1
2025-06-05 15:30:00,B001,213.17,72.6
2025-06-05 15:45:00,B001,277.61,72.0
2025-06-05 16:00:00,B001,332.82,71.3
2025-06-05 16:15:00,B001,387.17,70.7
2025-06-05 16:30:00,B001,465.36,69.9
2025-06-05 16:45:00,B001,508.63,69.2
2025-06-05 17:00:00,B001,527.73,68.4
2025-06-05 17:15:00,B001,513.37,67.5
2025-06-05 17:30:00,B001,467.53,66.7
2025-06-05 17:45:00,B001,392.15,65.8
2025-06-05 18:00:00,B001,332.49,64.8
2025-06-05 18:15:00,B001,252.97,63.9
2025-06-05 18:30:00,B001,215.57,62.9
2025-06-05 18:45:00,B001,205.51,62.0
2025-06-05 19:00:00,B001,168.48,61.0
2025-06-05 19:15:00,B001,168.75,60.0
2025-06-05 19:30:00,B001,153.61,59.0
2025-06-05 19:45:00,B001,155.68,58.0
2025-06-05 20:00:00,B001,149.88,57.1
2025-06-05 20:15:00,B001,148.74,56.1
2025-06-05 20:30:00,B001,143.79,55.2
2025-06-05 20:45:00,B001,153.45,54.3
2025-06-05 21:00:00,B001,143.19,53.4
2025-06-05 21:15:00,B001,155.32,52.5
2025-06-05 21:30:00,B001,158.68,51.7
2025-06-05 21:45:00,B001,152.93,50.9
2025-06-05 22:00:00,B001,147.71,50.2
2025-06-05 22:15:00,B001,153.63,49.5
2025-06-05 22:30:00,B001,147.53,48.8
2025-06-05 22:45:00,B001,157.48,48.2
2025-06-05 23:00:00,B001,135.35,47.6
2025-06-05 23:15:00,B001,147.32,47.1
2025-06-05 23:30:00,B001,134.07,46.7
2025-06-05 23:45:00,B001,138.04,46.3
2025-06-06 00:00:00,B001,160.91,45.9
2025-06-06 00:15:00,B001,157.16,48.3
2025-06-06 00:30:00,B001,144.24,48.0
2025-06-06 00:45:00,B001,137.98,47.9
2025-06-06 01:00:00,B001,126.28,47.8
2025-06-06 01:15:00,B001,145.65,47.8
2025-06-06 01:30:00,B001,169.36,47.8
2025-06-06 01:45:00,B001,153.48,47.9
2025-06-06 02:00:00,B001,145.52,48.1
2025-06-06 02:15:00,B001,153.72,48.4
2025-06-06 02:30:00,B001,137.51,48.7
2025-06-06 02:45:00,B001,147.62,49.0
2025-06-06 03:00:00,B001,150.8,49.4
2025-06-06 03:15:00,B001,149.31,49.9
2025-06-06 03:30:00,B001,156.33,50.4
2025-06-06 03:45:00,B001,152.76,51.0
2025-06-06 04:00:00,B001,155.35,51.6
2025-06-06 04:15:00,B001,144.49,52.3
2025-06-06 04:30:00,B001,157.18,53.0
2025-06-06 04:45:00,B001,163.03,53.8
2025-06-06 05:00:00,B001,142.24,54.6
2025-06-06 05:15:00,B001,142.9,55.5
2025-06-06 05:30:00,B001,160.69,56.3
2025-06-06 05:45:00,B001,148.48,57.2
2025-06-06 06:00:00,B001,161.28,58.2
2025-06-06 06:15:00,B001,146.72,59.1
2025-06-06 06:30:00,B001,162.8,60.1
2025-06-06 06:45:00,B001,155.32,61.0
2025-06-06 07:00:00,B001,165.25,62.0
2025-06-06 07:15:00,B001,196.77,63.0
2025-06-06 07:30:00,B001,221.91,64.0
2025-06-06 07:45:00,B001,279.82,64.9
2025-06-06 08:00:00,B001,358.41,65.9
2025-06-06 08:15:00,B001,428.68,66.9
2025-06-06 08:30:00,B001,437.47,67.8
2025-06-06 08:45:00,B001,430.16,68.7
2025-06-06 09:00:00,B001,357.68,69.6
2025-06-06 09:15:00,B001,296.53,70.5
2025-06-06 09:30:00,B001,205.65,71.3
2025-06-06 09:45:00,B001,177.96,72.1
2025-06-06 10:00:00,B001,149.69,72.8
2025-06-06 10:15:00,B001,147.65,73.5
2025-06-06 10:30:00,B001,153.14,74.2
2025-06-06 10:45:00,B001,148.83,74.8
2025-06-06 11:00:00,B001,150.25,75.4
2025-06-06 11:15:00,B001,154.01,75.9
2025-06-06 11:30:00,B001,159.61,76.3
2025-06-06 11:45:00,B001,152.27,76.7
2025-06-06 12:00:00,B001,168.0,77.1
2025-06-06 12:15:00,B001,169.28,77.3
2025-06-06 12:30:00,B001,168.32,77.5
2025-06-06 12:45:00,B001,170.58,77.7
2025-06-07 00:00:00,B001,48.34,48.5
2025-06-07 00:15:00,B001,59.0,54.0
2025-06-07 00:30:00,B001,54.43,53.8
2025-06-07 00:45:00,B001,38.3,53.6
2025-06-07 01:00:00,B001,56.62,53.5
2025-06-07 01:15:00,B001,47.88,53.5
2025-06-07 01:30:00,B001,62.7,53.6
2025-06-07 01:45:00,B001,47.48,53.7
2025-06-07 02:00:00,B001,47.41,53.8
2025-06-07 02:15:00,B001,56.83,54.1
2025-06-07 02:30:00,B001,58.6,54.4
2025-06-07 02:45:00,B001,56.08,54.7
2025-06-07 03:00:00,B001,39.02,55.1
2025-06-07 03:15:00,B001,56.8,55.6
2025-06-07 03:30:00,B001,44.23,56.1
2025-06-07 03:45:00,B001,54.38,56.7
2025-06-07 04:00:00,B001,41.11,57.4
2025-06-07 04:15:00,B001,56.07,58.0
2025-06-07 04:30:00,B001,46.05,58.8
2025-06-07 04:45:00,B001,42.24,59.5
2025-06-07 05:00:00,B001,58.21,60.3
2025-06-07 05:15:00,B001,54.43,61.2
2025-06-07 05:30:00,B001,47.59,62.1
2025-06-07 05:45:00,B001,64.11,63.0
2025-06-07 06:00:00,B001,48.97,63.9
2025-06-07 06:15:00,B001,52.76,64.8
2025-06-07 06:30:00,B001,54.65,65.8
2025-06-07 06:45:00,B001,47.54,66.7
2025-06-07 07:00:00,B001,56.27,67.7
2025-06-07 07:15:00,B001,48.23,68.7
2025-06-07 07:30:00,B001,49.21,69.7
2025-06-07 07:45:00,B001,63.4,70.7
2025-06-07 08:00:00,B001,44.18,71.6
2025-06-07 08:15:00,B001,33.2,72.6
2025-06-07 08:30:00,B001,65.39,73.5
2025-06-07 08:45:00,B001,72.89,74.4
2025-06-07 09:00:00,B001,51.19,75.3
2025-06-07 09:15:00,B001,44.09,76.2
2025-06-07 09:30:00,B001,62.06,77.0
2025-06-07 09:45:00,B001,67.0,77.8
2025-06-07 10:00:00,B001,72.27,78.5
2025-06-07 10:15:00,B001,69.13,79.3
2025-06-07 10:30:00,B001,86.64,79.9
2025-06-07 10:45:00,B001,89.88,80.5
2025-06-07 11:00:00,B001,77.09,81.1
2025-06-07 11:15:00,B001,97.69,81.6
2025-06-07 11:30:00,B001,111.22,82.1
2025-06-07 11:45:00,B001,98.54,82.4
2025-06-07 12:00:00,B001,96.46,82.8
2025-06-07 12:15:00,B001,99.66,83.0
2025-06-07 12:30:00,B001,106.98,83.3
2025-06-07 12:45:00,B001,89.1,83.4
2025-06-07 13:00:00,B001,104.76,83.5
2025-06-07 13:15:00,B001,100.44,83.5
2025-06-07 13:30:00,B001,118.07,83.5
2025-06-07 13:45:00,B001,101.24,83.4
2025-06-07 14:00:00,B001,114.94,83.2
2025-06-07 14:15:00,B001,91.36,82.9
2025-06-07 14:30:00,B001,103.1,82.7
2025-06-07 14:45:00,B001,98.81,82.3
2025-06-07 15:00:00,B001,86.81,81.9
2025-06-07 15:15:00,B001,92.33,81.4
2025-06-07 15:30:00,B001,97.44,80.9
2025-06-07 15:45:00,B001,81.66,80.3
2025-06-07 16:00:00,B001,66.92,79.7
2025-06-07 16:15:00,B001,76.23,79.0
2025-06-07 16:30:00,B001,64.8,78.3
2025-06-07 16:45:00,B001,64.68,77.5
2025-06-07 17:00:00,B001,61.93,76.7
2025-06-07 17:15:00,B001,43.9,75.8
2025-06-07 17:30:00,B001,39.57,75.0
2025-06-07 17:45:00,B001,56.36,74.1
2025-06-07 18:00:00,B001,48.32,73.1
2025-06-07 18:15:00,B001,31.98,72.2
2025-06-07 18:30:00,B001,58.78,71.2
2025-06-07 18:45:00,B001,54.68,70.3
2025-06-07 19:00:00,B001,46.79,69.3
2025-06-07 19:15:00,B001,41.97,68.3
2025-06-07 19:30:00,B001,59.19,67.3
2025-06-07 19:45:00,B001,55.29,66.4
2025-06-07 20:00:00,B001,71.56,65.4
2025-06-07 20:15:00,B001,55.86,64.4
2025-06-07 20:30:00,B001,55.6,63.5
2025-06-07 20:45:00,B001,51.16,62.6
2025-06-07 21:00:00,B001,59.03,61.7
2025-06-07 21:15:00,B001,57.5,60.8
2025-06-07 21:30:00,B001,62.51,60.0
2025-06-07 21:45:00,B001,48.33,59.2
2025-06-07 22:00:00,B001,49.02,58.5
2025-06-07 22:15:00,B001,48.67,57.8
2025-06-07 22:30:00,B001,58.83,57.1
2025-06-07 22:45:00,B001,64.49,56.5
2025-06-07 23:00:00,B001,48.83,55.9
2025-06-07 23:15:00,B001,49.1,55.4
2025-06-07 23:30:00,B001,55.01,55.0
2025-06-07 23:45:00,B001,50.53,54.6
2025-06-08 00:00:00,B001,60.12,54.2
2025-06-08 00:15:00,B001,34.49,52.2
2025-06-08 00:30:00,B001,45.89,52.0
2025-06-08 00:45:00,B001,46.24,51.8
2025-06-08 01:00:00,B001,33.94,51.8
2025-06-08 01:15:00,B001,44.79,51.7
2025-06-08 01:30:00,B001,45.18,51.8
2025-06-08 01:45:00,B001,50.89,51.9
2025-06-08 02:00:00,B001,61.4,52.1
2025-06-08 02:15:00,B001,50.54,52.3
2025-06-08 02:30:00,B001,44.25,52.6
2025-06-08 02:45:00,B001,52.04,53.0
2025-06-08 03:00:00,B001,60.89,53.4
2025-06-08 03:15:00,B001,44.69,53.8
2025-06-08 03:30:00,B001,45.22,54.4
2025-06-08 03:45:00,B001,56.97,55.0
2025-06-08 04:00:00,B001,50.73,55.6
2025-06-08 04:15:00,B001,57.68,56.3
2025-06-08 04:30:00,B001,52.39,57.0
2025-06-08 04:45:00,B001,58.11,57.8
2025-06-08 05:00:00,B001,44.22,58.6
2025-06-08 05:15:00,B001,52.4,59.4
2025-06-08 05:30:00,B001,50.81,60.3
2025-06-08 05:45:00,B001,42.77,61.2
2025-06-08 06:00:00,B001,39.99,62.1
2025-06-08 06:15:00,B001,57.99,63.0
2025-06-08 06:30:00,B001,49.69,64.0
2025-06-08 06:45:00,B001,44.32,65.0
2025-06-08 07:00:00,B001,51.73,65.9
2025-06-08 07:15:00,B001,61.52,66.9
2025-06-08 07:30:00,B001,34.25,67.9
2025-06-08 07:45:00,B001,40.53,68.9
2025-06-08 08:00:00,B001,45.12,69.9
2025-06-08 08:15:00,B001,64.19,70.8
2025-06-08 08:30:00,B001,54.76,71.7
2025-06-08 08:45:00,B001,58.64,72.7
2025-06-08 09:00:00,B001,43.38,73.5
2025-06-08 09:15:00,B001,43.54,74.4
2025-06-08 09:30:00,B001,57.47,75.2
2025-06-08 09:45:00,B001,59.09,76.0
2025-06-08 10:00:00,B001,67.52,76.8
2025-06-08 10:15:00,B001,65.88,77.5
2025-06-08 10:30:00,B001,73.57,78.1
2025-06-08 10:45:00,B001,76.29,78.8
2025-06-08 11:00:00,B001,84.61,79.3
2025-06-08 11:15:00,B001,87.89,79.8
2025-06-08 11:30:00,B001,71.18,80.3
2025-06-08 11:45:00,B001,68.52,80.7
2025-06-08 12:00:00,B001,96.52,81.0
2025-06-08 12:15:00,B001,99.64,81.3
2025-06-08 12:30:00,B001,83.24,81.5
2025-06-08 12:45:00,B001,77.41,81.6
2025-06-08 13:00:00,B001,93.58,81.7
2025-06-08 13:15:00,B001,100.35,81.7
2025-06-08 13:30:00,B001,107.01,81.7
2025-06-08 13:45:00,B001,96.11,81.6
2025-06-08 14:00:00,B001,87.97,81.4
2025-06-08 14:15:00,B001,82.39,81.2
2025-06-08 14:30:00,B001,87.84,80.9
2025-06-08 14:45:00,B001,83.21,80.5
2025-06-08 15:00:00,B001,74.98,80.1
2025-06-08 15:15:00,B001,96.65,79.6
2025-06-08 15:30:00,B001,91.36,79.1
2025-06-08 15:45:00,B001,82.68,78.5
2025-06-08 16:00:00,B001,62.43,77.9
2025-06-08 16:15:00,B001,72.55,77.2
2025-06-08 16:30:00,B001,66.48,76.5
2025-06-08 16:45:00,B001,60.3,75.7
2025-06-08 17:00:00,B001,62.5,74.9
2025-06-08 17:15:00,B001,57.58,74.1
2025-06-08 17:30:00,B001,58.42,73.2
2025-06-08 17:45:00,B001,57.6,72.3
2025-06-08 18:00:00,B001,55.23,71.4
2025-06-08 18:15:00,B001,38.23,70.4
2025-06-08 18:30:00,B001,53.17,69.5
2025-06-08 18:45:00,B001,48.05,68.5
2025-06-08 19:00:00,B001,42.26,67.5
2025-06-08 19:15:00,B001,65.95,66.5
2025-06-08 19:30:00,B001,66.33,65.6
2025-06-08 19:45:00,B001,63.37,64.6
2025-06-08 20:00:00,B001,54.54,63.6
2025-06-08 20:15:00,B001,63.31,62.7
2025-06-08 20:30:00,B001,52.6,61.7
2025-06-08 20:45:00,B001,54.12,60.8
2025-06-08 21:00:00,B001,43.75,59.9
2025-06-08 21:15:00,B001,55.68,59.1
2025-06-08 21:30:00,B001,52.98,58.2
2025-06-08 21:45:00,B001,42.08,57.4
2025-06-08 22:00:00,B001,52.09,56.7
2025-06-08 22:15:00,B001,51.86,56.0
2025-06-08 22:30:00,B001,66.88,55.3
2025-06-08 22:45:00,B001,59.65,54.7
2025-06-08 23:00:00,B001,52.59,54.2
2025-06-08 23:15:00,B001,54.49,53.6
2025-06-08 23:30:00,B001,52.85,53.2
2025-06-08 23:45:00,B001,50.88,52.8
2025-06-09 00:00:00,B001,141.34,52.5
2025-06-09 00:15:00,B001,148.79,53.4
2025-06-09 00:30:00,B001,144.03,53.2
2025-06-09 00:45:00,B001,140.0,53.0
2025-06-09 01:00:00,B001,154.09,53.0
2025-06-09 01:15:00,B001,153.13,52.9
2025-06-09 01:30:00,B001,135.71,53.0
2025-06-09 01:45:00,B001,149.02,53.1
2025-06-09 02:00:00,B001,157.97,53.3
2025-06-09 02:15:00,B001,158.47,53.5
2025-06-09 02:30:00,B001,158.21,53.8
2025-06-09 02:45:00,B001,150.31,54.2
2025-06-09 03:00:00,B001,143.24,54.6
2025-06-09 03:15:00,B001,141.33,55.0
2025-06-09 03:30:00,B001,152.76,55.6
2025-06-09 03:45:00,B001,153.03,56.2
2025-06-09 04:00:00,B001,160.3,56.8
2025-06-09 04:15:00,B001,158.8,57.5
2025-06-09 04:30:00,B001,148.94,58.2
2025-06-09 04:45:00,B001,140.05,59.0
2025-06-09 05:00:00,B001,147.45,59.8
2025-06-09 05:15:00,B001,151.74,60.6
2025-06-09 05:30:00,B001,148.38,61.5
2025-06-09 05:45:00,B001,145.39,62.4
2025-06-09 06:00:00,B001,152.07,63.3
2025-06-09 06:15:00,B001,146.23,64.2
2025-06-09 06:30:00,B001,146.14,65.2
2025-06-09 06:45:00,B001,156.76,66.2
2025-06-09 07:00:00,B001,159.97,67.1
2025-06-09 07:15:00,B001,186.2,68.1
2025-06-09 07:30:00,B001,226.99,69.1
2025-06-09 07:45:00,B001,278.23,70.1
2025-06-09 08:00:00,B001,358.14,71.1
2025-06-09 08:15:00,B001,436.56,72.0
2025-06-09 08:30:00,B001,440.7,72.9
2025-06-09 08:45:00,B001,408.12,73.9
2025-06-09 09:00:00,B001,347.1,74.7
2025-06-09 09:15:00,B001,291.2,75.6
2025-06-09 09:30:00,B001,233.63,76.4
2025-06-09 09:45:00,B001,196.62,77.2
2025-06-09 10:00:00,B001,190.71,78.0
2025-06-09 10:15:00,B001,154.95,78.7
2025-06-09 10:30:00,B001,180.36,79.3
2025-06-09 10:45:00,B001,192.47,80.0
2025-06-09 11:00:00,B001,174.11,80.5
2025-06-09 11:15:00,B001,183.09,81.0
2025-06-09 11:30:00,B001,182.81,81.5
2025-06-09 11:45:00,B001,184.03,81.9
2025-06-09 12:00:00,B001,190.58,82.2
2025-06-09 12:15:00,B001,206.25,82.5
2025-06-09 12:30:00,B001,210.79,82.7
2025-06-09 12:45:00,B001,194.29,82.8
2025-06-09 13:00:00,B001,212.72,82.9
2025-06-09 13:15:00,B001,197.88,82.9
2025-06-09 13:30:00,B001,211.38,82.9
2025-06-09 13:45:00,B001,196.02,82.8
2025-06-09 14:00:00,B001,197.01,82.6
2025-06-09 14:15:00,B001,198.17,82.4
2025-06-09 14:30:00,B001,220.74,82.1
2025-06-09 14:45:00,B001,204.38,81.7
2025-06-09 15:00:00,B001,198.83,81.3
2025-06-09 15:15:00,B001,227.42,80.8
2025-06-09 15:30:00,B001,244.39,80.3
2025-06-09 15:45:00,B001,286.47,79.7
2025-06-09 16:00:00,B001,355.73,79.1
2025-06-09 16:15:00,B001,415.51,78.4
2025-06-09 16:30:00,B001,480.86,77.7
2025-06-09 16:45:00,B001,523.45,76.9
2025-06-09 17:00:00,B001,539.31,76.1
2025-06-09 17:15:00,B001,516.86,75.3
2025-06-09 17:30:00,B001,447.08,74.4
2025-06-09 17:45:00,B001,400.2,73.5
2025-06-09 18:00:00,B001,316.12,72.6
2025-06-09 18:15:00,B001,250.57,71.6
2025-06-09 18:30:00,B001,215.05,70.7
2025-06-09 18:45:00,B001,185.4,69.7
2025-06-09 19:00:00,B001,161.15,68.7
2025-06-09 19:15:00,B001,163.93,67.7
2025-06-09 19:30:00,B001,142.14,66.8
2025-06-09 19:45:00,B001,147.78,65.8
2025-06-09 20:00:00,B001,145.66,64.8
2025-06-09 20:15:00,B001,149.73,63.9
2025-06-09 20:30:00,B001,152.26,62.9
2025-06-09 20:45:00,B001,141.94,62.0
2025-06-09 21:00:00,B001,155.8,61.1
2025-06-09 21:15:00,B001,150.5,60.3
2025-06-09 21:30:00,B001,134.86,59.4
2025-06-09 21:45:00,B001,134.33,58.6
2025-06-09 22:00:00,B001,149.9,57.9
2025-06-09 22:15:00,B001,148.23,57.2
2025-06-09 22:30:00,B001,149.17,56.5
2025-06-09 22:45:00,B001,149.78,55.9
2025-06-09 23:00:00,B001,151.8,55.4
2025-06-09 23:15:00,B001,157.58,54.8
2025-06-09 23:30:00,B001,141.11,54.4
2025-06-09 23:45:00,B001,140.62,54.0
2025-06-10 00:00:00,B001,141.25,53.7
2025-06-10 00:15:00,B001,152.31,50.0
2025-06-10 00:30:00,B001,159.96,49.8
2025-06-10 00:45:00,B001,146.55,49.7
2025-06-10 01:00:00,B001,129.99,49.6
2025-06-10 01:15:00,B001,136.37,49.6
2025-06-10 01:30:00,B001,143.34,49.6
2025-06-10 01:45:00,B001,145.54,49.7
2025-06-10 02:00:00,B001,146.73,49.9
2025-06-10 02:15:00,B001,150.31,50.2
2025-06-10 02:30:00,B001,147.51,50.4
2025-06-10 02:45:00,B001,158.39,50.8
2025-06-10 03:00:00,B001,144.59,51.2
2025-06-10 03:15:00,B001,143.1,51.7
2025-06-10 03:30:00,B001,153.83,52.2
2025-06-10 03:45:00,B001,137.71,52.8
2025-06-10 04:00:00,B001,153.12,53.4
2025-06-10 04:15:00,B001,150.82,54.1
2025-06-10 04:30:00,B001,148.82,54.8
2025-06-10 04:45:00,B001,162.71,55.6
2025-06-10 05:00:00,B001,145.02,56.4
2025-06-10 05:15:00,B001,166.48,57.3
2025-06-10 05:30:00,B001,148.2,58.1
2025-06-10 05:45:00,B001,139.79,59.0
2025-06-10 06:00:00,B001,150.61,60.0
2025-06-10 06:15:00,B001,141.66,60.9
2025-06-10 06:30:00,B001,145.15,61.9
2025-06-10 06:45:00,B001,157.44,62.8
2025-06-10 07:00:00,B001,167.63,63.8
2025-06-10 07:15:00,B001,179.27,64.8
2025-06-10 07:30:00,B001,232.7,65.8
2025-06-10 07:45:00,B001,296.61,66.7
2025-06-10 08:00:00,B001,373.48,67.7
2025-06-10 08:15:00,B001,429.29,68.7
2025-06-10 08:30:00,B001,460.91,69.6
2025-06-10 08:45:00,B001,410.01,70.5
2025-06-10 09:00:00,B001,359.45,71.4
2025-06-10 09:15:00,B001,280.41,72.3
2025-06-10 09:30:00,B001,225.76,73.1
2025-06-10 09:45:00,B001,179.68,73.9
2025-06-10 10:00:00,B001,161.85,74.6
2025-06-10 10:15:00,B001,171.32,75.3
2025-06-10 10:30:00,B001,155.77,76.0
2025-06-10 10:45:00,B001,163.22,76.6
2025-06-10 11:00:00,B001,161.2,77.2
2025-06-10 11:15:00,B001,166.67,77.7
2025-06-10 11:30:00,B001,168.81,78.1
2025-06-10 11:45:00,B001,174.71,78.5
2025-06-10 12:00:00,B001,182.44,78.9
2025-06-10 12:15:00,B001,187.94,79.1
2025-06-10 12:30:00,B001,178.5,79.3
2025-06-10 12:45:00,B001,181.62,79.5
2025-06-10 13:00:00,B001,168.2,79.6
2025-06-10 13:15:00,B001,176.82,79.6
2025-06-10 13:30:00,B001,184.8,79.5
2025-06-10 13:45:00,B001,183.62,79.4
2025-06-10 14:00:00,B001,177.59,79.3
2025-06-10 14:15:00,B001,182.27,79.0
2025-06-10 14:30:00,B001,179.17,78.7
2025-06-10 14:45:00,B001,187.1,78.4
2025-06-10 15:00:00,B001,186.73,78.0
2025-06-10 15:15:00,B001,196.76,77.5
2025-06-10 15:30:00,B001,229.91,76.9
2025-06-10 15:45:00,B001,246.87,76.4
2025-06-10 16:00:00,B001,331.45,75.7
2025-06-10 16:15:00,B001,366.01,75.1
2025-06-10 16:30:00,B001,448.79,74.3
2025-06-10 16:45:00,B001,515.51,73.6
2025-06-10 17:00:00,B001,533.82,72.8
2025-06-10 17:15:00,B001,502.59,71.9
2025-06-10 17:30:00,B001,456.88,71.0
2025-06-10 17:45:00,B001,405.83,70.1
2025-06-10 18:00:00,B001,320.1,69.2
2025-06-10 18:15:00,B001,280.05,68.3
2025-06-10 18:30:00,B001,215.5,67.3
2025-06-10 18:45:00,B001,187.99,66.4
2025-06-10 19:00:00,B001,179.63,65.4
2025-06-10 19:15:00,B001,158.33,64.4
2025-06-10 19:30:00,B001,144.86,63.4
2025-06-10 19:45:00,B001,150.15,62.4
2025-06-10 20:00:00,B001,150.05,61.5
2025-06-10 20:15:00,B001,139.18,60.5
2025-06-10 20:30:00,B001,147.98,59.6
2025-06-10 20:45:00,B001,144.07,58.7
2025-06-10 21:00:00,B001,157.4,57.8
2025-06-10 21:15:00,B001,150.28,56.9
2025-06-10 21:30:00,B001,147.74,56.1
2025-06-10 21:45:00,B001,149.15,55.3
2025-06-10 22:00:00,B001,151.78,54.6
2025-06-10 22:15:00,B001,154.93,53.8
2025-06-10 22:30:00,B001,142.0,53.2
2025-06-10 22:45:00,B001,141.67,52.6
2025-06-10 23:00:00,B001,158.84,52.0
2025-06-10 23:15:00,B001,146.7,51.5
2025-06-10 23:30:00,B001,138.67,51.0
2025-06-10 23:45:00,B001,153.55,50.7
2025-06-11 00:00:00,B001,153.71,50.3
2025-06-11 00:15:00,B001,137.75,57.0
2025-06-11 00:30:00,B001,151.84,56.8
2025-06-11 00:45:00,B001,155.88,56.6
2025-06-11 01:00:00,B001,153.0,56.5
2025-06-11 01:15:00,B001,155.06,56.5
2025-06-11 01:30:00,B001,138.77,56.6
2025-06-11 01:45:00,B001,152.65,56.7
2025-06-11 02:00:00,B001,147.58,56.8
2025-06-11 02:15:00,B001,146.14,57.1
2025-06-11 02:30:00,B001,156.96,57.4
2025-06-11 02:45:00,B001,161.83,57.7
2025-06-11 03:00:00,B001,164.35,58.2
2025-06-11 03:15:00,B001,160.52,58.6
2025-06-11 03:30:00,B001,149.12,59.2
2025-06-11 03:45:00,B001,152.82,59.7
2025-06-11 04:00:00,B001,156.13,60.4
2025-06-11 04:15:00,B001,150.97,61.1
2025-06-11 04:30:00,B001,151.05,61.8
2025-06-11 04:45:00,B001,156.59,62.5
2025-06-11 05:00:00,B001,149.53,63.3
2025-06-11 05:15:00,B001,144.17,64.2
2025-06-11 05:30:00,B001,146.69,65.1
2025-06-11 05:45:00,B001,155.08,66.0
2025-06-11 06:00:00,B001,150.07,66.9
2025-06-11 06:15:00,B001,152.99,67.8
2025-06-11 06:30:00,B001,156.52,68.8
2025-06-11 06:45:00,B001,151.27,69.8
2025-06-11 07:00:00,B001,169.23,70.7
2025-06-11 07:15:00,B001,187.28,71.7
2025-06-11 07:30:00,B001,214.93,72.7
2025-06-11 07:45:00,B001,298.89,73.7
2025-06-11 08:00:00,B001,357.99,74.6
2025-06-11 08:15:00,B001,415.35,75.6
2025-06-11 08:30:00,B001,450.79,76.5
2025-06-11 08:45:00,B001,431.52,77.4
2025-06-11 09:00:00,B001,382.38,78.3
2025-06-11 09:15:00,B001,310.28,79.2
2025-06-11 09:30:00,B001,252.19,80.0
2025-06-11 09:45:00,B001,224.03,80.8
2025-06-11 10:00:00,B001,205.23,81.6
2025-06-11 10:15:00,B001,200.37,82.3
2025-06-11 10:30:00,B001,201.98,82.9
2025-06-11 10:45:00,B001,206.41,83.5
2025-06-11 11:00:00,B001,187.77,84.1
2025-06-11 11:15:00,B001,204.72,84.6
2025-06-11 11:30:00,B001,192.9,85.1
2025-06-11 11:45:00,B001,212.99,85.4
2025-06-11 12:00:00,B001,214.66,85.8
2025-06-11 12:15:00,B001,224.7,86.1
2025-06-11 12:30:00,B001,227.1,86.3
2025-06-11 12:45:00,B001,220.1,86.4
2025-06-11 13:00:00,B001,214.98,86.5
2025-06-11 13:15:00,B001,222.99,86.5
2025-06-11 13:30:00,B001,214.63,86.5
2025-06-11 13:45:00,B001,218.26,86.4
2025-06-11 14:00:00,B001,225.36,86.2
2025-06-11 14:15:00,B001,212.3,86.0
2025-06-11 14:30:00,B001,223.27,85.7
2025-06-11 14:45:00,B001,224.5,85.3
2025-06-11 15:00:00,B001,218.35,84.9
2025-06-11 15:15:00,B001,248.97,84.4
2025-06-11 15:30:00,B001,274.39,83.9
2025-06-11 15:45:00,B001,312.71,83.3
2025-06-11 16:00:00,B001,363.87,82.7
2025-06-11 16:15:00,B001,429.9,82.0
2025-06-11 16:30:00,B001,495.83,81.3
2025-06-11 16:45:00,B001,549.19,80.5
2025-06-11 17:00:00,B001,550.48,79.7
2025-06-11 17:15:00,B001,538.47,78.8
2025-06-11 17:30:00,B001,470.5,78.0
2025-06-11 17:45:00,B001,405.69,77.1
2025-06-11 18:00:00,B001,331.77,76.2
2025-06-11 18:15:00,B001,282.93,75.2
2025-06-11 18:30:00,B001,204.5,74.3
2025-06-11 18:45:00,B001,196.51,73.3
2025-06-11 19:00:00,B001,167.89,72.3
2025-06-11 19:15:00,B001,160.57,71.3
2025-06-11 19:30:00,B001,153.83,70.3
2025-06-11 19:45:00,B001,154.59,69.4
2025-06-11 20:00:00,B001,149.11,68.4
2025-06-11 20:15:00,B001,161.73,67.4
2025-06-11 20:30:00,B001,146.37,66.5
2025-06-11 20:45:00,B001,159.06,65.6
2025-06-11 21:00:00,B001,144.85,64.7
2025-06-11 21:15:00,B001,149.52,63.8
2025-06-11 21:30:00,B001,141.42,63.0
2025-06-11 21:45:00,B001,153.64,62.2
2025-06-11 22:00:00,B001,161.56,61.5
2025-06-11 22:15:00,B001,149.38,60.8
2025-06-11 22:30:00,B001,148.42,60.1
2025-06-11 22:45:00,B001,141.08,59.5
2025-06-11 23:00:00,B001,148.17,58.9
2025-06-11 23:15:00,B001,137.26,58.4
2025-06-11 23:30:00,B001,142.7,58.0
2025-06-11 23:45:00,B001,151.81,57.6
2025-06-12 00:00:00,B001,160.55,57.3
2025-06-12 00:15:00,B001,172.47,56.6
2025-06-12 00:30:00,B001,145.31,56.4
2025-06-12 00:45:00,B001,161.48,56.2
2025-06-12 01:00:00,B001,151.95,56.1
2025-06-12 01:15:00,B001,148.79,56.1
2025-06-12 01:30:00,B001,153.46,56.2
2025-06-12 01:45:00,B001,150.5,56.3
2025-06-12 02:00:00,B001,150.88,56.4
2025-06-12 02:15:00,B001,146.73,56.7
2025-06-12 02:30:00,B001,138.82,57.0
2025-06-12 02:45:00,B001,137.65,57.3
2025-06-12 03:00:00,B001,155.23,57.7
2025-06-12 03:15:00,B001,147.79,58.2
2025-06-12 03:30:00,B001,145.23,58.7
2025-06-12 03:45:00,B001,150.07,59.3
2025-06-12 04:00:00,B001,156.36,60.0
2025-06-12 04:15:00,B001,151.44,60.6
2025-06-12 04:30:00,B001,144.75,61.4
2025-06-12 04:45:00,B001,159.81,62.1
2025-06-12 05:00:00,B001,162.63,62.9
2025-06-12 05:15:00,B001,153.96,63.8
2025-06-12 05:30:00,B001,157.79,64.7
2025-06-12 05:45:00,B001,159.94,65.6
2025-06-12 06:00:00,B001,159.09,66.5
2025-06-12 06:15:00,B001,155.18,67.4
2025-06-12 06:30:00,B001,155.95,68.4
2025-06-12 06:45:00,B001,158.42,69.3
2025-06-12 07:00:00,B001,154.4,70.3
2025-06-12 07:15:00,B001,189.85,71.3
2025-06-12 07:30:00,B001,213.96,72.3
2025-06-12 07:45:00,B001,280.99,73.3
2025-06-12 08:00:00,B001,372.42,74.2
2025-06-12 08:15:00,B001,432.88,75.2
2025-06-12 08:30:00,B001,468.61,76.1
2025-06-12 08:45:00,B001,435.08,77.0
2025-06-12 09:00:00,B001,370.3,77.9
2025-06-12 09:15:00,B001,308.11,78.8
2025-06-12 09:30:00,B001,253.27,79.6
2025-06-12 09:45:00,B001,217.27,80.4
2025-06-12 10:00:00,B001,209.14,81.1
2025-06-12 10:15:00,B001,192.51,81.9
2025-06-12 10:30:00,B001,199.08,82.5
2025-06-12 10:45:00,B001,191.14,83.1
2025-06-12 11:00:00,B001,205.8,83.7
2025-06-12 11:15:00,B001,205.22,84.2
2025-06-12 11:30:00,B001,201.9,84.6
2025-06-12 11:45:00,B001,208.37,85.0
2025-06-12 12:00:00,B001,210.79,85.4
2025-06-12 12:15:00,B001,211.74,85.6
2025-06-12 12:30:00,B001,229.33,85.9
2025-06-12 12:45:00,B001,215.26,86.0
2025-06-12 13:00:00,B001,214.59,86.1
2025-06-12 13:15:00,B001,199.89,86.1
2025-06-12 13:30:00,B001,209.26,86.1
2025-06-12 13:45:00,B001,213.73,86.0
2025-06-12 14:00:00,B001,209.55,85.8
2025-06-12 14:15:00,B001,225.37,85.5
2025-06-12 14:30:00,B001,213.06,85.3
2025-06-12 14:45:00,B001,226.95,84.9
2025-06-12 15:00:00,B001,224.05,84.5
2025-06-12 15:15:00,B001,239.04,84.0
2025-06-12 15:30:00,B001,265.65,83.5
2025-06-12 15:45:00,B001,309.48,82.9
2025-06-12 16:00:00,B001,381.28,82.3
2025-06-12 16:15:00,B001,415.78,81.6
2025-06-12 16:30:00,B001,481.68,80.9
2025-06-12 16:45:00,B001,538.06,80.1
2025-06-12 17:00:00,B001,555.8,79.3
2025-06-12 17:15:00,B001,538.05,78.4
2025-06-12 17:30:00,B001,481.78,77.6
2025-06-12 17:45:00,B001,401.81,76.7
2025-06-12 18:00:00,B001,336.61,75.7
2025-06-12 18:15:00,B001,270.35,74.8
2025-06-12 18:30:00,B001,216.99,73.8
2025-06-12 18:45:00,B001,192.43,72.9
2025-06-12 19:00:00,B001,168.88,71.9
2025-06-12 19:15:00,B001,152.79,70.9
2025-06-12 19:30:00,B001,158.46,69.9
2025-06-12 19:45:00,B001,151.92,69.0
2025-06-12 20:00:00,B001,150.35,68.0
2025-06-12 20:15:00,B001,161.88,67.0
2025-06-12 20:30:00,B001,130.42,66.1
2025-06-12 20:45:00,B001,138.66,65.2
2025-06-12 21:00:00,B001,140.5,64.3
2025-06-12 21:15:00,B001,147.09,63.4
2025-06-12 21:30:00,B001,147.96,62.6
2025-06-12 21:45:00,B001,137.94,61.8
2025-06-12 22:00:00,B001,142.12,61.1
2025-06-12 22:15:00,B001,143.11,60.4
2025-06-12 22:30:00,B001,169.66,59.7
2025-06-12 22:45:00,B001,164.41,59.1
2025-06-12 23:00:00,B001,146.71,58.5
2025-06-12 23:15:00,B001,147.09,58.0
2025-06-12 23:30:00,B001,140.81,57.6
2025-06-12 23:45:00,B001,134.73,57.2
2025-06-13 00:00:00,B001,149.06,56.8
2025-06-13 00:15:00,B001,142.02,53.7
2025-06-13 00:30:00,B001,149.32,53.5
2025-06-13 00:45:00,B001,137.2,53.4
2025-06-13 01:00:00,B001,143.9,53.3
2025-06-13 01:15:00,B001,151.19,53.3
2025-06-13 01:30:00,B001,152.93,53.3
2025-06-13 01:45:00,B001,153.34,53.4
2025-06-13 02:00:00,B001,139.44,53.6
2025-06-13 02:15:00,B001,156.84,53.8
2025-06-13 02:30:00,B001,143.6,54.1
2025-06-13 02:45:00,B001,155.06,54.5
2025-06-13 03:00:00,B001,149.91,54.9
2025-06-13 03:15:00,B001,138.99,55.4
2025-06-13 03:30:00,B001,147.47,55.9
2025-06-13 03:45:00,B001,152.92,56.5
2025-06-13 04:00:00,B001,154.9,57.1
2025-06-13 04:15:00,B001,148.87,57.8
2025-06-13 04:30:00,B001,162.25,58.5
2025-06-13 04:45:00,B001,158.06,59.3
2025-06-13 05:00:00,B001,147.95,60.1
2025-06-13 05:15:00,B001,156.0,60.9
2025-06-13 05:30:00,B001,165.47,61.8
2025-06-13 05:45:00,B001,165.69,62.7
2025-06-13 06:00:00,B001,140.23,63.6
2025-06-13 06:15:00,B001,142.85,64.6
2025-06-13 06:30:00,B001,163.04,65.5
2025-06-13 06:45:00,B001,145.8,66.5
2025-06-13 07:00:00,B001,152.6,67.5
2025-06-13 07:15:00,B001,180.36,68.5
2025-06-13 07:30:00,B001,228.17,69.4
2025-06-13 07:45:00,B001,286.53,70.4
2025-06-13 08:00:00,B001,356.79,71.4
2025-06-13 08:15:00,B001,419.66,72.3
2025-06-13 08:30:00,B001,444.3,73.3
2025-06-13 08:45:00,B001,418.02,74.2
2025-06-13 09:00:00,B001,380.69,75.1
2025-06-13 09:15:00,B001,295.33,75.9
2025-06-13 09:30:00,B001,242.46,76.8
2025-06-13 09:45:00,B001,195.64,77.6
2025-06-13 10:00:00,B001,181.5,78.3
2025-06-13 10:15:00,B001,172.61,79.0
2025-06-13 10:30:00,B001,157.97,79.7
2025-06-13 10:45:00,B001,170.94,80.3
2025-06-13 11:00:00,B001,170.63,80.8
2025-06-13 11:15:00,B001,170.12,81.4
2025-06-13 11:30:00,B001,181.26,81.8
2025-06-13 11:45:00,B001,203.78,82.2
2025-06-13 12:00:00,B001,194.82,82.5
2025-06-13 12:15:00,B001,207.14,82.8
2025-06-13 12:30:00,B001,201.37,83.0
2025-06-13 12:45:00,B001,205.22,83.2
2025-06-13 13:00:00,B001,192.26,83.2
2025-06-13 13:15:00,B001,203.78,83.3
2025-06-13 13:30:00,B001,205.16,83.2
2025-06-13 13:45:00,B001,194.14,83.1
2025-06-13 14:00:00,B001,202.43,82.9
2025-06-13 14:15:00,B001,201.77,82.7
2025-06-13 14:30:00,B001,192.9,82.4
2025-06-13 14:45:00,B001,190.57,82.0
2025-06-13 15:00:00,B001,197.0,81.6
2025-06-13 15:15:00,B001,222.35,81.2
2025-06-13 15:30:00,B001,251.89,80.6
2025-06-13 15:45:00,B001,286.03,80.0
2025-06-13 16:00:00,B001,350.66,79.4
2025-06-13 16:15:00,B001,421.82,78.7
2025-06-13 16:30:00,B001,485.56,78.0
2025-06-13 16:45:00,B001,537.74,77.2
2025-06-13 17:00:00,B001,548.82,76.4
2025-06-13 17:15:00,B001,507.44,75.6
2025-06-13 17:30:00,B001,476.05,74.7
2025-06-13 17:45:00,B001,390.62,73.8
2025-06-13 18:00:00,B001,332.34,72.9
2025-06-13 18:15:00,B001,262.65,72.0
2025-06-13 18:30:00,B001,212.22,71.0
2025-06-13 18:45:00,B001,170.27,70.0
2025-06-13 19:00:00,B001,165.32,69.0
2025-06-13 19:15:00,B001,144.8,68.1
2025-06-13 19:30:00,B001,160.62,67.1
2025-06-13 19:45:00,B001,163.17,66.1
2025-06-13 20:00:00,B001,143.96,65.1
2025-06-13 20:15:00,B001,152.51,64.2
2025-06-13 20:30:00,B001,144.22,63.3
2025-06-13 20:45:00,B001,144.98,62.3
2025-06-13 21:00:00,B001,156.2,61.5
2025-06-13 21:15:00,B001,149.69,60.6
2025-06-13 21:30:00,B001,163.92,59.8
2025-06-13 21:45:00,B001,146.14,59.0
2025-06-13 22:00:00,B001,157.99,58.2
2025-06-13 22:15:00,B001,150.78,57.5
2025-06-13 22:30:00,B001,156.37,56.9
2025-06-13 22:45:00,B001,146.42,56.2
2025-06-13 23:00:00,B001,149.6,55.7
2025-06-13 23:15:00,B001,149.08,55.2
2025-06-13 23:30:00,B001,143.31,54.7
2025-06-13 23:45:00,B001,155.3,54.3
2025-06-14 00:00:00,B001,57.7,54.0
2025-06-14 00:15:00,B001,57.25,58.0
2025-06-14 00:30:00,B001,64.8,57.8
2025-06-14 00:45:00,B001,64.09,57.6
2025-06-14 01:00:00,B001,49.5,57.5
2025-06-14 01:15:00,B001,55.48,57.5
2025-06-14 01:30:00,B001,47.51,57.6
2025-06-14 01:45:00,B001,52.69,57.7
2025-06-14 02:00:00,B001,47.7,57.8
2025-06-14 02:15:00,B001,65.46,58.1
2025-06-14 02:30:00,B001,55.41,58.4
2025-06-14 02:45:00,B001,50.76,58.7
2025-06-14 03:00:00,B001,62.05,59.1
2025-06-14 03:15:00,B001,35.14,59.6
2025-06-14 03:30:00,B001,36.39,60.1
2025-06-14 03:45:00,B001,58.87,60.7
2025-06-14 04:00:00,B001,52.98,61.4
2025-06-14 04:15:00,B001,54.5,62.0
2025-06-14 04:30:00,B001,41.89,62.8
2025-06-14 04:45:00,B001,52.31,63.5
2025-06-14 05:00:00,B001,68.53,64.3
2025-06-14 05:15:00,B001,59.09,65.2
2025-06-14 05:30:00,B001,53.86,66.1
2025-06-14 05:45:00,B001,48.99,67.0
2025-06-14 06:00:00,B001,49.34,67.9
2025-06-14 06:15:00,B001,35.47,68.8
2025-06-14 06:30:00,B001,54.56,69.8
2025-06-14 06:45:00,B001,59.26,70.7
2025-06-14 07:00:00,B001,39.9,71.7
2025-06-14 07:15:00,B001,47.21,72.7
2025-06-14 07:30:00,B001,43.24,73.7
2025-06-14 07:45:00,B001,44.78,74.7
2025-06-14 08:00:00,B001,56.69,75.6
2025-06-14 08:15:00,B001,45.31,76.6
2025-06-14 08:30:00,B001,72.51,77.5
2025-06-14 08:45:00,B001,79.11,78.4
2025-06-14 09:00:00,B001,76.4,79.3
2025-06-14 09:15:00,B001,63.72,80.2
2025-06-14 09:30:00,B001,80.56,81.0
2025-06-14 09:45:00,B001,103.14,81.8
2025-06-14 10:00:00,B001,75.55,82.5
2025-06-14 10:15:00,B001,99.24,83.3
2025-06-14 10:30:00,B001,96.55,83.9
2025-06-14 10:45:00,B001,116.1,84.5
2025-06-14 11:00:00,B001,107.63,85.1
2025-06-14 11:15:00,B001,119.31,85.6
2025-06-14 11:30:00,B001,123.31,86.0
2025-06-14 11:45:00,B001,135.84,86.4
2025-06-14 12:00:00,B001,121.53,86.8
2025-06-14 12:15:00,B001,127.79,87.0
2025-06-14 12:30:00,B001,114.17,87.3
2025-06-14 12:45:00,B001,136.45,87.4
2025-06-14 13:00:00,B001,121.35,87.5
2025-06-14 13:15:00,B001,123.06,87.5
2025-06-14 13:30:00,B001,127.1,87.5
2025-06-14 13:45:00,B001,114.12,87.4
2025-06-14 14:00:00,B001,127.42,87.2
2025-06-14 14:15:00,B001,131.91,86.9
2025-06-14 14:30:00,B001,124.73,86.6
2025-06-14 14:45:00,B001,107.53,86.3
2025-06-14 15:00:00,B001,116.75,85.9
2025-06-14 15:15:00,B001,120.84,85.4
2025-06-14 15:30:00,B001,96.7,84.9
2025-06-14 15:45:00,B001,99.63,84.3
2025-06-14 16:00:00,B001,111.45,83.7
2025-06-14 16:15:00,B001,102.52,83.0
2025-06-14 16:30:00,B001,99.3,82.3
2025-06-14 16:45:00,B001,106.28,81.5
2025-06-14 17:00:00,B001,90.32,80.7
2025-06-14 17:15:00,B001,86.79,79.8
2025-06-14 17:30:00,B001,97.99,79.0
2025-06-14 17:45:00,B001,69.19,78.1
2025-06-14 18:00:00,B001,58.98,77.1
2025-06-14 18:15:00,B001,63.13,76.2
2025-06-14 18:30:00,B001,57.47,75.2
2025-06-14 18:45:00,B001,48.29,74.3
2025-06-14 19:00:00,B001,44.24,73.3
2025-06-14 19:15:00,B001,70.98,72.3
2025-06-14 19:30:00,B001,55.11,71.3
2025-06-14 19:45:00,B001,46.64,70.4
2025-06-14 20:00:00,B001,59.83,69.4
2025-06-14 20:15:00,B001,51.63,68.4
2025-06-14 20:30:00,B001,50.48,67.5
2025-06-14 20:45:00,B001,57.0,66.6
2025-06-14 21:00:00,B001,42.16,65.7
2025-06-14 21:15:00,B001,55.32,64.8
2025-06-14 21:30:00,B001,67.8,64.0
2025-06-14 21:45:00,B001,56.23,63.2
2025-06-14 22:00:00,B001,49.49,62.5
2025-06-14 22:15:00,B001,48.44,61.8
2025-06-14 22:30:00,B001,49.22,61.1
2025-06-14 22:45:00,B001,50.47,60.5
2025-06-14 23:00:00,B001,49.48,59.9
2025-06-14 23:15:00,B001,59.83,59.4
2025-06-14 23:30:00,B001,38.63,59.0
2025-06-14 23:45:00,B001,59.4,58.6
2025-06-15 00:00:00,B001,49.46,58.2
2025-06-15 00:15:00,B001,55.52,55.3
2025-06-15 00:30:00,B001,43.48,55.1
2025-06-15 00:45:00,B001,63.13,55.0
2025-06-15 01:00:00,B001,62.47,54.9
2025-06-15 01:15:00,B001,60.18,54.9
2025-06-15 01:30:00,B001,40.38,54.9
2025-06-15 01:45:00,B001,59.13,55.0
2025-06-15 02:00:00,B001,55.74,55.2
2025-06-15 02:15:00,B001,39.66,55.4
2025-06-15 02:30:00,B001,52.31,55.7
2025-06-15 02:45:00,B001,55.42,56.1
2025-06-15 03:00:00,B001,56.95,56.5
2025-06-15 03:15:00,B001,53.92,57.0
2025-06-15 03:30:00,B001,54.83,57.5
2025-06-15 03:45:00,B001,64.29,58.1
2025-06-15 04:00:00,B001,62.31,58.7
2025-06-15 04:15:00,B001,29.56,59.4
2025-06-15 04:30:00,B001,49.96,60.1
2025-06-15 04:45:00,B001,51.18,60.9
2025-06-15 05:00:00,B001,38.48,61.7
2025-06-15 05:15:00,B001,53.25,62.5
2025-06-15 05:30:00,B001,62.49,63.4
2025-06-15 05:45:00,B001,43.81,64.3
2025-06-15 06:00:00,B001,55.19,65.2
2025-06-15 06:15:00,B001,45.17,66.2
2025-06-15 06:30:00,B001,47.12,67.1
2025-06-15 06:45:00,B001,64.32,68.1
2025-06-15 07:00:00,B001,48.16,69.1
2025-06-15 07:15:00,B001,56.2,70.1
2025-06-15 07:30:00,B001,37.53,71.0
2025-06-15 07:45:00,B001,67.4,72.0
2025-06-15 08:00:00,B001,57.32,73.0
2025-06-15 08:15:00,B001,51.04,73.9
2025-06-15 08:30:00,B001,57.1,74.9
2025-06-15 08:45:00,B001,45.97,75.8
2025-06-15 09:00:00,B001,72.04,76.7
2025-06-15 09:15:00,B001,65.14,77.5
2025-06-15 09:30:00,B001,71.06,78.4
2025-06-15 09:45:00,B001,73.51,79.2
2025-06-15 10:00:00,B001,77.3,79.9
2025-06-15 10:15:00,B001,91.74,80.6
2025-06-15 10:30:00,B001,92.2,81.3
2025-06-15 10:45:00,B001,99.05,81.9
2025-06-15 11:00:00,B001,97.13,82.5
2025-06-15 11:15:00,B001,104.35,83.0
2025-06-15 11:30:00,B001,99.6,83.4
2025-06-15 11:45:00,B001,123.15,83.8
2025-06-15 12:00:00,B001,94.77,84.1
2025-06-15 12:15:00,B001,119.04,84.4
2025-06-15 12:30:00,B001,121.16,84.6
2025-06-15 12:45:00,B001,104.28,84.8
2025-06-15 13:00:00,B001,129.43,84.8
2025-06-15 13:15:00,B001,119.68,84.9
2025-06-15 13:30:00,B001,119.21,84.8
2025-06-15 13:45:00,B001,111.01,84.7
2025-06-15 14:00:00,B001,108.02,84.5
2025-06-15 14:15:00,B001,106.67,84.3
2025-06-15 14:30:00,B001,109.68,84.0
2025-06-15 14:45:00,B001,115.62,83.7
2025-06-15 15:00:00,B001,103.36,83.2
2025-06-15 15:15:00,B001,91.78,82.8
2025-06-15 15:30:00,B001,102.49,82.2
2025-06-15 15:45:00,B001,99.77,81.6
2025-06-15 16:00:00,B001,93.84,81.0
2025-06-15 16:15:00,B001,90.49,80.3
2025-06-15 16:30:00,B001,78.0,79.6
2025-06-15 16:45:00,B001,68.14,78.8
2025-06-15 17:00:00,B001,63.79,78.0
2025-06-15 17:15:00,B001,52.61,77.2
2025-06-15 17:30:00,B001,62.36,76.3
2025-06-15 17:45:00,B001,54.4,75.4
2025-06-15 18:00:00,B001,48.98,74.5
2025-06-15 18:15:00,B001,28.86,73.6
2025-06-15 18:30:00,B001,42.52,72.6
2025-06-15 18:45:00,B001,61.47,71.6
2025-06-15 19:00:00,B001,47.18,70.7
2025-06-15 19:15:00,B001,55.38,69.7
2025-06-15 19:30:00,B001,41.37,68.7
2025-06-15 19:45:00,B001,64.01,67.7
2025-06-15 20:00:00,B001,51.35,66.8
2025-06-15 20:15:00,B001,54.82,65.8
2025-06-15 20:30:00,B001,71.11,64.9
2025-06-15 20:45:00,B001,64.63,63.9
2025-06-15 21:00:00,B001,50.05,63.1
2025-06-15 21:15:00,B001,47.75,62.2
2025-06-15 21:30:00,B001,49.9,61.4
2025-06-15 21:45:00,B001,56.58,60.6
2025-06-15 22:00:00,B001,51.66,59.8
2025-06-15 22:15:00,B001,49.34,59.1
2025-06-15 22:30:00,B001,64.24,58.5
2025-06-15 22:45:00,B001,51.59,57.9
2025-06-15 23:00:00,B001,70.9,57.3
2025-06-15 23:15:00,B001,53.23,56.8
2025-06-15 23:30:00,B001,66.78,56.3
2025-06-15 23:45:00,B001,55.36,55.9
2025-06-16 00:00:00,B001,157.7,55.6
2025-06-16 00:15:00,B001,144.2,50.0
2025-06-16 00:30:00,B001,143.17,49.8
2025-06-16 00:45:00,B001,153.68,49.7
2025-06-16 01:00:00,B001,157.91,49.6
2025-06-16 01:15:00,B001,150.32,49.6
2025-06-16 01:30:00,B001,139.71,49.6
2025-06-16 01:45:00,B001,139.12,49.7
2025-06-16 02:00:00,B001,138.58,49.9
2025-06-16 02:15:00,B001,135.86,50.1
2025-06-16 02:30:00,B001,150.88,50.4
2025-06-16 02:45:00,B001,159.0,50.8
2025-06-16 03:00:00,B001,149.89,51.2
2025-06-16 03:15:00,B001,131.92,51.7
2025-06-16 03:30:00,B001,148.47,52.2
2025-06-16 03:45:00,B001,148.7,52.8
2025-06-16 04:00:00,B001,166.77,53.4
2025-06-16 04:15:00,B001,138.34,54.1
2025-06-16 04:30:00,B001,146.87,54.8
2025-06-16 04:45:00,B001,163.65,55.6
2025-06-16 05:00:00,B001,153.6,56.4
2025-06-16 05:15:00,B001,154.51,57.2
2025-06-16 05:30:00,B001,150.92,58.1
2025-06-16 05:45:00,B001,152.65,59.0
2025-06-16 06:00:00,B001,156.27,59.9
2025-06-16 06:15:00,B001,143.79,60.9
2025-06-16 06:30:00,B001,158.18,61.8
2025-06-16 06:45:00,B001,143.28,62.8
2025-06-16 07:00:00,B001,165.81,63.8
2025-06-16 07:15:00,B001,185.68,64.8
2025-06-16 07:30:00,B001,219.88,65.7
2025-06-16 07:45:00,B001,287.17,66.7
2025-06-16 08:00:00,B001,357.01,67.7
2025-06-16 08:15:00,B001,416.48,68.6
2025-06-16 08:30:00,B001,447.17,69.6
2025-06-16 08:45:00,B001,416.22,70.5
2025-06-16 09:00:00,B001,364.58,71.4
2025-06-16 09:15:00,B001,278.15,72.2
2025-06-16 09:30:00,B001,230.5,73.1
2025-06-16 09:45:00,B001,174.8,73.8
2025-06-16 10:00:00,B001,158.65,74.6
2025-06-16 10:15:00,B001,151.11,75.3
2025-06-16 10:30:00,B001,167.57,76.0
2025-06-16 10:45:00,B001,162.4,76.6
2025-06-16 11:00:00,B001,161.21,77.1
2025-06-16 11:15:00,B001,169.9,77.7
2025-06-16 11:30:00,B001,151.75,78.1
2025-06-16 11:45:00,B001,170.62,78.5
2025-06-16 12:00:00,B001,188.95,78.8
2025-06-16 12:15:00,B001,175.67,79.1
2025-06-16 12:30:00,B001,176.41,79.3
2025-06-16 12:45:00,B001,181.14,79.5
2025-06-16 13:00:00,B001,184.42,79.5
2025-06-16 13:15:00,B001,161.4,79.6
2025-06-16 13:30:00,B001,163.67,79.5
2025-06-16 13:45:00,B001,178.23,79.4
2025-06-16 14:00:00,B001,170.03,79.2
2025-06-16 14:15:00,B001,185.53,79.0
2025-06-16 14:30:00,B001,172.57,78.7
2025-06-16 14:45:00,B001,161.87,78.3
2025-06-16 15:00:00,B001,174.12,77.9
2025-06-16 15:15:00,B001,177.46,77.5
2025-06-16 15:30:00,B001,225.2,76.9
2025-06-16 15:45:00,B001,268.66,76.3
2025-06-16 16:00:00,B001,324.84,75.7
2025-06-16 16:15:00,B001,403.68,75.0
2025-06-16 16:30:00,B001,472.17,74.3
2025-06-16 16:45:00,B001,510.53,73.5
2025-06-16 17:00:00,B001,512.92,72.7
2025-06-16 17:15:00,B001,516.83,71.9
2025-06-16 17:30:00,B001,467.02,71.0
2025-06-16 17:45:00,B001,397.34,70.1
2025-06-16 18:00:00,B001,331.83,69.2
2025-06-16 18:15:00,B001,252.79,68.3
2025-06-16 18:30:00,B001,231.59,67.3
2025-06-16 18:45:00,B001,177.05,66.3
2025-06-16 19:00:00,B001,172.69,65.3
2025-06-16 19:15:00,B001,143.78,64.4
2025-06-16 19:30:00,B001,145.44,63.4
2025-06-16 19:45:00,B001,163.16,62.4
2025-06-16 20:00:00,B001,148.25,61.4
2025-06-16 20:15:00,B001,156.82,60.5
2025-06-16 20:30:00,B001,151.92,59.6
2025-06-16 20:45:00,B001,149.17,58.6
2025-06-16 21:00:00,B001,160.91,57.8
2025-06-16 21:15:00,B001,148.11,56.9
2025-06-16 21:30:00,B001,135.75,56.1
2025-06-16 21:45:00,B001,143.57,55.3
2025-06-16 22:00:00,B001,154.41,54.5
2025-06-16 22:15:00,B001,153.16,53.8
2025-06-16 22:30:00,B001,137.46,53.2
2025-06-16 22:45:00,B001,144.21,52.5
2025-06-16 23:00:00,B001,145.35,52.0
2025-06-16 23:15:00,B001,147.08,51.5
2025-06-16 23:30:00,B001,138.99,51.0
2025-06-16 23:45:00,B001,144.97,50.6
2025-06-17 00:00:00,B001,144.17,50.3
2025-06-17 00:15:00,B001,156.17,54.9
2025-06-17 00:30:00,B001,156.47,54.7
2025-06-17 00:45:00,B001,148.83,54.6
2025-06-17 01:00:00,B001,146.86,54.5
2025-06-17 01:15:00,B001,151.12,54.5
2025-06-17 01:30:00,B001,143.47,54.5
2025-06-17 01:45:00,B001,140.83,54.6
2025-06-17 02:00:00,B001,142.48,54.8
2025-06-17 02:15:00,B001,144.92,55.0
2025-06-17 02:30:00,B001,140.69,55.3
2025-06-17 02:45:00,B001,151.3,55.7
2025-06-17 03:00:00,B001,155.84,56.1
2025-06-17 03:15:00,B001,137.3,56.6
2025-06-17 03:30:00,B001,150.2,57.1
2025-06-17 03:45:00,B001,148.24,57.7
2025-06-17 04:00:00,B001,152.73,58.3
2025-06-17 04:15:00,B001,149.9,59.0
2025-06-17 04:30:00,B001,138.37,59.7
2025-06-17 04:45:00,B001,139.9,60.5
2025-06-17 05:00:00,B001,150.24,61.3
2025-06-17 05:15:00,B001,158.23,62.1
2025-06-17 05:30:00,B001,132.29,63.0
2025-06-17 05:45:00,B001,152.77,63.9
2025-06-17 06:00:00,B001,159.57,64.8
2025-06-17 06:15:00,B001,149.04,65.8
2025-06-17 06:30:00,B001,155.56,66.7
2025-06-17 06:45:00,B001,148.64,67.7
2025-06-17 07:00:00,B001,162.23,68.7
2025-06-17 07:15:00,B001,171.28,69.7
2025-06-17 07:30:00,B001,206.05,70.7
2025-06-17 07:45:00,B001,294.89,71.6
2025-06-17 08:00:00,B001,354.11,72.6
2025-06-17 08:15:00,B001,421.41,73.5
2025-06-17 08:30:00,B001,438.91,74.5
2025-06-17 08:45:00,B001,416.15,75.4
2025-06-17 09:00:00,B001,368.31,76.3
2025-06-17 09:15:00,B001,294.38,77.1
2025-06-17 09:30:00,B001,245.66,78.0
2025-06-17 09:45:00,B001,210.44,78.8
2025-06-17 10:00:00,B001,192.82,79.5
2025-06-17 10:15:00,B001,187.49,80.2
2025-06-17 10:30:00,B001,199.07,80.9
2025-06-17 10:45:00,B001,180.69,81.5
2025-06-17 11:00:00,B001,191.94,82.1
2025-06-17 11:15:00,B001,204.44,82.6
2025-06-17 11:30:00,B001,208.2,83.0
2025-06-17 11:45:00,B001,189.07,83.4
2025-06-17 12:00:00,B001,199.95,83.7
2025-06-17 12:15:00,B001,214.95,84.0
2025-06-17 12:30:00,B001,209.41,84.2
2025-06-17 12:45:00,B001,207.79,84.4
2025-06-17 13:00:00,B001,204.99,84.5
2025-06-17 13:15:00,B001,203.78,84.5
2025-06-17 13:30:00,B001,208.9,84.4
2025-06-17 13:45:00,B001,204.0,84.3
2025-06-17 14:00:00,B001,204.88,84.1
2025-06-17 14:15:00,B001,205.13,83.9
2025-06-17 14:30:00,B001,199.14,83.6
2025-06-17 14:45:00,B001,211.08,83.3
2025-06-17 15:00:00,B001,237.05,82.8
2025-06-17 15:15:00,B001,214.71,82.4
2025-06-17 15:30:00,B001,259.13,81.8
2025-06-17 15:45:00,B001,293.56,81.3
2025-06-17 16:00:00,B001,362.33,80.6
2025-06-17 16:15:00,B001,424.89,79.9
2025-06-17 16:30:00,B001,493.97,79.2
2025-06-17 16:45:00,B001,541.99,78.4
2025-06-17 17:00:00,B001,547.41,77.6
2025-06-17 17:15:00,B001,531.77,76.8
2025-06-17 17:30:00,B001,449.42,75.9
2025-06-17 17:45:00,B001,407.79,75.0
2025-06-17 18:00:00,B001,326.98,74.1
2025-06-17 18:15:00,B001,270.73,73.2
2025-06-17 18:30:00,B001,205.76,72.2
2025-06-17 18:45:00,B001,178.08,71.2
2025-06-17 19:00:00,B001,167.86,70.3
2025-06-17 19:15:00,B001,157.14,69.3
2025-06-17 19:30:00,B001,155.14,68.3
2025-06-17 19:45:00,B001,159.71,67.3
2025-06-17 20:00:00,B001,136.21,66.4
2025-06-17 20:15:00,B001,157.89,65.4
2025-06-17 20:30:00,B001,150.09,64.5
2025-06-17 20:45:00,B001,148.38,63.6
2025-06-17 21:00:00,B001,138.23,62.7
2025-06-17 21:15:00,B001,154.02,61.8
2025-06-17 21:30:00,B001,130.69,61.0
2025-06-17 21:45:00,B001,155.19,60.2
2025-06-17 22:00:00,B001,138.06,59.4
2025-06-17 22:15:00,B001,150.43,58.7
2025-06-17 22:30:00,B001,149.05,58.1
2025-06-17 22:45:00,B001,159.36,57.5
2025-06-17 23:00:00,B001,148.57,56.9
2025-06-17 23:15:00,B001,144.45,56.4
2025-06-17 23:30:00,B001,145.95,55.9
2025-06-17 23:45:00,B001,160.18,55.5
2025-06-18 00:00:00,B001,154.29,55.2
2025-06-18 00:15:00,B001,146.91,49.6
2025-06-18 00:30:00,B001,148.11,49.4
2025-06-18 00:45:00,B001,137.46,49.3
2025-06-18 01:00:00,B001,153.11,49.2
2025-06-18 01:15:00,B001,135.92,49.2
2025-06-18 01:30:00,B001,156.01,49.2
2025-06-18 01:45:00,B001,151.03,49.3
2025-06-18 02:00:00,B001,169.1,49.5
2025-06-18 02:15:00,B001,141.2,49.7
2025-06-18 02:30:00,B001,149.18,50.0
2025-06-18 02:45:00,B001,164.39,50.4
2025-06-18 03:00:00,B001,159.53,50.8
2025-06-18 03:15:00,B001,144.43,51.3
2025-06-18 03:30:00,B001,151.79,51.8
2025-06-18 03:45:00,B001,150.02,52.4
2025-06-18 04:00:00,B001,152.26,53.0
2025-06-18 04:15:00,B001,144.41,53.7
2025-06-18 04:30:00,B001,149.29,54.4
2025-06-18 04:45:00,B001,137.22,55.2
2025-06-18 05:00:00,B001,151.08,56.0
2025-06-18 05:15:00,B001,153.6,56.8
2025-06-18 05:30:00,B001,148.18,57.7
2025-06-18 05:45:00,B001,137.09,58.6
2025-06-18 06:00:00,B001,157.96,59.5
2025-06-18 06:15:00,B001,153.18,60.5
2025-06-18 06:30:00,B001,145.35,61.4
2025-06-18 06:45:00,B001,152.02,62.4
2025-06-18 07:00:00,B001,151.18,63.4
2025-06-18 07:15:00,B001,176.05,64.4
2025-06-18 07:30:00,B001,220.5,65.3
2025-06-18 07:45:00,B001,297.18,66.3
2025-06-18 08:00:00,B001,356.88,67.3
2025-06-18 08:15:00,B001,430.18,68.2
2025-06-18 08:30:00,B001,445.69,69.2
2025-06-18 08:45:00,B001,427.04,70.1
2025-06-18 09:00:00,B001,360.86,71.0
2025-06-18 09:15:00,B001,294.33,71.8
2025-06-18 09:30:00,B001,220.53,72.7
2025-06-18 09:45:00,B001,171.67,73.5
2025-06-18 10:00:00,B001,152.13,74.2
2025-06-18 10:15:00,B001,150.01,74.9
2025-06-18 10:30:00,B001,144.59,75.6
2025-06-18 10:45:00,B001,160.65,76.2
2025-06-18 11:00:00,B001,156.79,76.7
2025-06-18 11:15:00,B001,182.52,77.3
2025-06-18 11:30:00,B001,152.32,77.7
2025-06-18 11:45:00,B001,170.21,78.1
2025-06-18 12:00:00,B001,161.56,78.4
2025-06-18 12:15:00,B001,168.27,78.7
2025-06-18 12:30:00,B001,174.61,78.9
2025-06-18 12:45:00,B001,155.76,79.1
2025-06-18 13:00:00,B001,176.76,79.1
2025-06-18 13:15:00,B001,190.21,79.2
2025-06-18 13:30:00,B001,171.11,79.1
2025-06-18 13:45:00,B001,176.23,79.0
2025-06-18 14:00:00,B001,181.56,78.8
2025-06-18 14:15:00,B001,171.33,78.6
2025-06-18 14:30:00,B001,168.06,78.3
2025-06-18 14:45:00,B001,156.75,77.9
2025-06-18 15:00:00,B001,187.0,77.5
2025-06-18 15:15:00,B001,196.16,77.1
2025-06-18 15:30:00,B001,216.58,76.5
2025-06-18 15:45:00,B001,268.79,75.9
2025-06-18 16:00:00,B001,321.18,75.3
2025-06-18 16:15:00,B001,390.64,74.6
2025-06-18 16:30:00,B001,467.43,73.9
2025-06-18 16:45:00,B001,501.18,73.1
2025-06-18 17:00:00,B001,538.38,72.3
2025-06-18 17:15:00,B001,500.71,71.5
2025-06-18 17:30:00,B001,457.28,70.6
2025-06-18 17:45:00,B001,410.25,69.7
2025-06-18 18:00:00,B001,333.0,68.8
2025-06-18 18:15:00,B001,262.89,67.9
2025-06-18 18:30:00,B001,208.0,66.9
2025-06-18 18:45:00,B001,180.5,65.9
2025-06-18 19:00:00,B001,167.28,64.9
2025-06-18 19:15:00,B001,157.58,64.0
2025-06-18 19:30:00,B001,152.15,63.0
2025-06-18 19:45:00,B001,150.79,62.0
2025-06-18 20:00:00,B001,148.62,61.0
2025-06-18 20:15:00,B001,138.56,60.1
2025-06-18 20:30:00,B001,145.89,59.2
2025-06-18 20:45:00,B001,157.32,58.2
2025-06-18 21:00:00,B001,139.05,57.4
2025-06-18 21:15:00,B001,148.48,56.5
2025-06-18 21:30:00,B001,143.44,55.7
2025-06-18 21:45:00,B001,150.89,54.9
2025-06-18 22:00:00,B001,146.89,54.1
2025-06-18 22:15:00,B001,161.82,53.4
2025-06-18 22:30:00,B001,154.05,52.8
2025-06-18 22:45:00,B001,139.51,52.1
2025-06-18 23:00:00,B001,155.37,51.6
2025-06-18 23:15:00,B001,143.8,51.1
2025-06-18 23:30:00,B001,145.38,50.6
2025-06-18 23:45:00,B001,152.51,50.2
2025-06-19 00:00:00,B001,146.07,49.9
2025-06-19 00:15:00,B001,157.14,57.0
2025-06-19 00:30:00,B001,143.8,56.8
2025-06-19 00:45:00,B001,145.05,56.6
2025-06-19 01:00:00,B001,144.75,56.5
2025-06-19 01:15:00,B001,145.47,56.5
2025-06-19 01:30:00,B001,158.79,56.6
2025-06-19 01:45:00,B001,155.03,56.7
2025-06-19 02:00:00,B001,163.68,56.8
2025-06-19 02:15:00,B001,168.14,57.1
2025-06-19 02:30:00,B001,141.75,57.4
2025-06-19 02:45:00,B001,150.56,57.7
2025-06-19 03:00:00,B001,140.59,58.1
2025-06-19 03:15:00,B001,143.78,58.6
2025-06-19 03:30:00,B001,144.96,59.2
2025-06-19 03:45:00,B001,141.54,59.7
2025-06-19 04:00:00,B001,141.58,60.4
2025-06-19 04:15:00,B001,148.85,61.0
2025-06-19 04:30:00,B001,140.27,61.8
2025-06-19 04:45:00,B001,156.74,62.5
2025-06-19 05:00:00,B001,142.66,63.3
2025-06-19 05:15:00,B001,172.48,64.2
2025-06-19 05:30:00,B001,146.39,65.1
2025-06-19 05:45:00,B001,150.58,66.0
2025-06-19 06:00:00,B001,139.69,66.9
2025-06-19 06:15:00,B001,163.91,67.8
2025-06-19 06:30:00,B001,160.12,68.8
2025-06-19 06:45:00,B001,156.64,69.8
2025-06-19 07:00:00,B001,152.41,70.7
2025-06-19 07:15:00,B001,185.93,71.7
2025-06-19 07:30:00,B001,215.83,72.7
2025-06-19 07:45:00,B001,299.05,73.7
2025-06-19 08:00:00,B001,368.47,74.6
2025-06-19 08:15:00,B001,429.33,75.6
2025-06-19 08:30:00,B001,439.63,76.5
2025-06-19 08:45:00,B001,431.8,77.4
2025-06-19 09:00:00,B001,387.44,78.3
2025-06-19 09:15:00,B001,322.15,79.2
2025-06-19 09:30:00,B001,263.74,80.0
2025-06-19 09:45:00,B001,206.31,80.8
2025-06-19 10:00:00,B001,204.9,81.6
2025-06-19 10:15:00,B001,205.94,82.3
2025-06-19 10:30:00,B001,185.41,82.9
2025-06-19 10:45:00,B001,201.4,83.5
2025-06-19 11:00:00,B001,206.8,84.1
2025-06-19 11:15:00,B001,205.21,84.6
2025-06-19 11:30:00,B001,195.5,85.1
2025-06-19 11:45:00,B001,210.07,85.4
2025-06-19 12:00:00,B001,212.06,85.8
2025-06-19 12:15:00,B001,215.13,86.1
2025-06-19 12:30:00,B001,213.07,86.3
2025-06-19 12:45:00,B001,214.92,86.4
2025-06-19 13:00:00,B001,218.64,86.5
2025-06-19 13:15:00,B001,222.62,86.5
2025-06-19 13:30:00,B001,216.4,86.5
2025-06-19 13:45:00,B001,214.97,86.4
2025-06-19 14:00:00,B001,218.19,86.2
2025-06-19 14:15:00,B001,201.37,86.0
2025-06-19 14:30:00,B001,220.62,85.7
2025-06-19 14:45:00,B001,219.05,85.3
2025-06-19 15:00:00,B001,226.29,84.9
2025-06-19 15:15:00,B001,248.84,84.4
2025-06-19 15:30:00,B001,253.15,83.9
2025-06-19 15:45:00,B001,296.08,83.3
2025-06-19 16:00:00,B001,372.13,82.7
2025-06-19 16:15:00,B001,436.69,82.0
2025-06-19 16:30:00,B001,501.47,81.3
2025-06-19 16:45:00,B001,541.13,80.5
2025-06-19 17:00:00,B001,563.42,79.7
2025-06-19 17:15:00,B001,542.41,78.8
2025-06-19 17:30:00,B001,484.28,78.0
2025-06-19 17:45:00,B001,405.21,77.1
2025-06-19 18:00:00,B001,314.01,76.1
2025-06-19 18:15:00,B001,269.5,75.2
2025-06-19 18:30:00,B001,225.29,74.2
2025-06-19 18:45:00,B001,189.89,73.3
2025-06-19 19:00:00,B001,159.66,72.3
2025-06-19 19:15:00,B001,162.67,71.3
2025-06-19 19:30:00,B001,159.76,70.3
2025-06-19 19:45:00,B001,163.5,69.4
2025-06-19 20:00:00,B001,143.33,68.4
2025-06-19 20:15:00,B001,148.29,67.4
2025-06-19 20:30:00,B001,156.0,66.5
2025-06-19 20:45:00,B001,150.47,65.6
2025-06-19 21:00:00,B001,141.06,64.7
2025-06-19 21:15:00,B001,153.32,63.8
2025-06-19 21:30:00,B001,154.63,63.0
2025-06-19 21:45:00,B001,150.7,62.2
2025-06-19 22:00:00,B001,151.76,61.5
2025-06-19 22:15:00,B001,147.93,60.8
2025-06-19 22:30:00,B001,161.83,60.1
2025-06-19 22:45:00,B001,142.79,59.5
2025-06-19 23:00:00,B001,145.3,58.9
2025-06-19 23:15:00,B001,150.09,58.4
2025-06-19 23:30:00,B001,157.03,58.0
2025-06-19 23:45:00,B001,138.02,57.6
2025-06-20 00:00:00,B001,139.52,57.2
2025-06-20 00:15:00,B001,133.7,53.3
2025-06-20 00:30:00,B001,150.26,53.1
2025-06-20 00:45:00,B001,141.05,52.9
2025-06-20 01:00:00,B001,146.92,52.8
2025-06-20 01:15:00,B001,155.29,52.8
2025-06-20 01:30:00,B001,144.87,52.8
2025-06-20 01:45:00,B001,151.85,53.0
2025-06-20 02:00:00,B001,147.61,53.1
2025-06-20 02:15:00,B001,155.38,53.4
2025-06-20 02:30:00,B001,153.8,53.7
2025-06-20 02:45:00,B001,144.46,54.0
2025-06-20 03:00:00,B001,148.65,54.4
2025-06-20 03:15:00,B001,158.35,54.9
2025-06-20 03:30:00,B001,153.15,55.4
2025-06-20 03:45:00,B001,138.82,56.0
2025-06-20 04:00:00,B001,155.24,56.7
2025-06-20 04:15:00,B001,141.32,57.3
2025-06-20 04:30:00,B001,161.3,58.1
2025-06-20 04:45:00,B001,158.19,58.8
2025-06-20 05:00:00,B001,152.32,59.6
2025-06-20 05:15:00,B001,151.26,60.5
2025-06-20 05:30:00,B001,148.33,61.3
2025-06-20 05:45:00,B001,155.44,62.2
2025-06-20 06:00:00,B001,147.08,63.2
2025-06-20 06:15:00,B001,152.15,64.1
2025-06-20 06:30:00,B001,158.14,65.1
2025-06-20 06:45:00,B001,149.77,66.0
2025-06-20 07:00:00,B001,158.25,67.0
2025-06-20 07:15:00,B001,174.69,68.0
2025-06-20 07:30:00,B001,216.29,69.0
2025-06-20 07:45:00,B001,272.72,70.0
2025-06-20 08:00:00,B001,367.83,70.9
2025-06-20 08:15:00,B001,439.53,71.9
2025-06-20 08:30:00,B001,461.4,72.8
2025-06-20 08:45:00,B001,412.05,73.7
2025-06-20 09:00:00,B001,367.79,74.6
2025-06-20 09:15:00,B001,301.55,75.5
2025-06-20 09:30:00,B001,228.93,76.3
2025-06-20 09:45:00,B001,197.58,77.1
2025-06-20 10:00:00,B001,164.14,77.8
2025-06-20 10:15:00,B001,177.67,78.5
2025-06-20 10:30:00,B001,167.89,79.2
2025-06-20 10:45:00,B001,180.78,79.8
2025-06-20 11:00:00,B001,169.84,80.4
2025-06-20 11:15:00,B001,189.68,80.9
2025-06-20 11:30:00,B001,196.23,81.3
2025-06-20 11:45:00,B001,184.13,81.7
2025-06-20 12:00:00,B001,183.3,82.1
2025-06-20 12:15:00,B001,176.78,82.3
2025-06-20 12:30:00,B001,193.16,82.5
2025-06-20 12:45:00,B001,191.53,82.7
2025-06-20 13:00:00,B001,184.27,82.8
2025-06-20 13:15:00,B001,200.42,82.8
2025-06-20 13:30:00,B001,192.95,82.8
2025-06-20 13:45:00,B001,187.36,82.6
2025-06-20 14:00:00,B001,190.73,82.5
2025-06-20 14:15:00,B001,203.03,82.2
2025-06-20 14:30:00,B001,199.34,81.9
2025-06-20 14:45:00,B001,195.73,81.6
2025-06-20 15:00:00,B001,208.64,81.2
2025-06-20 15:15:00,B001,209.59,80.7
2025-06-20 15:30:00,B001,246.75,80.2
2025-06-20 15:45:00,B001,290.77,79.6
2025-06-20 16:00:00,B001,343.9,78.9
2025-06-20 16:15:00,B001,417.95,78.3
2025-06-20 16:30:00,B001,471.59,77.5
2025-06-20 16:45:00,B001,526.62,76.8
2025-06-20 17:00:00,B001,540.23,76.0
2025-06-20 17:15:00,B001,489.33,75.1
2025-06-20 17:30:00,B001,472.1,74.3
2025-06-20 17:45:00,B001,370.49,73.4
2025-06-20 18:00:00,B001,319.05,72.4
2025-06-20 18:15:00,B001,270.31,71.5
2025-06-20 18:30:00,B001,212.98,70.5
2025-06-20 18:45:00,B001,173.0,69.6
2025-06-20 19:00:00,B001,157.95,68.6
2025-06-20 19:15:00,B001,165.49,67.6
2025-06-20 19:30:00,B001,137.51,66.6
2025-06-20 19:45:00,B001,160.06,65.6
2025-06-20 20:00:00,B001,149.9,64.7
2025-06-20 20:15:00,B001,140.56,63.7
2025-06-20 20:30:00,B001,145.36,62.8
2025-06-20 20:45:00,B001,141.87,61.9
2025-06-20 21:00:00,B001,156.93,61.0
2025-06-20 21:15:00,B001,155.86,60.1
2025-06-20 21:30:00,B001,136.25,59.3
2025-06-20 21:45:00,B001,146.77,58.5
2025-06-20 22:00:00,B001,143.09,57.8
2025-06-20 22:15:00,B001,160.35,57.1
2025-06-20 22:30:00,B001,139.2,56.4
2025-06-20 22:45:00,B001,162.83,55.8
2025-06-20 23:00:00,B001,149.73,55.2
2025-06-20 23:15:00,B001,140.7,54.7
2025-06-20 23:30:00,B001,144.58,54.3
2025-06-20 23:45:00,B001,143.59,53.9
2025-06-21 00:00:00,B001,42.3,53.5
2025-06-21 00:15:00,B001,53.26,52.7
2025-06-21 00:30:00,B001,42.68,52.5
2025-06-21 00:45:00,B001,35.06,52.4
2025-06-21 01:00:00,B001,49.46,52.3
2025-06-21 01:15:00,B001,38.08,52.3
2025-06-21 01:30:00,B001,46.48,52.3
2025-06-21 01:45:00,B001,45.23,52.4
2025-06-21 02:00:00,B001,45.53,52.6
2025-06-21 02:15:00,B001,68.51,52.8
2025-06-21 02:30:00,B001,52.95,53.1
2025-06-21 02:45:00,B001,54.46,53.5
2025-06-21 03:00:00,B001,38.29,53.9
2025-06-21 03:15:00,B001,47.27,54.4
2025-06-21 03:30:00,B001,54.22,54.9
2025-06-21 03:45:00,B001,44.3,55.5
2025-06-21 04:00:00,B001,59.76,56.1
2025-06-21 04:15:00,B001,42.88,56.8
2025-06-21 04:30:00,B001,50.21,57.5
2025-06-21 04:45:00,B001,47.81,58.3
2025-06-21 05:00:00,B001,53.81,59.1
2025-06-21 05:15:00,B001,47.38,59.9
2025-06-21 05:30:00,B001,50.33,60.8
2025-06-21 05:45:00,B001,50.61,61.7
2025-06-21 06:00:00,B001,46.62,62.6
2025-06-21 06:15:00,B001,56.38,63.6
2025-06-21 06:30:00,B001,54.41,64.5
2025-06-21 06:45:00,B001,51.79,65.5
2025-06-21 07:00:00,B001,49.06,66.5
2025-06-21 07:15:00,B001,58.87,67.5
2025-06-21 07:30:00,B001,50.61,68.4
2025-06-21 07:45:00,B001,50.05,69.4
2025-06-21 08:00:00,B001,53.34,70.4
2025-06-21 08:15:00,B001,66.07,71.3
2025-06-21 08:30:00,B001,41.78,72.3
2025-06-21 08:45:00,B001,58.66,73.2
2025-06-21 09:00:00,B001,37.35,74.1
2025-06-21 09:15:00,B001,54.24,74.9
2025-06-21 09:30:00,B001,69.64,75.8
2025-06-21 09:45:00,B001,65.69,76.5
2025-06-21 10:00:00,B001,67.65,77.3
2025-06-21 10:15:00,B001,66.05,78.0
2025-06-21 10:30:00,B001,74.75,78.7
2025-06-21 10:45:00,B001,76.16,79.3
2025-06-21 11:00:00,B001,75.26,79.8
2025-06-21 11:15:00,B001,82.27,80.3
2025-06-21 11:30:00,B001,88.88,80.8
2025-06-21 11:45:00,B001,83.52,81.2
2025-06-21 12:00:00,B001,85.21,81.5
2025-06-21 12:15:00,B001,82.41,81.8
2025-06-21 12:30:00,B001,97.68,82.0
2025-06-21 12:45:00,B001,99.8,82.2
2025-06-21 13:00:00,B001,97.79,82.2
2025-06-21 13:15:00,B001,103.78,82.3
2025-06-21 13:30:00,B001,96.49,82.2
2025-06-21 13:45:00,B001,98.27,82.1
2025-06-21 14:00:00,B001,96.53,81.9
2025-06-21 14:15:00,B001,91.95,81.7
2025-06-21 14:30:00,B001,86.65,81.4
2025-06-21 14:45:00,B001,106.47,81.0
2025-06-21 15:00:00,B001,82.64,80.6
2025-06-21 15:15:00,B001,78.08,80.2
2025-06-21 15:30:00,B001,83.71,79.6
2025-06-21 15:45:00,B001,78.76,79.0
2025-06-21 16:00:00,B001,61.71,78.4
2025-06-21 16:15:00,B001,77.85,77.7
2025-06-21 16:30:00,B001,63.76,77.0
2025-06-21 16:45:00,B001,51.03,76.2
2025-06-21 17:00:00,B001,64.59,75.4
2025-06-21 17:15:00,B001,57.51,74.6
2025-06-21 17:30:00,B001,42.38,73.7
2025-06-21 17:45:00,B001,66.72,72.8
2025-06-21 18:00:00,B001,57.77,71.9
2025-06-21 18:15:00,B001,52.42,71.0
2025-06-21 18:30:00,B001,65.22,70.0
2025-06-21 18:45:00,B001,53.77,69.0
2025-06-21 19:00:00,B001,52.28,68.0
2025-06-21 19:15:00,B001,47.22,67.1
2025-06-21 19:30:00,B001,57.15,66.1
2025-06-21 19:45:00,B001,56.31,65.1
2025-06-21 20:00:00,B001,52.62,64.1
2025-06-21 20:15:00,B001,46.18,63.2
2025-06-21 20:30:00,B001,53.54,62.3
2025-06-21 20:45:00,B001,51.94,61.3
2025-06-21 21:00:00,B001,41.83,60.5
2025-06-21 21:15:00,B001,40.73,59.6
2025-06-21 21:30:00,B001,57.02,58.8
2025-06-21 21:45:00,B001,31.68,58.0
2025-06-21 22:00:00,B001,54.14,57.2
2025-06-21 22:15:00,B001,48.68,56.5
2025-06-21 22:30:00,B001,62.97,55.9
2025-06-21 22:45:00,B001,48.55,55.2
2025-06-21 23:00:00,B001,57.78,54.7
2025-06-21 23:15:00,B001,49.32,54.2
2025-06-21 23:30:00,B001,53.41,53.7
2025-06-21 23:45:00,B001,58.39,53.3
2025-06-22 00:00:00,B001,48.8,53.0
2025-06-01 00:15:00,B002,45.98,54.7
2025-06-01 00:30:00,B002,34.04,54.5
2025-06-01 00:45:00,B002,41.77,54.3
2025-06-01 01:00:00,B002,45.54,54.2
2025-06-01 01:15:00,B002,43.96,54.2
2025-06-01 01:30:00,B002,51.5,54.3
2025-06-01 01:45:00,B002,35.42,54.4
2025-06-01 02:00:00,B002,31.73,54.5
2025-06-01 02:15:00,B002,34.03,54.8
2025-06-01 02:30:00,B002,43.96,55.1
2025-06-01 02:45:00,B002,42.99,55.4
2025-06-01 03:00:00,B002,40.61,55.9
2025-06-01 03:15:00,B002,33.26,56.3
2025-06-01 03:30:00,B002,44.6,56.9
2025-06-01 03:45:00,B002,32.65,57.4
2025-06-01 04:00:00,B002,46.95,58.1
2025-06-01 04:15:00,B002,57.14,58.8
2025-06-01 04:30:00,B002,42.2,59.5
2025-06-01 04:45:00,B002,43.5,60.2
2025-06-01 05:00:00,B002,37.04,61.0
2025-06-01 05:15:00,B002,29.14,61.9
2025-06-01 05:30:00,B002,36.38,62.8
2025-06-01 05:45:00,B002,33.44,63.7
2025-06-01 06:00:00,B002,31.32,64.6
2025-06-01 06:15:00,B002,50.33,65.5
2025-06-01 06:30:00,B002,41.64,66.5
2025-06-01 06:45:00,B002,42.28,67.5
2025-06-01 07:00:00,B002,38.15,68.4
2025-06-01 07:15:00,B002,38.96,69.4
2025-06-01 07:30:00,B002,45.79,70.4
2025-06-01 07:45:00,B002,39.81,71.4
2025-06-01 08:00:00,B002,43.18,72.3
2025-06-01 08:15:00,B002,38.82,73.3
2025-06-01 08:30:00,B002,37.95,74.2
2025-06-01 08:45:00,B002,32.12,75.1
2025-06-01 09:00:00,B002,32.25,76.0
2025-06-01 09:15:00,B002,45.98,76.9
2025-06-01 09:30:00,B002,51.2,77.7
2025-06-01 09:45:00,B002,46.3,78.5
2025-06-01 10:00:00,B002,56.82,79.3
2025-06-01 10:15:00,B002,60.18,80.0
2025-06-01 10:30:00,B002,49.56,80.6
2025-06-01 10:45:00,B002,59.46,81.2
2025-06-01 11:00:00,B002,69.64,81.8
2025-06-01 11:15:00,B002,71.55,82.3
2025-06-01 11:30:00,B002,64.11,82.8
2025-06-01 11:45:00,B002,73.55,83.2
2025-06-01 12:00:00,B002,80.07,83.5
2025-06-01 12:15:00,B002,79.69,83.8
2025-06-01 12:30:00,B002,75.3,84.0
2025-06-01 12:45:00,B002,73.65,84.1
2025-06-01 13:00:00,B002,73.02,84.2
2025-06-01 13:15:00,B002,79.68,84.2
2025-06-01 13:30:00,B002,77.86,84.2
2025-06-01 13:45:00,B002,80.03,84.1
2025-06-01 14:00:00,B002,76.36,83.9
2025-06-01 14:15:00,B002,79.54,83.7
2025-06-01 14:30:00,B002,74.0,83.4
2025-06-01 14:45:00,B002,76.71,83.0
2025-06-01 15:00:00,B002,75.56,82.6
2025-06-01 15:15:00,B002,63.61,82.1
2025-06-01 15:30:00,B002,55.47,81.6
2025-06-01 15:45:00,B002,73.26,81.0
2025-06-01 16:00:00,B002,63.0,80.4
2025-06-01 16:15:00,B002,48.46,79.7
2025-06-01 16:30:00,B002,51.56,79.0
2025-06-01 16:45:00,B002,57.41,78.2
2025-06-01 17:00:00,B002,47.88,77.4
2025-06-01 17:15:00,B002,43.12,76.5
2025-06-01 17:30:00,B002,51.11,75.7
2025-06-01 17:45:00,B002,33.72,74.8
2025-06-01 18:00:00,B002,35.21,73.9
2025-06-01 18:15:00,B002,41.27,72.9
2025-06-01 18:30:00,B002,42.34,72.0
2025-06-01 18:45:00,B002,42.98,71.0
2025-06-01 19:00:00,B002,45.47,70.0
2025-06-01 19:15:00,B002,41.19,69.0
2025-06-01 19:30:00,B002,42.94,68.0
2025-06-01 19:45:00,B002,38.44,67.1
2025-06-01 20:00:00,B002,40.38,66.1
2025-06-01 20:15:00,B002,40.65,65.1
2025-06-01 20:30:00,B002,41.29,64.2
2025-06-01 20:45:00,B002,44.64,63.3
2025-06-01 21:00:00,B002,43.33,62.4
2025-06-01 21:15:00,B002,40.27,61.5
2025-06-01 21:30:00,B002,35.15,60.7
2025-06-01 21:45:00,B002,40.41,59.9
2025-06-01 22:00:00,B002,39.83,59.2
2025-06-01 22:15:00,B002,41.16,58.5
2025-06-01 22:30:00,B002,53.24,57.8
2025-06-01 22:45:00,B002,36.86,57.2
2025-06-01 23:00:00,B002,42.53,56.6
2025-06-01 23:15:00,B002,46.41,56.1
2025-06-01 23:30:00,B002,40.59,55.7
2025-06-01 23:45:00,B002,54.03,55.3
2025-06-02 00:00:00,B002,97.73,55.0
2025-06-02 00:15:00,B002,101.94,49.3
2025-06-02 00:30:00,B002,95.21,49.1
2025-06-02 00:45:00,B002,97.89,48.9
2025-06-02 01:00:00,B002,101.49,48.9
2025-06-02 01:15:00,B002,105.08,48.8
2025-06-02 01:30:00,B002,101.91,48.9
2025-06-02 01:45:00,B002,107.55,49.0
2025-06-02 02:00:00,B002,99.43,49.2
2025-06-02 02:15:00,B002,98.01,49.4
2025-06-02 02:30:00,B002,116.22,49.7
2025-06-02 02:45:00,B002,102.37,50.1
2025-06-02 03:00:00,B002,95.68,50.5
2025-06-02 03:15:00,B002,95.83,50.9
2025-06-02 03:30:00,B002,94.34,51.5
2025-06-02 03:45:00,B002,105.62,52.1
2025-06-02 04:00:00,B002,97.81,52.7
2025-06-02 04:15:00,B002,100.76,53.4
2025-06-02 04:30:00,B002,99.62,54.1
2025-06-02 04:45:00,B002,104.39,54.9
2025-06-02 05:00:00,B002,94.92,55.7
2025-06-02 05:15:00,B002,93.55,56.5
2025-06-02 05:30:00,B002,101.35,57.4
2025-06-02 05:45:00,B002,103.61,58.3
2025-06-02 06:00:00,B002,102.01,59.2
2025-06-02 06:15:00,B002,95.18,60.1
2025-06-02 06:30:00,B002,104.13,61.1
2025-06-02 06:45:00,B002,95.66,62.1
2025-06-02 07:00:00,B002,97.09,63.1
2025-06-02 07:15:00,B002,94.73,64.0
2025-06-02 07:30:00,B002,108.49,65.0
2025-06-02 07:45:00,B002,104.95,66.0
2025-06-02 08:00:00,B002,105.52,67.0
2025-06-02 08:15:00,B002,110.53,67.9
2025-06-02 08:30:00,B002,121.67,68.8
2025-06-02 08:45:00,B002,97.09,69.8
2025-06-02 09:00:00,B002,106.55,70.6
2025-06-02 09:15:00,B002,112.34,71.5
2025-06-02 09:30:00,B002,117.74,72.3
2025-06-02 09:45:00,B002,125.3,73.1
2025-06-02 10:00:00,B002,141.31,73.9
2025-06-02 10:15:00,B002,149.78,74.6
2025-06-02 10:30:00,B002,176.75,75.2
2025-06-02 10:45:00,B002,196.75,75.9
2025-06-02 11:00:00,B002,223.03,76.4
2025-06-02 11:15:00,B002,248.21,76.9
2025-06-02 11:30:00,B002,274.23,77.4
2025-06-02 11:45:00,B002,293.1,77.8
2025-06-02 12:00:00,B002,330.79,78.1
2025-06-02 12:15:00,B002,338.91,78.4
2025-06-02 12:30:00,B002,341.27,78.6
2025-06-02 12:45:00,B002,355.9,78.7
2025-06-02 13:00:00,B002,354.84,78.8
2025-06-02 13:15:00,B002,362.43,78.8
2025-06-02 13:30:00,B002,352.53,78.8
2025-06-02 13:45:00,B002,335.92,78.7
2025-06-02 14:00:00,B002,331.76,78.5
2025-06-02 14:15:00,B002,300.65,78.3
2025-06-02 14:30:00,B002,277.37,78.0
2025-06-02 14:45:00,B002,242.36,77.6
2025-06-02 15:00:00,B002,217.28,77.2
2025-06-02 15:15:00,B002,200.15,76.7
2025-06-02 15:30:00,B002,179.6,76.2
2025-06-02 15:45:00,B002,148.42,75.6
2025-06-02 16:00:00,B002,142.02,75.0
2025-06-02 16:15:00,B002,131.85,74.3
2025-06-02 16:30:00,B002,121.56,73.6
2025-06-02 16:45:00,B002,111.16,72.8
2025-06-02 17:00:00,B002,107.75,72.0
2025-06-02 17:15:00,B002,106.28,71.2
2025-06-02 17:30:00,B002,105.33,70.3
2025-06-02 17:45:00,B002,106.68,69.4
2025-06-02 18:00:00,B002,108.38,68.5
2025-06-02 18:15:00,B002,99.38,67.5
2025-06-02 18:30:00,B002,97.94,66.6
2025-06-02 18:45:00,B002,103.02,65.6
2025-06-02 19:00:00,B002,103.89,64.6
2025-06-02 19:15:00,B002,97.52,63.6
2025-06-02 19:30:00,B002,104.81,62.7
2025-06-02 19:45:00,B002,105.91,61.7
2025-06-02 20:00:00,B002,107.77,60.7
2025-06-02 20:15:00,B002,110.68,59.8
2025-06-02 20:30:00,B002,94.81,58.8
2025-06-02 20:45:00,B002,100.09,57.9
2025-06-02 21:00:00,B002,100.07,57.0
2025-06-02 21:15:00,B002,99.41,56.2
2025-06-02 21:30:00,B002,96.1,55.3
2025-06-02 21:45:00,B002,91.09,54.6
2025-06-02 22:00:00,B002,100.56,53.8
2025-06-02 22:15:00,B002,95.39,53.1
2025-06-02 22:30:00,B002,100.52,52.4
2025-06-02 22:45:00,B002,95.24,51.8
2025-06-02 23:00:00,B002,93.4,51.3
2025-06-02 23:15:00,B002,101.41,50.8
2025-06-02 23:30:00,B002,100.91,50.3
2025-06-02 23:45:00,B002,103.48,49.9
2025-06-03 00:00:00,B002,113.12,49.6
2025-06-03 00:15:00,B002,101.66,56.5
2025-06-03 00:30:00,B002,102.91,56.3
2025-06-03 00:45:00,B002,93.53,56.1
2025-06-03 01:00:00,B002,92.28,56.0
2025-06-03 01:15:00,B002,109.5,56.0
2025-06-03 01:30:00,B002,94.46,56.0
2025-06-03 01:45:00,B002,93.74,56.2
2025-06-03 02:00:00,B002,99.77,56.3
2025-06-03 02:15:00,B002,99.46,56.6
2025-06-03 02:30:00,B002,94.58,56.9
2025-06-03 02:45:00,B002,98.17,57.2
2025-06-03 03:00:00,B002,107.38,57.6
2025-06-03 03:15:00,B002,95.16,58.1
2025-06-03 03:30:00,B002,91.64,58.6
2025-06-03 03:45:00,B002,105.66,59.2
2025-06-03 04:00:00,B002,102.95,59.9
2025-06-03 04:15:00,B002,96.28,60.5
2025-06-03 04:30:00,B002,90.51,61.3
2025-06-03 04:45:00,B002,95.53,62.0
2025-06-03 05:00:00,B002,99.67,62.8
2025-06-03 05:15:00,B002,107.0,63.7
2025-06-03 05:30:00,B002,93.78,64.5
2025-06-03 05:45:00,B002,99.5,65.4
2025-06-03 06:00:00,B002,104.07,66.4
2025-06-03 06:15:00,B002,85.75,67.3
2025-06-03 06:30:00,B002,106.27,68.3
2025-06-03 06:45:00,B002,93.03,69.2
2025-06-03 07:00:00,B002,102.21,70.2
2025-06-03 07:15:00,B002,101.87,71.2
2025-06-03 07:30:00,B002,107.19,72.2
2025-06-03 07:45:00,B002,104.45,73.2
2025-06-03 08:00:00,B002,87.63,74.1
2025-06-03 08:15:00,B002,98.63,75.1
2025-06-03 08:30:00,B002,109.65,76.0
2025-06-03 08:45:00,B002,113.86,76.9
2025-06-03 09:00:00,B002,125.1,77.8
2025-06-03 09:15:00,B002,135.46,78.7
2025-06-03 09:30:00,B002,144.49,79.5
2025-06-03 09:45:00,B002,151.64,80.3
2025-06-03 10:00:00,B002,156.18,81.0
2025-06-03 10:15:00,B002,181.33,81.7
2025-06-03 10:30:00,B002,205.89,82.4
2025-06-03 10:45:00,B002,218.55,83.0
2025-06-03 11:00:00,B002,252.57,83.6
2025-06-03 11:15:00,B002,279.27,84.1
2025-06-03 11:30:00,B002,300.02,84.5
2025-06-03 11:45:00,B002,305.6,84.9
2025-06-03 12:00:00,B002,339.05,85.3
2025-06-03 12:15:00,B002,377.47,85.5
2025-06-03 12:30:00,B002,377.81,85.8
2025-06-03 12:45:00,B002,378.65,85.9
2025-06-03 13:00:00,B002,401.34,86.0
2025-06-03 13:15:00,B002,391.05,86.0
2025-06-03 13:30:00,B002,388.54,86.0
2025-06-03 13:45:00,B002,369.04,85.8
2025-06-03 14:00:00,B002,351.09,85.7
2025-06-03 14:15:00,B002,328.18,85.4
2025-06-03 14:30:00,B002,305.85,85.1
2025-06-03 14:45:00,B002,290.26,84.8
2025-06-03 15:00:00,B002,257.75,84.4
2025-06-03 15:15:00,B002,219.1,83.9
2025-06-03 15:30:00,B002,209.89,83.4
2025-06-03 15:45:00,B002,195.05,82.8
2025-06-03 16:00:00,B002,178.92,82.1
2025-06-03 16:15:00,B002,155.08,81.5
2025-06-03 16:30:00,B002,152.81,80.7
2025-06-03 16:45:00,B002,141.51,80.0
2025-06-03 17:00:00,B002,143.1,79.2
2025-06-03 17:15:00,B002,116.17,78.3
2025-06-03 17:30:00,B002,111.58,77.5
2025-06-03 17:45:00,B002,107.45,76.6
2025-06-03 18:00:00,B002,101.5,75.6
2025-06-03 18:15:00,B002,95.81,74.7
2025-06-03 18:30:00,B002,84.1,73.7
2025-06-03 18:45:00,B002,97.78,72.8
2025-06-03 19:00:00,B002,102.44,71.8
2025-06-03 19:15:00,B002,97.16,70.8
2025-06-03 19:30:00,B002,111.68,69.8
2025-06-03 19:45:00,B002,100.11,68.8
2025-06-03 20:00:00,B002,107.76,67.9
2025-06-03 20:15:00,B002,101.58,66.9
2025-06-03 20:30:00,B002,104.96,66.0
2025-06-03 20:45:00,B002,101.68,65.1
2025-06-03 21:00:00,B002,108.21,64.2
2025-06-03 21:15:00,B002,100.34,63.3
2025-06-03 21:30:00,B002,102.98,62.5
2025-06-03 21:45:00,B002,102.2,61.7
2025-06-03 22:00:00,B002,98.27,61.0
2025-06-03 22:15:00,B002,102.43,60.3
2025-06-03 22:30:00,B002,113.41,59.6
2025-06-03 22:45:00,B002,98.38,59.0
2025-06-03 23:00:00,B002,102.52,58.4
2025-06-03 23:15:00,B002,107.55,57.9
2025-06-03 23:30:00,B002,106.84,57.5
2025-06-03 23:45:00,B002,100.07,57.1
2025-06-04 00:00:00,B002,85.7,56.7
2025-06-04 00:15:00,B002,103.1,57.2
2025-06-04 00:30:00,B002,86.68,57.0
2025-06-04 00:45:00,B002,108.82,56.9
2025-06-04 01:00:00,B002,101.02,56.8
2025-06-04 01:15:00,B002,106.0,56.8
2025-06-04 01:30:00,B002,94.59,56.8
2025-06-04 01:45:00,B002,90.68,56.9
2025-06-04 02:00:00,B002,101.56,57.1
2025-06-04 02:15:00,B002,99.8,57.3
2025-06-04 02:30:00,B002,97.05,57.6
2025-06-04 02:45:00,B002,100.51,58.0
2025-06-04 03:00:00,B002,116.6,58.4
2025-06-04 03:15:00,B002,105.01,58.9
2025-06-04 03:30:00,B002,106.3,59.4
2025-06-04 03:45:00,B002,105.06,60.0
2025-06-04 04:00:00,B002,108.88,60.6
2025-06-04 04:15:00,B002,98.86,61.3
2025-06-04 04:30:00,B002,87.67,62.0
2025-06-04 04:45:00,B002,98.87,62.8
2025-06-04 05:00:00,B002,104.87,63.6
2025-06-04 05:15:00,B002,94.18,64.4
2025-06-04 05:30:00,B002,98.95,65.3
2025-06-04 05:45:00,B002,95.86,66.2
2025-06-04 06:00:00,B002,109.03,67.1
2025-06-04 06:15:00,B002,104.53,68.1
2025-06-04 06:30:00,B002,103.97,69.0
2025-06-04 06:45:00,B002,103.85,70.0
2025-06-04 07:00:00,B002,100.0,71.0
2025-06-04 07:15:00,B002,101.58,72.0
2025-06-04 07:30:00,B002,93.57,72.9
2025-06-04 07:45:00,B002,88.03,73.9
2025-06-04 08:00:00,B002,102.79,74.9
2025-06-04 08:15:00,B002,108.33,75.8
2025-06-04 08:30:00,B002,119.12,76.8
2025-06-04 08:45:00,B002,127.5,77.7
2025-06-04 09:00:00,B002,134.69,78.6
2025-06-04 09:15:00,B002,127.78,79.4
2025-06-04 09:30:00,B002,141.77,80.3
2025-06-04 09:45:00,B002,158.85,81.0
2025-06-04 10:00:00,B002,185.49,81.8
2025-06-04 10:15:00,B002,195.99,82.5
2025-06-04 10:30:00,B002,213.15,83.2
2025-06-04 10:45:00,B002,225.81,83.8
2025-06-04 11:00:00,B002,246.53,84.3
2025-06-04 11:15:00,B002,281.59,84.8
2025-06-04 11:30:00,B002,295.7,85.3
2025-06-04 11:45:00,B002,325.6,85.7
2025-06-04 12:00:00,B002,349.07,86.0
2025-06-04 12:15:00,B002,378.75,86.3
2025-06-04 12:30:00,B002,382.0,86.5
2025-06-04 12:45:00,B002,378.96,86.7
2025-06-04 13:00:00,B002,399.99,86.7
2025-06-04 13:15:00,B002,389.82,86.8
2025-06-04 13:30:00,B002,385.21,86.7
2025-06-04 13:45:00,B002,369.9,86.6
2025-06-04 14:00:00,B002,349.74,86.4
2025-06-04 14:15:00,B002,333.79,86.2
2025-06-04 14:30:00,B002,295.51,85.9
2025-06-04 14:45:00,B002,276.53,85.5
2025-06-04 15:00:00,B002,259.07,85.1
2025-06-04 15:15:00,B002,227.94,84.7
2025-06-04 15:30:00,B002,200.6,84.1
2025-06-04 15:45:00,B002,195.26,83.5
2025-06-04 16:00:00,B002,181.48,82.9
2025-06-04 16:15:00,B002,160.41,82.2
2025-06-04 16:30:00,B002,137.1,81.5
2025-06-04 16:45:00,B002,143.22,80.7
2025-06-04 17:00:00,B002,120.75,79.9
2025-06-04 17:15:00,B002,125.56,79.1
2025-06-04 17:30:00,B002,112.34,78.2
2025-06-04 17:45:00,B002,105.37,77.3
2025-06-04 18:00:00,B002,104.83,76.4
2025-06-04 18:15:00,B002,101.87,75.5
2025-06-04 18:30:00,B002,96.81,74.5
2025-06-04 18:45:00,B002,103.92,73.5
2025-06-04 19:00:00,B002,97.54,72.5
2025-06-04 19:15:00,B002,106.0,71.6
2025-06-04 19:30:00,B002,101.75,70.6
2025-06-04 19:45:00,B002,95.85,69.6
2025-06-04 20:00:00,B002,94.82,68.6
2025-06-04 20:15:00,B002,90.12,67.7
2025-06-04 20:30:00,B002,101.75,66.8
2025-06-04 20:45:00,B002,97.87,65.8
2025-06-04 21:00:00,B002,85.77,65.0
2025-06-04 21:15:00,B002,96.79,64.1
2025-06-04 21:30:00,B002,94.59,63.3
2025-06-04 21:45:00,B002,109.45,62.5
2025-06-04 22:00:00,B002,89.78,61.7
2025-06-04 22:15:00,B002,91.35,61.0
2025-06-04 22:30:00,B002,106.66,60.4
2025-06-04 22:45:00,B002,108.14,59.7
2025-06-04 23:00:00,B002,95.53,59.2
2025-06-04 23:15:00,B002,96.21,58.7
2025-06-04 23:30:00,B002,103.7,58.2
2025-06-04 23:45:00,B002,86.04,57.8
2025-06-05 00:00:00,B002,88.83,57.5
2025-06-05 00:15:00,B002,98.32,45.7
2025-06-05 00:30:00,B002,109.3,45.4
2025-06-05 00:45:00,B002,97.39,45.3
2025-06-05 01:00:00,B002,100.61,45.2
2025-06-05 01:15:00,B002,106.8,45.2
2025-06-05 01:30:00,B002,112.64,45.2
2025-06-05 01:45:00,B002,96.54,45.4
2025-06-05 02:00:00,B002,99.9,45.5
2025-06-05 02:15:00,B002,110.93,45.8
2025-06-05 02:30:00,B002,90.87,46.1
2025-06-05 02:45:00,B002,106.17,46.4
2025-06-05 03:00:00,B002,93.89,46.8
2025-06-05 03:15:00,B002,100.61,47.3
2025-06-05 03:30:00,B002,98.54,47.8
2025-06-05 03:45:00,B002,94.25,48.4
2025-06-05 04:00:00,B002,94.1,49.0
2025-06-05 04:15:00,B002,101.66,49.7
2025-06-05 04:30:00,B002,105.97,50.5
2025-06-05 04:45:00,B002,99.22,51.2
2025-06-05 05:00:00,B002,100.42,52.0
2025-06-05 05:15:00,B002,103.43,52.9
2025-06-05 05:30:00,B002,94.17,53.7
2025-06-05 05:45:00,B002,104.45,54.6
2025-06-05 06:00:00,B002,104.93,55.6
2025-06-05 06:15:00,B002,115.66,56.5
2025-06-05 06:30:00,B002,97.81,57.5
2025-06-05 06:45:00,B002,97.37,58.4
2025-06-05 07:00:00,B002,104.83,59.4
2025-06-05 07:15:00,B002,105.31,60.4
2025-06-05 07:30:00,B002,97.47,61.4
2025-06-05 07:45:00,B002,98.73,62.3
2025-06-05 08:00:00,B002,105.14,63.3
2025-06-05 08:15:00,B002,98.08,64.3
2025-06-05 08:30:00,B002,102.33,65.2
2025-06-05 08:45:00,B002,107.88,66.1
2025-06-05 09:00:00,B002,116.96,67.0
2025-06-05 09:15:00,B002,112.41,67.9
2025-06-05 09:30:00,B002,111.79,68.7
2025-06-05 09:45:00,B002,120.27,69.5
2025-06-05 10:00:00,B002,135.55,70.2
2025-06-05 10:15:00,B002,149.2,70.9
2025-06-05 10:30:00,B002,172.83,71.6
2025-06-05 10:45:00,B002,185.88,72.2
2025-06-05 11:00:00,B002,210.24,72.8
2025-06-05 11:15:00,B002,232.81,73.3
2025-06-05 11:30:00,B002,258.45,73.7
2025-06-05 11:45:00,B002,292.18,74.1
2025-06-05 12:00:00,B002,309.62,74.5
2025-06-05 12:15:00,B002,324.09,74.7
2025-06-05 12:30:00,B002,335.32,74.9
2025-06-05 12:45:00,B002,344.73,75.1
2025-06-05 13:00:00,B002,352.67,75.2
2025-06-05 13:15:00,B002,351.25,75.2
2025-06-05 13:30:00,B002,333.24,75.1
2025-06-05 13:45:00,B002,324.37,75.0
2025-06-05 14:00:00,B002,293.45,74.9
2025-06-05 14:15:00,B002,285.52,74.6
2025-06-05 14:30:00,B002,265.67,74.3
2025-06-05 14:45:00,B002,235.78,74.0
2025-06-05 15:00:00,B002,225.36,73.6
2025-06-05 15:15:00,B002,187.72,73.1
2025-06-05 15:30:00,B002,175.06,72.6
2025-06-05 15:45:00,B002,156.86,72.0
2025-06-05 16:00:00,B002,142.5,71.3
2025-06-05 16:15:00,B002,131.08,70.7
2025-06-05 16:30:00,B002,123.49,69.9
2025-06-05 16:45:00,B002,121.12,69.2
2025-06-05 17:00:00,B002,119.25,68.4
2025-06-05 17:15:00,B002,107.33,67.5
2025-06-05 17:30:00,B002,109.68,66.7
2025-06-05 17:45:00,B002,98.84,65.8
2025-06-05 18:00:00,B002,106.49,64.8
2025-06-05 18:15:00,B002,96.58,63.9
2025-06-05 18:30:00,B002,107.22,62.9
2025-06-05 18:45:00,B002,113.66,62.0
2025-06-05 19:00:00,B002,99.49,61.0
2025-06-05 19:15:00,B002,86.97,60.0
2025-06-05 19:30:00,B002,96.78,59.0
2025-06-05 19:45:00,B002,107.43,58.0
2025-06-05 20:00:00,B002,103.34,57.1
2025-06-05 20:15:00,B002,101.5,56.1
2025-06-05 20:30:00,B002,106.06,55.2
2025-06-05 20:45:00,B002,102.91,54.3
2025-06-05 21:00:00,B002,107.31,53.4
2025-06-05 21:15:00,B002,105.52,52.5
2025-06-05 21:30:00,B002,109.13,51.7
2025-06-05 21:45:00,B002,102.15,50.9
2025-06-05 22:00:00,B002,105.43,50.2
2025-06-05 22:15:00,B002,98.16,49.5
2025-06-05 22:30:00,B002,96.39,48.8
2025-06-05 22:45:00,B002,110.24,48.2
2025-06-05 23:00:00,B002,101.3,47.6
2025-06-05 23:15:00,B002,104.83,47.1
2025-06-05 23:30:00,B002,100.74,46.7
2025-06-05 23:45:00,B002,96.48,46.3
2025-06-06 00:00:00,B002,100.07,45.9
2025-06-06 00:15:00,B002,108.62,48.3
2025-06-06 00:30:00,B002,103.33,48.0
2025-06-06 00:45:00,B002,89.73,47.9
2025-06-06 01:00:00,B002,98.71,47.8
2025-06-06 01:15:00,B002,110.69,47.8
2025-06-06 01:30:00,B002,98.72,47.8
2025-06-06 01:45:00,B002,89.2,47.9
2025-06-06 02:00:00,B002,111.36,48.1
2025-06-06 02:15:00,B002,104.09,48.4
2025-06-06 02:30:00,B002,99.58,48.7
2025-06-06 02:45:00,B002,97.77,49.0
2025-06-06 03:00:00,B002,106.49,49.4
2025-06-06 03:15:00,B002,96.75,49.9
2025-06-06 03:30:00,B002,106.89,50.4
2025-06-06 03:45:00,B002,103.25,51.0
2025-06-06 04:00:00,B002,101.47,51.6
2025-06-06 04:15:00,B002,100.87,52.3
2025-06-06 04:30:00,B002,98.95,53.0
2025-06-06 04:45:00,B002,106.27,53.8
2025-06-06 05:00:00,B002,94.81,54.6
2025-06-06 05:15:00,B002,90.27,55.5
2025-06-06 05:30:00,B002,103.69,56.3
2025-06-06 05:45:00,B002,103.8,57.2
2025-06-06 06:00:00,B002,102.9,58.2
2025-06-06 06:15:00,B002,102.48,59.1
2025-06-06 06:30:00,B002,98.14,60.1
2025-06-06 06:45:00,B002,104.85,61.0
2025-06-06 07:00:00,B002,99.95,62.0
2025-06-06 07:15:00,B002,97.47,63.0
2025-06-06 07:30:00,B002,98.81,64.0
2025-06-06 07:45:00,B002,113.27,64.9
2025-06-06 08:00:00,B002,91.48,65.9
2025-06-06 08:15:00,B002,106.05,66.9
2025-06-06 08:30:00,B002,94.71,67.8
2025-06-06 08:45:00,B002,106.69,68.7
2025-06-06 09:00:00,B002,108.38,69.6
2025-06-06 09:15:00,B002,103.53,70.5
2025-06-06 09:30:00,B002,125.18,71.3
2025-06-06 09:45:00,B002,129.49,72.1
2025-06-06 10:00:00,B002,130.51,72.8
2025-06-06 10:15:00,B002,162.11,73.5
2025-06-06 10:30:00,B002,182.37,74.2
2025-06-06 10:45:00,B002,201.95,74.8
2025-06-06 11:00:00,B002,218.1,75.4
2025-06-06 11:15:00,B002,241.25,75.9
2025-06-06 11:30:00,B002,274.39,76.3
2025-06-06 11:45:00,B002,301.24,76.7
2025-06-06 12:00:00,B002,320.67,77.1
2025-06-06 12:15:00,B002,327.66,77.3
2025-06-06 12:30:00,B002,349.45,77.5
2025-06-06 12:45:00,B002,360.35,77.7
2025-06-06 13:00:00,B002,350.23,77.8
2025-06-06 13:15:00,B002,360.94,77.8
2025-06-06 13:30:00,B002,362.7,77.7
2025-06-06 13:45:00,B002,338.37,77.6
2025-06-06 14:00:00,B002,324.34,77.5
2025-06-06 14:15:00,B002,294.26,77.2
2025-06-06 14:30:00,B002,268.38,76.9
2025-06-06 14:45:00,B002,246.04,76.6
2025-06-06 15:00:00,B002,214.19,76.2
2025-06-06 15:15:00,B002,189.96,75.7
2025-06-06 15:30:00,B002,181.97,75.2
2025-06-06 15:45:00,B002,165.31,74.6
2025-06-06 16:00:00,B002,137.16,73.9
2025-06-06 16:15:00,B002,137.58,73.3
2025-06-06 16:30:00,B002,122.33,72.5
2025-06-06 16:45:00,B002,118.08,71.8
2025-06-06 17:00:00,B002,113.75,71.0
2025-06-06 17:15:00,B002,113.31,70.1
2025-06-06 17:30:00,B002,105.29,69.2
2025-06-06 17:45:00,B002,111.51,68.3
2025-06-06 18:00:00,B002,103.75,67.4
2025-06-06 18:15:00,B002,104.89,66.5
2025-06-06 18:30:00,B002,95.68,65.5
2025-06-06 18:45:00,B002,113.34,64.6
2025-06-06 19:00:00,B002,103.04,63.6
2025-06-06 19:15:00,B002,104.4,62.6
2025-06-06 19:30:00,B002,90.42,61.6
2025-06-06 19:45:00,B002,95.1,60.6
2025-06-06 20:00:00,B002,107.44,59.7
2025-06-06 20:15:00,B002,101.73,58.7
2025-06-06 20:30:00,B002,88.52,57.8
2025-06-06 20:45:00,B002,106.23,56.9
2025-06-06 21:00:00,B002,96.74,56.0
2025-06-06 21:15:00,B002,108.47,55.1
2025-06-06 21:30:00,B002,99.47,54.3
2025-06-06 21:45:00,B002,101.23,53.5
2025-06-06 22:00:00,B002,107.07,52.8
2025-06-06 22:15:00,B002,94.62,52.0
2025-06-06 22:30:00,B002,94.04,51.4
2025-06-06 22:45:00,B002,98.82,50.8
2025-06-06 23:00:00,B002,104.96,50.2
2025-06-06 23:15:00,B002,92.01,49.7
2025-06-06 23:30:00,B002,89.99,49.3
2025-06-06 23:45:00,B002,104.94,48.9
2025-06-07 00:00:00,B002,36.38,48.5
2025-06-07 00:15:00,B002,37.65,54.0
2025-06-07 00:30:00,B002,28.86,53.8
2025-06-07 00:45:00,B002,35.93,53.6
2025-06-07 01:00:00,B002,39.95,53.5
2025-06-07 01:15:00,B002,45.58,53.5
2025-06-07 01:30:00,B002,35.37,53.6
2025-06-07 01:45:00,B002,49.94,53.7
2025-06-07 02:00:00,B002,35.89,53.8
2025-06-07 02:15:00,B002,35.9,54.1
2025-06-07 02:30:00,B002,49.22,54.4
2025-06-07 02:45:00,B002,41.27,54.7
2025-06-07 03:00:00,B002,36.69,55.1
2025-06-07 03:15:00,B002,39.07,55.6
2025-06-07 03:30:00,B002,48.12,56.1
2025-06-07 03:45:00,B002,48.8,56.7
2025-06-07 04:00:00,B002,35.1,57.4
2025-06-07 04:15:00,B002,39.75,58.0
2025-06-07 04:30:00,B002,40.54,58.8
2025-06-07 04:45:00,B002,34.08,59.5
2025-06-07 05:00:00,B002,39.67,60.3
2025-06-07 05:15:00,B002,40.03,61.2
2025-06-07 05:30:00,B002,46.84,62.1
2025-06-07 05:45:00,B002,47.24,63.0
2025-06-07 06:00:00,B002,38.02,63.9
2025-06-07 06:15:00,B002,38.72,64.8
2025-06-07 06:30:00,B002,43.99,65.8
2025-06-07 06:45:00,B002,36.49,66.7
2025-06-07 07:00:00,B002,43.53,67.7
2025-06-07 07:15:00,B002,39.47,68.7
2025-06-07 07:30:00,B002,34.18,69.7
2025-06-07 07:45:00,B002,34.26,70.7
2025-06-07 08:00:00,B002,48.68,71.6
2025-06-07 08:15:00,B002,39.06,72.6
2025-06-07 08:30:00,B002,49.84,73.5
2025-06-07 08:45:00,B002,36.92,74.4
2025-06-07 09:00:00,B002,43.03,75.3
2025-06-07 09:15:00,B002,59.08,76.2
2025-06-07 09:30:00,B002,41.69,77.0
2025-06-07 09:45:00,B002,39.8,77.8
2025-06-07 10:00:00,B002,61.91,78.5
2025-06-07 10:15:00,B002,52.06,79.3
2025-06-07 10:30:00,B002,59.55,79.9
2025-06-07 10:45:00,B002,58.61,80.5
2025-06-07 11:00:00,B002,65.97,81.1
2025-06-07 11:15:00,B002,60.69,81.6
2025-06-07 11:30:00,B002,67.12,82.1
2025-06-07 11:45:00,B002,72.47,82.4
2025-06-07 12:00:00,B002,65.06,82.8
2025-06-07 12:15:00,B002,68.0,83.0
2025-06-07 12:30:00,B002,70.96,83.3
2025-06-07 12:45:00,B002,65.06,83.4
2025-06-07 13:00:00,B002,71.43,83.5
2025-06-07 13:15:00,B002,74.75,83.5
2025-06-07 13:30:00,B002,71.46,83.5
2025-06-07 13:45:00,B002,71.8,83.4
2025-06-07 14:00:00,B002,72.61,83.2
2025-06-07 14:15:00,B002,67.86,82.9
2025-06-07 14:30:00,B002,74.75,82.7
2025-06-07 14:45:00,B002,77.79,82.3
2025-06-07 15:00:00,B002,64.72,81.9
2025-06-07 15:15:00,B002,68.52,81.4
2025-06-07 15:30:00,B002,62.06,80.9
2025-06-07 15:45:00,B002,63.36,80.3
2025-06-07 16:00:00,B002,68.03,79.7
2025-06-07 16:15:00,B002,58.96,79.0
2025-06-07 16:30:00,B002,42.37,78.3
2025-06-07 16:45:00,B002,52.67,77.5
2025-06-07 17:00:00,B002,54.12,76.7
2025-06-07 17:15:00,B002,42.03,75.8
2025-06-07 17:30:00,B002,45.97,75.0
2025-06-07 17:45:00,B002,35.86,74.1
2025-06-07 18:00:00,B002,31.09,73.1
2025-06-07 18:15:00,B002,40.85,72.2
2025-06-07 18:30:00,B002,29.46,71.2
2025-06-07 18:45:00,B002,38.56,70.3
2025-06-07 19:00:00,B002,47.72,69.3
2025-06-07 19:15:00,B002,28.54,68.3
2025-06-07 19:30:00,B002,32.32,67.3
2025-06-07 19:45:00,B002,33.81,66.4
2025-06-07 20:00:00,B002,39.62,65.4
2025-06-07 20:15:00,B002,37.81,64.4
2025-06-07 20:30:00,B002,48.39,63.5
2025-06-07 20:45:00,B002,45.73,62.6
2025-06-07 21:00:00,B002,42.97,61.7
2025-06-07 21:15:00,B002,40.87,60.8
2025-06-07 21:30:00,B002,42.36,60.0
2025-06-07 21:45:00,B002,34.83,59.2
2025-06-07 22:00:00,B002,45.14,58.5
2025-06-07 22:15:00,B002,33.33,57.8
2025-06-07 22:30:00,B002,45.01,57.1
2025-06-07 22:45:00,B002,47.12,56.5
2025-06-07 23:00:00,B002,41.27,55.9
2025-06-07 23:15:00,B002,38.94,55.4
2025-06-07 23:30:00,B002,42.4,55.0
2025-06-07 23:45:00,B002,22.83,54.6
2025-06-08 00:00:00,B002,41.81,54.2
2025-06-08 00:15:00,B002,39.32,52.2
2025-06-08 00:30:00,B002,39.7,52.0
2025-06-08 00:45:00,B002,44.24,51.8
2025-06-08 01:00:00,B002,39.55,51.8
2025-06-08 01:15:00,B002,33.16,51.7
2025-06-08 01:30:00,B002,39.15,51.8
2025-06-08 01:45:00,B002,40.41,51.9
2025-06-08 02:00:00,B002,40.69,52.1
2025-06-08 02:15:00,B002,40.97,52.3
2025-06-08 02:30:00,B002,46.24,52.6
2025-06-08 02:45:00,B002,33.48,53.0
2025-06-08 03:00:00,B002,41.05,53.4
2025-06-08 03:15:00,B002,47.74,53.8
2025-06-08 03:30:00,B002,29.59,54.4
2025-06-08 03:45:00,B002,41.08,55.0
2025-06-08 04:00:00,B002,36.49,55.6
2025-06-08 04:15:00,B002,37.78,56.3
2025-06-08 04:30:00,B002,34.57,57.0
2025-06-08 04:45:00,B002,38.98,57.8
2025-06-08 05:00:00,B002,51.05,58.6
2025-06-08 05:15:00,B002,32.41,59.4
2025-06-08 05:30:00,B002,32.98,60.3
2025-06-08 05:45:00,B002,32.19,61.2
2025-06-08 06:00:00,B002,50.36,62.1
2025-06-08 06:15:00,B002,37.23,63.0
2025-06-08 06:30:00,B002,39.85,64.0
2025-06-08 06:45:00,B002,37.58,65.0
2025-06-08 07:00:00,B002,34.33,65.9
2025-06-08 07:15:00,B002,38.59,66.9
2025-06-08 07:30:00,B002,54.75,67.9
2025-06-08 07:45:00,B002,48.35,68.9
2025-06-08 08:00:00,B002,34.88,69.9
2025-06-08 08:15:00,B002,43.89,70.8
2025-06-08 08:30:00,B002,35.01,71.7
2025-06-08 08:45:00,B002,29.34,72.7
2025-06-08 09:00:00,B002,46.12,73.5
2025-06-08 09:15:00,B002,46.96,74.4
2025-06-08 09:30:00,B002,47.2,75.2
2025-06-08 09:45:00,B002,41.27,76.0
2025-06-08 10:00:00,B002,46.09,76.8
2025-06-08 10:15:00,B002,54.42,77.5
2025-06-08 10:30:00,B002,54.91,78.1
2025-06-08 10:45:00,B002,52.65,78.8
2025-06-08 11:00:00,B002,47.55,79.3
2025-06-08 11:15:00,B002,59.97,79.8
2025-06-08 11:30:00,B002,67.57,80.3
2025-06-08 11:45:00,B002,55.48,80.7
2025-06-08 12:00:00,B002,67.84,81.0
2025-06-08 12:15:00,B002,67.08,81.3
2025-06-08 12:30:00,B002,70.44,81.5
2025-06-08 12:45:00,B002,71.76,81.6
2025-06-08 13:00:00,B002,62.69,81.7
2025-06-08 13:15:00,B002,57.23,81.7
2025-06-08 13:30:00,B002,63.55,81.7
2025-06-08 13:45:00,B002,71.65,81.6
2025-06-08 14:00:00,B002,62.38,81.4
2025-06-08 14:15:00,B002,60.52,81.2
2025-06-08 14:30:00,B002,52.57,80.9
2025-06-08 14:45:00,B002,72.58,80.5
2025-06-08 15:00:00,B002,65.35,80.1
2025-06-08 15:15:00,B002,63.12,79.6
2025-06-08 15:30:00,B002,62.19,79.1
2025-06-08 15:45:00,B002,57.52,78.5
2025-06-08 16:00:00,B002,50.06,77.9
2025-06-08 16:15:00,B002,47.82,77.2
2025-06-08 16:30:00,B002,43.34,76.5
2025-06-08 16:45:00,B002,58.65,75.7
2025-06-08 17:00:00,B002,43.34,74.9
2025-06-08 17:15:00,B002,37.22,74.1
2025-06-08 17:30:00,B002,42.79,73.2
2025-06-08 17:45:00,B002,33.93,72.3
2025-06-08 18:00:00,B002,49.03,71.4
2025-06-08 18:15:00,B002,36.03,70.4
2025-06-08 18:30:00,B002,43.01,69.5
2025-06-08 18:45:00,B002,46.4,68.5
2025-06-08 19:00:00,B002,42.31,67.5
2025-06-08 19:15:00,B002,40.57,66.5
2025-06-08 19:30:00,B002,40.06,65.6
2025-06-08 19:45:00,B002,39.66,64.6
2025-06-08 20:00:00,B002,36.54,63.6
2025-06-08 20:15:00,B002,37.3,62.7
2025-06-08 20:30:00,B002,48.88,61.7
2025-06-08 20:45:00,B002,39.35,60.8
2025-06-08 21:00:00,B002,35.29,59.9
2025-06-08 21:15:00,B002,36.9,59.1
2025-06-08 21:30:00,B002,46.6,58.2
2025-06-08 21:45:00,B002,44.05,57.4
2025-06-08 22:00:00,B002,43.36,56.7
2025-06-08 22:15:00,B002,38.45,56.0
2025-06-08 22:30:00,B002,43.44,55.3
2025-06-08 22:45:00,B002,36.14,54.7
2025-06-08 23:00:00,B002,38.44,54.2
2025-06-08 23:15:00,B002,45.82,53.6
2025-06-08 23:30:00,B002,45.25,53.2
2025-06-08 23:45:00,B002,34.11,52.8
2025-06-09 00:00:00,B002,94.87,52.5
2025-06-09 00:15:00,B002,100.65,53.4
2025-06-09 00:30:00,B002,110.36,53.2
2025-06-09 00:45:00,B002,88.51,53.0
2025-06-09 01:00:00,B002,101.67,53.0
2025-06-09 01:15:00,B002,91.74,52.9
2025-06-09 01:30:00,B002,96.19,53.0
2025-06-09 01:45:00,B002,97.81,53.1
2025-06-09 02:00:00,B002,97.48,53.3
2025-06-09 02:15:00,B002,96.8,53.5
2025-06-09 02:30:00,B002,100.04,53.8
2025-06-09 02:45:00,B002,96.79,54.2
2025-06-09 03:00:00,B002,91.23,54.6
2025-06-09 03:15:00,B002,104.68,55.0
2025-06-09 03:30:00,B002,104.52,55.6
2025-06-09 03:45:00,B002,105.06,56.2
2025-06-09 04:00:00,B002,90.76,56.8
2025-06-09 04:15:00,B002,101.79,57.5
2025-06-09 04:30:00,B002,104.06,58.2
2025-06-09 04:45:00,B002,93.81,59.0
2025-06-09 05:00:00,B002,100.06,59.8
2025-06-09 05:15:00,B002,99.3,60.6
2025-06-09 05:30:00,B002,111.06,61.5
2025-06-09 05:45:00,B002,111.56,62.4
2025-06-09 06:00:00,B002,90.03,63.3
2025-06-09 06:15:00,B002,115.0,64.2
2025-06-09 06:30:00,B002,94.57,65.2
2025-06-09 06:45:00,B002,106.01,66.2
2025-06-09 07:00:00,B002,106.04,67.1
2025-06-09 07:15:00,B002,94.42,68.1
2025-06-09 07:30:00,B002,103.64,69.1
2025-06-09 07:45:00,B002,100.5,70.1
2025-06-09 08:00:00,B002,105.22,71.1
2025-06-09 08:15:00,B002,104.43,72.0
2025-06-09 08:30:00,B002,111.97,72.9
2025-06-09 08:45:00,B002,107.79,73.9
2025-06-09 09:00:00,B002,109.98,74.7
2025-06-09 09:15:00,B002,125.02,75.6
2025-06-09 09:30:00,B002,132.05,76.4
2025-06-09 09:45:00,B002,145.04,77.2
2025-06-09 10:00:00,B002,151.0,78.0
2025-06-09 10:15:00,B002,165.52,78.7
2025-06-09 10:30:00,B002,187.7,79.3
2025-06-09 10:45:00,B002,209.09,80.0
2025-06-09 11:00:00,B002,241.23,80.5
2025-06-09 11:15:00,B002,267.39,81.0
2025-06-09 11:30:00,B002,286.05,81.5
2025-06-09 11:45:00,B002,320.29,81.9
2025-06-09 12:00:00,B002,342.65,82.2
2025-06-09 12:15:00,B002,355.33,82.5
2025-06-09 12:30:00,B002,363.88,82.7
2025-06-09 12:45:00,B002,387.73,82.8
2025-06-09 13:00:00,B002,381.28,82.9
2025-06-09 13:15:00,B002,379.45,82.9
2025-06-09 13:30:00,B002,367.59,82.9
2025-06-09 13:45:00,B002,349.76,82.8
2025-06-09 14:00:00,B002,327.25,82.6
2025-06-09 14:15:00,B002,317.52,82.4
2025-06-09 14:30:00,B002,284.69,82.1
2025-06-09 14:45:00,B002,282.67,81.7
2025-06-09 15:00:00,B002,233.13,81.3
2025-06-09 15:15:00,B002,208.76,80.8
2025-06-09 15:30:00,B002,198.0,80.3
2025-06-09 15:45:00,B002,185.1,79.7
2025-06-09 16:00:00,B002,159.81,79.1
2025-06-09 16:15:00,B002,148.8,78.4
2025-06-09 16:30:00,B002,122.49,77.7
2025-06-09 16:45:00,B002,119.6,76.9
2025-06-09 17:00:00,B002,108.95,76.1
2025-06-09 17:15:00,B002,97.02,75.3
2025-06-09 17:30:00,B002,105.49,74.4
2025-06-09 17:45:00,B002,89.59,73.5
2025-06-09 18:00:00,B002,93.96,72.6
2025-06-09 18:15:00,B002,97.92,71.6
2025-06-09 18:30:00,B002,95.69,70.7
2025-06-09 18:45:00,B002,102.77,69.7
2025-06-09 19:00:00,B002,102.05,68.7
2025-06-09 19:15:00,B002,105.48,67.7
2025-06-09 19:30:00,B002,104.58,66.8
2025-06-09 19:45:00,B002,106.88,65.8
2025-06-09 20:00:00,B002,100.01,64.8
2025-06-09 20:15:00,B002,101.83,63.9
2025-06-09 20:30:00,B002,103.07,62.9
2025-06-09 20:45:00,B002,100.85,62.0
2025-06-09 21:00:00,B002,97.62,61.1
2025-06-09 21:15:00,B002,98.01,60.3
2025-06-09 21:30:00,B002,95.09,59.4
2025-06-09 21:45:00,B002,102.53,58.6
2025-06-09 22:00:00,B002,99.44,57.9
2025-06-09 22:15:00,B002,96.02,57.2
2025-06-09 22:30:00,B002,96.03,56.5
2025-06-09 22:45:00,B002,92.74,55.9
2025-06-09 23:00:00,B002,105.87,55.4
2025-06-09 23:15:00,B002,100.47,54.8
2025-06-09 23:30:00,B002,94.82,54.4
2025-06-09 23:45:00,B002,104.85,54.0
2025-06-10 00:00:00,B002,96.64,53.7
2025-06-10 00:15:00,B002,91.56,50.0
2025-06-10 00:30:00,B002,106.13,49.8
2025-06-10 00:45:00,B002,96.78,49.7
2025-06-10 01:00:00,B002,97.55,49.6
2025-06-10 01:15:00,B002,100.25,49.6
2025-06-10 01:30:00,B002,106.86,49.6
2025-06-10 01:45:00,B002,100.12,49.7
2025-06-10 02:00:00,B002,92.81,49.9
2025-06-10 02:15:00,B002,103.26,50.2
2025-06-10 02:30:00,B002,97.09,50.4
2025-06-10 02:45:00,B002,111.33,50.8
2025-06-10 03:00:00,B002,99.99,51.2
2025-06-10 03:15:00,B002,86.59,51.7
2025-06-10 03:30:00,B002,102.14,52.2
2025-06-10 03:45:00,B002,111.67,52.8
2025-06-10 04:00:00,B002,109.46,53.4
2025-06-10 04:15:00,B002,110.99,54.1
2025-06-10 04:30:00,B002,93.88,54.8
2025-06-10 04:45:00,B002,105.47,55.6
2025-06-10 05:00:00,B002,95.67,56.4
2025-06-10 05:15:00,B002,101.35,57.3
2025-06-10 05:30:00,B002,92.37,58.1
2025-06-10 05:45:00,B002,96.14,59.0
2025-06-10 06:00:00,B002,95.96,60.0
2025-06-10 06:15:00,B002,105.43,60.9
2025-06-10 06:30:00,B002,104.87,61.9
2025-06-10 06:45:00,B002,101.78,62.8
2025-06-10 07:00:00,B002,92.12,63.8
2025-06-10 07:15:00,B002,98.52,64.8
2025-06-10 07:30:00,B002,96.2,65.8
2025-06-10 07:45:00,B002,106.37,66.7
2025-06-10 08:00:00,B002,108.96,67.7
2025-06-10 08:15:00,B002,109.39,68.7
2025-06-10 08:30:00,B002,100.26,69.6
2025-06-10 08:45:00,B002,90.9,70.5
2025-06-10 09:00:00,B002,100.38,71.4
2025-06-10 09:15:00,B002,124.57,72.3
2025-06-10 09:30:00,B002,120.44,73.1
2025-06-10 09:45:00,B002,127.26,73.9
2025-06-10 10:00:00,B002,152.96,74.6
2025-06-10 10:15:00,B002,166.0,75.3
2025-06-10 10:30:00,B002,177.88,76.0
2025-06-10 10:45:00,B002,197.67,76.6
2025-06-10 11:00:00,B002,222.34,77.2
2025-06-10 11:15:00,B002,249.52,77.7
2025-06-10 11:30:00,B002,283.2,78.1
2025-06-10 11:45:00,B002,300.86,78.5
2025-06-10 12:00:00,B002,325.42,78.9
2025-06-10 12:15:00,B002,347.51,79.1
2025-06-10 12:30:00,B002,348.41,79.3
2025-06-10 12:45:00,B002,369.43,79.5
2025-06-10 13:00:00,B002,366.5,79.6
2025-06-10 13:15:00,B002,350.22,79.6
2025-06-10 13:30:00,B002,343.48,79.5
2025-06-10 13:45:00,B002,335.61,79.4
2025-06-10 14:00:00,B002,325.87,79.3
2025-06-10 14:15:00,B002,301.03,79.0
2025-06-10 14:30:00,B002,277.11,78.7
2025-06-10 14:45:00,B002,262.64,78.4
2025-06-10 15:00:00,B002,218.66,78.0
2025-06-10 15:15:00,B002,202.76,77.5
2025-06-10 15:30:00,B002,183.38,76.9
2025-06-10 15:45:00,B002,158.13,76.4
2025-06-10 16:00:00,B002,146.22,75.7
2025-06-10 16:15:00,B002,122.39,75.1
2025-06-10 16:30:00,B002,131.31,74.3
2025-06-10 16:45:00,B002,111.95,73.6
2025-06-10 17:00:00,B002,123.17,72.8
2025-06-10 17:15:00,B002,107.15,71.9
2025-06-10 17:30:00,B002,110.96,71.0
2025-06-10 17:45:00,B002,102.73,70.1
2025-06-10 18:00:00,B002,101.71,69.2
2025-06-10 18:15:00,B002,97.64,68.3
2025-06-10 18:30:00,B002,101.39,67.3
2025-06-10 18:45:00,B002,102.3,66.4
2025-06-10 19:00:00,B002,95.52,65.4
2025-06-10 19:15:00,B002,99.37,64.4
2025-06-10 19:30:00,B002,96.4,63.4
2025-06-10 19:45:00,B002,113.83,62.4
2025-06-10 20:00:00,B002,99.48,61.5
2025-06-10 20:15:00,B002,109.28,60.5
2025-06-10 20:30:00,B002,98.83,59.6
2025-06-10 20:45:00,B002,101.56,58.7
2025-06-10 21:00:00,B002,92.07,57.8
2025-06-10 21:15:00,B002,97.32,56.9
2025-06-10 21:30:00,B002,101.26,56.1
2025-06-10 21:45:00,B002,109.52,55.3
2025-06-10 22:00:00,B002,101.33,54.6
2025-06-10 22:15:00,B002,108.3,53.8
2025-06-10 22:30:00,B002,103.84,53.2
2025-06-10 22:45:00,B002,109.76,52.6
2025-06-10 23:00:00,B002,99.65,52.0
2025-06-10 23:15:00,B002,114.34,51.5
2025-06-10 23:30:00,B002,97.09,51.0
2025-06-10 23:45:00,B002,95.4,50.7
2025-06-11 00:00:00,B002,492.74,50.3
2025-06-11 00:15:00,B002,513.99,57.0
2025-06-11 00:30:00,B002,504.92,56.8
2025-06-11 00:45:00,B002,498.0,56.6
2025-06-11 01:00:00,B002,507.49,56.5
2025-06-11 01:15:00,B002,504.13,56.5
2025-06-11 01:30:00,B002,511.8,56.6
2025-06-11 01:45:00,B002,490.71,56.7
2025-06-11 02:00:00,B002,498.41,56.8
2025-06-11 02:15:00,B002,497.22,57.1
2025-06-11 02:30:00,B002,488.16,57.4
2025-06-11 02:45:00,B002,506.36,57.7
2025-06-11 03:00:00,B002,498.38,58.2
2025-06-11 03:15:00,B002,504.44,58.6
2025-06-11 03:30:00,B002,514.16,59.2
2025-06-11 03:45:00,B002,497.88,59.7
2025-06-11 04:00:00,B002,497.47,60.4
2025-06-11 04:15:00,B002,500.71,61.1
2025-06-11 04:30:00,B002,505.92,61.8
2025-06-11 04:45:00,B002,496.6,62.5
2025-06-11 05:00:00,B002,496.22,63.3
2025-06-11 05:15:00,B002,506.35,64.2
2025-06-11 05:30:00,B002,502.28,65.1
2025-06-11 05:45:00,B002,487.74,66.0
2025-06-11 06:00:00,B002,492.67,66.9
2025-06-11 06:15:00,B002,509.04,67.8
2025-06-11 06:30:00,B002,502.48,68.8
2025-06-11 06:45:00,B002,495.55,69.8
2025-06-11 07:00:00,B002,499.2,70.7
2025-06-11 07:15:00,B002,500.47,71.7
2025-06-11 07:30:00,B002,505.09,72.7
2025-06-11 07:45:00,B002,493.0,73.7
2025-06-11 08:00:00,B002,496.85,74.6
2025-06-11 08:15:00,B002,507.04,75.6
2025-06-11 08:30:00,B002,510.29,76.5
2025-06-11 08:45:00,B002,520.53,77.4
2025-06-11 09:00:00,B002,516.92,78.3
2025-06-11 09:15:00,B002,534.93,79.2
2025-06-11 09:30:00,B002,549.45,80.0
2025-06-11 09:45:00,B002,557.91,80.8
2025-06-11 10:00:00,B002,570.16,81.6
2025-06-11 10:15:00,B002,585.55,82.3
2025-06-11 10:30:00,B002,600.44,82.9
2025-06-11 10:45:00,B002,626.72,83.5
2025-06-11 11:00:00,B002,658.41,84.1
2025-06-11 11:15:00,B002,675.16,84.6
2025-06-11 11:30:00,B002,695.98,85.1
2025-06-11 11:45:00,B002,723.09,85.4
2025-06-11 12:00:00,B002,749.98,85.8
2025-06-11 12:15:00,B002,765.97,86.1
2025-06-11 12:30:00,B002,786.06,86.3
2025-06-11 12:45:00,B002,795.76,86.4
2025-06-11 13:00:00,B002,801.32,86.5
2025-06-11 13:15:00,B002,801.57,86.5
2025-06-11 13:30:00,B002,789.95,86.5
2025-06-11 13:45:00,B002,763.83,86.4
2025-06-11 14:00:00,B002,744.98,86.2
2025-06-11 14:15:00,B002,727.61,86.0
2025-06-11 14:30:00,B002,701.02,85.7
2025-06-11 14:45:00,B002,671.83,85.3
2025-06-11 15:00:00,B002,651.34,84.9
2025-06-11 15:15:00,B002,627.8,84.4
2025-06-11 15:30:00,B002,605.24,83.9
2025-06-11 15:45:00,B002,588.37,83.3
2025-06-11 16:00:00,B002,580.84,82.7
2025-06-11 16:15:00,B002,560.9,82.0
2025-06-11 16:30:00,B002,562.72,81.3
2025-06-11 16:45:00,B002,539.03,80.5
2025-06-11 17:00:00,B002,527.99,79.7
2025-06-11 17:15:00,B002,522.75,78.8
2025-06-11 17:30:00,B002,518.23,78.0
2025-06-11 17:45:00,B002,513.96,77.1
2025-06-11 18:00:00,B002,518.97,76.2
2025-06-11 18:15:00,B002,496.92,75.2
2025-06-11 18:30:00,B002,505.83,74.3
2025-06-11 18:45:00,B002,501.64,73.3
2025-06-11 19:00:00,B002,490.79,72.3
2025-06-11 19:15:00,B002,504.75,71.3
2025-06-11 19:30:00,B002,507.67,70.3
2025-06-11 19:45:00,B002,494.89,69.4
2025-06-11 20:00:00,B002,499.96,68.4
2025-06-11 20:15:00,B002,489.66,67.4
2025-06-11 20:30:00,B002,492.45,66.5
2025-06-11 20:45:00,B002,506.29,65.6
2025-06-11 21:00:00,B002,497.2,64.7
2025-06-11 21:15:00,B002,493.35,63.8
2025-06-11 21:30:00,B002,501.38,63.0
2025-06-11 21:45:00,B002,496.87,62.2
2025-06-11 22:00:00,B002,497.18,61.5
2025-06-11 22:15:00,B002,504.44,60.8
2025-06-11 22:30:00,B002,493.03,60.1
2025-06-11 22:45:00,B002,494.57,59.5
2025-06-11 23:00:00,B002,500.92,58.9
2025-06-11 23:15:00,B002,505.82,58.4
2025-06-11 23:30:00,B002,507.43,58.0
2025-06-11 23:45:00,B002,496.01,57.6
2025-06-12 00:00:00,B002,105.62,57.3
2025-06-12 00:15:00,B002,95.3,56.6
2025-06-12 00:30:00,B002,110.96,56.4
2025-06-12 00:45:00,B002,93.2,56.2
2025-06-12 01:00:00,B002,107.97,56.1
2025-06-12 01:15:00,B002,96.06,56.1
2025-06-12 01:30:00,B002,112.08,56.2
2025-06-12 01:45:00,B002,103.55,56.3
2025-06-12 02:00:00,B002,93.9,56.4
2025-06-12 02:15:00,B002,96.87,56.7
2025-06-12 02:30:00,B002,104.69,57.0
2025-06-12 02:45:00,B002,106.32,57.3
2025-06-12 03:00:00,B002,99.58,57.7
2025-06-12 03:15:00,B002,100.27,58.2
2025-06-12 03:30:00,B002,104.55,58.7
2025-06-12 03:45:00,B002,100.79,59.3
2025-06-12 04:00:00,B002,92.24,60.0
2025-06-12 04:15:00,B002,95.12,60.6
2025-06-12 04:30:00,B002,101.41,61.4
2025-06-12 04:45:00,B002,107.29,62.1
2025-06-12 05:00:00,B002,109.7,62.9
2025-06-12 05:15:00,B002,104.68,63.8
2025-06-12 05:30:00,B002,101.73,64.7
2025-06-12 05:45:00,B002,104.5,65.6
2025-06-12 06:00:00,B002,96.02,66.5
2025-06-12 06:15:00,B002,99.11,67.4
2025-06-12 06:30:00,B002,95.12,68.4
2025-06-12 06:45:00,B002,92.63,69.3
2025-06-12 07:00:00,B002,102.22,70.3
2025-06-12 07:15:00,B002,101.51,71.3
2025-06-12 07:30:00,B002,104.81,72.3
2025-06-12 07:45:00,B002,104.42,73.3
2025-06-12 08:00:00,B002,103.35,74.2
2025-06-12 08:15:00,B002,107.12,75.2
2025-06-12 08:30:00,B002,109.01,76.1
2025-06-12 08:45:00,B002,117.95,77.0
2025-06-12 09:00:00,B002,118.31,77.9
2025-06-12 09:15:00,B002,133.38,78.8
2025-06-12 09:30:00,B002,145.29,79.6
2025-06-12 09:45:00,B002,149.34,80.4
2025-06-12 10:00:00,B002,168.01,81.1
2025-06-12 10:15:00,B002,180.76,81.9
2025-06-12 10:30:00,B002,200.67,82.5
2025-06-12 10:45:00,B002,218.78,83.1
2025-06-12 11:00:00,B002,256.82,83.7
2025-06-12 11:15:00,B002,280.65,84.2
2025-06-12 11:30:00,B002,302.92,84.6
2025-06-12 11:45:00,B002,336.25,85.0
2025-06-12 12:00:00,B002,346.02,85.4
2025-06-12 12:15:00,B002,384.78,85.6
2025-06-12 12:30:00,B002,380.16,85.9
2025-06-12 12:45:00,B002,392.53,86.0
2025-06-12 13:00:00,B002,391.98,86.1
2025-06-12 13:15:00,B002,393.64,86.1
2025-06-12 13:30:00,B002,387.36,86.1
2025-06-12 13:45:00,B002,367.13,86.0
2025-06-12 14:00:00,B002,359.44,85.8
2025-06-12 14:15:00,B002,327.88,85.5
2025-06-12 14:30:00,B002,303.72,85.3
2025-06-12 14:45:00,B002,271.58,84.9
2025-06-12 15:00:00,B002,254.87,84.5
2025-06-12 15:15:00,B002,228.21,84.0
2025-06-12 15:30:00,B002,204.0,83.5
2025-06-12 15:45:00,B002,183.98,82.9
2025-06-12 16:00:00,B002,188.17,82.3
2025-06-12 16:15:00,B002,156.5,81.6
2025-06-12 16:30:00,B002,137.52,80.9
2025-06-12 16:45:00,B002,132.19,80.1
2025-06-12 17:00:00,B002,127.8,79.3
2025-06-12 17:15:00,B002,124.38,78.4
2025-06-12 17:30:00,B002,118.39,77.6
2025-06-12 17:45:00,B002,113.79,76.7
2025-06-12 18:00:00,B002,101.01,75.7
2025-06-12 18:15:00,B002,103.19,74.8
2025-06-12 18:30:00,B002,95.42,73.8
2025-06-12 18:45:00,B002,96.67,72.9
2025-06-12 19:00:00,B002,94.71,71.9
2025-06-12 19:15:00,B002,92.99,70.9
2025-06-12 19:30:00,B002,106.45,69.9
2025-06-12 19:45:00,B002,104.17,69.0
2025-06-12 20:00:00,B002,105.88,68.0
2025-06-12 20:15:00,B002,100.24,67.0
2025-06-12 20:30:00,B002,104.67,66.1
2025-06-12 20:45:00,B002,89.43,65.2
2025-06-12 21:00:00,B002,105.18,64.3
2025-06-12 21:15:00,B002,101.06,63.4
2025-06-12 21:30:00,B002,103.76,62.6
2025-06-12 21:45:00,B002,102.28,61.8
2025-06-12 22:00:00,B002,94.08,61.1
2025-06-12 22:15:00,B002,91.01,60.4
2025-06-12 22:30:00,B002,95.73,59.7
2025-06-12 22:45:00,B002,103.39,59.1
2025-06-12 23:00:00,B002,104.14,58.5
2025-06-12 23:15:00,B002,91.79,58.0
2025-06-12 23:30:00,B002,94.11,57.6
2025-06-12 23:45:00,B002,95.66,57.2
2025-06-13 00:00:00,B002,97.86,56.8
2025-06-13 00:15:00,B002,91.83,53.7
2025-06-13 00:30:00,B002,91.47,53.5
2025-06-13 00:45:00,B002,95.07,53.4
2025-06-13 01:00:00,B002,100.52,53.3
2025-06-13 01:15:00,B002,92.92,53.3
2025-06-13 01:30:00,B002,99.31,53.3
2025-06-13 01:45:00,B002,106.35,53.4
2025-06-13 02:00:00,B002,92.19,53.6
2025-06-13 02:15:00,B002,98.76,53.8
2025-06-13 02:30:00,B002,106.15,54.1
2025-06-13 02:45:00,B002,97.49,54.5
2025-06-13 03:00:00,B002,96.56,54.9
2025-06-13 03:15:00,B002,106.98,55.4
2025-06-13 03:30:00,B002,98.16,55.9
2025-06-13 03:45:00,B002,106.63,56.5
2025-06-13 04:00:00,B002,102.57,57.1
2025-06-13 04:15:00,B002,97.94,57.8
2025-06-13 04:30:00,B002,102.88,58.5
2025-06-13 04:45:00,B002,101.92,59.3
2025-06-13 05:00:00,B002,106.13,60.1
2025-06-13 05:15:00,B002,96.71,60.9
2025-06-13 05:30:00,B002,100.25,61.8
2025-06-13 05:45:00,B002,99.64,62.7
2025-06-13 06:00:00,B002,104.24,63.6
2025-06-13 06:15:00,B002,93.88,64.6
2025-06-13 06:30:00,B002,106.17,65.5
2025-06-13 06:45:00,B002,102.92,66.5
2025-06-13 07:00:00,B002,92.32,67.5
2025-06-13 07:15:00,B002,107.64,68.5
2025-06-13 07:30:00,B002,114.08,69.4
2025-06-13 07:45:00,B002,107.16,70.4
2025-06-13 08:00:00,B002,110.46,71.4
2025-06-13 08:15:00,B002,103.56,72.3
2025-06-13 08:30:00,B002,94.82,73.3
2025-06-13 08:45:00,B002,96.28,74.2
2025-06-13 09:00:00,B002,112.81,75.1
2025-06-13 09:15:00,B002,116.22,75.9
2025-06-13 09:30:00,B002,124.4,76.8
2025-06-13 09:45:00,B002,141.59,77.6
2025-06-13 10:00:00,B002,160.0,78.3
2025-06-13 10:15:00,B002,164.4,79.0
2025-06-13 10:30:00,B002,189.74,79.7
2025-06-13 10:45:00,B002,223.2,80.3
2025-06-13 11:00:00,B002,231.38,80.8
2025-06-13 11:15:00,B002,268.08,81.4
2025-06-13 11:30:00,B002,285.4,81.8
2025-06-13 11:45:00,B002,316.31,82.2
2025-06-13 12:00:00,B002,342.35,82.5
2025-06-13 12:15:00,B002,359.65,82.8
2025-06-13 12:30:00,B002,375.59,83.0
2025-06-13 12:45:00,B002,372.7,83.2
2025-06-13 13:00:00,B002,389.66,83.2
2025-06-13 13:15:00,B002,374.9,83.3
2025-06-13 13:30:00,B002,372.51,83.2
2025-06-13 13:45:00,B002,357.97,83.1
2025-06-13 14:00:00,B002,340.3,82.9
2025-06-13 14:15:00,B002,317.07,82.7
2025-06-13 14:30:00,B002,285.65,82.4
2025-06-13 14:45:00,B002,257.54,82.0
2025-06-13 15:00:00,B002,246.21,81.6
2025-06-13 15:15:00,B002,218.74,81.2
2025-06-13 15:30:00,B002,203.16,80.6
2025-06-13 15:45:00,B002,176.98,80.0
2025-06-13 16:00:00,B002,152.32,79.4
2025-06-13 16:15:00,B002,152.49,78.7
2025-06-13 16:30:00,B002,132.65,78.0
2025-06-13 16:45:00,B002,127.04,77.2
2025-06-13 17:00:00,B002,112.83,76.4
2025-06-13 17:15:00,B002,119.58,75.6
2025-06-13 17:30:00,B002,99.53,74.7
2025-06-13 17:45:00,B002,101.02,73.8
2025-06-13 18:00:00,B002,102.54,72.9
2025-06-13 18:15:00,B002,94.6,72.0
2025-06-13 18:30:00,B002,102.66,71.0
2025-06-13 18:45:00,B002,110.06,70.0
2025-06-13 19:00:00,B002,97.28,69.0
2025-06-13 19:15:00,B002,102.49,68.1
2025-06-13 19:30:00,B002,83.57,67.1
2025-06-13 19:45:00,B002,99.8,66.1
2025-06-13 20:00:00,B002,98.14,65.1
2025-06-13 20:15:00,B002,95.1,64.2
2025-06-13 20:30:00,B002,106.49,63.3
2025-06-13 20:45:00,B002,98.04,62.3
2025-06-13 21:00:00,B002,98.94,61.5
2025-06-13 21:15:00,B002,97.74,60.6
2025-06-13 21:30:00,B002,88.5,59.8
2025-06-13 21:45:00,B002,93.21,59.0
2025-06-13 22:00:00,B002,105.77,58.2
2025-06-13 22:15:00,B002,87.34,57.5
2025-06-13 22:30:00,B002,95.4,56.9
2025-06-13 22:45:00,B002,97.6,56.2
2025-06-13 23:00:00,B002,110.46,55.7
2025-06-13 23:15:00,B002,104.61,55.2
2025-06-13 23:30:00,B002,96.66,54.7
2025-06-13 23:45:00,B002,107.83,54.3
2025-06-14 00:00:00,B002,35.56,54.0
2025-06-14 00:15:00,B002,46.05,58.0
2025-06-14 00:30:00,B002,31.85,57.8
2025-06-14 00:45:00,B002,46.44,57.6
2025-06-14 01:00:00,B002,37.56,57.5
2025-06-14 01:15:00,B002,33.83,57.5
2025-06-14 01:30:00,B002,38.7,57.6
2025-06-14 01:45:00,B002,41.66,57.7
2025-06-14 02:00:00,B002,37.03,57.8
2025-06-14 02:15:00,B002,43.32,58.1
2025-06-14 02:30:00,B002,36.5,58.4
2025-06-14 02:45:00,B002,43.72,58.7
2025-06-14 03:00:00,B002,42.65,59.1
2025-06-14 03:15:00,B002,39.63,59.6
2025-06-14 03:30:00,B002,37.35,60.1
2025-06-14 03:45:00,B002,40.91,60.7
2025-06-14 04:00:00,B002,43.3,61.4
2025-06-14 04:15:00,B002,52.37,62.0
2025-06-14 04:30:00,B002,45.64,62.8
2025-06-14 04:45:00,B002,45.86,63.5
2025-06-14 05:00:00,B002,58.53,64.3
2025-06-14 05:15:00,B002,43.1,65.2
2025-06-14 05:30:00,B002,42.91,66.1
2025-06-14 05:45:00,B002,44.22,67.0
2025-06-14 06:00:00,B002,33.95,67.9
2025-06-14 06:15:00,B002,37.34,68.8
2025-06-14 06:30:00,B002,36.96,69.8
2025-06-14 06:45:00,B002,43.89,70.7
2025-06-14 07:00:00,B002,38.95,71.7
2025-06-14 07:15:00,B002,40.83,72.7
2025-06-14 07:30:00,B002,46.52,73.7
2025-06-14 07:45:00,B002,45.18,74.7
2025-06-14 08:00:00,B002,41.54,75.6
2025-06-14 08:15:00,B002,42.3,76.6
2025-06-14 08:30:00,B002,56.88,77.5
2025-06-14 08:45:00,B002,58.36,78.4
2025-06-14 09:00:00,B002,47.64,79.3
2025-06-14 09:15:00,B002,58.83,80.2
2025-06-14 09:30:00,B002,65.01,81.0
2025-06-14 09:45:00,B002,71.85,81.8
2025-06-14 10:00:00,B002,75.64,82.5
2025-06-14 10:15:00,B002,74.72,83.3
2025-06-14 10:30:00,B002,79.17,83.9
2025-06-14 10:45:00,B002,78.5,84.5
2025-06-14 11:00:00,B002,76.31,85.1
2025-06-14 11:15:00,B002,80.82,85.6
2025-06-14 11:30:00,B002,84.3,86.0
2025-06-14 11:45:00,B002,85.56,86.4
2025-06-14 12:00:00,B002,75.79,86.8
2025-06-14 12:15:00,B002,85.8,87.0
2025-06-14 12:30:00,B002,89.37,87.3
2025-06-14 12:45:00,B002,87.93,87.4
2025-06-14 13:00:00,B002,88.47,87.5
2025-06-14 13:15:00,B002,92.96,87.5
2025-06-14 13:30:00,B002,83.38,87.5
2025-06-14 13:45:00,B002,79.65,87.4
2025-06-14 14:00:00,B002,86.64,87.2
2025-06-14 14:15:00,B002,92.37,86.9
2025-06-14 14:30:00,B002,96.72,86.6
2025-06-14 14:45:00,B002,89.86,86.3
2025-06-14 15:00:00,B002,74.69,85.9
2025-06-14 15:15:00,B002,80.21,85.4
2025-06-14 15:30:00,B002,81.02,84.9
2025-06-14 15:45:00,B002,78.22,84.3
2025-06-14 16:00:00,B002,77.86,83.7
2025-06-14 16:15:00,B002,66.4,83.0
2025-06-14 16:30:00,B002,69.39,82.3
2025-06-14 16:45:00,B002,68.46,81.5
2025-06-14 17:00:00,B002,67.67,80.7
2025-06-14 17:15:00,B002,54.52,79.8
2025-06-14 17:30:00,B002,53.8,79.0
2025-06-14 17:45:00,B002,36.05,78.1
2025-06-14 18:00:00,B002,44.85,77.1
2025-06-14 18:15:00,B002,41.66,76.2
2025-06-14 18:30:00,B002,34.85,75.2
2025-06-14 18:45:00,B002,40.99,74.3
2025-06-14 19:00:00,B002,39.66,73.3
2025-06-14 19:15:00,B002,26.44,72.3
2025-06-14 19:30:00,B002,41.29,71.3
2025-06-14 19:45:00,B002,34.43,70.4
2025-06-14 20:00:00,B002,42.91,69.4
2025-06-14 20:15:00,B002,32.31,68.4
2025-06-14 20:30:00,B002,40.18,67.5
2025-06-14 20:45:00,B002,38.3,66.6
2025-06-14 21:00:00,B002,41.82,65.7
2025-06-14 21:15:00,B002,40.75,64.8
2025-06-14 21:30:00,B002,38.47,64.0
2025-06-14 21:45:00,B002,30.78,63.2
2025-06-14 22:00:00,B002,31.14,62.5
2025-06-14 22:15:00,B002,36.5,61.8
2025-06-14 22:30:00,B002,39.95,61.1
2025-06-14 22:45:00,B002,36.35,60.5
2025-06-14 23:00:00,B002,43.75,59.9
2025-06-14 23:15:00,B002,38.32,59.4
2025-06-14 23:30:00,B002,34.21,59.0
2025-06-14 23:45:00,B002,38.33,58.6
2025-06-15 00:00:00,B002,41.36,58.2
2025-06-15 00:15:00,B002,41.95,55.3
2025-06-15 00:30:00,B002,51.27,55.1
2025-06-15 00:45:00,B002,35.99,55.0
2025-06-15 01:00:00,B002,39.56,54.9
2025-06-15 01:15:00,B002,42.56,54.9
2025-06-15 01:30:00,B002,39.86,54.9
2025-06-15 01:45:00,B002,37.0,55.0
2025-06-15 02:00:00,B002,30.7,55.2
2025-06-15 02:15:00,B002,36.93,55.4
2025-06-15 02:30:00,B002,33.56,55.7
2025-06-15 02:45:00,B002,29.64,56.1
2025-06-15 03:00:00,B002,35.23,56.5
2025-06-15 03:15:00,B002,33.72,57.0
2025-06-15 03:30:00,B002,43.5,57.5
2025-06-15 03:45:00,B002,43.61,58.1
2025-06-15 04:00:00,B002,34.58,58.7
2025-06-15 04:15:00,B002,38.44,59.4
2025-06-15 04:30:00,B002,28.85,60.1
2025-06-15 04:45:00,B002,37.03,60.9
2025-06-15 05:00:00,B002,42.39,61.7
2025-06-15 05:15:00,B002,44.95,62.5
2025-06-15 05:30:00,B002,35.72,63.4
2025-06-15 05:45:00,B002,46.31,64.3
2025-06-15 06:00:00,B002,30.91,65.2
2025-06-15 06:15:00,B002,32.51,66.2
2025-06-15 06:30:00,B002,44.26,67.1
2025-06-15 06:45:00,B002,50.03,68.1
2025-06-15 07:00:00,B002,42.96,69.1
2025-06-15 07:15:00,B002,39.76,70.1
2025-06-15 07:30:00,B002,26.83,71.0
2025-06-15 07:45:00,B002,27.87,72.0
2025-06-15 08:00:00,B002,40.78,73.0
2025-06-15 08:15:00,B002,37.85,73.9
2025-06-15 08:30:00,B002,33.36,74.9
2025-06-15 08:45:00,B002,43.56,75.8
2025-06-15 09:00:00,B002,47.41,76.7
2025-06-15 09:15:00,B002,55.82,77.5
2025-06-15 09:30:00,B002,54.28,78.4
2025-06-15 09:45:00,B002,64.0,79.2
2025-06-15 10:00:00,B002,59.68,79.9
2025-06-15 10:15:00,B002,61.77,80.6
2025-06-15 10:30:00,B002,71.49,81.3
2025-06-15 10:45:00,B002,61.68,81.9
2025-06-15 11:00:00,B002,86.69,82.5
2025-06-15 11:15:00,B002,74.08,83.0
2025-06-15 11:30:00,B002,75.92,83.4
2025-06-15 11:45:00,B002,78.36,83.8
2025-06-15 12:00:00,B002,87.81,84.1
2025-06-15 12:15:00,B002,82.39,84.4
2025-06-15 12:30:00,B002,68.85,84.6
2025-06-15 12:45:00,B002,87.49,84.8
2025-06-15 13:00:00,B002,77.35,84.8
2025-06-15 13:15:00,B002,80.12,84.9
2025-06-15 13:30:00,B002,71.62,84.8
2025-06-15 13:45:00,B002,82.02,84.7
2025-06-15 14:00:00,B002,74.26,84.5
2025-06-15 14:15:00,B002,77.83,84.3
2025-06-15 14:30:00,B002,74.33,84.0
2025-06-15 14:45:00,B002,86.16,83.7
2025-06-15 15:00:00,B002,84.83,83.2
2025-06-15 15:15:00,B002,71.32,82.8
2025-06-15 15:30:00,B002,69.31,82.2
2025-06-15 15:45:00,B002,64.36,81.6
2025-06-15 16:00:00,B002,70.7,81.0
2025-06-15 16:15:00,B002,59.37,80.3
2025-06-15 16:30:00,B002,55.92,79.6
2025-06-15 16:45:00,B002,61.25,78.8
2025-06-15 17:00:00,B002,48.93,78.0
2025-06-15 17:15:00,B002,48.57,77.2
2025-06-15 17:30:00,B002,35.82,76.3
2025-06-15 17:45:00,B002,45.94,75.4
2025-06-15 18:00:00,B002,51.65,74.5
2025-06-15 18:15:00,B002,44.33,73.6
2025-06-15 18:30:00,B002,48.77,72.6
2025-06-15 18:45:00,B002,34.92,71.6
2025-06-15 19:00:00,B002,41.42,70.7
2025-06-15 19:15:00,B002,34.34,69.7
2025-06-15 19:30:00,B002,38.63,68.7
2025-06-15 19:45:00,B002,44.63,67.7
2025-06-15 20:00:00,B002,40.61,66.8
2025-06-15 20:15:00,B002,31.52,65.8
2025-06-15 20:30:00,B002,32.11,64.9
2025-06-15 20:45:00,B002,31.71,63.9
2025-06-15 21:00:00,B002,42.95,63.1
2025-06-15 21:15:00,B002,52.38,62.2
2025-06-15 21:30:00,B002,48.17,61.4
2025-06-15 21:45:00,B002,28.62,60.6
2025-06-15 22:00:00,B002,48.53,59.8
2025-06-15 22:15:00,B002,45.62,59.1
2025-06-15 22:30:00,B002,30.73,58.5
2025-06-15 22:45:00,B002,38.18,57.9
2025-06-15 23:00:00,B002,46.57,57.3
2025-06-15 23:15:00,B002,43.3,56.8
2025-06-15 23:30:00,B002,32.15,56.3
2025-06-15 23:45:00,B002,43.66,55.9
2025-06-16 00:00:00,B002,87.17,55.6
2025-06-16 00:15:00,B002,98.66,50.0
2025-06-16 00:30:00,B002,106.83,49.8
2025-06-16 00:45:00,B002,100.11,49.7
2025-06-16 01:00:00,B002,97.01,49.6
2025-06-16 01:15:00,B002,105.34,49.6
2025-06-16 01:30:00,B002,105.85,49.6
2025-06-16 01:45:00,B002,107.86,49.7
2025-06-16 02:00:00,B002,105.25,49.9
2025-06-16 02:15:00,B002,106.49,50.1
2025-06-16 02:30:00,B002,104.4,50.4
2025-06-16 02:45:00,B002,101.59,50.8
2025-06-16 03:00:00,B002,100.54,51.2
2025-06-16 03:15:00,B002,98.58,51.7
2025-06-16 03:30:00,B002,92.73,52.2
2025-06-16 03:45:00,B002,94.27,52.8
2025-06-16 04:00:00,B002,98.31,53.4
2025-06-16 04:15:00,B002,101.45,54.1
2025-06-16 04:30:00,B002,108.65,54.8
2025-06-16 04:45:00,B002,99.75,55.6
2025-06-16 05:00:00,B002,106.02,56.4
2025-06-16 05:15:00,B002,106.48,57.2
2025-06-16 05:30:00,B002,98.62,58.1
2025-06-16 05:45:00,B002,103.58,59.0
2025-06-16 06:00:00,B002,98.56,59.9
2025-06-16 06:15:00,B002,107.97,60.9
2025-06-16 06:30:00,B002,103.88,61.8
2025-06-16 06:45:00,B002,92.98,62.8
2025-06-16 07:00:00,B002,101.19,63.8
2025-06-16 07:15:00,B002,110.28,64.8
2025-06-16 07:30:00,B002,99.59,65.7
2025-06-16 07:45:00,B002,103.83,66.7
2025-06-16 08:00:00,B002,105.17,67.7
2025-06-16 08:15:00,B002,96.83,68.6
2025-06-16 08:30:00,B002,107.85,69.6
2025-06-16 08:45:00,B002,98.98,70.5
2025-06-16 09:00:00,B002,107.23,71.4
2025-06-16 09:15:00,B002,122.49,72.2
2025-06-16 09:30:00,B002,124.99,73.1
2025-06-16 09:45:00,B002,129.94,73.8
2025-06-16 10:00:00,B002,145.78,74.6
2025-06-16 10:15:00,B002,157.95,75.3
2025-06-16 10:30:00,B002,177.71,76.0
2025-06-16 10:45:00,B002,203.28,76.6
2025-06-16 11:00:00,B002,218.67,77.1
2025-06-16 11:15:00,B002,248.3,77.7
2025-06-16 11:30:00,B002,271.63,78.1
2025-06-16 11:45:00,B002,288.71,78.5
2025-06-16 12:00:00,B002,315.44,78.8
2025-06-16 12:15:00,B002,349.8,79.1
2025-06-16 12:30:00,B002,357.64,79.3
2025-06-16 12:45:00,B002,356.86,79.5
2025-06-16 13:00:00,B002,358.93,79.5
2025-06-16 13:15:00,B002,364.54,79.6
2025-06-16 13:30:00,B002,365.52,79.5
2025-06-16 13:45:00,B002,340.5,79.4
2025-06-16 14:00:00,B002,330.43,79.2
2025-06-16 14:15:00,B002,302.36,79.0
2025-06-16 14:30:00,B002,278.73,78.7
2025-06-16 14:45:00,B002,242.82,78.3
2025-06-16 15:00:00,B002,231.8,77.9
2025-06-16 15:15:00,B002,200.81,77.5
2025-06-16 15:30:00,B002,186.63,76.9
2025-06-16 15:45:00,B002,157.56,76.3
2025-06-16 16:00:00,B002,147.01,75.7
2025-06-16 16:15:00,B002,134.0,75.0
2025-06-16 16:30:00,B002,121.92,74.3
2025-06-16 16:45:00,B002,118.46,73.5
2025-06-16 17:00:00,B002,109.39,72.7
2025-06-16 17:15:00,B002,103.45,71.9
2025-06-16 17:30:00,B002,114.42,71.0
2025-06-16 17:45:00,B002,109.34,70.1
2025-06-16 18:00:00,B002,97.33,69.2
2025-06-16 18:15:00,B002,104.56,68.3
2025-06-16 18:30:00,B002,96.22,67.3
2025-06-16 18:45:00,B002,93.28,66.3
2025-06-16 19:00:00,B002,106.42,65.3
2025-06-16 19:15:00,B002,89.9,64.4
2025-06-16 19:30:00,B002,105.63,63.4
2025-06-16 19:45:00,B002,98.52,62.4
2025-06-16 20:00:00,B002,98.75,61.4
2025-06-16 20:15:00,B002,102.47,60.5
2025-06-16 20:30:00,B002,103.49,59.6
2025-06-16 20:45:00,B002,95.04,58.6
2025-06-16 21:00:00,B002,104.31,57.8
2025-06-16 21:15:00,B002,100.68,56.9
2025-06-16 21:30:00,B002,92.46,56.1
2025-06-16 21:45:00,B002,98.98,55.3
2025-06-16 22:00:00,B002,108.29,54.5
2025-06-16 22:15:00,B002,110.06,53.8
2025-06-16 22:30:00,B002,104.3,53.2
2025-06-16 22:45:00,B002,92.86,52.5
2025-06-16 23:00:00,B002,102.94,52.0
2025-06-16 23:15:00,B002,105.11,51.5
2025-06-16 23:30:00,B002,104.35,51.0
2025-06-16 23:45:00,B002,104.71,50.6
2025-06-17 00:00:00,B002,102.18,50.3
2025-06-17 00:15:00,B002,99.57,54.9
2025-06-17 00:30:00,B002,96.35,54.7
2025-06-17 00:45:00,B002,88.61,54.6
2025-06-17 01:00:00,B002,102.04,54.5
2025-06-17 01:15:00,B002,101.12,54.5
2025-06-17 01:30:00,B002,103.35,54.5
2025-06-17 01:45:00,B002,91.97,54.6
2025-06-17 02:00:00,B002,103.87,54.8
2025-06-17 02:15:00,B002,112.33,55.0
2025-06-17 02:30:00,B002,100.47,55.3
2025-06-17 02:45:00,B002,99.63,55.7
2025-06-17 03:00:00,B002,101.85,56.1
2025-06-17 03:15:00,B002,112.19,56.6
2025-06-17 03:30:00,B002,93.86,57.1
2025-06-17 03:45:00,B002,101.22,57.7
2025-06-17 04:00:00,B002,95.2,58.3
2025-06-17 04:15:00,B002,96.72,59.0
2025-06-17 04:30:00,B002,99.7,59.7
2025-06-17 04:45:00,B002,108.08,60.5
2025-06-17 05:00:00,B002,110.81,61.3
2025-06-17 05:15:00,B002,102.69,62.1
2025-06-17 05:30:00,B002,97.74,63.0
2025-06-17 05:45:00,B002,114.97,63.9
2025-06-17 06:00:00,B002,97.45,64.8
2025-06-17 06:15:00,B002,96.61,65.8
2025-06-17 06:30:00,B002,89.42,66.7
2025-06-17 06:45:00,B002,108.5,67.7
2025-06-17 07:00:00,B002,106.03,68.7
2025-06-17 07:15:00,B002,114.9,69.7
2025-06-17 07:30:00,B002,92.34,70.7
2025-06-17 07:45:00,B002,109.9,71.6
2025-06-17 08:00:00,B002,102.31,72.6
2025-06-17 08:15:00,B002,107.89,73.5
2025-06-17 08:30:00,B002,94.9,74.5
2025-06-17 08:45:00,B002,117.74,75.4
2025-06-17 09:00:00,B002,120.84,76.3
2025-06-17 09:15:00,B002,124.38,77.1
2025-06-17 09:30:00,B002,138.6,78.0
2025-06-17 09:45:00,B002,142.22,78.8
2025-06-17 10:00:00,B002,157.68,79.5
2025-06-17 10:15:00,B002,175.17,80.2
2025-06-17 10:30:00,B002,186.16,80.9
2025-06-17 10:45:00,B002,224.15,81.5
2025-06-17 11:00:00,B002,249.83,82.1
2025-06-17 11:15:00,B002,263.5,82.6
2025-06-17 11:30:00,B002,295.24,83.0
2025-06-17 11:45:00,B002,316.28,83.4
2025-06-17 12:00:00,B002,342.58,83.7
2025-06-17 12:15:00,B002,356.28,84.0
2025-06-17 12:30:00,B002,369.68,84.2
2025-06-17 12:45:00,B002,390.76,84.4
2025-06-17 13:00:00,B002,387.43,84.5
2025-06-17 13:15:00,B002,396.99,84.5
2025-06-17 13:30:00,B002,376.08,84.4
2025-06-17 13:45:00,B002,355.71,84.3
2025-06-17 14:00:00,B002,349.59,84.1
2025-06-17 14:15:00,B002,323.68,83.9
2025-06-17 14:30:00,B002,299.92,83.6
2025-06-17 14:45:00,B002,277.63,83.3
2025-06-17 15:00:00,B002,241.9,82.8
2025-06-17 15:15:00,B002,221.71,82.4
2025-06-17 15:30:00,B002,200.07,81.8
2025-06-17 15:45:00,B002,174.35,81.3
2025-06-17 16:00:00,B002,164.01,80.6
2025-06-17 16:15:00,B002,159.55,79.9
2025-06-17 16:30:00,B002,141.14,79.2
2025-06-17 16:45:00,B002,121.76,78.4
2025-06-17 17:00:00,B002,112.23,77.6
2025-06-17 17:15:00,B002,124.55,76.8
2025-06-17 17:30:00,B002,107.98,75.9
2025-06-17 17:45:00,B002,99.3,75.0
2025-06-17 18:00:00,B002,100.25,74.1
2025-06-17 18:15:00,B002,92.28,73.2
2025-06-17 18:30:00,B002,109.22,72.2
2025-06-17 18:45:00,B002,98.03,71.2
2025-06-17 19:00:00,B002,108.43,70.3
2025-06-17 19:15:00,B002,100.43,69.3
2025-06-17 19:30:00,B002,108.64,68.3
2025-06-17 19:45:00,B002,101.57,67.3
2025-06-17 20:00:00,B002,105.14,66.4
2025-06-17 20:15:00,B002,104.32,65.4
2025-06-17 20:30:00,B002,103.74,64.5
2025-06-17 20:45:00,B002,102.09,63.6
2025-06-17 21:00:00,B002,98.6,62.7
2025-06-17 21:15:00,B002,111.49,61.8
2025-06-17 21:30:00,B002,94.56,61.0
2025-06-17 21:45:00,B002,100.03,60.2
2025-06-17 22:00:00,B002,100.09,59.4
2025-06-17 22:15:00,B002,102.41,58.7
2025-06-17 22:30:00,B002,97.42,58.1
2025-06-17 22:45:00,B002,101.89,57.5
2025-06-17 23:00:00,B002,98.99,56.9
2025-06-17 23:15:00,B002,90.51,56.4
2025-06-17 23:30:00,B002,100.06,55.9
2025-06-17 23:45:00,B002,93.4,55.5
2025-06-18 00:00:00,B002,89.59,55.2
2025-06-18 00:15:00,B002,100.82,49.6
2025-06-18 00:30:00,B002,102.93,49.4
2025-06-18 00:45:00,B002,103.16,49.3
2025-06-18 01:00:00,B002,103.4,49.2
2025-06-18 01:15:00,B002,88.4,49.2
2025-06-18 01:30:00,B002,91.83,49.2
2025-06-18 01:45:00,B002,111.84,49.3
2025-06-18 02:00:00,B002,93.72,49.5
2025-06-18 02:15:00,B002,103.67,49.7
2025-06-18 02:30:00,B002,95.88,50.0
2025-06-18 02:45:00,B002,100.48,50.4
2025-06-18 03:00:00,B002,96.2,50.8
2025-06-18 03:15:00,B002,103.37,51.3
2025-06-18 03:30:00,B002,100.82,51.8
2025-06-18 03:45:00,B002,97.31,52.4
2025-06-18 04:00:00,B002,93.7,53.0
2025-06-18 04:15:00,B002,101.61,53.7
2025-06-18 04:30:00,B002,92.72,54.4
2025-06-18 04:45:00,B002,102.57,55.2
2025-06-18 05:00:00,B002,115.76,56.0
2025-06-18 05:15:00,B002,108.1,56.8
2025-06-18 05:30:00,B002,104.31,57.7
2025-06-18 05:45:00,B002,99.5,58.6
2025-06-18 06:00:00,B002,88.38,59.5
2025-06-18 06:15:00,B002,92.1,60.5
2025-06-18 06:30:00,B002,107.76,61.4
2025-06-18 06:45:00,B002,95.38,62.4
2025-06-18 07:00:00,B002,96.03,63.4
2025-06-18 07:15:00,B002,99.4,64.4
2025-06-18 07:30:00,B002,94.31,65.3
2025-06-18 07:45:00,B002,93.79,66.3
2025-06-18 08:00:00,B002,101.59,67.3
2025-06-18 08:15:00,B002,97.7,68.2
2025-06-18 08:30:00,B002,100.34,69.2
2025-06-18 08:45:00,B002,102.65,70.1
2025-06-18 09:00:00,B002,114.12,71.0
2025-06-18 09:15:00,B002,114.64,71.8
2025-06-18 09:30:00,B002,121.78,72.7
2025-06-18 09:45:00,B002,135.35,73.5
2025-06-18 10:00:00,B002,142.25,74.2
2025-06-18 10:15:00,B002,155.41,74.9
2025-06-18 10:30:00,B002,178.86,75.6
2025-06-18 10:45:00,B002,201.75,76.2
2025-06-18 11:00:00,B002,220.55,76.7
2025-06-18 11:15:00,B002,246.95,77.3
2025-06-18 11:30:00,B002,267.22,77.7
2025-06-18 11:45:00,B002,291.47,78.1
2025-06-18 12:00:00,B002,323.98,78.4
2025-06-18 12:15:00,B002,341.47,78.7
2025-06-18 12:30:00,B002,356.47,78.9
2025-06-18 12:45:00,B002,364.89,79.1
2025-06-18 13:00:00,B002,366.85,79.1
2025-06-18 13:15:00,B002,367.8,79.2
2025-06-18 13:30:00,B002,360.17,79.1
2025-06-18 13:45:00,B002,345.49,79.0
2025-06-18 14:00:00,B002,320.39,78.8
2025-06-18 14:15:00,B002,306.98,78.6
2025-06-18 14:30:00,B002,275.68,78.3
2025-06-18 14:45:00,B002,253.04,77.9
2025-06-18 15:00:00,B002,226.27,77.5
2025-06-18 15:15:00,B002,202.71,77.1
2025-06-18 15:30:00,B002,175.45,76.5
2025-06-18 15:45:00,B002,165.06,75.9
2025-06-18 16:00:00,B002,161.42,75.3
2025-06-18 16:15:00,B002,129.52,74.6
2025-06-18 16:30:00,B002,123.27,73.9
2025-06-18 16:45:00,B002,113.36,73.1
2025-06-18 17:00:00,B002,108.06,72.3
2025-06-18 17:15:00,B002,116.61,71.5
2025-06-18 17:30:00,B002,100.75,70.6
2025-06-18 17:45:00,B002,100.2,69.7
2025-06-18 18:00:00,B002,92.37,68.8
2025-06-18 18:15:00,B002,96.6,67.9
2025-06-18 18:30:00,B002,90.43,66.9
2025-06-18 18:45:00,B002,104.18,65.9
2025-06-18 19:00:00,B002,117.02,64.9
2025-06-18 19:15:00,B002,97.92,64.0
2025-06-18 19:30:00,B002,90.06,63.0
2025-06-18 19:45:00,B002,105.43,62.0
2025-06-18 20:00:00,B002,95.66,61.0
2025-06-18 20:15:00,B002,107.8,60.1
2025-06-18 20:30:00,B002,98.31,59.2
2025-06-18 20:45:00,B002,96.21,58.2
2025-06-18 21:00:00,B002,98.93,57.4
2025-06-18 21:15:00,B002,104.55,56.5
2025-06-18 21:30:00,B002,98.64,55.7
2025-06-18 21:45:00,B002,97.02,54.9
2025-06-18 22:00:00,B002,98.81,54.1
2025-06-18 22:15:00,B002,92.37,53.4
2025-06-18 22:30:00,B002,102.38,52.8
2025-06-18 22:45:00,B002,89.28,52.1
2025-06-18 23:00:00,B002,97.34,51.6
2025-06-18 23:15:00,B002,104.56,51.1
2025-06-18 23:30:00,B002,101.82,50.6
2025-06-18 23:45:00,B002,103.54,50.2
2025-06-19 00:00:00,B002,99.61,49.9
2025-06-19 00:15:00,B002,107.02,57.0
2025-06-19 00:30:00,B002,105.55,56.8
2025-06-19 00:45:00,B002,102.68,56.6
2025-06-19 01:00:00,B002,105.57,56.5
2025-06-19 01:15:00,B002,104.5,56.5
2025-06-19 01:30:00,B002,97.36,56.6
2025-06-19 01:45:00,B002,91.94,56.7
2025-06-19 02:00:00,B002,102.52,56.8
2025-06-19 02:15:00,B002,103.28,57.1
2025-06-19 02:30:00,B002,106.54,57.4
2025-06-19 02:45:00,B002,94.38,57.7
2025-06-19 03:00:00,B002,94.56,58.1
2025-06-19 03:15:00,B002,102.76,58.6
2025-06-19 03:30:00,B002,99.57,59.2
2025-06-19 03:45:00,B002,88.69,59.7
2025-06-19 04:00:00,B002,102.25,60.4
2025-06-19 04:15:00,B002,88.89,61.0
2025-06-19 04:30:00,B002,94.33,61.8
2025-06-19 04:45:00,B002,108.11,62.5
2025-06-19 05:00:00,B002,110.95,63.3
2025-06-19 05:15:00,B002,92.71,64.2
2025-06-19 05:30:00,B002,98.03,65.1
2025-06-19 05:45:00,B002,100.26,66.0
2025-06-19 06:00:00,B002,110.7,66.9
2025-06-19 06:15:00,B002,97.08,67.8
2025-06-19 06:30:00,B002,97.2,68.8
2025-06-19 06:45:00,B002,109.41,69.8
2025-06-19 07:00:00,B002,97.97,70.7
2025-06-19 07:15:00,B002,104.73,71.7
2025-06-19 07:30:00,B002,91.82,72.7
2025-06-19 07:45:00,B002,100.12,73.7
2025-06-19 08:00:00,B002,91.94,74.6
2025-06-19 08:15:00,B002,99.06,75.6
2025-06-19 08:30:00,B002,115.91,76.5
2025-06-19 08:45:00,B002,116.78,77.4
2025-06-19 09:00:00,B002,122.36,78.3
2025-06-19 09:15:00,B002,128.28,79.2
2025-06-19 09:30:00,B002,141.56,80.0
2025-06-19 09:45:00,B002,156.78,80.8
2025-06-19 10:00:00,B002,175.21,81.6
2025-06-19 10:15:00,B002,170.36,82.3
2025-06-19 10:30:00,B002,200.44,82.9
2025-06-19 10:45:00,B002,228.09,83.5
2025-06-19 11:00:00,B002,250.24,84.1
2025-06-19 11:15:00,B002,278.28,84.6
2025-06-19 11:30:00,B002,302.91,85.1
2025-06-19 11:45:00,B002,324.2,85.4
2025-06-19 12:00:00,B002,345.6,85.8
2025-06-19 12:15:00,B002,366.73,86.1
2025-06-19 12:30:00,B002,390.03,86.3
2025-06-19 12:45:00,B002,388.21,86.4
2025-06-19 13:00:00,B002,395.6,86.5
2025-06-19 13:15:00,B002,394.12,86.5
2025-06-19 13:30:00,B002,393.32,86.5
2025-06-19 13:45:00,B002,367.62,86.4
2025-06-19 14:00:00,B002,356.14,86.2
2025-06-19 14:15:00,B002,335.44,86.0
2025-06-19 14:30:00,B002,303.33,85.7
2025-06-19 14:45:00,B002,277.38,85.3
2025-06-19 15:00:00,B002,252.0,84.9
2025-06-19 15:15:00,B002,229.09,84.4
2025-06-19 15:30:00,B002,214.38,83.9
2025-06-19 15:45:00,B002,191.64,83.3
2025-06-19 16:00:00,B002,175.16,82.7
2025-06-19 16:15:00,B002,152.94,82.0
2025-06-19 16:30:00,B002,142.07,81.3
2025-06-19 16:45:00,B002,150.85,80.5
2025-06-19 17:00:00,B002,128.65,79.7
2025-06-19 17:15:00,B002,118.07,78.8
2025-06-19 17:30:00,B002,125.26,78.0
2025-06-19 17:45:00,B002,113.03,77.1
2025-06-19 18:00:00,B002,109.96,76.1
2025-06-19 18:15:00,B002,101.14,75.2
2025-06-19 18:30:00,B002,98.77,74.2
2025-06-19 18:45:00,B002,99.37,73.3
2025-06-19 19:00:00,B002,91.92,72.3
2025-06-19 19:15:00,B002,99.59,71.3
2025-06-19 19:30:00,B002,101.84,70.3
2025-06-19 19:45:00,B002,111.14,69.4
2025-06-19 20:00:00,B002,100.53,68.4
2025-06-19 20:15:00,B002,86.0,67.4
2025-06-19 20:30:00,B002,99.44,66.5
2025-06-19 20:45:00,B002,116.44,65.6
2025-06-19 21:00:00,B002,105.2,64.7
2025-06-19 21:15:00,B002,95.14,63.8
2025-06-19 21:30:00,B002,103.55,63.0
2025-06-19 21:45:00,B002,95.55,62.2
2025-06-19 22:00:00,B002,91.88,61.5
2025-06-19 22:15:00,B002,97.91,60.8
2025-06-19 22:30:00,B002,100.55,60.1
2025-06-19 22:45:00,B002,88.77,59.5
2025-06-19 23:00:00,B002,93.11,58.9
2025-06-19 23:15:00,B002,100.06,58.4
2025-06-19 23:30:00,B002,97.55,58.0
2025-06-19 23:45:00,B002,102.37,57.6
2025-06-20 00:00:00,B002,92.71,57.2
2025-06-20 00:15:00,B002,104.28,53.3
2025-06-20 00:30:00,B002,92.9,53.1
2025-06-20 00:45:00,B002,109.86,52.9
2025-06-20 01:00:00,B002,89.71,52.8
2025-06-20 01:15:00,B002,93.44,52.8
2025-06-20 01:30:00,B002,102.5,52.8
2025-06-20 01:45:00,B002,109.99,53.0
2025-06-20 02:00:00,B002,101.89,53.1
2025-06-20 02:15:00,B002,103.38,53.4
2025-06-20 02:30:00,B002,100.11,53.7
2025-06-20 02:45:00,B002,93.84,54.0
2025-06-20 03:00:00,B002,97.06,54.4
2025-06-20 03:15:00,B002,92.73,54.9
2025-06-20 03:30:00,B002,92.33,55.4
2025-06-20 03:45:00,B002,102.41,56.0
2025-06-20 04:00:00,B002,93.26,56.7
2025-06-20 04:15:00,B002,101.92,57.3
2025-06-20 04:30:00,B002,92.19,58.1
2025-06-20 04:45:00,B002,101.78,58.8
2025-06-20 05:00:00,B002,97.07,59.6
2025-06-20 05:15:00,B002,108.44,60.5
2025-06-20 05:30:00,B002,101.95,61.3
2025-06-20 05:45:00,B002,107.42,62.2
2025-06-20 06:00:00,B002,95.48,63.2
2025-06-20 06:15:00,B002,100.37,64.1
2025-06-20 06:30:00,B002,94.18,65.1
2025-06-20 06:45:00,B002,97.64,66.0
2025-06-20 07:00:00,B002,98.65,67.0
2025-06-20 07:15:00,B002,96.04,68.0
2025-06-20 07:30:00,B002,93.39,69.0
2025-06-20 07:45:00,B002,92.67,70.0
2025-06-20 08:00:00,B002,87.86,70.9
2025-06-20 08:15:00,B002,96.71,71.9
2025-06-20 08:30:00,B002,108.55,72.8
2025-06-20 08:45:00,B002,97.75,73.7
2025-06-20 09:00:00,B002,102.78,74.6
2025-06-20 09:15:00,B002,128.66,75.5
2025-06-20 09:30:00,B002,124.22,76.3
2025-06-20 09:45:00,B002,142.04,77.1
2025-06-20 10:00:00,B002,158.31,77.8
2025-06-20 10:15:00,B002,175.23,78.5
2025-06-20 10:30:00,B002,181.45,79.2
2025-06-20 10:45:00,B002,210.9,79.8
2025-06-20 11:00:00,B002,226.27,80.4
2025-06-20 11:15:00,B002,275.69,80.9
2025-06-20 11:30:00,B002,276.88,81.3
2025-06-20 11:45:00,B002,304.89,81.7
2025-06-20 12:00:00,B002,327.67,82.1
2025-06-20 12:15:00,B002,344.36,82.3
2025-06-20 12:30:00,B002,376.4,82.5
2025-06-20 12:45:00,B002,392.29,82.7
2025-06-20 13:00:00,B002,378.26,82.8
2025-06-20 13:15:00,B002,370.24,82.8
2025-06-20 13:30:00,B002,355.68,82.8
2025-06-20 13:45:00,B002,353.1,82.6
2025-06-20 14:00:00,B002,333.64,82.5
2025-06-20 14:15:00,B002,309.29,82.2
2025-06-20 14:30:00,B002,290.19,81.9
2025-06-20 14:45:00,B002,266.16,81.6
2025-06-20 15:00:00,B002,241.06,81.2
2025-06-20 15:15:00,B002,213.88,80.7
2025-06-20 15:30:00,B002,187.79,80.2
2025-06-20 15:45:00,B002,179.39,79.6
2025-06-20 16:00:00,B002,158.97,78.9
2025-06-20 16:15:00,B002,150.17,78.3
2025-06-20 16:30:00,B002,137.76,77.5
2025-06-20 16:45:00,B002,114.61,76.8
2025-06-20 17:00:00,B002,106.26,76.0
2025-06-20 17:15:00,B002,103.33,75.1
2025-06-20 17:30:00,B002,98.45,74.3
2025-06-20 17:45:00,B002,107.58,73.4
2025-06-20 18:00:00,B002,104.0,72.4
2025-06-20 18:15:00,B002,107.74,71.5
2025-06-20 18:30:00,B002,103.06,70.5
2025-06-20 18:45:00,B002,101.64,69.6
2025-06-20 19:00:00,B002,107.42,68.6
2025-06-20 19:15:00,B002,102.94,67.6
2025-06-20 19:30:00,B002,100.47,66.6
2025-06-20 19:45:00,B002,108.92,65.6
2025-06-20 20:00:00,B002,100.71,64.7
2025-06-20 20:15:00,B002,98.18,63.7
2025-06-20 20:30:00,B002,94.98,62.8
2025-06-20 20:45:00,B002,104.22,61.9
2025-06-20 21:00:00,B002,107.42,61.0
2025-06-20 21:15:00,B002,99.7,60.1
2025-06-20 21:30:00,B002,107.85,59.3
2025-06-20 21:45:00,B002,88.18,58.5
2025-06-20 22:00:00,B002,99.67,57.8
2025-06-20 22:15:00,B002,99.76,57.1
2025-06-20 22:30:00,B002,95.64,56.4
2025-06-20 22:45:00,B002,114.3,55.8
2025-06-20 23:00:00,B002,99.6,55.2
2025-06-20 23:15:00,B002,97.55,54.7
2025-06-20 23:30:00,B002,100.16,54.3
2025-06-20 23:45:00,B002,87.98,53.9
2025-06-21 00:00:00,B002,35.44,53.5
2025-06-21 00:15:00,B002,45.9,52.7
2025-06-21 00:30:00,B002,36.23,52.5
2025-06-21 00:45:00,B002,35.03,52.4
2025-06-21 01:00:00,B002,47.86,52.3
2025-06-21 01:15:00,B002,48.04,52.3
2025-06-21 01:30:00,B002,43.1,52.3
2025-06-21 01:45:00,B002,37.27,52.4
2025-06-21 02:00:00,B002,38.56,52.6
2025-06-21 02:15:00,B002,35.18,52.8
2025-06-21 02:30:00,B002,34.03,53.1
2025-06-21 02:45:00,B002,33.73,53.5
2025-06-21 03:00:00,B002,36.29,53.9
2025-06-21 03:15:00,B002,33.79,54.4
2025-06-21 03:30:00,B002,30.62,54.9
2025-06-21 03:45:00,B002,41.32,55.5
2025-06-21 04:00:00,B002,41.41,56.1
2025-06-21 04:15:00,B002,50.2,56.8
2025-06-21 04:30:00,B002,35.99,57.5
2025-06-21 04:45:00,B002,41.78,58.3
2025-06-21 05:00:00,B002,41.88,59.1
2025-06-21 05:15:00,B002,38.48,59.9
2025-06-21 05:30:00,B002,44.47,60.8
2025-06-21 05:45:00,B002,44.65,61.7
2025-06-21 06:00:00,B002,41.96,62.6
2025-06-21 06:15:00,B002,38.47,63.6
2025-06-21 06:30:00,B002,37.85,64.5
2025-06-21 06:45:00,B002,31.79,65.5
2025-06-21 07:00:00,B002,35.16,66.5
2025-06-21 07:15:00,B002,36.27,67.5
2025-06-21 07:30:00,B002,33.26,68.4
2025-06-21 07:45:00,B002,42.64,69.4
2025-06-21 08:00:00,B002,47.18,70.4
2025-06-21 08:15:00,B002,34.55,71.3
2025-06-21 08:30:00,B002,41.7,72.3
2025-06-21 08:45:00,B002,33.8,73.2
2025-06-21 09:00:00,B002,38.17,74.1
2025-06-21 09:15:00,B002,35.86,74.9
2025-06-21 09:30:00,B002,46.64,75.8
2025-06-21 09:45:00,B002,42.12,76.5
2025-06-21 10:00:00,B002,55.26,77.3
2025-06-21 10:15:00,B002,50.55,78.0
2025-06-21 10:30:00,B002,50.77,78.7
2025-06-21 10:45:00,B002,49.6,79.3
2025-06-21 11:00:00,B002,60.88,79.8
2025-06-21 11:15:00,B002,66.76,80.3
2025-06-21 11:30:00,B002,64.84,80.8
2025-06-21 11:45:00,B002,78.2,81.2
2025-06-21 12:00:00,B002,74.68,81.5
2025-06-21 12:15:00,B002,65.35,81.8
2025-06-21 12:30:00,B002,66.13,82.0
2025-06-21 12:45:00,B002,71.44,82.2
2025-06-21 13:00:00,B002,63.93,82.2
2025-06-21 13:15:00,B002,76.03,82.3
2025-06-21 13:30:00,B002,71.03,82.2
2025-06-21 13:45:00,B002,69.96,82.1
2025-06-21 14:00:00,B002,71.85,81.9
2025-06-21 14:15:00,B002,77.13,81.7
2025-06-21 14:30:00,B002,66.63,81.4
2025-06-21 14:45:00,B002,63.49,81.0
2025-06-21 15:00:00,B002,71.55,80.6
2025-06-21 15:15:00,B002,66.41,80.2
2025-06-21 15:30:00,B002,56.56,79.6
2025-06-21 15:45:00,B002,56.19,79.0
2025-06-21 16:00:00,B002,54.8,78.4
2025-06-21 16:15:00,B002,53.08,77.7
2025-06-21 16:30:00,B002,39.87,77.0
2025-06-21 16:45:00,B002,35.69,76.2
2025-06-21 17:00:00,B002,36.4,75.4
2025-06-21 17:15:00,B002,34.21,74.6
2025-06-21 17:30:00,B002,36.14,73.7
2025-06-21 17:45:00,B002,43.81,72.8
2025-06-21 18:00:00,B002,38.99,71.9
2025-06-21 18:15:00,B002,41.18,71.0
2025-06-21 18:30:00,B002,32.65,70.0
2025-06-21 18:45:00,B002,37.23,69.0
2025-06-21 19:00:00,B002,43.52,68.0
2025-06-21 19:15:00,B002,43.57,67.1
2025-06-21 19:30:00,B002,35.65,66.1
2025-06-21 19:45:00,B002,40.97,65.1
2025-06-21 20:00:00,B002,53.19,64.1
2025-06-21 20:15:00,B002,39.89,63.2
2025-06-21 20:30:00,B002,35.84,62.3
2025-06-21 20:45:00,B002,38.96,61.3
2025-06-21 21:00:00,B002,40.55,60.5
2025-06-21 21:15:00,B002,39.09,59.6
2025-06-21 21:30:00,B002,39.81,58.8
2025-06-21 21:45:00,B002,31.34,58.0
2025-06-21 22:00:00,B002,34.22,57.2
2025-06-21 22:15:00,B002,39.1,56.5
2025-06-21 22:30:00,B002,39.01,55.9
2025-06-21 22:45:00,B002,36.6,55.2
2025-06-21 23:00:00,B002,38.94,54.7
2025-06-21 23:15:00,B002,40.37,54.2
2025-06-21 23:30:00,B002,45.34,53.7
2025-06-21 23:45:00,B002,39.4,53.3
2025-06-22 00:00:00,B002,42.39,53.0
2025-06-01 00:15:00,B003,222.86,54.7
2025-06-01 00:30:00,B003,237.45,54.5
2025-06-01 00:45:00,B003,245.48,54.3
2025-06-01 01:00:00,B003,256.4,54.2
2025-06-01 01:15:00,B003,262.99,54.2
2025-06-01 01:30:00,B003,268.08,54.3
2025-06-01 01:45:00,B003,268.27,54.4
2025-06-01 02:00:00,B003,271.22,54.5
2025-06-01 02:15:00,B003,274.08,54.8
2025-06-01 02:30:00,B003,261.88,55.1
2025-06-01 02:45:00,B003,256.28,55.4
2025-06-01 03:00:00,B003,252.97,55.9
2025-06-01 03:15:00,B003,245.67,56.3
2025-06-01 03:30:00,B003,230.47,56.9
2025-06-01 03:45:00,B003,225.2,57.4
2025-06-01 04:00:00,B003,216.53,58.1
2025-06-01 04:15:00,B003,198.14,58.8
2025-06-01 04:30:00,B003,201.34,59.5
2025-06-01 04:45:00,B003,195.98,60.2
2025-06-01 05:00:00,B003,191.38,61.0
2025-06-01 05:15:00,B003,195.69,61.9
2025-06-01 05:30:00,B003,179.84,62.8
2025-06-01 05:45:00,B003,179.83,63.7
2025-06-01 06:00:00,B003,169.51,64.6
2025-06-01 06:15:00,B003,179.22,65.5
2025-06-01 06:30:00,B003,179.02,66.5
2025-06-01 06:45:00,B003,178.05,67.5
2025-06-01 07:00:00,B003,185.89,68.4
2025-06-01 07:15:00,B003,184.5,69.4
2025-06-01 07:30:00,B003,180.5,70.4
2025-06-01 07:45:00,B003,178.2,71.4
2025-06-01 08:00:00,B003,185.16,72.3
2025-06-01 08:15:00,B003,179.92,73.3
2025-06-01 08:30:00,B003,175.92,74.2
2025-06-01 08:45:00,B003,171.42,75.1
2025-06-01 09:00:00,B003,177.8,76.0
2025-06-01 09:15:00,B003,183.77,76.9
2025-06-01 09:30:00,B003,191.38,77.7
2025-06-01 09:45:00,B003,180.31,78.5
2025-06-01 10:00:00,B003,176.17,79.3
2025-06-01 10:15:00,B003,174.08,80.0
2025-06-01 10:30:00,B003,182.76,80.6
2025-06-01 10:45:00,B003,171.18,81.2
2025-06-01 11:00:00,B003,182.75,81.8
2025-06-01 11:15:00,B003,184.09,82.3
2025-06-01 11:30:00,B003,182.18,82.8
2025-06-01 11:45:00,B003,178.9,83.2
2025-06-01 12:00:00,B003,182.82,83.5
2025-06-01 12:15:00,B003,180.85,83.8
2025-06-01 12:30:00,B003,176.11,84.0
2025-06-01 12:45:00,B003,189.25,84.1
2025-06-01 13:00:00,B003,178.24,84.2
2025-06-01 13:15:00,B003,183.88,84.2
2025-06-01 13:30:00,B003,167.91,84.2
2025-06-01 13:45:00,B003,186.38,84.1
2025-06-01 14:00:00,B003,187.34,83.9
2025-06-01 14:15:00,B003,180.15,83.7
2025-06-01 14:30:00,B003,182.79,83.4
2025-06-01 14:45:00,B003,182.79,83.0
2025-06-01 15:00:00,B003,176.79,82.6
2025-06-01 15:15:00,B003,182.74,82.1
2025-06-01 15:30:00,B003,175.96,81.6
2025-06-01 15:45:00,B003,176.96,81.0
2025-06-01 16:00:00,B003,185.63,80.4
2025-06-01 16:15:00,B003,184.87,79.7
2025-06-01 16:30:00,B003,176.47,79.0
2025-06-01 16:45:00,B003,176.33,78.2
2025-06-01 17:00:00,B003,176.77,77.4
2025-06-01 17:15:00,B003,183.66,76.5
2025-06-01 17:30:00,B003,175.0,75.7
2025-06-01 17:45:00,B003,181.78,74.8
2025-06-01 18:00:00,B003,183.73,73.9
2025-06-01 18:15:00,B003,179.56,72.9
2025-06-01 18:30:00,B003,185.05,72.0
2025-06-01 18:45:00,B003,178.48,71.0
2025-06-01 19:00:00,B003,178.93,70.0
2025-06-01 19:15:00,B003,175.12,69.0
2025-06-01 19:30:00,B003,185.09,68.0
2025-06-01 19:45:00,B003,176.18,67.1
2025-06-01 20:00:00,B003,181.78,66.1
2025-06-01 20:15:00,B003,179.7,65.1
2025-06-01 20:30:00,B003,174.84,64.2
2025-06-01 20:45:00,B003,177.15,63.3
2025-06-01 21:00:00,B003,187.26,62.4
2025-06-01 21:15:00,B003,181.61,61.5
2025-06-01 21:30:00,B003,175.95,60.7
2025-06-01 21:45:00,B003,183.15,59.9
2025-06-01 22:00:00,B003,181.84,59.2
2025-06-01 22:15:00,B003,201.22,58.5
2025-06-01 22:30:00,B003,187.34,57.8
2025-06-01 22:45:00,B003,186.7,57.2
2025-06-01 23:00:00,B003,199.28,56.6
2025-06-01 23:15:00,B003,187.56,56.1
2025-06-01 23:30:00,B003,202.91,55.7
2025-06-01 23:45:00,B003,219.19,55.3
2025-06-02 00:00:00,B003,216.42,55.0
2025-06-02 00:15:00,B003,216.9,49.3
2025-06-02 00:30:00,B003,232.61,49.1
2025-06-02 00:45:00,B003,250.87,48.9
2025-06-02 01:00:00,B003,253.95,48.9
2025-06-02 01:15:00,B003,255.23,48.8
2025-06-02 01:30:00,B003,261.71,48.9
2025-06-02 01:45:00,B003,265.96,49.0
2025-06-02 02:00:00,B003,271.81,49.2
2025-06-02 02:15:00,B003,275.45,49.4
2025-06-02 02:30:00,B003,270.4,49.7
2025-06-02 02:45:00,B003,261.7,50.1
2025-06-02 03:00:00,B003,245.41,50.5
2025-06-02 03:15:00,B003,236.96,50.9
2025-06-02 03:30:00,B003,237.25,51.5
2025-06-02 03:45:00,B003,218.84,52.1
2025-06-02 04:00:00,B003,215.87,52.7
2025-06-02 04:15:00,B003,210.74,53.4
2025-06-02 04:30:00,B003,196.75,54.1
2025-06-02 04:45:00,B003,191.64,54.9
2025-06-02 05:00:00,B003,191.71,55.7
2025-06-02 05:15:00,B003,191.13,56.5
2025-06-02 05:30:00,B003,191.22,57.4
2025-06-02 05:45:00,B003,186.99,58.3
2025-06-02 06:00:00,B003,182.94,59.2
2025-06-02 06:15:00,B003,177.89,60.1
2025-06-02 06:30:00,B003,175.65,61.1
2025-06-02 06:45:00,B003,178.04,62.1
2025-06-02 07:00:00,B003,182.4,63.1
2025-06-02 07:15:00,B003,181.88,64.0
2025-06-02 07:30:00,B003,169.61,65.0
2025-06-02 07:45:00,B003,176.13,66.0
2025-06-02 08:00:00,B003,186.05,67.0
2025-06-02 08:15:00,B003,180.41,67.9
2025-06-02 08:30:00,B003,172.92,68.8
2025-06-02 08:45:00,B003,191.78,69.8
2025-06-02 09:00:00,B003,179.86,70.6
2025-06-02 09:15:00,B003,181.92,71.5
2025-06-02 09:30:00,B003,182.0,72.3
2025-06-02 09:45:00,B003,178.16,73.1
2025-06-02 10:00:00,B003,176.36,73.9
2025-06-02 10:15:00,B003,190.61,74.6
2025-06-02 10:30:00,B003,185.02,75.2
2025-06-02 10:45:00,B003,184.11,75.9
2025-06-02 11:00:00,B003,182.88,76.4
2025-06-02 11:15:00,B003,174.98,76.9
2025-06-02 11:30:00,B003,186.39,77.4
2025-06-02 11:45:00,B003,175.78,77.8
2025-06-02 12:00:00,B003,181.42,78.1
2025-06-02 12:15:00,B003,171.8,78.4
2025-06-02 12:30:00,B003,169.8,78.6
2025-06-02 12:45:00,B003,181.59,78.7
2025-06-02 13:00:00,B003,175.95,78.8
2025-06-02 13:15:00,B003,170.05,78.8
2025-06-02 13:30:00,B003,182.7,78.8
2025-06-02 13:45:00,B003,190.6,78.7
2025-06-02 14:00:00,B003,186.95,78.5
2025-06-02 14:15:00,B003,178.71,78.3
2025-06-02 14:30:00,B003,180.04,78.0
2025-06-02 14:45:00,B003,184.44,77.6
2025-06-02 15:00:00,B003,185.61,77.2
2025-06-02 15:15:00,B003,178.28,76.7
2025-06-02 15:30:00,B003,180.17,76.2
2025-06-02 15:45:00,B003,181.5,75.6
2025-06-02 16:00:00,B003,182.77,75.0
2025-06-02 16:15:00,B003,179.33,74.3
2025-06-02 16:30:00,B003,179.4,73.6
2025-06-02 16:45:00,B003,186.9,72.8
2025-06-02 17:00:00,B003,186.05,72.0
2025-06-02 17:15:00,B003,182.39,71.2
2025-06-02 17:30:00,B003,188.6,70.3
2025-06-02 17:45:00,B003,178.07,69.4
2025-06-02 18:00:00,B003,188.11,68.5
2025-06-02 18:15:00,B003,182.71,67.5
2025-06-02 18:30:00,B003,196.36,66.6
2025-06-02 18:45:00,B003,174.04,65.6
2025-06-02 19:00:00,B003,176.55,64.6
2025-06-02 19:15:00,B003,182.1,63.6
2025-06-02 19:30:00,B003,181.99,62.7
2025-06-02 19:45:00,B003,189.77,61.7
2025-06-02 20:00:00,B003,176.69,60.7
2025-06-02 20:15:00,B003,184.58,59.8
2025-06-02 20:30:00,B003,185.92,58.8
2025-06-02 20:45:00,B003,183.72,57.9
2025-06-02 21:00:00,B003,175.54,57.0
2025-06-02 21:15:00,B003,187.64,56.2
2025-06-02 21:30:00,B003,187.15,55.3
2025-06-02 21:45:00,B003,184.62,54.6
2025-06-02 22:00:00,B003,183.59,53.8
2025-06-02 22:15:00,B003,185.08,53.1
2025-06-02 22:30:00,B003,185.52,52.4
2025-06-02 22:45:00,B003,191.81,51.8
2025-06-02 23:00:00,B003,192.34,51.3
2025-06-02 23:15:00,B003,192.52,50.8
2025-06-02 23:30:00,B003,197.2,50.3
2025-06-02 23:45:00,B003,205.46,49.9
2025-06-03 00:00:00,B003,218.11,49.6
2025-06-03 00:15:00,B003,225.44,56.5
2025-06-03 00:30:00,B003,235.66,56.3
2025-06-03 00:45:00,B003,246.1,56.1
2025-06-03 01:00:00,B003,248.93,56.0
2025-06-03 01:15:00,B003,266.75,56.0
2025-06-03 01:30:00,B003,263.8,56.0
2025-06-03 01:45:00,B003,266.59,56.2
2025-06-03 02:00:00,B003,272.41,56.3
2025-06-03 02:15:00,B003,259.58,56.6
2025-06-03 02:30:00,B003,261.18,56.9
2025-06-03 02:45:00,B003,264.33,57.2
2025-06-03 03:00:00,B003,243.38,57.6
2025-06-03 03:15:00,B003,249.19,58.1
2025-06-03 03:30:00,B003,242.14,58.6
2025-06-03 03:45:00,B003,223.72,59.2
2025-06-03 04:00:00,B003,218.46,59.9
2025-06-03 04:15:00,B003,214.81,60.5
2025-06-03 04:30:00,B003,200.11,61.3
2025-06-03 04:45:00,B003,201.1,62.0
2025-06-03 05:00:00,B003,188.82,62.8
2025-06-03 05:15:00,B003,186.22,63.7
2025-06-03 05:30:00,B003,181.92,64.5
2025-06-03 05:45:00,B003,185.67,65.4
2025-06-03 06:00:00,B003,188.36,66.4
2025-06-03 06:15:00,B003,180.71,67.3
2025-06-03 06:30:00,B003,174.64,68.3
2025-06-03 06:45:00,B003,175.18,69.2
2025-06-03 07:00:00,B003,182.32,70.2
2025-06-03 07:15:00,B003,189.42,71.2
2025-06-03 07:30:00,B003,182.08,72.2
2025-06-03 07:45:00,B003,178.12,73.2
2025-06-03 08:00:00,B003,183.86,74.1
2025-06-03 08:15:00,B003,178.82,75.1
2025-06-03 08:30:00,B003,178.12,76.0
2025-06-03 08:45:00,B003,175.21,76.9
2025-06-03 09:00:00,B003,187.04,77.8
2025-06-03 09:15:00,B003,167.3,78.7
2025-06-03 09:30:00,B003,183.99,79.5
2025-06-03 09:45:00,B003,177.68,80.3
2025-06-03 10:00:00,B003,177.95,81.0
2025-06-03 10:15:00,B003,188.46,81.7
2025-06-03 10:30:00,B003,176.43,82.4
2025-06-03 10:45:00,B003,176.6,83.0
2025-06-03 11:00:00,B003,179.35,83.6
2025-06-03 11:15:00,B003,182.07,84.1
2025-06-03 11:30:00,B003,177.79,84.5
2025-06-03 11:45:00,B003,172.13,84.9
2025-06-03 12:00:00,B003,175.67,85.3
2025-06-03 12:15:00,B003,186.41,85.5
2025-06-03 12:30:00,B003,180.37,85.8
2025-06-03 12:45:00,B003,182.26,85.9
2025-06-03 13:00:00,B003,178.69,86.0
2025-06-03 13:15:00,B003,176.7,86.0
2025-06-03 13:30:00,B003,188.39,86.0
2025-06-03 13:45:00,B003,179.06,85.8
2025-06-03 14:00:00,B003,177.78,85.7
2025-06-03 14:15:00,B003,185.48,85.4
2025-06-03 14:30:00,B003,176.39,85.1
2025-06-03 14:45:00,B003,177.03,84.8
2025-06-03 15:00:00,B003,180.05,84.4
2025-06-03 15:15:00,B003,180.0,83.9
2025-06-03 15:30:00,B003,181.3,83.4
2025-06-03 15:45:00,B003,190.46,82.8
2025-06-03 16:00:00,B003,181.68,82.1
2025-06-03 16:15:00,B003,168.11,81.5
2025-06-03 16:30:00,B003,181.63,80.7
2025-06-03 16:45:00,B003,180.19,80.0
2025-06-03 17:00:00,B003,180.22,79.2
2025-06-03 17:15:00,B003,181.23,78.3
2025-06-03 17:30:00,B003,179.86,77.5
2025-06-03 17:45:00,B003,179.74,76.6
2025-06-03 18:00:00,B003,183.07,75.6
2025-06-03 18:15:00,B003,177.29,74.7
2025-06-03 18:30:00,B003,175.26,73.7
2025-06-03 18:45:00,B003,195.12,72.8
2025-06-03 19:00:00,B003,176.42,71.8
2025-06-03 19:15:00,B003,180.5,70.8
2025-06-03 19:30:00,B003,172.53,69.8
2025-06-03 19:45:00,B003,180.6,68.8
2025-06-03 20:00:00,B003,175.36,67.9
2025-06-03 20:15:00,B003,177.85,66.9
2025-06-03 20:30:00,B003,185.33,66.0
2025-06-03 20:45:00,B003,182.56,65.1
2025-06-03 21:00:00,B003,183.19,64.2
2025-06-03 21:15:00,B003,171.74,63.3
2025-06-03 21:30:00,B003,190.18,62.5
2025-06-03 21:45:00,B003,175.67,61.7
2025-06-03 22:00:00,B003,190.21,61.0
2025-06-03 22:15:00,B003,189.06,60.3
2025-06-03 22:30:00,B003,188.8,59.6
2025-06-03 22:45:00,B003,184.33,59.0
2025-06-03 23:00:00,B003,192.94,58.4
2025-06-03 23:15:00,B003,194.41,57.9
2025-06-03 23:30:00,B003,202.59,57.5
2025-06-03 23:45:00,B003,207.97,57.1
2025-06-04 00:00:00,B003,206.81,56.7
2025-06-04 00:15:00,B003,231.18,57.2
2025-06-04 00:30:00,B003,234.18,57.0
2025-06-04 00:45:00,B003,241.17,56.9
2025-06-04 01:00:00,B003,249.26,56.8
2025-06-04 01:15:00,B003,261.22,56.8
2025-06-04 01:30:00,B003,260.67,56.8
2025-06-04 01:45:00,B003,257.48,56.9
2025-06-04 02:00:00,B003,272.04,57.1
2025-06-04 02:15:00,B003,271.35,57.3
2025-06-04 02:30:00,B003,264.14,57.6
2025-06-04 02:45:00,B003,253.69,58.0
2025-06-04 03:00:00,B003,252.51,58.4
2025-06-04 03:15:00,B003,236.28,58.9
2025-06-04 03:30:00,B003,229.45,59.4
2025-06-04 03:45:00,B003,221.82,60.0
2025-06-04 04:00:00,B003,221.22,60.6
2025-06-04 04:15:00,B003,207.41,61.3
2025-06-04 04:30:00,B003,200.2,62.0
2025-06-04 04:45:00,B003,206.54,62.8
2025-06-04 05:00:00,B003,193.94,63.6
2025-06-04 05:15:00,B003,190.3,64.4
2025-06-04 05:30:00,B003,184.07,65.3
2025-06-04 05:45:00,B003,180.97,66.2
2025-06-04 06:00:00,B003,171.64,67.1
2025-06-04 06:15:00,B003,186.47,68.1
2025-06-04 06:30:00,B003,183.24,69.0
2025-06-04 06:45:00,B003,179.7,70.0
2025-06-04 07:00:00,B003,179.66,71.0
2025-06-04 07:15:00,B003,183.88,72.0
2025-06-04 07:30:00,B003,172.33,72.9
2025-06-04 07:45:00,B003,177.11,73.9
2025-06-04 08:00:00,B003,174.35,74.9
2025-06-04 08:15:00,B003,188.87,75.8
2025-06-04 08:30:00,B003,184.39,76.8
2025-06-04 08:45:00,B003,168.99,77.7
2025-06-04 09:00:00,B003,172.43,78.6
2025-06-04 09:15:00,B003,179.34,79.4
2025-06-04 09:30:00,B003,177.64,80.3
2025-06-04 09:45:00,B003,173.38,81.0
2025-06-04 10:00:00,B003,189.72,81.8
2025-06-04 10:15:00,B003,181.56,82.5
2025-06-04 10:30:00,B003,182.37,83.2
2025-06-04 10:45:00,B003,176.54,83.8
2025-06-04 11:00:00,B003,183.61,84.3
2025-06-04 11:15:00,B003,178.1,84.8
2025-06-04 11:30:00,B003,178.58,85.3
2025-06-04 11:45:00,B003,183.06,85.7
2025-06-04 12:00:00,B003,171.86,86.0
2025-06-04 12:15:00,B003,187.99,86.3
2025-06-04 12:30:00,B003,180.91,86.5
2025-06-04 12:45:00,B003,186.4,86.7
2025-06-04 13:00:00,B003,174.62,86.7
2025-06-04 13:15:00,B003,175.38,86.8
2025-06-04 13:30:00,B003,174.19,86.7
2025-06-04 13:45:00,B003,181.25,86.6
2025-06-04 14:00:00,B003,180.33,86.4
2025-06-04 14:15:00,B003,177.68,86.2
2025-06-04 14:30:00,B003,174.93,85.9
2025-06-04 14:45:00,B003,173.67,85.5
2025-06-04 15:00:00,B003,179.76,85.1
2025-06-04 15:15:00,B003,177.67,84.7
2025-06-04 15:30:00,B003,176.57,84.1
2025-06-04 15:45:00,B003,187.74,83.5
2025-06-04 16:00:00,B003,179.59,82.9
2025-06-04 16:15:00,B003,186.35,82.2
2025-06-04 16:30:00,B003,177.33,81.5
2025-06-04 16:45:00,B003,181.22,80.7
2025-06-04 17:00:00,B003,179.72,79.9
2025-06-04 17:15:00,B003,171.51,79.1
2025-06-04 17:30:00,B003,187.14,78.2
2025-06-04 17:45:00,B003,179.32,77.3
2025-06-04 18:00:00,B003,183.73,76.4
2025-06-04 18:15:00,B003,176.24,75.5
2025-06-04 18:30:00,B003,179.18,74.5
2025-06-04 18:45:00,B003,175.67,73.5
2025-06-04 19:00:00,B003,186.18,72.5
2025-06-04 19:15:00,B003,181.56,71.6
2025-06-04 19:30:00,B003,181.84,70.6
2025-06-04 19:45:00,B003,186.81,69.6
2025-06-04 20:00:00,B003,185.81,68.6
2025-06-04 20:15:00,B003,183.88,67.7
2025-06-04 20:30:00,B003,173.0,66.8
2025-06-04 20:45:00,B003,176.72,65.8
2025-06-04 21:00:00,B003,175.33,65.0
2025-06-04 21:15:00,B003,184.24,64.1
2025-06-04 21:30:00,B003,181.85,63.3
2025-06-04 21:45:00,B003,174.67,62.5
2025-06-04 22:00:00,B003,181.63,61.7
2025-06-04 22:15:00,B003,176.48,61.0
2025-06-04 22:30:00,B003,185.65,60.4
2025-06-04 22:45:00,B003,180.33,59.7
2025-06-04 23:00:00,B003,194.82,59.2
2025-06-04 23:15:00,B003,198.65,58.7
2025-06-04 23:30:00,B003,211.98,58.2
2025-06-04 23:45:00,B003,213.46,57.8
2025-06-05 00:00:00,B003,214.89,57.5
2025-06-05 00:15:00,B003,229.66,45.7
2025-06-05 00:30:00,B003,227.6,45.4
2025-06-05 00:45:00,B003,238.79,45.3
2025-06-05 01:00:00,B003,253.73,45.2
2025-06-05 01:15:00,B003,248.63,45.2
2025-06-05 01:30:00,B003,264.95,45.2
2025-06-05 01:45:00,B003,263.66,45.4
2025-06-05 02:00:00,B003,270.51,45.5
2025-06-05 02:15:00,B003,263.37,45.8
2025-06-05 02:30:00,B003,267.26,46.1
2025-06-05 02:45:00,B003,259.52,46.4
2025-06-05 03:00:00,B003,259.07,46.8
2025-06-05 03:15:00,B003,243.63,47.3
2025-06-05 03:30:00,B003,230.74,47.8
2025-06-05 03:45:00,B003,224.34,48.4
2025-06-05 04:00:00,B003,210.28,49.0
2025-06-05 04:15:00,B003,211.25,49.7
2025-06-05 04:30:00,B003,205.39,50.5
2025-06-05 04:45:00,B003,209.11,51.2
2025-06-05 05:00:00,B003,189.07,52.0
2025-06-05 05:15:00,B003,187.27,52.9
2025-06-05 05:30:00,B003,183.04,53.7
2025-06-05 05:45:00,B003,185.01,54.6
2025-06-05 06:00:00,B003,184.48,55.6
2025-06-05 06:15:00,B003,181.36,56.5
2025-06-05 06:30:00,B003,186.43,57.5
2025-06-05 06:45:00,B003,177.51,58.4
2025-06-05 07:00:00,B003,185.28,59.4
2025-06-05 07:15:00,B003,182.89,60.4
2025-06-05 07:30:00,B003,180.05,61.4
2025-06-05 07:45:00,B003,178.48,62.3
2025-06-05 08:00:00,B003,192.16,63.3
2025-06-05 08:15:00,B003,175.93,64.3
2025-06-05 08:30:00,B003,181.5,65.2
2025-06-05 08:45:00,B003,176.25,66.1
2025-06-05 09:00:00,B003,188.93,67.0
2025-06-05 09:15:00,B003,184.43,67.9
2025-06-05 09:30:00,B003,176.61,68.7
2025-06-05 09:45:00,B003,182.56,69.5
2025-06-05 10:00:00,B003,181.29,70.2
2025-06-05 10:15:00,B003,177.42,70.9
2025-06-05 10:30:00,B003,183.79,71.6
2025-06-05 10:45:00,B003,181.95,72.2
2025-06-05 11:00:00,B003,181.08,72.8
2025-06-05 11:15:00,B003,179.79,73.3
2025-06-05 11:30:00,B003,182.16,73.7
2025-06-05 11:45:00,B003,181.15,74.1
2025-06-05 12:00:00,B003,180.3,74.5
2025-06-05 12:15:00,B003,176.79,74.7
2025-06-05 12:30:00,B003,188.47,74.9
2025-06-05 12:45:00,B003,174.75,75.1
2025-06-05 13:00:00,B003,182.14,75.2
2025-06-05 13:15:00,B003,178.4,75.2
2025-06-05 13:30:00,B003,188.8,75.1
2025-06-05 13:45:00,B003,175.48,75.0
2025-06-05 14:00:00,B003,176.32,74.9
2025-06-05 14:15:00,B003,175.15,74.6
2025-06-05 14:30:00,B003,181.62,74.3
2025-06-05 14:45:00,B003,173.13,74.0
2025-06-05 15:00:00,B003,177.61,73.6
2025-06-05 15:15:00,B003,169.24,73.1
2025-06-05 15:30:00,B003,181.2,72.6
2025-06-05 15:45:00,B003,177.5,72.0
2025-06-05 16:00:00,B003,172.56,71.3
2025-06-05 16:15:00,B003,185.43,70.7
2025-06-05 16:30:00,B003,173.46,69.9
2025-06-05 16:45:00,B003,183.98,69.2
2025-06-05 17:00:00,B003,176.49,68.4
2025-06-05 17:15:00,B003,188.01,67.5
2025-06-05 17:30:00,B003,183.75,66.7
2025-06-05 17:45:00,B003,174.96,65.8
2025-06-05 18:00:00,B003,175.41,64.8
2025-06-05 18:15:00,B003,183.03,63.9
2025-06-05 18:30:00,B003,178.69,62.9
2025-06-05 18:45:00,B003,179.15,62.0
2025-06-05 19:00:00,B003,186.36,61.0
2025-06-05 19:15:00,B003,176.26,60.0
2025-06-05 19:30:00,B003,180.46,59.0
2025-06-05 19:45:00,B003,184.79,58.0
2025-06-05 20:00:00,B003,184.08,57.1
2025-06-05 20:15:00,B003,179.26,56.1
2025-06-05 20:30:00,B003,178.66,55.2
2025-06-05 20:45:00,B003,171.5,54.3
2025-06-05 21:00:00,B003,175.07,53.4
2025-06-05 21:15:00,B003,182.19,52.5
2025-06-05 21:30:00,B003,180.31,51.7
2025-06-05 21:45:00,B003,182.0,50.9
2025-06-05 22:00:00,B003,187.77,50.2
2025-06-05 22:15:00,B003,178.02,49.5
2025-06-05 22:30:00,B003,184.73,48.8
2025-06-05 22:45:00,B003,189.55,48.2
2025-06-05 23:00:00,B003,188.66,47.6
2025-06-05 23:15:00,B003,203.92,47.1
2025-06-05 23:30:00,B003,206.98,46.7
2025-06-05 23:45:00,B003,210.67,46.3
2025-06-06 00:00:00,B003,225.97,45.9
2025-06-06 00:15:00,B003,218.08,48.3
2025-06-06 00:30:00,B003,234.55,48.0
2025-06-06 00:45:00,B003,245.43,47.9
2025-06-06 01:00:00,B003,247.49,47.8
2025-06-06 01:15:00,B003,260.93,47.8
2025-06-06 01:30:00,B003,259.6,47.8
2025-06-06 01:45:00,B003,272.21,47.9
2025-06-06 02:00:00,B003,275.29,48.1
2025-06-06 02:15:00,B003,270.12,48.4
2025-06-06 02:30:00,B003,255.87,48.7
2025-06-06 02:45:00,B003,254.59,49.0
2025-06-06 03:00:00,B003,254.89,49.4
2025-06-06 03:15:00,B003,243.7,49.9
2025-06-06 03:30:00,B003,221.12,50.4
2025-06-06 03:45:00,B003,231.78,51.0
2025-06-06 04:00:00,B003,217.68,51.6
2025-06-06 04:15:00,B003,205.12,52.3
2025-06-06 04:30:00,B003,207.42,53.0
2025-06-06 04:45:00,B003,193.38,53.8
2025-06-06 05:00:00,B003,188.74,54.6
2025-06-06 05:15:00,B003,190.4,55.5
2025-06-06 05:15:00,B003,190.4,55.5
2025-06-06 05:30:00,B003,194.82,56.3
2025-06-06 05:45:00,B003,192.07,57.2
2025-06-06 06:00:00,B003,184.37,58.2
2025-06-06 06:15:00,B003,183.94,59.1
2025-06-06 06:30:00,B003,184.96,60.1
2025-06-06 06:45:00,B003,174.31,61.0
2025-06-06 07:00:00,B003,183.57,62.0
2025-06-06 07:15:00,B003,176.53,63.0
2025-06-06 07:30:00,B003,181.7,64.0
2025-06-06 07:45:00,B003,178.92,64.9
2025-06-06 08:00:00,B003,182.54,65.9
2025-06-06 08:15:00,B003,180.61,66.9
2025-06-06 08:30:00,B003,164.64,67.8
2025-06-06 08:45:00,B003,180.9,68.7
2025-06-06 09:00:00,B003,183.21,69.6
2025-06-06 09:15:00,B003,182.23,70.5
2025-06-06 09:30:00,B003,179.49,71.3
2025-06-06 09:45:00,B003,188.21,72.1
2025-06-06 10:00:00,B003,181.56,72.8
2025-06-06 10:15:00,B003,182.19,73.5
2025-06-06 10:30:00,B003,185.22,74.2
2025-06-06 10:45:00,B003,181.81,74.8
2025-06-06 11:00:00,B003,175.51,75.4
2025-06-06 11:15:00,B003,167.81,75.9
2025-06-06 11:30:00,B003,177.61,76.3
2025-06-06 11:45:00,B003,183.8,76.7
2025-06-06 12:00:00,B003,178.23,77.1
2025-06-06 12:15:00,B003,184.01,77.3
2025-06-06 12:30:00,B003,180.74,77.5
2025-06-06 12:45:00,B003,186.44,77.7
2025-06-06 13:00:00,B003,178.52,77.8
2025-06-06 13:15:00,B003,182.34,77.8
2025-06-06 13:30:00,B003,182.53,77.7
2025-06-06 13:45:00,B003,187.51,77.6
2025-06-06 14:00:00,B003,171.47,77.5
2025-06-06 14:15:00,B003,177.71,77.2
2025-06-06 14:30:00,B003,184.24,76.9
2025-06-06 14:45:00,B003,187.73,76.6
2025-06-06 15:00:00,B003,181.2,76.2
2025-06-06 15:15:00,B003,178.54,75.7
2025-06-06 15:30:00,B003,183.79,75.2
2025-06-06 15:45:00,B003,184.34,74.6
2025-06-06 16:00:00,B003,178.2,73.9
2025-06-06 16:15:00,B003,181.65,73.3
2025-06-06 16:30:00,B003,185.9,72.5
2025-06-06 16:45:00,B003,189.45,71.8
2025-06-06 17:00:00,B003,183.71,71.0
2025-06-06 17:15:00,B003,180.22,70.1
2025-06-06 17:30:00,B003,179.73,69.2
2025-06-06 17:45:00,B003,182.79,68.3
2025-06-06 18:00:00,B003,179.42,67.4
2025-06-06 18:15:00,B003,180.95,66.5
2025-06-06 18:30:00,B003,174.71,65.5
2025-06-06 18:45:00,B003,186.49,64.6
2025-06-06 19:00:00,B003,174.3,63.6
2025-06-06 19:15:00,B003,177.84,62.6
2025-06-06 19:30:00,B003,180.5,61.6
2025-06-06 19:45:00,B003,189.97,60.6
2025-06-06 20:00:00,B003,177.92,59.7
2025-06-06 20:15:00,B003,176.73,58.7
2025-06-06 20:30:00,B003,177.35,57.8
2025-06-06 20:45:00,B003,188.49,56.9
2025-06-06 21:00:00,B003,166.29,56.0
2025-06-06 21:15:00,B003,175.58,55.1
2025-06-06 21:30:00,B003,194.66,54.3
2025-06-06 21:45:00,B003,184.58,53.5
2025-06-06 22:00:00,B003,177.04,52.8
2025-06-06 22:15:00,B003,183.74,52.0
2025-06-06 22:30:00,B003,186.25,51.4
2025-06-06 22:45:00,B003,192.84,50.8
2025-06-06 23:00:00,B003,201.38,50.2
2025-06-06 23:15:00,B003,198.71,49.7
2025-06-06 23:30:00,B003,199.74,49.3
2025-06-06 23:45:00,B003,213.15,48.9
2025-06-07 00:00:00,B003,213.51,48.5
2025-06-07 00:15:00,B003,220.4,54.0
2025-06-07 00:30:00,B003,225.79,53.8
2025-06-07 00:45:00,B003,235.77,53.6
2025-06-07 01:00:00,B003,247.58,53.5
2025-06-07 01:15:00,B003,253.54,53.5
2025-06-07 01:30:00,B003,266.7,53.6
2025-06-07 01:45:00,B003,262.76,53.7
2025-06-07 02:00:00,B003,254.28,53.8
2025-06-07 02:15:00,B003,263.54,54.1
2025-06-07 02:30:00,B003,262.78,54.4
2025-06-07 02:45:00,B003,256.4,54.7
2025-06-07 03:00:00,B003,259.66,55.1
2025-06-07 03:15:00,B003,240.53,55.6
2025-06-07 03:30:00,B003,238.99,56.1
2025-06-07 03:45:00,B003,225.48,56.7
2025-06-07 04:00:00,B003,216.79,57.4
2025-06-07 04:15:00,B003,205.04,58.0
2025-06-07 04:30:00,B003,202.15,58.8
2025-06-07 04:45:00,B003,192.94,59.5
2025-06-07 05:00:00,B003,193.03,60.3
2025-06-07 05:15:00,B003,187.43,61.2
2025-06-07 05:30:00,B003,181.19,62.1
2025-06-07 05:45:00,B003,188.91,63.0
2025-06-07 06:00:00,B003,184.71,63.9
2025-06-07 06:15:00,B003,179.39,64.8
2025-06-07 06:30:00,B003,181.73,65.8
2025-06-07 06:45:00,B003,180.18,66.7
2025-06-07 07:00:00,B003,176.01,67.7
2025-06-07 07:15:00,B003,180.55,68.7
2025-06-07 07:30:00,B003,177.0,69.7
2025-06-07 07:45:00,B003,175.33,70.7
2025-06-07 08:00:00,B003,171.92,71.6
2025-06-07 08:15:00,B003,178.22,72.6
2025-06-07 08:30:00,B003,182.84,73.5
2025-06-07 08:45:00,B003,176.53,74.4
2025-06-07 09:00:00,B003,192.61,75.3
2025-06-07 09:15:00,B003,184.43,76.2
2025-06-07 09:30:00,B003,186.52,77.0
2025-06-07 09:45:00,B003,183.98,77.8
2025-06-07 10:00:00,B003,189.26,78.5
2025-06-07 10:15:00,B003,176.07,79.3
2025-06-07 10:30:00,B003,167.2,79.9
2025-06-07 10:45:00,B003,177.77,80.5
2025-06-07 11:00:00,B003,182.79,81.1
2025-06-07 11:15:00,B003,180.76,81.6
2025-06-07 11:30:00,B003,181.38,82.1
2025-06-07 11:45:00,B003,186.6,82.4
2025-06-07 12:00:00,B003,181.91,82.8
2025-06-07 12:15:00,B003,183.99,83.0
2025-06-07 12:30:00,B003,175.3,83.3
2025-06-07 12:45:00,B003,174.52,83.4
2025-06-07 13:00:00,B003,188.07,83.5
2025-06-07 13:15:00,B003,180.5,83.5
2025-06-07 13:30:00,B003,176.88,83.5
2025-06-07 13:45:00,B003,176.89,83.4
2025-06-07 14:00:00,B003,176.75,83.2
2025-06-07 14:15:00,B003,176.46,82.9
2025-06-07 14:30:00,B003,173.58,82.7
2025-06-07 14:45:00,B003,172.5,82.3
2025-06-07 15:00:00,B003,179.02,81.9
2025-06-07 15:15:00,B003,177.04,81.4
2025-06-07 15:30:00,B003,185.54,80.9
2025-06-07 15:45:00,B003,181.47,80.3
2025-06-07 16:00:00,B003,181.33,79.7
2025-06-07 16:15:00,B003,176.28,79.0
2025-06-07 16:30:00,B003,179.39,78.3
2025-06-07 16:45:00,B003,181.81,77.5
2025-06-07 17:00:00,B003,183.58,76.7
2025-06-07 17:15:00,B003,179.53,75.8
2025-06-07 17:30:00,B003,185.4,75.0
2025-06-07 17:45:00,B003,180.04,74.1
2025-06-07 18:00:00,B003,183.96,73.1
2025-06-07 18:15:00,B003,177.55,72.2
2025-06-07 18:30:00,B003,170.94,71.2
2025-06-07 18:45:00,B003,181.34,70.3
2025-06-07 19:00:00,B003,183.63,69.3
2025-06-07 19:15:00,B003,182.88,68.3
2025-06-07 19:30:00,B003,182.12,67.3
2025-06-07 19:45:00,B003,178.27,66.4
2025-06-07 20:00:00,B003,176.0,65.4
2025-06-07 20:15:00,B003,182.82,64.4
2025-06-07 20:30:00,B003,182.24,63.5
2025-06-07 20:45:00,B003,177.39,62.6
2025-06-07 21:00:00,B003,185.9,61.7
2025-06-07 21:15:00,B003,176.18,60.8
2025-06-07 21:30:00,B003,178.08,60.0
2025-06-07 21:45:00,B003,189.81,59.2
2025-06-07 22:00:00,B003,186.91,58.5
2025-06-07 22:15:00,B003,182.16,57.8
2025-06-07 22:30:00,B003,187.35,57.1
2025-06-07 22:45:00,B003,189.38,56.5
2025-06-07 23:00:00,B003,178.45,55.9
2025-06-07 23:15:00,B003,192.23,55.4
2025-06-07 23:30:00,B003,202.19,55.0
2025-06-07 23:45:00,B003,207.44,54.6
2025-06-08 00:00:00,B003,218.24,54.2
2025-06-08 00:15:00,B003,231.22,52.2
2025-06-08 00:30:00,B003,232.98,52.0
2025-06-08 00:45:00,B003,238.31,51.8
2025-06-08 01:00:00,B003,253.69,51.8
2025-06-08 01:15:00,B003,257.79,51.7
2025-06-08 01:30:00,B003,264.36,51.8
2025-06-08 01:45:00,B003,267.3,51.9
2025-06-08 02:00:00,B003,281.21,52.1
2025-06-08 02:15:00,B003,257.56,52.3
2025-06-08 02:30:00,B003,263.19,52.6
2025-06-08 02:45:00,B003,259.41,53.0
2025-06-08 03:00:00,B003,248.16,53.4
2025-06-08 03:15:00,B003,248.1,53.8
2025-06-08 03:30:00,B003,238.65,54.4
2025-06-08 03:45:00,B003,225.33,55.0
2025-06-08 04:00:00,B003,215.65,55.6
2025-06-08 04:15:00,B003,208.66,56.3
2025-06-08 04:30:00,B003,201.92,57.0
2025-06-08 04:45:00,B003,196.37,57.8
2025-06-08 05:00:00,B003,191.24,58.6
2025-06-08 05:15:00,B003,189.87,59.4
2025-06-08 05:30:00,B003,189.68,60.3
2025-06-08 05:45:00,B003,177.8,61.2
2025-06-08 06:00:00,B003,177.32,62.1
2025-06-08 06:15:00,B003,172.88,63.0
2025-06-08 06:30:00,B003,185.33,64.0
2025-06-08 06:45:00,B003,181.85,65.0
2025-06-08 07:00:00,B003,182.87,65.9
2025-06-08 07:15:00,B003,173.05,66.9
2025-06-08 07:30:00,B003,189.03,67.9
2025-06-08 07:45:00,B003,177.01,68.9
2025-06-08 08:00:00,B003,180.87,69.9
2025-06-08 08:15:00,B003,184.29,70.8
2025-06-08 08:30:00,B003,175.07,71.7
2025-06-08 08:45:00,B003,177.27,72.7
2025-06-08 09:00:00,B003,180.9,73.5
2025-06-08 09:15:00,B003,194.29,74.4
2025-06-08 09:30:00,B003,181.51,75.2
2025-06-08 09:45:00,B003,188.03,76.0
2025-06-08 10:00:00,B003,186.03,76.8
2025-06-08 10:15:00,B003,181.84,77.5
2025-06-08 10:30:00,B003,175.05,78.1
2025-06-08 10:45:00,B003,185.3,78.8
2025-06-08 11:00:00,B003,172.51,79.3
2025-06-08 11:15:00,B003,188.0,79.8
2025-06-08 11:30:00,B003,181.0,80.3
2025-06-08 11:45:00,B003,166.75,80.7
2025-06-08 12:00:00,B003,178.3,81.0
2025-06-08 12:15:00,B003,183.27,81.3
2025-06-08 12:30:00,B003,178.81,81.5
2025-06-08 12:45:00,B003,183.58,81.6
2025-06-08 13:00:00,B003,175.75,81.7
2025-06-08 13:15:00,B003,173.47,81.7
2025-06-08 13:30:00,B003,179.64,81.7
2025-06-08 13:45:00,B003,180.16,81.6
2025-06-08 14:00:00,B003,178.26,81.4
2025-06-08 14:15:00,B003,186.14,81.2
2025-06-08 14:30:00,B003,175.75,80.9
2025-06-08 14:45:00,B003,181.57,80.5
2025-06-08 15:00:00,B003,180.34,80.1
2025-06-08 15:15:00,B003,172.22,79.6
2025-06-08 15:30:00,B003,173.4,79.1
2025-06-08 15:45:00,B003,180.06,78.5
2025-06-08 16:00:00,B003,189.91,77.9
2025-06-08 16:15:00,B003,182.9,77.2
2025-06-08 16:30:00,B003,171.37,76.5
2025-06-08 16:45:00,B003,164.45,75.7
2025-06-08 17:00:00,B003,183.67,74.9
2025-06-08 17:15:00,B003,179.52,74.1
2025-06-08 17:30:00,B003,185.71,73.2
2025-06-08 17:45:00,B003,175.6,72.3
2025-06-08 18:00:00,B003,181.75,71.4
2025-06-08 18:15:00,B003,184.23,70.4
2025-06-08 18:30:00,B003,177.76,69.5
2025-06-08 18:45:00,B003,177.87,68.5
2025-06-08 19:00:00,B003,180.13,67.5
2025-06-08 19:15:00,B003,182.72,66.5
2025-06-08 19:30:00,B003,179.94,65.6
2025-06-08 19:45:00,B003,184.89,64.6
2025-06-08 20:00:00,B003,177.72,63.6
2025-06-08 20:15:00,B003,173.42,62.7
2025-06-08 20:30:00,B003,189.99,61.7
2025-06-08 20:45:00,B003,177.17,60.8
2025-06-08 21:00:00,B003,177.51,59.9
2025-06-08 21:15:00,B003,180.27,59.1
2025-06-08 21:30:00,B003,181.34,58.2
2025-06-08 21:45:00,B003,179.69,57.4
2025-06-08 22:00:00,B003,182.48,56.7
2025-06-08 22:15:00,B003,183.76,56.0
2025-06-08 22:30:00,B003,186.79,55.3
2025-06-08 22:45:00,B003,176.82,54.7
2025-06-08 23:00:00,B003,201.58,54.2
2025-06-08 23:15:00,B003,196.03,53.6
2025-06-08 23:30:00,B003,205.34,53.2
2025-06-08 23:45:00,B003,202.33,52.8
2025-06-09 00:00:00,B003,214.65,52.5
2025-06-09 00:15:00,B003,222.21,53.4
2025-06-09 00:30:00,B003,241.94,53.2
2025-06-09 00:45:00,B003,240.67,53.0
2025-06-09 01:00:00,B003,255.86,53.0
2025-06-09 01:15:00,B003,256.17,52.9
2025-06-09 01:30:00,B003,262.87,53.0
2025-06-09 01:45:00,B003,267.53,53.1
2025-06-09 02:00:00,B003,276.42,53.3
2025-06-09 02:15:00,B003,259.31,53.5
2025-06-09 02:30:00,B003,258.56,53.8
2025-06-09 02:45:00,B003,249.69,54.2
2025-06-09 03:00:00,B003,246.63,54.6
2025-06-09 03:15:00,B003,239.54,55.0
2025-06-09 03:30:00,B003,226.52,55.6
2025-06-09 03:45:00,B003,221.9,56.2
2025-06-09 04:00:00,B003,206.93,56.8
2025-06-09 04:15:00,B003,204.13,57.5
2025-06-09 04:30:00,B003,208.44,58.2
2025-06-09 04:45:00,B003,198.78,59.0
2025-06-09 05:00:00,B003,193.12,59.8
2025-06-09 05:15:00,B003,183.59,60.6
2025-06-09 05:30:00,B003,178.24,61.5
2025-06-09 05:45:00,B003,178.26,62.4
2025-06-09 06:00:00,B003,182.35,63.3
2025-06-09 06:15:00,B003,185.97,64.2
2025-06-09 06:30:00,B003,185.51,65.2
2025-06-09 06:45:00,B003,183.75,66.2
2025-06-09 07:00:00,B003,176.66,67.1
2025-06-09 07:15:00,B003,180.32,68.1
2025-06-09 07:30:00,B003,178.5,69.1
2025-06-09 07:45:00,B003,179.05,70.1
2025-06-09 08:00:00,B003,190.22,71.1
2025-06-09 08:15:00,B003,171.21,72.0
2025-06-09 08:30:00,B003,178.83,72.9
2025-06-09 08:45:00,B003,186.06,73.9
2025-06-09 09:00:00,B003,172.67,74.7
2025-06-09 09:15:00,B003,176.78,75.6
2025-06-09 09:30:00,B003,177.36,76.4
2025-06-09 09:45:00,B003,178.88,77.2
2025-06-09 10:00:00,B003,172.02,78.0
2025-06-09 10:15:00,B003,182.98,78.7
2025-06-09 10:30:00,B003,183.33,79.3
2025-06-09 10:45:00,B003,182.54,80.0
2025-06-09 11:00:00,B003,175.65,80.5
2025-06-09 11:15:00,B003,180.43,81.0
2025-06-09 11:30:00,B003,175.5,81.5
2025-06-09 11:45:00,B003,178.34,81.9
2025-06-09 12:00:00,B003,190.77,82.2
2025-06-09 12:15:00,B003,180.48,82.5
2025-06-09 12:30:00,B003,174.06,82.7
2025-06-09 12:45:00,B003,180.9,82.8
2025-06-09 13:00:00,B003,173.24,82.9
2025-06-09 13:15:00,B003,174.0,82.9
2025-06-09 13:30:00,B003,174.79,82.9
2025-06-09 13:45:00,B003,177.78,82.8
2025-06-09 14:00:00,B003,184.68,82.6
2025-06-09 14:15:00,B003,182.89,82.4
2025-06-09 14:30:00,B003,182.61,82.1
2025-06-09 14:45:00,B003,174.51,81.7
2025-06-09 15:00:00,B003,177.29,81.3
2025-06-09 15:15:00,B003,181.36,80.8
2025-06-09 15:30:00,B003,176.86,80.3
2025-06-09 15:45:00,B003,178.61,79.7
2025-06-09 16:00:00,B003,182.21,79.1
2025-06-09 16:15:00,B003,178.26,78.4
2025-06-09 16:30:00,B003,181.13,77.7
2025-06-09 16:45:00,B003,187.96,76.9
2025-06-09 17:00:00,B003,179.14,76.1
2025-06-09 17:15:00,B003,185.9,75.3
2025-06-09 17:30:00,B003,182.8,74.4
2025-06-09 17:45:00,B003,172.66,73.5
2025-06-09 18:00:00,B003,174.49,72.6
2025-06-09 18:15:00,B003,175.83,71.6
2025-06-09 18:30:00,B003,175.73,70.7
2025-06-09 18:45:00,B003,179.55,69.7
2025-06-09 19:00:00,B003,183.07,68.7
2025-06-09 19:15:00,B003,186.28,67.7
2025-06-09 19:30:00,B003,181.55,66.8
2025-06-09 19:45:00,B003,177.79,65.8
2025-06-09 20:00:00,B003,169.62,64.8
2025-06-09 20:15:00,B003,180.41,63.9
2025-06-09 20:30:00,B003,180.24,62.9
2025-06-09 20:45:00,B003,181.11,62.0
2025-06-09 21:00:00,B003,190.88,61.1
2025-06-09 21:15:00,B003,186.8,60.3
2025-06-09 21:30:00,B003,184.93,59.4
2025-06-09 21:45:00,B003,176.82,58.6
2025-06-09 22:00:00,B003,180.01,57.9
2025-06-09 22:15:00,B003,183.48,57.2
2025-06-09 22:30:00,B003,182.04,56.5
2025-06-09 22:45:00,B003,191.11,55.9
2025-06-09 23:00:00,B003,193.96,55.4
2025-06-09 23:15:00,B003,191.32,54.8
2025-06-09 23:30:00,B003,208.43,54.4
2025-06-09 23:45:00,B003,209.73,54.0
2025-06-10 00:00:00,B003,208.35,53.7
2025-06-10 00:15:00,B003,225.31,50.0
2025-06-10 00:30:00,B003,235.99,49.8
2025-06-10 00:45:00,B003,248.46,49.7
2025-06-10 01:00:00,B003,250.38,49.6
2025-06-10 01:15:00,B003,263.56,49.6
2025-06-10 01:30:00,B003,266.07,49.6
2025-06-10 01:45:00,B003,262.18,49.7
2025-06-10 02:00:00,B003,262.92,49.9
2025-06-10 02:15:00,B003,274.37,50.2
2025-06-10 02:30:00,B003,271.12,50.4
2025-06-10 02:45:00,B003,261.04,50.8
2025-06-10 03:00:00,B003,259.54,51.2
2025-06-10 03:15:00,B003,248.88,51.7
2025-06-10 03:30:00,B003,238.01,52.2
2025-06-10 03:45:00,B003,221.01,52.8
2025-06-10 04:00:00,B003,225.66,53.4
2025-06-10 04:15:00,B003,211.9,54.1
2025-06-10 04:30:00,B003,200.51,54.8
2025-06-10 04:45:00,B003,193.42,55.6
2025-06-10 05:00:00,B003,193.46,56.4
2025-06-10 05:15:00,B003,180.25,57.3
2025-06-10 05:30:00,B003,189.41,58.1
2025-06-10 05:45:00,B003,179.19,59.0
2025-06-10 06:00:00,B003,184.42,60.0
2025-06-10 06:15:00,B003,179.02,60.9
2025-06-10 06:30:00,B003,179.68,61.9
2025-06-10 06:45:00,B003,176.81,62.8
2025-06-10 07:00:00,B003,179.54,63.8
2025-06-10 07:15:00,B003,189.64,64.8
2025-06-10 07:30:00,B003,187.03,65.8
2025-06-10 07:45:00,B003,181.83,66.7
2025-06-10 08:00:00,B003,179.9,67.7
2025-06-10 08:15:00,B003,184.24,68.7
2025-06-10 08:30:00,B003,185.66,69.6
2025-06-10 08:45:00,B003,175.85,70.5
2025-06-10 09:00:00,B003,179.61,71.4
2025-06-10 09:15:00,B003,170.89,72.3
2025-06-10 09:30:00,B003,185.62,73.1
2025-06-10 09:45:00,B003,190.33,73.9
2025-06-10 10:00:00,B003,180.4,74.6
2025-06-10 10:15:00,B003,169.37,75.3
2025-06-10 10:30:00,B003,183.04,76.0
2025-06-10 10:45:00,B003,175.48,76.6
2025-06-10 11:00:00,B003,176.68,77.2
2025-06-10 11:15:00,B003,183.13,77.7
2025-06-10 11:30:00,B003,181.27,78.1
2025-06-10 11:45:00,B003,177.56,78.5
2025-06-10 12:00:00,B003,176.75,78.9
2025-06-10 12:15:00,B003,180.63,79.1
2025-06-10 12:30:00,B003,177.95,79.3
2025-06-10 12:45:00,B003,174.45,79.5
2025-06-10 13:00:00,B003,178.34,79.6
2025-06-10 13:15:00,B003,181.7,79.6
2025-06-10 13:30:00,B003,179.11,79.5
2025-06-10 13:45:00,B003,172.93,79.4
2025-06-10 14:00:00,B003,184.95,79.3
2025-06-10 14:15:00,B003,166.31,79.0
2025-06-10 14:30:00,B003,177.77,78.7
2025-06-10 14:45:00,B003,176.9,78.4
2025-06-10 15:00:00,B003,180.74,78.0
2025-06-10 15:15:00,B003,182.81,77.5
2025-06-10 15:30:00,B003,185.63,76.9
2025-06-10 15:45:00,B003,176.44,76.4
2025-06-10 16:00:00,B003,182.93,75.7
2025-06-10 16:15:00,B003,180.98,75.1
2025-06-10 16:30:00,B003,171.44,74.3
2025-06-10 16:45:00,B003,189.5,73.6
2025-06-10 17:00:00,B003,172.81,72.8
2025-06-10 17:15:00,B003,182.1,71.9
2025-06-10 17:30:00,B003,181.95,71.0
2025-06-10 17:45:00,B003,181.38,70.1
2025-06-10 18:00:00,B003,177.53,69.2
2025-06-10 18:15:00,B003,184.14,68.3
2025-06-10 18:30:00,B003,172.2,67.3
2025-06-10 18:45:00,B003,179.67,66.4
2025-06-10 19:00:00,B003,177.18,65.4
2025-06-10 19:15:00,B003,176.62,64.4
2025-06-10 19:30:00,B003,182.15,63.4
2025-06-10 19:45:00,B003,185.4,62.4
2025-06-10 20:00:00,B003,178.31,61.5
2025-06-10 20:15:00,B003,183.96,60.5
2025-06-10 20:30:00,B003,180.36,59.6
2025-06-10 20:45:00,B003,175.73,58.7
2025-06-10 21:00:00,B003,179.06,57.8
2025-06-10 21:15:00,B003,179.1,56.9
2025-06-10 21:30:00,B003,177.52,56.1
2025-06-10 21:45:00,B003,183.77,55.3
2025-06-10 22:00:00,B003,183.74,54.6
2025-06-10 22:15:00,B003,176.0,53.8
2025-06-10 22:30:00,B003,177.66,53.2
2025-06-10 22:45:00,B003,190.73,52.6
2025-06-10 23:00:00,B003,188.1,52.0
2025-06-10 23:15:00,B003,198.27,51.5
2025-06-10 23:30:00,B003,206.35,51.0
2025-06-10 23:45:00,B003,202.86,50.7
2025-06-11 00:00:00,B003,209.94,50.3
2025-06-11 00:15:00,B003,233.94,57.0
2025-06-11 00:30:00,B003,236.35,56.8
2025-06-11 00:45:00,B003,241.5,56.6
2025-06-11 01:00:00,B003,247.4,56.5
2025-06-11 01:15:00,B003,256.87,56.5
2025-06-11 01:30:00,B003,259.18,56.6
2025-06-11 01:45:00,B003,273.18,56.7
2025-06-11 02:00:00,B003,266.12,56.8
2025-06-11 02:15:00,B003,274.23,57.1
2025-06-11 02:30:00,B003,263.13,57.4
2025-06-11 02:45:00,B003,254.21,57.7
2025-06-11 03:00:00,B003,249.93,58.2
2025-06-11 03:15:00,B003,230.48,58.6
2025-06-11 03:30:00,B003,233.98,59.2
2025-06-11 03:45:00,B003,224.72,59.7
2025-06-11 04:00:00,B003,221.12,60.4
2025-06-11 04:15:00,B003,199.79,61.1
2025-06-11 04:30:00,B003,208.25,61.8
2025-06-11 04:45:00,B003,200.87,62.5
2025-06-11 05:00:00,B003,198.44,63.3
2025-06-11 05:15:00,B003,188.34,64.2
2025-06-11 05:30:00,B003,190.99,65.1
2025-06-11 05:45:00,B003,176.6,66.0
2025-06-11 06:00:00,B003,186.14,66.9
2025-06-11 06:15:00,B003,177.77,67.8
2025-06-11 06:30:00,B003,172.74,68.8
2025-06-11 06:45:00,B003,174.98,69.8
2025-06-11 07:00:00,B003,180.38,70.7
2025-06-11 07:15:00,B003,176.08,71.7
2025-06-11 07:30:00,B003,181.99,72.7
2025-06-11 07:45:00,B003,171.02,73.7
2025-06-11 08:00:00,B003,169.39,74.6
2025-06-11 08:15:00,B003,186.88,75.6
2025-06-11 08:30:00,B003,184.53,76.5
2025-06-11 08:45:00,B003,174.76,77.4
2025-06-11 09:00:00,B003,179.99,78.3
2025-06-11 09:15:00,B003,185.1,79.2
2025-06-11 09:30:00,B003,182.1,80.0
2025-06-11 09:45:00,B003,180.74,80.8
2025-06-11 10:00:00,B003,185.48,81.6
2025-06-11 10:15:00,B003,176.35,82.3
2025-06-11 10:30:00,B003,180.16,82.9
2025-06-11 10:45:00,B003,179.91,83.5
2025-06-11 11:00:00,B003,178.64,84.1
2025-06-11 11:15:00,B003,178.05,84.6
2025-06-11 11:30:00,B003,180.36,85.1
2025-06-11 11:45:00,B003,180.17,85.4
2025-06-11 12:00:00,B003,174.76,85.8
2025-06-11 12:15:00,B003,184.01,86.1
2025-06-11 12:30:00,B003,175.12,86.3
2025-06-11 12:45:00,B003,178.91,86.4
2025-06-11 13:00:00,B003,178.52,86.5
2025-06-11 13:15:00,B003,181.79,86.5
2025-06-11 13:30:00,B003,169.4,86.5
2025-06-11 13:45:00,B003,184.45,86.4
2025-06-11 14:00:00,B003,176.62,86.2
2025-06-11 14:15:00,B003,186.1,86.0
2025-06-11 14:30:00,B003,177.61,85.7
2025-06-11 14:45:00,B003,179.76,85.3
2025-06-11 15:00:00,B003,189.57,84.9
2025-06-11 15:15:00,B003,178.61,84.4
2025-06-11 15:30:00,B003,186.19,83.9
2025-06-11 15:45:00,B003,180.2,83.3
2025-06-11 16:00:00,B003,182.08,82.7
2025-06-11 16:15:00,B003,180.35,82.0
2025-06-11 16:30:00,B003,184.24,81.3
2025-06-11 16:45:00,B003,176.57,80.5
2025-06-11 17:00:00,B003,175.08,79.7
2025-06-11 17:15:00,B003,176.81,78.8
2025-06-11 17:30:00,B003,180.5,78.0
2025-06-11 17:45:00,B003,178.9,77.1
2025-06-11 18:00:00,B003,183.55,76.2
2025-06-11 18:15:00,B003,186.52,75.2
2025-06-11 18:30:00,B003,175.12,74.3
2025-06-11 18:45:00,B003,176.33,73.3
2025-06-11 19:00:00,B003,172.82,72.3
2025-06-11 19:15:00,B003,190.16,71.3
2025-06-11 19:30:00,B003,181.53,70.3
2025-06-11 19:45:00,B003,182.41,69.4
2025-06-11 20:00:00,B003,173.33,68.4
2025-06-11 20:15:00,B003,180.05,67.4
2025-06-11 20:30:00,B003,182.65,66.5
2025-06-11 20:45:00,B003,178.93,65.6
2025-06-11 21:00:00,B003,185.73,64.7
2025-06-11 21:15:00,B003,192.16,63.8
2025-06-11 21:30:00,B003,176.26,63.0
2025-06-11 21:45:00,B003,176.52,62.2
2025-06-11 22:00:00,B003,178.18,61.5
2025-06-11 22:15:00,B003,191.99,60.8
2025-06-11 22:30:00,B003,191.13,60.1
2025-06-11 22:45:00,B003,187.93,59.5
2025-06-11 23:00:00,B003,192.36,58.9
2025-06-11 23:15:00,B003,192.68,58.4
2025-06-11 23:30:00,B003,206.89,58.0
2025-06-11 23:45:00,B003,207.32,57.6
2025-06-12 00:00:00,B003,215.7,57.3
2025-06-12 00:15:00,B003,228.61,56.6
2025-06-12 00:30:00,B003,233.65,56.4
2025-06-12 00:45:00,B003,242.42,56.2
2025-06-12 01:00:00,B003,252.12,56.1
2025-06-12 01:15:00,B003,263.4,56.1
2025-06-12 01:30:00,B003,273.37,56.2
2025-06-12 01:45:00,B003,271.69,56.3
2025-06-12 02:00:00,B003,274.02,56.4
2025-06-12 02:15:00,B003,267.76,56.7
2025-06-12 02:30:00,B003,261.6,57.0
2025-06-12 02:45:00,B003,262.69,57.3
2025-06-12 03:00:00,B003,252.92,57.7
2025-06-12 03:15:00,B003,236.49,58.2
2025-06-12 03:30:00,B003,232.95,58.7
2025-06-12 03:45:00,B003,225.16,59.3
2025-06-12 04:00:00,B003,214.45,60.0
2025-06-12 04:15:00,B003,216.63,60.6
2025-06-12 04:30:00,B003,204.84,61.4
2025-06-12 04:45:00,B003,203.63,62.1
2025-06-12 05:00:00,B003,193.5,62.9
2025-06-12 05:15:00,B003,189.01,63.8
2025-06-12 05:30:00,B003,181.23,64.7
2025-06-12 05:45:00,B003,184.01,65.6
2025-06-12 06:00:00,B003,182.64,66.5
2025-06-12 06:15:00,B003,174.79,67.4
2025-06-12 06:30:00,B003,178.3,68.4
2025-06-12 06:45:00,B003,178.98,69.3
2025-06-12 07:00:00,B003,182.42,70.3
2025-06-12 07:15:00,B003,182.5,71.3
2025-06-12 07:30:00,B003,177.2,72.3
2025-06-12 07:45:00,B003,182.4,73.3
2025-06-12 08:00:00,B003,179.12,74.2
2025-06-12 08:15:00,B003,165.67,75.2
2025-06-12 08:30:00,B003,177.58,76.1
2025-06-12 08:45:00,B003,185.4,77.0
2025-06-12 09:00:00,B003,171.59,77.9
2025-06-12 09:15:00,B003,180.56,78.8
2025-06-12 09:30:00,B003,187.93,79.6
2025-06-12 09:45:00,B003,176.2,80.4
2025-06-12 10:00:00,B003,180.01,81.1
2025-06-12 10:15:00,B003,173.48,81.9
2025-06-12 10:30:00,B003,188.14,82.5
2025-06-12 10:45:00,B003,179.58,83.1
2025-06-12 11:00:00,B003,180.23,83.7
2025-06-12 11:15:00,B003,186.77,84.2
2025-06-12 11:30:00,B003,183.31,84.6
2025-06-12 11:45:00,B003,175.62,85.0
2025-06-12 12:00:00,B003,176.76,85.4
2025-06-12 12:15:00,B003,182.47,85.6
2025-06-12 12:30:00,B003,176.88,85.9
2025-06-12 12:45:00,B003,169.41,86.0
2025-06-12 13:00:00,B003,179.73,86.1
2025-06-12 13:15:00,B003,172.6,86.1
2025-06-12 13:30:00,B003,188.08,86.1
2025-06-12 13:45:00,B003,180.88,86.0
2025-06-12 14:00:00,B003,175.47,85.8
2025-06-12 14:15:00,B003,176.51,85.5
2025-06-12 14:30:00,B003,170.55,85.3
2025-06-12 14:45:00,B003,174.5,84.9
2025-06-12 15:00:00,B003,185.08,84.5
2025-06-12 15:15:00,B003,191.16,84.0
2025-06-12 15:30:00,B003,183.63,83.5
2025-06-12 15:45:00,B003,179.54,82.9
2025-06-12 16:00:00,B003,177.84,82.3
2025-06-12 16:15:00,B003,175.22,81.6
2025-06-12 16:30:00,B003,190.3,80.9
2025-06-12 16:45:00,B003,179.06,80.1
2025-06-12 17:00:00,B003,190.58,79.3
2025-06-12 17:15:00,B003,186.97,78.4
2025-06-12 17:30:00,B003,171.3,77.6
2025-06-12 17:45:00,B003,176.67,76.7
2025-06-12 18:00:00,B003,176.65,75.7
2025-06-12 18:15:00,B003,179.6,74.8
2025-06-12 18:30:00,B003,179.7,73.8
2025-06-12 18:45:00,B003,194.98,72.9
2025-06-12 19:00:00,B003,174.62,71.9
2025-06-12 19:15:00,B003,181.15,70.9
2025-06-12 19:30:00,B003,183.09,69.9
2025-06-12 19:45:00,B003,180.01,69.0
2025-06-12 20:00:00,B003,180.58,68.0
2025-06-12 20:15:00,B003,174.83,67.0
2025-06-12 20:30:00,B003,180.64,66.1
2025-06-12 20:45:00,B003,182.75,65.2
2025-06-12 21:00:00,B003,181.99,64.3
2025-06-12 21:15:00,B003,183.45,63.4
2025-06-12 21:30:00,B003,188.06,62.6
2025-06-12 21:45:00,B003,186.31,61.8
2025-06-12 22:00:00,B003,182.93,61.1
2025-06-12 22:15:00,B003,178.1,60.4
2025-06-12 22:30:00,B003,182.92,59.7
2025-06-12 22:45:00,B003,187.51,59.1
2025-06-12 23:00:00,B003,193.44,58.5
2025-06-12 23:15:00,B003,194.37,58.0
2025-06-12 23:30:00,B003,197.76,57.6
2025-06-12 23:45:00,B003,203.28,57.2
2025-06-13 00:00:00,B003,208.74,56.8
2025-06-13 00:15:00,B003,224.4,53.7
2025-06-13 00:30:00,B003,227.24,53.5
2025-06-13 00:45:00,B003,238.6,53.4
2025-06-13 01:00:00,B003,250.1,53.3
2025-06-13 01:15:00,B003,252.75,53.3
2025-06-13 01:30:00,B003,267.04,53.3
2025-06-13 01:45:00,B003,272.46,53.4
2025-06-13 02:00:00,B003,267.25,53.6
2025-06-13 02:15:00,B003,266.57,53.8
2025-06-13 02:30:00,B003,267.82,54.1
2025-06-13 02:45:00,B003,255.85,54.5
2025-06-13 03:00:00,B003,248.15,54.9
2025-06-13 03:15:00,B003,249.58,55.4
2025-06-13 03:30:00,B003,239.01,55.9
2025-06-13 03:45:00,B003,228.58,56.5
2025-06-13 04:00:00,B003,221.63,57.1
2025-06-13 04:15:00,B003,199.33,57.8
2025-06-13 04:30:00,B003,209.21,58.5
2025-06-13 04:45:00,B003,198.72,59.3
2025-06-13 05:00:00,B003,197.23,60.1
2025-06-13 05:15:00,B003,190.54,60.9
2025-06-13 05:30:00,B003,186.16,61.8
2025-06-13 05:45:00,B003,182.58,62.7
2025-06-13 06:00:00,B003,184.41,63.6
2025-06-13 06:15:00,B003,180.07,64.6
2025-06-13 06:30:00,B003,185.34,65.5
2025-06-13 06:45:00,B003,172.67,66.5
2025-06-13 07:00:00,B003,177.64,67.5
2025-06-13 07:15:00,B003,190.42,68.5
2025-06-13 07:30:00,B003,176.98,69.4
2025-06-13 07:45:00,B003,178.86,70.4
2025-06-13 08:00:00,B003,175.62,71.4
2025-06-13 08:15:00,B003,181.69,72.3
2025-06-13 08:30:00,B003,176.33,73.3
2025-06-13 08:45:00,B003,179.08,74.2
2025-06-13 09:00:00,B003,184.25,75.1
2025-06-13 09:15:00,B003,176.51,75.9
2025-06-13 09:30:00,B003,183.94,76.8
2025-06-13 09:45:00,B003,184.11,77.6
2025-06-13 10:00:00,B003,185.27,78.3
2025-06-13 10:15:00,B003,180.7,79.0
2025-06-13 10:30:00,B003,196.21,79.7
2025-06-13 10:45:00,B003,185.27,80.3
2025-06-13 11:00:00,B003,181.62,80.8
2025-06-13 11:15:00,B003,175.62,81.4
2025-06-13 11:30:00,B003,179.51,81.8
2025-06-13 11:45:00,B003,187.13,82.2
2025-06-13 12:00:00,B003,188.55,82.5
2025-06-13 12:15:00,B003,187.39,82.8
2025-06-13 12:30:00,B003,183.93,83.0
2025-06-13 12:45:00,B003,173.72,83.2
2025-06-13 13:00:00,B003,182.44,83.2
2025-06-13 13:15:00,B003,173.79,83.3
2025-06-13 13:30:00,B003,172.56,83.2
2025-06-13 13:45:00,B003,181.2,83.1
2025-06-13 14:00:00,B003,182.62,82.9
2025-06-13 14:15:00,B003,184.52,82.7
2025-06-13 14:30:00,B003,182.49,82.4
2025-06-13 14:45:00,B003,182.66,82.0
2025-06-13 15:00:00,B003,175.08,81.6
2025-06-13 15:15:00,B003,179.48,81.2
2025-06-13 15:30:00,B003,172.46,80.6
2025-06-13 15:45:00,B003,169.98,80.0
2025-06-13 16:00:00,B003,183.7,79.4
2025-06-13 16:15:00,B003,176.23,78.7
2025-06-13 16:30:00,B003,184.36,78.0
2025-06-13 16:45:00,B003,185.54,77.2
2025-06-13 17:00:00,B003,176.9,76.4
2025-06-13 17:15:00,B003,182.95,75.6
2025-06-13 17:30:00,B003,176.69,74.7
2025-06-13 17:45:00,B003,170.77,73.8
2025-06-13 18:00:00,B003,180.62,72.9
2025-06-13 18:15:00,B003,177.65,72.0
2025-06-13 18:30:00,B003,177.8,71.0
2025-06-13 18:45:00,B003,189.88,70.0
2025-06-13 19:00:00,B003,172.37,69.0
2025-06-13 19:15:00,B003,181.92,68.1
2025-06-13 19:30:00,B003,175.03,67.1
2025-06-13 19:45:00,B003,184.56,66.1
2025-06-13 20:00:00,B003,181.52,65.1
2025-06-13 20:15:00,B003,181.95,64.2
2025-06-13 20:30:00,B003,175.38,63.3
2025-06-13 20:45:00,B003,176.37,62.3
2025-06-13 21:00:00,B003,184.98,61.5
2025-06-13 21:15:00,B003,189.45,60.6
2025-06-13 21:30:00,B003,183.4,59.8
2025-06-13 21:45:00,B003,177.14,59.0
2025-06-13 22:00:00,B003,184.27,58.2
2025-06-13 22:15:00,B003,196.09,57.5
2025-06-13 22:30:00,B003,186.43,56.9
2025-06-13 22:45:00,B003,195.92,56.2
2025-06-13 23:00:00,B003,188.48,55.7
2025-06-13 23:15:00,B003,196.55,55.2
2025-06-13 23:30:00,B003,205.54,54.7
2025-06-13 23:45:00,B003,211.21,54.3
2025-06-14 00:00:00,B003,213.17,54.0
2025-06-14 00:15:00,B003,221.52,58.0
2025-06-14 00:30:00,B003,239.53,57.8
2025-06-14 00:45:00,B003,249.56,57.6
2025-06-14 01:00:00,B003,259.63,57.5
2025-06-14 01:15:00,B003,268.44,57.5
2025-06-14 01:30:00,B003,265.81,57.6
2025-06-14 01:45:00,B003,267.2,57.7
2025-06-14 02:00:00,B003,276.75,57.8
2025-06-14 02:15:00,B003,272.32,58.1
2025-06-14 02:30:00,B003,260.22,58.4
2025-06-14 02:45:00,B003,254.26,58.7
2025-06-14 03:00:00,B003,254.53,59.1
2025-06-14 03:15:00,B003,242.71,59.6
2025-06-14 03:30:00,B003,234.46,60.1
2025-06-14 03:45:00,B003,230.93,60.7
2025-06-14 04:00:00,B003,220.8,61.4
2025-06-14 04:15:00,B003,215.87,62.0
2025-06-14 04:30:00,B003,192.78,62.8
2025-06-14 04:45:00,B003,198.03,63.5
2025-06-14 05:00:00,B003,195.65,64.3
2025-06-14 05:15:00,B003,180.97,65.2
2025-06-14 05:30:00,B003,182.64,66.1
2025-06-14 05:45:00,B003,179.75,67.0
2025-06-14 06:00:00,B003,182.68,67.9
2025-06-14 06:15:00,B003,189.76,68.8
2025-06-14 06:30:00,B003,191.11,69.8
2025-06-14 06:45:00,B003,176.53,70.7
2025-06-14 07:00:00,B003,182.98,71.7
2025-06-14 07:15:00,B003,182.99,72.7
2025-06-14 07:30:00,B003,182.05,73.7
2025-06-14 07:45:00,B003,182.05,74.7
2025-06-14 08:00:00,B003,181.55,75.6
2025-06-14 08:15:00,B003,188.45,76.6
2025-06-14 08:30:00,B003,185.52,77.5
2025-06-14 08:45:00,B003,174.7,78.4
2025-06-14 09:00:00,B003,183.98,79.3
2025-06-14 09:15:00,B003,184.46,80.2
2025-06-14 09:30:00,B003,181.58,81.0
2025-06-14 09:45:00,B003,185.66,81.8
2025-06-14 10:00:00,B003,180.94,82.5
2025-06-14 10:15:00,B003,181.0,83.3
2025-06-14 10:30:00,B003,180.61,83.9
2025-06-14 10:45:00,B003,169.91,84.5
2025-06-14 11:00:00,B003,179.6,85.1
2025-06-14 11:15:00,B003,176.66,85.6
2025-06-14 11:30:00,B003,174.07,86.0
2025-06-14 11:45:00,B003,187.17,86.4
2025-06-14 12:00:00,B003,182.52,86.8
2025-06-14 12:15:00,B003,179.85,87.0
2025-06-14 12:30:00,B003,177.18,87.3
2025-06-14 12:45:00,B003,181.48,87.4
2025-06-14 13:00:00,B003,184.96,87.5
2025-06-14 13:15:00,B003,175.87,87.5
2025-06-14 13:30:00,B003,179.98,87.5
2025-06-14 13:45:00,B003,184.34,87.4
2025-06-14 14:00:00,B003,170.32,87.2
2025-06-14 14:15:00,B003,179.71,86.9
2025-06-14 14:30:00,B003,177.85,86.6
2025-06-14 14:45:00,B003,179.33,86.3
2025-06-14 15:00:00,B003,177.49,85.9
2025-06-14 15:15:00,B003,180.69,85.4
2025-06-14 15:30:00,B003,189.62,84.9
2025-06-14 15:45:00,B003,178.38,84.3
2025-06-14 16:00:00,B003,181.46,83.7
2025-06-14 16:15:00,B003,189.97,83.0
2025-06-14 16:30:00,B003,177.25,82.3
2025-06-14 16:45:00,B003,189.07,81.5
2025-06-14 17:00:00,B003,180.03,80.7
2025-06-14 17:15:00,B003,188.91,79.8
2025-06-14 17:30:00,B003,183.75,79.0
2025-06-14 17:45:00,B003,181.54,78.1
2025-06-14 18:00:00,B003,179.67,77.1
2025-06-14 18:15:00,B003,176.88,76.2
2025-06-14 18:30:00,B003,180.38,75.2
2025-06-14 18:45:00,B003,184.49,74.3
2025-06-14 19:00:00,B003,179.94,73.3
2025-06-14 19:15:00,B003,178.42,72.3
2025-06-14 19:30:00,B003,178.75,71.3
2025-06-14 19:45:00,B003,184.98,70.4
2025-06-14 20:00:00,B003,186.16,69.4
2025-06-14 20:15:00,B003,176.72,68.4
2025-06-14 20:30:00,B003,176.77,67.5
2025-06-14 20:45:00,B003,182.09,66.6
2025-06-14 21:00:00,B003,187.99,65.7
2025-06-14 21:15:00,B003,186.33,64.8
2025-06-14 21:30:00,B003,174.74,64.0
2025-06-14 21:45:00,B003,180.31,63.2
2025-06-14 22:00:00,B003,177.92,62.5
2025-06-14 22:15:00,B003,182.62,61.8
2025-06-14 22:30:00,B003,193.94,61.1
2025-06-14 22:45:00,B003,181.49,60.5
2025-06-14 23:00:00,B003,184.09,59.9
2025-06-14 23:15:00,B003,192.62,59.4
2025-06-14 23:30:00,B003,203.88,59.0
2025-06-14 23:45:00,B003,212.32,58.6
2025-06-15 00:00:00,B003,219.19,58.2
2025-06-15 00:15:00,B003,231.45,55.3
2025-06-15 00:30:00,B003,225.77,55.1
2025-06-15 00:45:00,B003,249.54,55.0
2025-06-15 01:00:00,B003,250.51,54.9
2025-06-15 01:15:00,B003,263.08,54.9
2025-06-15 01:30:00,B003,258.52,54.9
2025-06-15 01:45:00,B003,268.78,55.0
2025-06-15 02:00:00,B003,271.18,55.2
2025-06-15 02:15:00,B003,274.54,55.4
2025-06-15 02:30:00,B003,257.21,55.7
2025-06-15 02:45:00,B003,259.58,56.1
2025-06-15 03:00:00,B003,246.64,56.5
2025-06-15 03:15:00,B003,246.13,57.0
2025-06-15 03:30:00,B003,238.47,57.5
2025-06-15 03:45:00,B003,232.01,58.1
2025-06-15 04:00:00,B003,214.32,58.7
2025-06-15 04:15:00,B003,213.85,59.4
2025-06-15 04:30:00,B003,209.25,60.1
2025-06-15 04:45:00,B003,188.55,60.9
2025-06-15 05:00:00,B003,195.24,61.7
2025-06-15 05:15:00,B003,193.4,62.5
2025-06-15 05:30:00,B003,184.62,63.4
2025-06-15 05:45:00,B003,177.9,64.3
2025-06-15 06:00:00,B003,187.29,65.2
2025-06-15 06:15:00,B003,175.63,66.2
2025-06-15 06:30:00,B003,180.11,67.1
2025-06-15 06:45:00,B003,180.4,68.1
2025-06-15 07:00:00,B003,183.93,69.1
2025-06-15 07:15:00,B003,177.06,70.1
2025-06-15 07:30:00,B003,176.69,71.0
2025-06-15 07:45:00,B003,180.55,72.0
2025-06-15 08:00:00,B003,185.06,73.0
2025-06-15 08:15:00,B003,191.45,73.9
2025-06-15 08:30:00,B003,172.47,74.9
2025-06-15 08:45:00,B003,181.58,75.8
2025-06-15 09:00:00,B003,174.57,76.7
2025-06-15 09:15:00,B003,185.09,77.5
2025-06-15 09:30:00,B003,175.31,78.4
2025-06-15 09:45:00,B003,176.63,79.2
2025-06-15 10:00:00,B003,177.05,79.9
2025-06-15 10:15:00,B003,179.62,80.6
2025-06-15 10:30:00,B003,181.62,81.3
2025-06-15 10:45:00,B003,182.42,81.9
2025-06-15 11:00:00,B003,179.97,82.5
2025-06-15 11:15:00,B003,173.35,83.0
2025-06-15 11:30:00,B003,183.64,83.4
2025-06-15 11:45:00,B003,179.74,83.8
2025-06-15 12:00:00,B003,185.81,84.1
2025-06-15 12:15:00,B003,176.46,84.4
2025-06-15 12:30:00,B003,171.99,84.6
2025-06-15 12:45:00,B003,179.83,84.8
2025-06-15 13:00:00,B003,186.48,84.8
2025-06-15 13:15:00,B003,180.8,84.9
2025-06-15 13:30:00,B003,179.0,84.8
2025-06-15 13:45:00,B003,175.65,84.7
2025-06-15 14:00:00,B003,188.79,84.5
2025-06-15 14:15:00,B003,174.85,84.3
2025-06-15 14:30:00,B003,176.37,84.0
2025-06-15 14:45:00,B003,182.85,83.7
2025-06-15 15:00:00,B003,170.72,83.2
2025-06-15 15:15:00,B003,186.37,82.8
2025-06-15 15:30:00,B003,183.12,82.2
2025-06-15 15:45:00,B003,184.5,81.6
2025-06-15 16:00:00,B003,182.79,81.0
2025-06-15 16:15:00,B003,179.19,80.3
2025-06-15 16:30:00,B003,174.68,79.6
2025-06-15 16:45:00,B003,179.3,78.8
2025-06-15 17:00:00,B003,175.12,78.0
2025-06-15 17:15:00,B003,182.43,77.2
2025-06-15 17:30:00,B003,184.03,76.3
2025-06-15 17:45:00,B003,187.38,75.4
2025-06-15 18:00:00,B003,181.86,74.5
2025-06-15 18:15:00,B003,184.62,73.6
2025-06-15 18:30:00,B003,178.51,72.6
2025-06-15 18:45:00,B003,177.61,71.6
2025-06-15 19:00:00,B003,182.37,70.7
2025-06-15 19:15:00,B003,178.07,69.7
2025-06-15 19:30:00,B003,181.35,68.7
2025-06-15 19:45:00,B003,174.71,67.7
2025-06-15 20:00:00,B003,175.62,66.8
2025-06-15 20:15:00,B003,183.24,65.8
2025-06-15 20:30:00,B003,184.54,64.9
2025-06-15 20:45:00,B003,175.27,63.9
2025-06-15 21:00:00,B003,183.7,63.1
2025-06-15 21:15:00,B003,177.93,62.2
2025-06-15 21:30:00,B003,181.08,61.4
2025-06-15 21:45:00,B003,188.71,60.6
2025-06-15 22:00:00,B003,186.61,59.8
2025-06-15 22:15:00,B003,187.93,59.1
2025-06-15 22:30:00,B003,195.46,58.5
2025-06-15 22:45:00,B003,185.09,57.9
2025-06-15 23:00:00,B003,187.25,57.3
2025-06-15 23:15:00,B003,193.15,56.8
2025-06-15 23:30:00,B003,201.17,56.3
2025-06-15 23:45:00,B003,197.45,55.9
2025-06-16 00:00:00,B003,215.96,55.6
2025-06-16 00:15:00,B003,222.85,50.0
2025-06-16 00:30:00,B003,238.51,49.8
2025-06-16 00:45:00,B003,245.36,49.7
2025-06-16 01:00:00,B003,249.06,49.6
2025-06-16 01:15:00,B003,262.37,49.6
2025-06-16 01:30:00,B003,268.75,49.6
2025-06-16 01:45:00,B003,264.92,49.7
2025-06-16 02:00:00,B003,267.53,49.9
2025-06-16 02:15:00,B003,257.63,50.1
2025-06-16 02:30:00,B003,259.68,50.4
2025-06-16 02:45:00,B003,255.71,50.8
2025-06-16 03:00:00,B003,252.44,51.2
2025-06-16 03:15:00,B003,238.87,51.7
2025-06-16 03:30:00,B003,232.02,52.2
2025-06-16 03:45:00,B003,219.44,52.8
2025-06-16 04:00:00,B003,217.86,53.4
2025-06-16 04:15:00,B003,211.35,54.1
2025-06-16 04:30:00,B003,204.45,54.8
2025-06-16 04:45:00,B003,196.83,55.6
2025-06-16 05:00:00,B003,184.47,56.4
2025-06-16 05:15:00,B003,185.51,57.2
2025-06-16 05:30:00,B003,183.88,58.1
2025-06-16 05:45:00,B003,181.94,59.0
2025-06-16 06:00:00,B003,182.95,59.9
2025-06-16 06:15:00,B003,188.75,60.9
2025-06-16 06:30:00,B003,185.06,61.8
2025-06-16 06:45:00,B003,175.66,62.8
2025-06-16 07:00:00,B003,183.74,63.8
2025-06-16 07:15:00,B003,183.4,64.8
2025-06-16 07:30:00,B003,176.08,65.7
2025-06-16 07:45:00,B003,184.3,66.7
2025-06-16 08:00:00,B003,179.23,67.7
2025-06-16 08:15:00,B003,172.97,68.6
2025-06-16 08:30:00,B003,182.28,69.6
2025-06-16 08:45:00,B003,181.09,70.5
2025-06-16 09:00:00,B003,178.86,71.4
2025-06-16 09:15:00,B003,179.81,72.2
2025-06-16 09:30:00,B003,176.4,73.1
2025-06-16 09:45:00,B003,183.05,73.8
2025-06-16 10:00:00,B003,179.78,74.6
2025-06-16 10:15:00,B003,180.83,75.3
2025-06-16 10:30:00,B003,181.79,76.0
2025-06-16 10:45:00,B003,174.23,76.6
2025-06-16 11:00:00,B003,175.53,77.1
2025-06-16 11:15:00,B003,168.95,77.7
2025-06-16 11:30:00,B003,182.82,78.1
2025-06-16 11:45:00,B003,173.94,78.5
2025-06-16 12:00:00,B003,180.66,78.8
2025-06-16 12:15:00,B003,181.85,79.1
2025-06-16 12:30:00,B003,183.01,79.3
2025-06-16 12:45:00,B003,173.98,79.5
2025-06-16 13:00:00,B003,179.67,79.5
2025-06-16 13:15:00,B003,188.35,79.6
2025-06-16 13:30:00,B003,188.57,79.5
2025-06-16 13:45:00,B003,184.94,79.4
2025-06-16 14:00:00,B003,181.69,79.2
2025-06-16 14:15:00,B003,174.97,79.0
2025-06-16 14:30:00,B003,183.59,78.7
2025-06-16 14:45:00,B003,179.21,78.3
2025-06-16 15:00:00,B003,182.8,77.9
2025-06-16 15:15:00,B003,176.84,77.5
2025-06-16 15:30:00,B003,179.14,76.9
2025-06-16 15:45:00,B003,180.82,76.3
2025-06-16 16:00:00,B003,181.23,75.7
2025-06-16 16:15:00,B003,182.47,75.0
2025-06-16 16:30:00,B003,177.1,74.3
2025-06-16 16:45:00,B003,173.28,73.5
2025-06-16 17:00:00,B003,188.12,72.7
2025-06-16 17:15:00,B003,192.45,71.9
2025-06-16 17:30:00,B003,182.24,71.0
2025-06-16 17:45:00,B003,173.38,70.1
2025-06-16 18:00:00,B003,176.13,69.2
2025-06-16 18:15:00,B003,182.55,68.3
2025-06-16 18:30:00,B003,186.71,67.3
2025-06-16 18:45:00,B003,173.94,66.3
2025-06-16 19:00:00,B003,179.38,65.3
2025-06-16 19:15:00,B003,180.98,64.4
2025-06-16 19:30:00,B003,184.33,63.4
2025-06-16 19:45:00,B003,178.3,62.4
2025-06-16 20:00:00,B003,172.21,61.4
2025-06-16 20:15:00,B003,183.16,60.5
2025-06-16 20:30:00,B003,185.73,59.6
2025-06-16 20:45:00,B003,179.78,58.6
2025-06-16 21:00:00,B003,182.37,57.8
2025-06-16 21:15:00,B003,178.23,56.9
2025-06-16 21:30:00,B003,176.77,56.1
2025-06-16 21:45:00,B003,186.76,55.3
2025-06-16 22:00:00,B003,184.51,54.5
2025-06-16 22:15:00,B003,186.41,53.8
2025-06-16 22:30:00,B003,193.43,53.2
2025-06-16 22:45:00,B003,183.33,52.5
2025-06-16 23:00:00,B003,189.42,52.0
2025-06-16 23:15:00,B003,197.55,51.5
2025-06-16 23:30:00,B003,199.62,51.0
2025-06-16 23:45:00,B003,213.13,50.6
2025-06-17 00:00:00,B003,216.06,50.3
2025-06-17 00:15:00,B003,220.61,54.9
2025-06-17 00:30:00,B003,234.92,54.7
2025-06-17 00:45:00,B003,244.45,54.6
2025-06-17 01:00:00,B003,256.74,54.5
2025-06-17 01:15:00,B003,261.39,54.5
2025-06-17 01:30:00,B003,267.44,54.5
2025-06-17 01:45:00,B003,270.36,54.6
2025-06-17 02:00:00,B003,269.06,54.8
2025-06-17 02:15:00,B003,265.18,55.0
2025-06-17 02:30:00,B003,266.58,55.3
2025-06-17 02:45:00,B003,257.76,55.7
2025-06-17 03:00:00,B003,260.52,56.1
2025-06-17 03:15:00,B003,250.31,56.6
2025-06-17 03:30:00,B003,237.75,57.1
2025-06-17 03:45:00,B003,227.46,57.7
2025-06-17 04:00:00,B003,216.56,58.3
2025-06-17 04:15:00,B003,202.91,59.0
2025-06-17 04:30:00,B003,201.36,59.7
2025-06-17 04:45:00,B003,197.27,60.5
2025-06-17 05:00:00,B003,193.33,61.3
2025-06-17 05:15:00,B003,190.95,62.1
2025-06-17 05:30:00,B003,190.52,63.0
2025-06-17 05:45:00,B003,180.49,63.9
2025-06-17 06:00:00,B003,179.16,64.8
2025-06-17 06:15:00,B003,188.88,65.8
2025-06-17 06:30:00,B003,184.85,66.7
2025-06-17 06:45:00,B003,178.64,67.7
2025-06-17 07:00:00,B003,179.81,68.7
2025-06-17 07:15:00,B003,179.68,69.7
2025-06-17 07:30:00,B003,180.27,70.7
2025-06-17 07:45:00,B003,182.42,71.6
2025-06-17 08:00:00,B003,192.71,72.6
2025-06-17 08:15:00,B003,180.96,73.5
2025-06-17 08:30:00,B003,183.32,74.5
2025-06-17 08:45:00,B003,171.57,75.4
2025-06-17 09:00:00,B003,177.58,76.3
2025-06-17 09:15:00,B003,186.14,77.1
2025-06-17 09:30:00,B003,182.01,78.0
2025-06-17 09:45:00,B003,158.05,78.8
2025-06-17 10:00:00,B003,183.37,79.5
2025-06-17 10:15:00,B003,189.59,80.2
2025-06-17 10:30:00,B003,170.02,80.9
2025-06-17 10:45:00,B003,187.6,81.5
2025-06-17 11:00:00,B003,166.14,82.1
2025-06-17 11:15:00,B003,184.69,82.6
2025-06-17 11:30:00,B003,179.96,83.0
2025-06-17 11:45:00,B003,168.25,83.4
2025-06-17 12:00:00,B003,182.23,83.7
2025-06-17 12:15:00,B003,185.75,84.0
2025-06-17 12:30:00,B003,181.82,84.2
2025-06-17 12:45:00,B003,182.92,84.4
2025-06-17 13:00:00,B003,177.94,84.5
2025-06-17 13:15:00,B003,170.69,84.5
2025-06-17 13:30:00,B003,183.46,84.4
2025-06-17 13:45:00,B003,188.75,84.3
2025-06-17 14:00:00,B003,185.65,84.1
2025-06-17 14:15:00,B003,170.06,83.9
2025-06-17 14:30:00,B003,172.43,83.6
2025-06-17 14:45:00,B003,175.77,83.3
2025-06-17 15:00:00,B003,172.04,82.8
2025-06-17 15:15:00,B003,180.22,82.4
2025-06-17 15:30:00,B003,181.97,81.8
2025-06-17 15:45:00,B003,172.85,81.3
2025-06-17 16:00:00,B003,183.89,80.6
2025-06-17 16:15:00,B003,183.01,79.9
2025-06-17 16:30:00,B003,177.26,79.2
2025-06-17 16:45:00,B003,179.14,78.4
2025-06-17 17:00:00,B003,170.25,77.6
2025-06-17 17:15:00,B003,178.34,76.8
2025-06-17 17:30:00,B003,180.04,75.9
2025-06-17 17:45:00,B003,180.84,75.0
2025-06-17 18:00:00,B003,181.89,74.1
2025-06-17 18:15:00,B003,181.22,73.2
2025-06-17 18:30:00,B003,178.68,72.2
2025-06-17 18:45:00,B003,181.43,71.2
2025-06-17 19:00:00,B003,185.01,70.3
2025-06-17 19:15:00,B003,179.53,69.3
2025-06-17 19:30:00,B003,181.6,68.3
2025-06-17 19:45:00,B003,179.08,67.3
2025-06-17 20:00:00,B003,176.8,66.4
2025-06-17 20:15:00,B003,182.67,65.4
2025-06-17 20:30:00,B003,177.33,64.5
2025-06-17 20:45:00,B003,182.13,63.6
2025-06-17 21:00:00,B003,180.49,62.7
2025-06-17 21:15:00,B003,179.08,61.8
2025-06-17 21:30:00,B003,179.36,61.0
2025-06-17 21:45:00,B003,179.09,60.2
2025-06-17 22:00:00,B003,174.34,59.4
2025-06-17 22:15:00,B003,185.87,58.7
2025-06-17 22:30:00,B003,187.07,58.1
2025-06-17 22:45:00,B003,192.86,57.5
2025-06-17 23:00:00,B003,189.52,56.9
2025-06-17 23:15:00,B003,206.24,56.4
2025-06-17 23:30:00,B003,200.54,55.9
2025-06-17 23:45:00,B003,204.84,55.5
2025-06-18 00:00:00,B003,212.03,55.2
2025-06-18 00:15:00,B003,216.9,49.6
2025-06-18 00:30:00,B003,242.25,49.4
2025-06-18 00:45:00,B003,250.45,49.3
2025-06-18 01:00:00,B003,255.07,49.2
2025-06-18 01:15:00,B003,254.94,49.2
2025-06-18 01:30:00,B003,274.19,49.2
2025-06-18 01:45:00,B003,267.0,49.3
2025-06-18 02:00:00,B003,268.65,49.5
2025-06-18 02:15:00,B003,275.94,49.7
2025-06-18 02:30:00,B003,268.43,50.0
2025-06-18 02:45:00,B003,270.43,50.4
2025-06-18 03:00:00,B003,253.31,50.8
2025-06-18 03:15:00,B003,241.61,51.3
2025-06-18 03:30:00,B003,231.53,51.8
2025-06-18 03:45:00,B003,216.34,52.4
2025-06-18 04:00:00,B003,215.61,53.0
2025-06-18 04:15:00,B003,214.94,53.7
2025-06-18 04:30:00,B003,205.44,54.4
2025-06-18 04:45:00,B003,196.87,55.2
2025-06-18 05:00:00,B003,187.21,56.0
2025-06-18 05:15:00,B003,189.74,56.8
2025-06-18 05:30:00,B003,190.98,57.7
2025-06-18 05:45:00,B003,186.11,58.6
2025-06-18 06:00:00,B003,183.4,59.5
2025-06-18 06:15:00,B003,177.64,60.5
2025-06-18 06:30:00,B003,185.34,61.4
2025-06-18 06:45:00,B003,164.94,62.4
2025-06-18 07:00:00,B003,182.26,63.4
2025-06-18 07:15:00,B003,193.05,64.4
2025-06-18 07:30:00,B003,172.57,65.3
2025-06-18 07:45:00,B003,178.85,66.3
2025-06-18 08:00:00,B003,179.99,67.3
2025-06-18 08:15:00,B003,177.7,68.2
2025-06-18 08:30:00,B003,185.19,69.2
2025-06-18 08:45:00,B003,182.37,70.1
2025-06-18 09:00:00,B003,180.76,71.0
2025-06-18 09:15:00,B003,183.99,71.8
2025-06-18 09:30:00,B003,180.08,72.7
2025-06-18 09:45:00,B003,195.9,73.5
2025-06-18 10:00:00,B003,180.76,74.2
2025-06-18 10:15:00,B003,180.98,74.9
2025-06-18 10:30:00,B003,171.45,75.6
2025-06-18 10:45:00,B003,177.28,76.2
2025-06-18 11:00:00,B003,185.74,76.7
2025-06-18 11:15:00,B003,173.32,77.3
2025-06-18 11:30:00,B003,169.21,77.7
2025-06-18 11:45:00,B003,180.16,78.1
2025-06-18 12:00:00,B003,186.85,78.4
2025-06-18 12:15:00,B003,180.21,78.7
2025-06-18 12:30:00,B003,178.32,78.9
2025-06-18 12:45:00,B003,170.71,79.1
2025-06-18 13:00:00,B003,182.26,79.1
2025-06-18 13:15:00,B003,183.31,79.2
2025-06-18 13:30:00,B003,171.09,79.1
2025-06-18 13:45:00,B003,185.67,79.0
2025-06-18 14:00:00,B003,183.83,78.8
2025-06-18 14:15:00,B003,185.66,78.6
2025-06-18 14:30:00,B003,182.92,78.3
2025-06-18 14:45:00,B003,183.27,77.9
2025-06-18 15:00:00,B003,182.6,77.5
2025-06-18 15:15:00,B003,184.34,77.1
2025-06-18 15:30:00,B003,170.91,76.5
2025-06-18 15:45:00,B003,172.49,75.9
2025-06-18 16:00:00,B003,176.32,75.3
2025-06-18 16:15:00,B003,179.35,74.6
2025-06-18 16:30:00,B003,181.94,73.9
2025-06-18 16:45:00,B003,181.62,73.1
2025-06-18 17:00:00,B003,185.59,72.3
2025-06-18 17:15:00,B003,185.74,71.5
2025-06-18 17:30:00,B003,175.64,70.6
2025-06-18 17:45:00,B003,181.19,69.7
2025-06-18 18:00:00,B003,175.76,68.8
2025-06-18 18:15:00,B003,179.06,67.9
2025-06-18 18:30:00,B003,181.61,66.9
2025-06-18 18:45:00,B003,162.96,65.9
2025-06-18 19:00:00,B003,192.06,64.9
2025-06-18 19:15:00,B003,182.84,64.0
2025-06-18 19:30:00,B003,177.03,63.0
2025-06-18 19:45:00,B003,189.65,62.0
2025-06-18 20:00:00,B003,178.29,61.0
2025-06-18 20:15:00,B003,180.72,60.1
2025-06-18 20:30:00,B003,177.67,59.2
2025-06-18 20:45:00,B003,188.46,58.2
2025-06-18 21:00:00,B003,179.82,57.4
2025-06-18 21:15:00,B003,181.35,56.5
2025-06-18 21:30:00,B003,187.02,55.7
2025-06-18 21:45:00,B003,184.55,54.9
2025-06-18 22:00:00,B003,182.3,54.1
2025-06-18 22:15:00,B003,189.51,53.4
2025-06-18 22:30:00,B003,198.61,52.8
2025-06-18 22:45:00,B003,190.19,52.1
2025-06-18 23:00:00,B003,192.76,51.6
2025-06-18 23:15:00,B003,197.62,51.1
2025-06-18 23:30:00,B003,208.99,50.6
2025-06-18 23:45:00,B003,206.22,50.2
2025-06-19 00:00:00,B003,215.61,49.9
2025-06-19 00:15:00,B003,217.88,57.0
2025-06-19 00:30:00,B003,228.67,56.8
2025-06-19 00:45:00,B003,241.01,56.6
2025-06-19 01:00:00,B003,251.79,56.5
2025-06-19 01:15:00,B003,268.27,56.5
2025-06-19 01:30:00,B003,267.82,56.6
2025-06-19 01:45:00,B003,264.2,56.7
2025-06-19 02:00:00,B003,266.36,56.8
2025-06-19 02:15:00,B003,275.63,57.1
2025-06-19 02:30:00,B003,270.77,57.4
2025-06-19 02:45:00,B003,259.57,57.7
2025-06-19 03:00:00,B003,249.85,58.1
2025-06-19 03:15:00,B003,249.22,58.6
2025-06-19 03:30:00,B003,229.62,59.2
2025-06-19 03:45:00,B003,227.53,59.7
2025-06-19 04:00:00,B003,228.36,60.4
2025-06-19 04:15:00,B003,210.25,61.0
2025-06-19 04:30:00,B003,198.56,61.8
2025-06-19 04:45:00,B003,198.82,62.5
2025-06-19 05:00:00,B003,189.83,63.3
2025-06-19 05:15:00,B003,181.64,64.2
2025-06-19 05:30:00,B003,189.42,65.1
2025-06-19 05:45:00,B003,189.54,66.0
2025-06-19 06:00:00,B003,181.02,66.9
2025-06-19 06:15:00,B003,179.74,67.8
2025-06-19 06:30:00,B003,176.19,68.8
2025-06-19 06:45:00,B003,179.85,69.8
2025-06-19 07:00:00,B003,177.54,70.7
2025-06-19 07:15:00,B003,175.14,71.7
2025-06-19 07:30:00,B003,189.57,72.7
2025-06-19 07:45:00,B003,182.39,73.7
2025-06-19 08:00:00,B003,182.89,74.6
2025-06-19 08:15:00,B003,184.43,75.6
2025-06-19 08:30:00,B003,183.86,76.5
2025-06-19 08:45:00,B003,177.94,77.4
2025-06-19 09:00:00,B003,181.36,78.3
2025-06-19 09:15:00,B003,178.66,79.2
2025-06-19 09:30:00,B003,182.19,80.0
2025-06-19 09:45:00,B003,181.71,80.8
2025-06-19 10:00:00,B003,178.09,81.6
2025-06-19 10:15:00,B003,173.35,82.3
2025-06-19 10:30:00,B003,180.73,82.9
2025-06-19 10:45:00,B003,178.98,83.5
2025-06-19 11:00:00,B003,170.55,84.1
2025-06-19 11:15:00,B003,182.54,84.6
2025-06-19 11:30:00,B003,184.83,85.1
2025-06-19 11:45:00,B003,192.64,85.4
2025-06-19 12:00:00,B003,178.04,85.8
2025-06-19 12:15:00,B003,177.31,86.1
2025-06-19 12:30:00,B003,174.45,86.3
2025-06-19 12:45:00,B003,181.04,86.4
2025-06-19 13:00:00,B003,181.01,86.5
2025-06-19 13:15:00,B003,175.94,86.5
2025-06-19 13:30:00,B003,179.13,86.5
2025-06-19 13:45:00,B003,170.11,86.4
2025-06-19 14:00:00,B003,184.63,86.2
2025-06-19 14:15:00,B003,176.15,86.0
2025-06-19 14:30:00,B003,179.83,85.7
2025-06-19 14:45:00,B003,172.87,85.3
2025-06-19 15:00:00,B003,177.09,84.9
2025-06-19 15:15:00,B003,178.6,84.4
2025-06-19 15:30:00,B003,179.94,83.9
2025-06-19 15:45:00,B003,182.4,83.3
2025-06-19 16:00:00,B003,187.2,82.7
2025-06-19 16:15:00,B003,183.66,82.0
2025-06-19 16:30:00,B003,184.81,81.3
2025-06-19 16:45:00,B003,187.23,80.5
2025-06-19 17:00:00,B003,182.85,79.7
2025-06-19 17:15:00,B003,179.82,78.8
2025-06-19 17:30:00,B003,185.05,78.0
2025-06-19 17:45:00,B003,185.37,77.1
2025-06-19 18:00:00,B003,183.24,76.1
2025-06-19 18:15:00,B003,172.73,75.2
2025-06-19 18:30:00,B003,175.79,74.2
2025-06-19 18:45:00,B003,178.63,73.3
2025-06-19 19:00:00,B003,183.9,72.3
2025-06-19 19:15:00,B003,179.9,71.3
2025-06-19 19:30:00,B003,185.69,70.3
2025-06-19 19:45:00,B003,186.59,69.4
2025-06-19 20:00:00,B003,186.03,68.4
2025-06-19 20:15:00,B003,186.09,67.4
2025-06-19 20:30:00,B003,174.92,66.5
2025-06-19 20:45:00,B003,182.61,65.6
2025-06-19 21:00:00,B003,177.31,64.7
2025-06-19 21:15:00,B003,172.35,63.8
2025-06-19 21:30:00,B003,179.56,63.0
2025-06-19 21:45:00,B003,188.25,62.2
2025-06-19 22:00:00,B003,184.87,61.5
2025-06-19 22:15:00,B003,194.04,60.8
2025-06-19 22:30:00,B003,186.8,60.1
2025-06-19 22:45:00,B003,200.85,59.5
2025-06-19 23:00:00,B003,193.07,58.9
2025-06-19 23:15:00,B003,196.88,58.4
2025-06-19 23:30:00,B003,196.04,58.0
2025-06-19 23:45:00,B003,214.77,57.6
2025-06-20 00:00:00,B003,214.49,57.2
2025-06-20 00:15:00,B003,222.33,53.3
2025-06-20 00:30:00,B003,240.99,53.1
2025-06-20 00:45:00,B003,249.39,52.9
2025-06-20 01:00:00,B003,257.73,52.8
2025-06-20 01:15:00,B003,257.61,52.8
2025-06-20 01:30:00,B003,264.88,52.8
2025-06-20 01:45:00,B003,268.46,53.0
2025-06-20 02:00:00,B003,273.91,53.1
2025-06-20 02:15:00,B003,276.53,53.4
2025-06-20 02:30:00,B003,266.98,53.7
2025-06-20 02:45:00,B003,269.3,54.0
2025-06-20 03:00:00,B003,256.55,54.4
2025-06-20 03:15:00,B003,242.42,54.9
2025-06-20 03:30:00,B003,238.73,55.4
2025-06-20 03:45:00,B003,234.1,56.0
2025-06-20 04:00:00,B003,226.99,56.7
2025-06-20 04:15:00,B003,215.15,57.3
2025-06-20 04:30:00,B003,202.57,58.1
2025-06-20 04:45:00,B003,195.68,58.8
2025-06-20 05:00:00,B003,195.06,59.6
2025-06-20 05:15:00,B003,196.98,60.5
2025-06-20 05:30:00,B003,188.08,61.3
2025-06-20 05:45:00,B003,186.23,62.2
2025-06-20 06:00:00,B003,182.83,63.2
2025-06-20 06:15:00,B003,179.99,64.1
2025-06-20 06:30:00,B003,180.19,65.1
2025-06-20 06:45:00,B003,181.28,66.0
2025-06-20 07:00:00,B003,188.94,67.0
2025-06-20 07:15:00,B003,179.0,68.0
2025-06-20 07:30:00,B003,180.37,69.0
2025-06-20 07:45:00,B003,175.73,70.0
2025-06-20 08:00:00,B003,183.61,70.9
2025-06-20 08:15:00,B003,186.85,71.9
2025-06-20 08:30:00,B003,188.13,72.8
2025-06-20 08:45:00,B003,181.02,73.7
2025-06-20 09:00:00,B003,182.87,74.6
2025-06-20 09:15:00,B003,179.23,75.5
2025-06-20 09:30:00,B003,182.64,76.3
2025-06-20 09:45:00,B003,181.57,77.1
2025-06-20 10:00:00,B003,180.29,77.8
2025-06-20 10:15:00,B003,180.69,78.5
2025-06-20 10:30:00,B003,182.26,79.2
2025-06-20 10:45:00,B003,178.53,79.8
2025-06-20 11:00:00,B003,178.79,80.4
2025-06-20 11:15:00,B003,188.54,80.9
2025-06-20 11:30:00,B003,193.55,81.3
2025-06-20 11:45:00,B003,173.98,81.7
2025-06-20 12:00:00,B003,173.7,82.1
2025-06-20 12:15:00,B003,175.21,82.3
2025-06-20 12:30:00,B003,179.48,82.5
2025-06-20 12:45:00,B003,184.48,82.7
2025-06-20 13:00:00,B003,182.96,82.8
2025-06-20 13:15:00,B003,180.86,82.8
2025-06-20 13:30:00,B003,182.64,82.8
2025-06-20 13:45:00,B003,176.54,82.6
2025-06-20 14:00:00,B003,178.78,82.5
2025-06-20 14:15:00,B003,179.9,82.2
2025-06-20 14:30:00,B003,172.08,81.9
2025-06-20 14:45:00,B003,174.19,81.6
2025-06-20 15:00:00,B003,174.39,81.2
2025-06-20 15:15:00,B003,183.82,80.7
2025-06-20 15:30:00,B003,181.23,80.2
2025-06-20 15:45:00,B003,183.06,79.6
2025-06-20 16:00:00,B003,170.8,78.9
2025-06-20 16:15:00,B003,172.58,78.3
2025-06-20 16:30:00,B003,183.32,77.5
2025-06-20 16:45:00,B003,166.11,76.8
2025-06-20 17:00:00,B003,186.12,76.0
2025-06-20 17:15:00,B003,170.88,75.1
2025-06-20 17:30:00,B003,184.22,74.3
2025-06-20 17:45:00,B003,175.56,73.4
2025-06-20 18:00:00,B003,185.24,72.4
2025-06-20 18:15:00,B003,196.04,71.5
2025-06-20 18:30:00,B003,168.63,70.5
2025-06-20 18:45:00,B003,183.48,69.6
2025-06-20 19:00:00,B003,170.96,68.6
2025-06-20 19:15:00,B003,182.14,67.6
2025-06-20 19:30:00,B003,178.97,66.6
2025-06-20 19:45:00,B003,180.66,65.6
2025-06-20 20:00:00,B003,175.47,64.7
2025-06-20 20:15:00,B003,183.96,63.7
2025-06-20 20:30:00,B003,172.87,62.8
2025-06-20 20:45:00,B003,186.41,61.9
2025-06-20 21:00:00,B003,178.3,61.0
2025-06-20 21:15:00,B003,173.58,60.1
2025-06-20 21:30:00,B003,188.97,59.3
2025-06-20 21:45:00,B003,181.29,58.5
2025-06-20 22:00:00,B003,192.11,57.8
2025-06-20 22:15:00,B003,190.06,57.1
2025-06-20 22:30:00,B003,181.92,56.4
2025-06-20 22:45:00,B003,188.18,55.8
2025-06-20 23:00:00,B003,192.79,55.2
2025-06-20 23:15:00,B003,204.4,54.7
2025-06-20 23:30:00,B003,204.63,54.3
2025-06-20 23:45:00,B003,210.1,53.9
2025-06-21 00:00:00,B003,216.0,53.5
2025-06-21 00:15:00,B003,225.32,52.7
2025-06-21 00:30:00,B003,241.11,52.5
2025-06-21 00:45:00,B003,243.62,52.4
2025-06-21 01:00:00,B003,250.09,52.3
2025-06-21 01:15:00,B003,256.6,52.3
2025-06-21 01:30:00,B003,262.37,52.3
2025-06-21 01:45:00,B003,261.75,52.4
2025-06-21 02:00:00,B003,266.25,52.6
2025-06-21 02:15:00,B003,276.25,52.8
2025-06-21 02:30:00,B003,264.1,53.1
2025-06-21 02:45:00,B003,262.95,53.5
2025-06-21 03:00:00,B003,239.67,53.9
2025-06-21 03:15:00,B003,246.44,54.4
2025-06-21 03:30:00,B003,233.78,54.9
2025-06-21 03:45:00,B003,223.16,55.5
2025-06-21 04:00:00,B003,217.9,56.1
2025-06-21 04:15:00,B003,206.74,56.8
2025-06-21 04:30:00,B003,191.82,57.5
2025-06-21 04:45:00,B003,201.38,58.3
2025-06-21 05:00:00,B003,193.4,59.1
2025-06-21 05:15:00,B003,187.04,59.9
2025-06-21 05:30:00,B003,181.08,60.8
2025-06-21 05:45:00,B003,176.61,61.7
2025-06-21 06:00:00,B003,183.69,62.6
2025-06-21 06:15:00,B003,189.69,63.6
2025-06-21 06:30:00,B003,182.02,64.5
2025-06-21 06:45:00,B003,173.68,65.5
2025-06-21 07:00:00,B003,181.47,66.5
2025-06-21 07:15:00,B003,179.93,67.5
2025-06-21 07:30:00,B003,184.43,68.4
2025-06-21 07:45:00,B003,183.09,69.4
2025-06-21 08:00:00,B003,165.1,70.4
2025-06-21 08:15:00,B003,182.74,71.3
2025-06-21 08:30:00,B003,174.99,72.3
2025-06-21 08:45:00,B003,172.89,73.2
2025-06-21 09:00:00,B003,179.06,74.1
2025-06-21 09:15:00,B003,182.06,74.9
2025-06-21 09:30:00,B003,171.8,75.8
2025-06-21 09:45:00,B003,183.52,76.5
2025-06-21 10:00:00,B003,183.82,77.3
2025-06-21 10:15:00,B003,180.23,78.0
2025-06-21 10:30:00,B003,175.66,78.7
2025-06-21 10:45:00,B003,175.1,79.3
2025-06-21 11:00:00,B003,185.13,79.8
2025-06-21 11:15:00,B003,172.44,80.3
2025-06-21 11:30:00,B003,185.32,80.8
2025-06-21 11:45:00,B003,179.17,81.2
2025-06-21 12:00:00,B003,179.52,81.5
2025-06-21 12:15:00,B003,171.46,81.8
2025-06-21 12:30:00,B003,179.27,82.0
2025-06-21 12:45:00,B003,183.07,82.2
2025-06-21 13:00:00,B003,173.32,82.2
2025-06-21 13:15:00,B003,182.49,82.3
2025-06-21 13:30:00,B003,180.45,82.2
2025-06-21 13:45:00,B003,176.78,82.1
2025-06-21 14:00:00,B003,184.27,81.9
2025-06-21 14:15:00,B003,168.99,81.7
2025-06-21 14:30:00,B003,181.73,81.4
2025-06-21 14:45:00,B003,188.1,81.0
2025-06-21 15:00:00,B003,187.2,80.6
2025-06-21 15:15:00,B003,181.95,80.2
2025-06-21 15:30:00,B003,178.49,79.6
2025-06-21 15:45:00,B003,176.82,79.0
2025-06-21 16:00:00,B003,178.49,78.4
2025-06-21 16:15:00,B003,182.72,77.7
2025-06-21 16:30:00,B003,175.96,77.0
2025-06-21 16:45:00,B003,183.79,76.2
2025-06-21 17:00:00,B003,190.67,75.4
2025-06-21 17:15:00,B003,179.69,74.6
2025-06-21 17:30:00,B003,173.28,73.7
2025-06-21 17:45:00,B003,173.28,72.8
2025-06-21 18:00:00,B003,183.88,71.9
2025-06-21 18:15:00,B003,179.7,71.0
2025-06-21 18:30:00,B003,184.38,70.0
2025-06-21 18:45:00,B003,177.33,69.0
2025-06-21 19:00:00,B003,184.15,68.0
2025-06-21 19:15:00,B003,179.21,67.1
2025-06-21 19:30:00,B003,176.35,66.1
2025-06-21 19:45:00,B003,178.01,65.1
2025-06-21 20:00:00,B003,174.04,64.1
2025-06-21 20:15:00,B003,190.0,63.2
2025-06-21 20:30:00,B003,179.63,62.3
2025-06-21 20:45:00,B003,183.42,61.3
2025-06-21 21:00:00,B003,177.66,60.5
2025-06-21 21:15:00,B003,175.34,59.6
2025-06-21 21:30:00,B003,179.83,58.8
2025-06-21 21:45:00,B003,187.13,58.0
2025-06-21 22:00:00,B003,179.97,57.2
2025-06-21 22:15:00,B003,179.6,56.5
2025-06-21 22:30:00,B003,186.69,55.9
2025-06-21 22:45:00,B003,191.1,55.2
2025-06-21 23:00:00,B003,200.39,54.7
2025-06-21 23:15:00,B003,198.53,54.2
2025-06-21 23:30:00,B003,205.66,53.7
2025-06-21 23:45:00,B003,212.82,53.3
2025-06-22 00:00:00,B003,211.24,53.0
