entity_id,date,mean_demand_kw,maximum_demand_kw,minimum_demand_kw,daily_energy_kwh,peak_time,load_factor,peak_to_average_ratio,standard_deviation_kw,coefficient_of_variation,is_complete_day
Portfolio,2024-07-29,735.8070588235292,880.08,665.28,9381.539999999997,14:00:00,0.8360683788104822,1.1960744184856646,71.4870083663911,0.09715455635977534,False
Portfolio,2024-07-30,715.2308333333334,896.64,668.48,17165.54,13:30:00,0.7976789272543422,1.253637229006486,65.35091748506942,0.09137038622971755,True
Portfolio,2024-07-31,732.3983333333334,867.44,656.48,17577.56,14:45:00,0.8443216053367765,1.1843828153623142,35.26678254217689,0.04815246149136998,True
Portfolio,2024-08-01,722.86,856.16,658.88,17348.64,23:00:00,0.8443048028405906,1.1844063857455107,50.485457374533006,0.06984126577004261,True
Portfolio,2024-08-02,749.6033333333334,830.56,644.56,17990.48,09:15:00,0.902527611892378,1.1079993418741467,34.488475532580495,0.04600896767523334,True
Portfolio,2024-08-03,656.4033333333333,834.64,633.84,15753.68,14:15:00,0.7864508450749225,1.2715352857237165,31.702067628623606,0.04829662803148005,True
Portfolio,2024-08-04,643.7891666666667,658.72,626.4,15450.94,09:45:00,0.9773335661080075,1.0231921164667004,6.762712577324924,0.0105045454746312,True
Portfolio,2024-08-05,698.4641666666666,879.2,639.44,16763.14,20:00:00,0.7944314907491659,1.2587617832935836,55.2352895523308,0.07908106412378225,True
Portfolio,2024-08-06,782.7225,876.08,664.24,18785.34,04:15:00,0.8934372431741393,1.119272794636669,47.63659126520727,0.060860127650868956,True
Portfolio,2024-08-07,742.5916666666666,882.16,663.12,17822.199999999997,15:45:00,0.8417879598561107,1.187947615894783,33.150213484004716,0.044641240902700746,True
Portfolio,2024-08-08,749.5866666666666,817.84,653.28,17990.079999999998,13:45:00,0.9165443933613745,1.0910546256603642,36.39649105894013,0.048555414173509136,True
Portfolio,2024-08-09,753.6225000000001,777.2,734.16,18086.940000000002,10:15:00,0.9696635357694288,1.0312855574243072,8.860619557760534,0.011757371306934883,True
Portfolio,2024-08-10,643.7191666666666,708.4,603.28,15449.259999999998,00:00:00,0.9086944758140411,1.100479893535354,24.656781694064865,0.03830363141390311,True
Portfolio,2024-08-11,576.9499999999999,620.8,545.04,13846.8,00:00:00,0.9293653350515464,1.0760031198544069,13.805253614780895,0.023927989626104335,True
Portfolio,2024-08-12,589.21,644.24,527.68,14141.04,14:45:00,0.9145815224140073,1.0933962424262995,23.618264475657508,0.04008462937773885,True
Portfolio,2024-08-13,580.4533333333334,632.8,528.48,13930.880000000001,12:30:00,0.9172777075431944,1.090182386180916,21.055882471809788,0.0362748928512366,True
Portfolio,2024-08-14,587.0524999999999,654.0,522.88,14089.259999999998,11:45:00,0.8976337920489295,1.114040056042688,29.682741432478377,0.050562328637521144,True
Portfolio,2024-08-15,600.205,651.44,544.88,14404.92,13:30:00,0.921351160505956,1.085362501145442,28.296517918567112,0.047144755406181404,True
Portfolio,2024-08-16,622.1,682.08,568.24,14930.4,13:45:00,0.91206310110251,1.096415367304292,26.309259046559013,0.042291044922936845,True
Portfolio,2024-08-17,652.0833333333334,783.76,580.24,15650.0,15:30:00,0.8319936375080808,1.2019322683706068,47.63225008037411,0.07304626210408809,True
Portfolio,2024-08-18,656.805,689.36,620.08,15763.32,17:30:00,0.9527750377161425,1.0495657006265178,15.956592961762498,0.024294262317982505,True
Portfolio,2024-08-19,659.875,729.68,586.4,15837.0,11:45:00,0.9043347768884992,1.105785186588369,39.9800132171327,0.060587252460136694,True
Portfolio,2024-08-20,602.9291666666667,678.48,368.32,14470.300000000001,15:00:00,0.8886469264630743,1.1253063170770474,54.16937040269678,0.08984367218818702,True
Portfolio,2024-08-21,526.835,765.92,367.92,12644.04,10:30:00,0.6878459891372468,1.4538138126737972,124.06119552780989,0.23548396656981765,True
Portfolio,2024-08-22,557.0158333333333,699.6,370.56,13368.38,13:15:00,0.796191871545645,1.2559786600919485,118.87370507937507,0.21341171644619633,True
Portfolio,2024-08-23,609.6408333333333,697.28,532.4,14631.379999999997,14:45:00,0.8743128059507419,1.143755407897273,42.552307963052435,0.06979897939314396,True
Portfolio,2024-08-24,592.1650000000001,632.72,549.76,14211.960000000001,15:45:00,0.9359037172841068,1.0684859794145212,18.682751290681832,0.03154990803354104,True
Portfolio,2024-08-25,597.0133333333333,631.2,560.48,14328.32,16:30:00,0.9458386142796789,1.0572628193675184,17.36978493741157,0.02909446735541066,True
Portfolio,2024-08-26,700.5949999999999,816.24,577.76,16814.28,14:00:00,0.8583198569048318,1.1650668360465035,77.74212470523437,0.11096585717173886,True
Portfolio,2024-08-27,715.5083333333332,789.6,652.72,17172.199999999997,15:30:00,0.9061655690645051,1.1035510883870443,40.571320299901416,0.05670279214064792,True
Portfolio,2024-08-28,828.5050000000001,945.44,688.8,19884.120000000003,14:45:00,0.8763168471822644,1.1411397637914074,73.78633101198709,0.08905960858653487,True
Portfolio,2024-08-29,854.0116666666667,1026.96,720.16,20496.279999999995,12:00:00,0.8315919477551867,1.2025128462335606,89.97944315718559,0.10536090626067043,True
Portfolio,2024-08-30,774.8258333333333,853.04,733.76,18595.82,11:45:00,0.9083112554315547,1.1009441906837127,31.41458942548717,0.04054406561322341,True
Portfolio,2024-08-31,702.3141666666667,743.36,655.52,16855.54,00:15:00,0.9447833710001434,1.0584436926968819,26.668072441016392,0.03797171366710253,True
Portfolio,2024-09-01,716.7158333333333,743.68,678.08,17201.18,21:45:00,0.9637422457687894,1.0376218375716084,20.460412902489306,0.028547454864128123,True
Portfolio,2024-09-02,637.0966666666667,730.72,582.72,15290.32,00:45:00,0.8718752280855412,1.1469531049709882,41.97035772684453,0.06587753463918798,True
Portfolio,2024-09-03,638.0858333333333,740.0,546.48,15314.06,15:30:00,0.8622781531531531,1.1597185854045238,61.46931454699322,0.09633392771922254,True
Portfolio,2024-09-04,569.07,808.48,393.84,13657.68,11:45:00,0.7038764100534336,1.4207039555766425,133.09587901406383,0.23388314093883672,True
Portfolio,2024-09-05,671.495,782.24,440.32,16115.88,16:00:00,0.8584258028226631,1.1649230448476906,80.20033888890207,0.1194354967481546,True
Portfolio,2024-09-06,680.1216666666667,761.92,607.36,16322.92,12:45:00,0.8926418346633068,1.1202701477431734,37.3098123023299,0.0548575558328974,True
Portfolio,2024-09-07,615.6016666666667,668.96,556.64,14774.44,00:00:00,0.9202368851152036,1.0866767200651937,26.330449959841545,0.04277189518087975,True
Portfolio,2024-09-08,567.5375,617.52,520.16,13620.9,17:45:00,0.9190593017230212,1.0880690703257494,27.55224598734863,0.04854700524167765,True
Portfolio,2024-09-09,638.9825000000001,743.52,534.88,15335.58,11:15:00,0.8594018990746719,1.1635999420954406,66.47835549615893,0.10403783436347462,True
Portfolio,2024-09-10,640.89,737.36,453.36,15381.360000000002,15:15:00,0.8691683845068894,1.150525051100813,76.61616616546887,0.11954651526076061,True
Portfolio,2024-09-11,678.4241666666667,783.6,580.24,16282.18,13:00:00,0.8657786710906925,1.1550296090572638,65.54835566072242,0.09661854468242816,True
Portfolio,2024-09-12,687.2666666666668,777.68,606.4,16494.4,15:30:00,0.8837396701299594,1.1315549519837034,50.560220741245864,0.07356710749041497,True
Portfolio,2024-09-13,672.1625,779.36,594.08,16131.9,14:15:00,0.8624544498049682,1.1594815241849998,42.865104173318805,0.06377193635961365,True
Portfolio,2024-09-14,626.9633333333333,659.68,580.0,15047.119999999999,01:30:00,0.9504052469884388,1.0521827432757898,15.693205681485333,0.02503049994654446,True
Portfolio,2024-09-15,606.2341666666666,648.56,554.48,14549.619999999999,15:45:00,0.9347387545742363,1.0698176309759293,22.990406404991337,0.037923310280254204,True
Portfolio,2024-09-16,645.5066666666667,749.28,426.24,15492.16,13:30:00,0.8615025980496833,1.160762605085411,68.53609573243587,0.1061741098451385,True
Portfolio,2024-09-17,619.2608333333333,955.84,351.68,14862.259999999998,19:15:00,0.6478708082245285,1.543517607685507,144.06063366489064,0.23263320705985333,True
Portfolio,2024-09-18,760.2191666666666,932.72,693.04,18245.26,14:00:00,0.8150561440375103,1.226909345221718,59.297802846784634,0.07800093110883766,True
Portfolio,2024-09-19,696.1691666666667,831.68,452.72,16708.06,15:15:00,0.8370637344491472,1.194652161890728,111.4714299546765,0.16012118216670493,True
Portfolio,2024-09-20,703.2524999999999,811.76,464.08,16878.059999999998,14:45:00,0.8663305656844387,1.154293799168862,67.77184145894843,0.09636914402572111,True
Portfolio,2024-09-21,685.2833333333333,731.76,635.04,16446.8,17:30:00,0.9364864618636347,1.0678210958970742,27.643668073564395,0.040339034569979906,True
Portfolio,2024-09-22,650.6175,709.84,609.84,15614.82,00:00:00,0.9165692268680264,1.091025064650121,17.696534123946417,0.027199597496142387,True
Portfolio,2024-09-23,669.8133333333334,772.96,587.04,16075.52,15:00:00,0.8665562685434348,1.1539931523210447,54.25312266863766,0.08099737638641262,True
Portfolio,2024-09-24,658.705,769.84,575.2,15808.920000000002,14:45:00,0.8556388340434377,1.1687174076407496,56.282353820526616,0.08544394504448366,True
Portfolio,2024-09-25,719.3083333333334,838.56,582.32,17263.4,15:00:00,0.8577899414869937,1.1657865773833658,83.575009091004,0.1161880173189578,True
Portfolio,2024-09-26,807.5691666666668,1005.2,716.56,19381.66,13:00:00,0.8033915307069904,1.2447231042129516,65.63765221861557,0.08127805632988988,True
Portfolio,2024-09-27,806.5008333333332,903.04,737.52,19356.019999999997,13:15:00,0.8930953593786911,1.11970126089971,48.59056247259861,0.06024862029189714,True
Portfolio,2024-09-28,747.2383333333333,814.88,702.16,17933.720000000005,00:00:00,0.9169918679232935,1.090522211788742,28.608045635585093,0.03828503485356313,True
Portfolio,2024-09-29,673.7658333333334,737.68,636.16,16170.380000000001,01:45:00,0.9133578697176735,1.0948610978839086,29.041003885311312,0.04310251789057966,True
Portfolio,2024-09-30,708.8074999999999,834.48,598.72,17011.379999999997,15:30:00,0.8494002252900008,1.1773013124155713,63.750397563259824,0.08994035413459908,True
Portfolio,2024-10-01,744.395,845.6,630.16,17865.48,13:45:00,0.880315752128666,1.1359560448417843,59.360604692621564,0.07974342209797428,True
Portfolio,2024-10-02,729.7066666666668,842.56,627.2,17512.960000000003,15:15:00,0.8660589948094698,1.1546557520830285,58.53555965873567,0.08021793185216296,True
Portfolio,2024-10-03,698.0558333333332,802.72,586.72,16753.339999999997,15:30:00,0.8696131071025179,1.14993666934474,54.1555786049331,0.07758058312661203,True
Portfolio,2024-10-04,683.7158333333333,757.52,634.32,16409.18,10:45:00,0.9025713292498327,1.1079456743115743,28.76441279617527,0.04207071329025622,True
Portfolio,2024-10-05,628.0099999999999,715.6,563.44,15072.239999999998,05:15:00,0.8775992174399103,1.139472301396475,33.15968585972716,0.05280120676378906,True
Portfolio,2024-10-06,633.0383333333333,684.96,565.28,15192.92,17:15:00,0.9241975200498325,1.0820197828988767,33.65867954587539,0.0531700495428798,True
Portfolio,2024-10-07,705.5633333333334,795.04,620.08,16933.52,12:00:00,0.8874563963238749,1.1268159248638203,50.143500909976076,0.07106874541379617,True
Portfolio,2024-10-08,674.7616666666667,764.56,581.68,16194.28,14:45:00,0.8825490042202924,1.1330815571917985,52.67400850447803,0.07806313118628755,True
Portfolio,2024-10-09,647.0600000000001,775.04,557.84,15529.44,12:45:00,0.8348730388109002,1.1977869131147032,55.87868001304254,0.08635780300596936,True
Portfolio,2024-10-10,641.1541666666667,722.08,535.36,15387.7,15:00:00,0.8879267763498042,1.1262189930918851,55.30284332019689,0.0862551414236517,True
Portfolio,2024-10-11,630.9508333333333,717.92,570.8,15142.82,13:15:00,0.8788595293811753,1.1378382626221535,35.950714088996506,0.05697863001316242,True
Portfolio,2024-10-12,631.8558333333334,691.6,565.44,15164.54,15:45:00,0.9136145652593022,1.0945534780481305,38.3514370462017,0.060696499142660496,True
Portfolio,2024-10-13,585.8175,648.8,522.48,14059.62,00:00:00,0.9029246300863133,1.1075121518220263,37.05368068939412,0.06325123556294258,True
Portfolio,2024-10-14,551.2333333333333,613.6,511.68,13229.6,00:30:00,0.8983594089526293,1.1131402309971579,25.25511811251717,0.04581565842507801,True
Portfolio,2024-10-15,502.67,573.6,426.64,12064.08,08:00:00,0.8763423988842399,1.1411064913362643,38.46447438187196,0.07652033020047339,True
Portfolio,2024-10-16,477.5683333333333,554.56,434.64,11461.639999999998,09:30:00,0.8611662098480478,1.1612160214419576,33.82500995189231,0.070827581292504,True
Portfolio,2024-10-17,466.2925,558.96,397.68,11191.02,10:30:00,0.8342144339487619,1.1987325552094448,41.56309428225706,0.08913524082471208,True
Portfolio,2024-10-18,511.4066666666667,778.88,423.28,12273.76,12:30:00,0.6565923719528897,1.5230149522232794,94.91294478478316,0.1855919192517041,True
Portfolio,2024-10-19,475.79416666666674,685.44,374.24,11419.060000000001,14:45:00,0.6941441507158419,1.440622958457176,86.37676002827645,0.1815422846257603,True
Portfolio,2024-10-20,490.69083333333333,625.68,367.44,11776.58,11:15:00,0.7842520670843456,1.2751002413264292,59.74556479758523,0.12175806177532404,True
Portfolio,2024-10-21,571.4275,719.2,436.08,13714.26,10:15:00,0.7945321190211345,1.258602359879425,77.68597154401071,0.1359507051095908,True
Portfolio,2024-10-22,598.0108333333333,745.36,372.4,14352.259999999998,13:45:00,0.8023114110407498,1.246398824993416,116.55729166078906,0.1949083280165589,True
Portfolio,2024-10-23,605.5166666666668,754.4,398.96,14532.400000000001,10:15:00,0.8026466949452105,1.245878175662657,91.5759864945835,0.15123611212669646,True
Portfolio,2024-10-24,549.7316666666667,693.44,371.44,13193.56,15:00:00,0.7927602484233195,1.26141541782506,106.8009862231881,0.19427839562305507,True
Portfolio,2024-10-25,437.16833333333335,712.88,358.48,10492.04,15:00:00,0.6132425279616953,1.63067620786806,70.35109639166096,0.16092450213684498,True
Portfolio,2024-10-26,458.9391666666667,639.36,345.6,11014.54,06:30:00,0.7178102581748416,1.3931258136971674,64.23324260957368,0.13996025459345265,True
Portfolio,2024-10-27,416.63166666666666,486.96,369.92,9999.16,00:30:00,0.8555767756420788,1.168802179383068,28.30147828263492,0.06792925393565441,True
Portfolio,2024-10-28,435.4925,532.0,370.08,10451.82,09:15:00,0.8185949248120301,1.2216054237443814,39.41888590911454,0.09051564816641973,True
Portfolio,2024-10-29,514.6508333333334,790.0,383.28,12351.62,14:30:00,0.6514567510548523,1.535021317041813,94.37921599552428,0.18338494739091574,True
Portfolio,2024-10-30,526.535,714.4,357.68,12636.84,10:45:00,0.7370310750279955,1.3567948949262632,119.59290290507693,0.2271319150770166,True
Portfolio,2024-10-31,591.5816666666666,713.76,506.48,14197.96,14:15:00,0.8288243480535006,1.206528261806626,59.23334762511058,0.10012708466587131,True
Portfolio,2024-11-01,593.5725000000001,683.76,524.64,14245.740000000002,12:45:00,0.8681006493506496,1.1519401589527813,45.60631952978262,0.07683361262488173,True
Portfolio,2024-11-02,416.26083333333344,553.76,366.16,9990.260000000002,05:00:00,0.7516989911393627,1.3303197314184012,57.868049100230316,0.1390187220758546,True
Portfolio,2024-11-03,429.34083333333336,461.2,384.72,10304.18,05:00:00,0.930921147730558,1.0742048372602186,16.489092003131017,0.03840559928836107,True
Portfolio,2024-11-04,459.63583333333327,557.04,374.4,11031.259999999998,09:30:00,0.82513972665039,1.2119159552036667,47.879361198453026,0.10416803418311896,True
Portfolio,2024-11-05,545.4908333333333,791.68,404.0,13091.779999999999,11:00:00,0.6890294479250876,1.4513167804530782,114.06016576366653,0.2090963931816756,True
Portfolio,2024-11-06,623.5600000000001,722.72,526.4,14965.44,14:00:00,0.8627961036085898,1.1590223875809866,60.92811211842846,0.09771010346787551,True
Portfolio,2024-11-07,629.7741666666666,732.48,523.92,15114.579999999998,13:30:00,0.8597834298092324,1.1630835921342175,54.59620344746687,0.08669171639166984,True
Portfolio,2024-11-08,496.5,718.72,354.56,11916.0,11:45:00,0.6908114425645592,1.4475730110775429,107.89473919178432,0.2173106529542484,True
Portfolio,2024-11-09,366.87000000000006,433.36,327.6,8804.880000000001,09:45:00,0.8465709802473695,1.1812358601139366,35.16665070923393,0.0958558909402075,True
Portfolio,2024-11-10,387.56583333333333,596.08,353.28,9301.58,05:15:00,0.6501909698921844,1.5380096714751688,50.7347476414894,0.13090614104224718,True
Portfolio,2024-11-11,509.01666666666665,788.48,350.64,12216.4,11:45:00,0.6455669981060606,1.5490258996103599,135.0104721604308,0.26523782225944953,True
Portfolio,2024-11-12,422.94,506.56,357.52,10150.56,13:45:00,0.8349257738471257,1.197711259280276,45.73841964452802,0.10814399121513223,True
Portfolio,2024-11-13,496.4116666666667,595.36,423.52,11913.880000000001,13:00:00,0.8338008375884619,1.1993271713329325,50.754850360214036,0.1022434680091739,True
Portfolio,2024-11-14,494.7075,579.12,444.08,11872.98,13:45:00,0.8542400538748446,1.1706311305165173,45.89943471730802,0.09278095585231277,True
Portfolio,2024-11-15,455.9066666666667,552.96,401.12,10941.76,11:00:00,0.8244839891975309,1.212879829204808,38.10183658141944,0.08357376491113555,True
Portfolio,2024-11-16,416.3733333333334,462.56,388.48,9992.960000000001,07:45:00,0.9001498904646605,1.1109260919687458,17.975476784053185,0.04317153704380648,True
Portfolio,2024-11-17,416.70250000000004,440.32,389.76,10000.860000000002,21:00:00,0.9463628724563955,1.0566771257671839,14.78860080211142,0.03548958982034285,True
Portfolio,2024-11-18,508.0158333333333,808.96,399.2,12192.38,13:45:00,0.6279863446070675,1.5923913132628742,93.0403251981766,0.18314453820798224,True
Portfolio,2024-11-19,420.7883333333334,500.32,368.88,10098.920000000002,13:30:00,0.8410384020893297,1.189006349193775,39.768041510917215,0.09450842231268422,True
Portfolio,2024-11-20,423.0725,526.96,364.16,10153.74,11:00:00,0.8028550554121754,1.2455548398915082,47.10884840340228,0.11134935124216837,True
Portfolio,2024-11-21,488.115,581.6,396.32,11714.76,12:00:00,0.8392623796423658,1.1915224895772514,45.73126342817178,0.09368952691101846,True
Portfolio,2024-11-22,469.3258333333333,546.64,398.8,11263.82,10:15:00,0.8585647470608322,1.1647345216809217,44.45195896853535,0.0947144943052045,True
Portfolio,2024-11-23,434.195,463.28,417.68,10420.68,00:15:00,0.9372193921602487,1.0669860316217368,8.533194132636568,0.01965290740942795,True
Portfolio,2024-11-24,430.00916666666666,462.8,397.6,10320.22,19:30:00,0.9291468596946124,1.0762561263228885,14.433116865602534,0.033564672533575916,True
Portfolio,2024-11-25,476.205,566.16,414.4,11428.92,11:30:00,0.8411138194150064,1.188899738557974,42.38884272268377,0.08901385479506467,True
Portfolio,2024-11-26,447.7208333333333,522.72,377.68,10745.3,10:15:00,0.8565213371084582,1.1675132383460678,39.11707145605669,0.08736933495996954,True
Portfolio,2024-11-27,485.67333333333335,518.96,468.0,11656.16,00:30:00,0.935858897281743,1.0685371511715693,11.365061387906234,0.023400628792822818,True
Portfolio,2024-11-28,470.45249999999993,485.76,458.56,11290.859999999999,00:00:00,0.9684875247035571,1.0325378226282145,5.999734204639049,0.012753113661079599,True
Portfolio,2024-11-29,471.3575000000001,487.44,455.36,11312.58,23:30:00,0.9670061956343347,1.0341195377181862,5.71280611295452,0.01211990073978778,True
Portfolio,2024-11-30,463.7041666666667,484.24,446.88,11128.900000000001,04:15:00,0.9575916212346496,1.044286497317794,7.48788771658205,0.016147984544561383,True
Portfolio,2024-12-01,452.91083333333336,463.92,442.48,10869.860000000002,03:45:00,0.9762692561935966,1.0243075807784092,4.922963520539371,0.010869608669563812,True
Portfolio,2024-12-02,499.7241666666667,574.96,443.52,11993.380000000001,12:00:00,0.869145969574695,1.1505547226886832,42.17242740206516,0.08439141073238435,True
Portfolio,2024-12-03,493.6499999999999,586.72,426.48,11847.599999999999,12:00:00,0.8413723752386145,1.1885343867112328,50.70065611534348,0.10270567429422361,True
Portfolio,2024-12-04,498.7966666666667,613.2,417.92,11971.12,11:00:00,0.8134322678843227,1.2293586564999768,61.97250586759238,0.12424402569034619,True
Portfolio,2024-12-05,501.0,586.8,447.92,12024.0,12:45:00,0.8537832310838447,1.17125748502994,39.123742798028864,0.07809130299007758,True
Portfolio,2024-12-06,498.38916666666665,578.08,457.76,11961.34,13:00:00,0.8621456661131099,1.1598968008601045,35.275936502669225,0.0707799022571101,True
Portfolio,2024-12-07,461.24916666666667,470.48,444.48,11069.98,13:30:00,0.9803799665589752,1.0200126829497433,4.9619197614732,0.01075756905390586,True
Portfolio,2024-12-08,427.46166666666676,478.8,356.32,10259.08,06:15:00,0.8927770815928713,1.1201004378560258,40.47431702012542,0.09468525525515055,True
Portfolio,2024-12-09,461.5841666666667,530.88,417.04,11078.02,12:30:00,0.8694698739200323,1.1501261055676013,35.28592692984337,0.07644527147597141,True
Portfolio,2024-12-10,429.16499999999996,484.64,372.0,10299.96,13:00:00,0.8855335919445361,1.129262637913157,30.235655076328953,0.07045228542944777,True
Portfolio,2024-12-11,402.2775,460.96,353.92,9654.66,15:15:00,0.872695027768136,1.1458756704016506,27.27906515607662,0.0678115608157966,True
Portfolio,2024-12-12,467.72416666666663,541.6,407.2,11225.38,13:15:00,0.8635970580994583,1.1579474369687264,35.03997091042612,0.07491588719938451,True
Portfolio,2024-12-13,465.9633333333333,531.92,424.32,11183.119999999999,13:00:00,0.8760026570411591,1.141549048923735,30.101470314383636,0.06460051287522689,True
Portfolio,2024-12-14,435.2675,451.6,422.4,10446.42,01:15:00,0.9638341452612931,1.0375229025828945,6.728449105731651,0.015458193193224055,True
Portfolio,2024-12-15,429.17249999999996,439.44,420.0,10300.139999999998,03:45:00,0.9766350354997269,1.0239239466648027,4.490706426669008,0.010463639740824513,True
Portfolio,2024-12-16,457.40333333333336,510.88,423.44,10977.68,08:15:00,0.8953244075582003,1.116913591942924,27.281386392717874,0.05964404805252375,True
Portfolio,2024-12-17,414.78249999999997,461.84,378.88,9954.779999999999,06:00:00,0.8981086523471332,1.1134510255374805,20.47086376189082,0.04935324841788364,True
Portfolio,2024-12-18,432.27250000000004,482.32,370.08,10374.54,11:15:00,0.8962359014761985,1.1157776633951961,34.54905787427495,0.07992425582074952,True
Portfolio,2024-12-19,450.2675000000001,502.72,421.76,10806.420000000002,11:00:00,0.8956625954805858,1.1164918631702263,23.335842817434298,0.05182662043659445,True
Portfolio,2024-12-20,430.68666666666667,466.4,411.28,10336.48,13:45:00,0.9234276729559749,1.082921845734718,12.90498872665481,0.029963752596601112,True
Portfolio,2024-12-21,422.0958333333333,429.92,412.56,10130.3,23:00:00,0.9818008776826695,1.0185364697985253,3.8756523842456234,0.00918192523635973,True
Portfolio,2024-12-22,425.76416666666665,435.28,416.8,10218.34,21:00:00,0.9781385927831894,1.0223500098841887,4.119631988333208,0.009675854172008076,True
Portfolio,2024-12-23,431.97333333333336,448.96,420.48,10367.360000000002,11:30:00,0.9621644095984796,1.0393234150256188,5.742132130446735,0.013292793066964168,True
Portfolio,2024-12-24,422.3758333333333,437.36,410.4,10137.019999999999,00:45:00,0.9657395128345831,1.0354759090935997,5.815152560186674,0.013767720833586222,True
Portfolio,2024-12-25,418.2325,429.28,408.64,10037.58,05:30:00,0.9742650484532241,1.0264147334317633,4.630903288037646,0.011072557221252883,True
Portfolio,2024-12-26,419.7775,429.92,409.04,10074.66,07:00:00,0.9764084015630814,1.0241616094240402,4.815080914224217,0.011470555030282036,True
Portfolio,2024-12-27,422.65083333333337,438.72,411.44,10143.62,01:15:00,0.9633726142718211,1.0380199573722202,5.601847752805677,0.013254079516714569,True
Portfolio,2024-12-28,418.5333333333333,433.12,408.72,10044.8,01:30:00,0.966321881541682,1.0348518636508444,4.919723284188091,0.011754674938327712,True
Portfolio,2024-12-29,386.0,424.48,361.84,9264.0,05:00:00,0.9093479080286467,1.0996891191709846,16.383315775186468,0.042443823251778416,True
Portfolio,2024-12-30,380.7441666666667,422.32,342.16,9137.860000000002,23:30:00,0.9015537191387258,1.1091962450726975,10.461525667809912,0.027476522514838037,True
Portfolio,2024-12-31,408.34083333333336,440.24,363.44,9800.18,05:45:00,0.927541416802956,1.0781189733249796,19.173424572166585,0.046954463053943706,True
Portfolio,2025-01-01,418.955,439.44,405.28,10054.92,22:15:00,0.953383852175496,1.048895466100178,7.7112156185513,0.01840583265160053,True
Portfolio,2025-01-02,454.7183333333333,509.04,402.88,10913.24,09:15:00,0.8932860547959557,1.1194622311980678,22.053659281835706,0.0484996044038303,True
Portfolio,2025-01-03,451.53999999999996,472.16,437.84,10836.96,11:30:00,0.9563283632666891,1.045665943216548,7.080124887390944,0.015679950585531614,True
Portfolio,2025-01-04,436.4766666666667,451.76,423.92,10475.44,01:15:00,0.9661693524585326,1.03501523563688,6.409308143410878,0.014684194214454101,True
Portfolio,2025-01-05,433.7516666666666,445.28,425.44,10410.039999999999,23:30:00,0.974109923344113,1.0265781879800655,3.7616297326576458,0.008672311881970051,True
Portfolio,2025-01-06,435.6216666666666,450.0,424.8,10454.92,12:30:00,0.968048148148148,1.0330064696812602,6.215037564635033,0.014267053363511228,True
Portfolio,2025-01-07,461.1833333333334,504.8,433.36,11068.400000000001,13:15:00,0.9135961436872689,1.0945755484080806,17.45182377238712,0.03784140169647743,True
Portfolio,2025-01-08,474.05333333333334,515.36,440.32,11377.28,10:45:00,0.9198489082065611,1.0871350621589695,24.187062338394956,0.051021816824537936,True
Portfolio,2025-01-09,474.98083333333335,522.88,437.52,11399.54,11:15:00,0.9083935766013872,1.1008444200380014,24.84779162766643,0.05231325115434433,True
Portfolio,2025-01-10,478.30333333333334,528.96,443.04,11479.28,13:45:00,0.9042334644081468,1.1059090814058026,26.3809230382653,0.05515521469276533,True
Portfolio,2025-01-11,445.815,462.72,431.28,10699.56,01:15:00,0.9634660269709543,1.0379193163083342,6.4567829695436965,0.014483099423625712,True
Portfolio,2025-01-12,436.06916666666666,454.96,423.28,10465.66,02:00:00,0.9584780346990212,1.0433207270253382,7.149319830241735,0.01639492167009072,True
Portfolio,2025-01-13,489.6858333333333,576.24,429.04,11752.46,12:45:00,0.849794934980795,1.1767544837421273,48.72430124619361,0.09950114528436148,True
Portfolio,2025-01-14,498.9375,580.16,441.2,11974.5,11:45:00,0.8599998276337563,1.1627909307277966,47.27405673305391,0.09474945606023583,True
Portfolio,2025-01-15,505.27,584.16,442.24,12126.48,10:30:00,0.8649513831826897,1.1561343440140914,48.35749991360944,0.09570625589013684,True
Portfolio,2025-01-16,503.06750000000005,602.0,448.56,12073.62,12:00:00,0.8356602990033224,1.1966585001018748,46.992584521390185,0.09341208589580957,True
Portfolio,2025-01-17,477.26416666666665,551.12,430.4,11454.34,12:00:00,0.8659895606522475,1.1547483312002262,32.757340412145695,0.06863565861424549,True
Portfolio,2025-01-18,427.95666666666665,458.32,411.04,10270.96,00:45:00,0.9337508000232734,1.0709495509669982,12.467918128386163,0.029133599496178345,True
Portfolio,2025-01-19,423.1275,438.72,413.04,10155.06,23:00:00,0.9644591083150984,1.0368505946789088,5.750800584998672,0.013591176619337366,True
Portfolio,2025-01-20,437.88916666666665,459.76,425.92,10509.34,15:45:00,0.9524298909576011,1.049946047991596,6.974068006651749,0.015926559818184777,True
Portfolio,2025-01-21,502.82750000000004,593.04,436.48,12067.860000000002,12:15:00,0.8478812559017943,1.1794104339957538,56.068866921801956,0.11150716084900279,True
Portfolio,2025-01-22,513.6283333333333,599.04,445.6,12327.08,13:15:00,0.8574190927706553,1.1662908004166437,52.96624161555351,0.10312172864727771,True
Portfolio,2025-01-23,503.62583333333333,588.8,444.32,12087.02,13:30:00,0.8553427875905798,1.1691219175611522,47.88249124387011,0.09507552646168226,True
Portfolio,2025-01-24,475.1700000000001,539.04,435.68,11404.08,10:45:00,0.8815115761353519,1.1344150514552684,32.03392780360092,0.06741572027611363,True
Portfolio,2025-01-25,439.47416666666663,454.24,421.52,10547.38,12:45:00,0.967493322179171,1.033598865310627,7.059797472369675,0.016064192182027405,True
Portfolio,2025-01-26,437.5466666666666,448.0,421.76,10501.119999999999,09:00:00,0.9766666666666666,1.0238907849829353,4.527591823397758,0.010347677558350558,True
Portfolio,2025-01-27,486.73833333333323,562.48,421.52,11681.719999999998,12:30:00,0.8653433603565162,1.1556106463774174,45.690929807420936,0.09387164864233201,True
Portfolio,2025-01-28,482.605,561.76,422.64,11582.52,12:15:00,0.8590946311592139,1.1640161208441686,43.66941504676146,0.09048686823957783,True
Portfolio,2025-01-29,481.03416666666664,565.44,410.48,11544.82,11:00:00,0.8507253937936237,1.1754674390765731,48.5938690450959,0.10101957909108168,True
Portfolio,2025-01-30,478.27250000000004,548.88,422.48,11478.54,11:00:00,0.871360771024632,1.1476302735365298,41.267104600459476,0.08628366590272171,True
Portfolio,2025-01-31,464.8066666666667,538.88,415.6,11155.360000000002,12:30:00,0.8625420625494854,1.1593637498027853,33.34620068839743,0.07174208779649768,True
Portfolio,2025-02-01,424.39416666666665,445.44,406.24,10185.46,23:00:00,0.9527527089319923,1.0495902983272234,8.104498512576264,0.019096630324190594,True
Portfolio,2025-02-02,424.5566666666667,450.64,410.4,10189.360000000002,00:00:00,0.9421193561749216,1.0614366358632927,10.903806256403907,0.025682805412086115,True
Portfolio,2025-02-03,468.4124999999999,550.96,410.88,11241.899999999998,13:15:00,0.8501751488311309,1.1762282176500416,48.38652002365948,0.10329895129540627,True
Portfolio,2025-02-04,472.2091666666667,553.76,396.0,11333.02,14:45:00,0.8527325315419436,1.1727006570181646,48.067153544021735,0.10179208058015618,True
Portfolio,2025-02-05,494.4166666666667,577.04,418.16,11866.0,10:00:00,0.8568152410000462,1.167112759143772,50.61542054742786,0.10237401762500156,True
Portfolio,2025-02-06,467.0433333333333,549.6,414.4,11209.039999999999,12:00:00,0.8497877244056282,1.1767644686788523,40.18101344420656,0.08603273096188055,True
Portfolio,2025-02-07,461.2916666666667,535.76,401.84,11071.0,11:30:00,0.8610043054103828,1.1614343781049588,34.769354160983916,0.07537390478399549,True
Portfolio,2025-02-08,437.09999999999997,460.0,418.72,10490.4,11:45:00,0.9502173913043478,1.052390757263784,9.522423397876254,0.021785457327559495,True
Portfolio,2025-02-09,428.7383333333334,446.64,413.12,10289.720000000001,14:00:00,0.9599192489103829,1.0417542945775005,6.115535810181644,0.014264028510431716,True
Portfolio,2025-02-10,477.6891666666667,557.12,417.04,11464.54,12:45:00,0.8574259884166189,1.166281420798392,48.08857913796967,0.10066918509693995,True
Portfolio,2025-02-11,463.71416666666664,548.24,408.96,11129.139999999998,11:00:00,0.8458233012306046,1.1822800324193963,38.43059964106636,0.08287562124167659,True
Portfolio,2025-02-12,456.75499999999994,508.96,419.04,10962.119999999999,13:00:00,0.8974280886513674,1.114295410011932,27.14968674821711,0.05944037120166635,True
Portfolio,2025-02-13,481.32666666666665,562.48,409.68,11551.84,12:00:00,0.8557222775328307,1.168603443260987,45.607450791721504,0.09475363396665086,True
Portfolio,2025-02-14,477.72749999999996,544.32,430.32,11465.46,11:00:00,0.8776592813051145,1.139394319983673,29.672025208940497,0.06211077488513954,True
Portfolio,2025-02-15,421.1408333333332,461.92,403.6,10107.379999999997,00:00:00,0.9117181185775312,1.0968302369159963,10.06343999641293,0.023895664347626227,True
Portfolio,2025-02-16,407.4975000000001,428.08,363.44,9779.940000000002,19:00:00,0.9519190338254535,1.0505095123282961,13.903834306444127,0.034120048114268484,True
Portfolio,2025-02-17,426.0366666666667,445.92,414.08,10224.880000000001,14:30:00,0.9554105370171032,1.0466704743723154,7.392987098975222,0.017352936208092938,True
Portfolio,2025-02-18,482.0741666666667,561.6,411.2,11569.78,11:15:00,0.8583941714150048,1.1649659716952265,48.911323921146305,0.10146016381534577,True
Portfolio,2025-02-19,489.8983333333333,572.16,417.6,11757.56,13:15:00,0.8562261139075317,1.1679157920520924,51.043057462183036,0.10419112291090948,True
Portfolio,2025-02-20,484.94083333333333,555.44,416.96,11638.58,12:45:00,0.873075099620721,1.1453768415047199,43.837705271931966,0.09039804911994137,True
Portfolio,2025-02-21,467.9283333333333,530.48,423.36,11230.279999999999,11:30:00,0.8820847785653244,1.1336778780226318,33.36537324727276,0.07130445170864362,True
Portfolio,2025-02-22,430.11833333333334,449.68,413.36,10322.84,00:15:00,0.9564986953685584,1.0454797323217253,8.401920415397106,0.01953397417469713,True
Portfolio,2025-02-23,427.93083333333334,440.48,416.08,10270.34,09:15:00,0.971510246397869,1.0293252219498088,5.7335723532388245,0.013398362320792865,True
Portfolio,2025-02-24,463.845,557.92,409.2,11132.28,11:00:00,0.831382635503298,1.2028155957270208,42.2345543738524,0.09105316296144703,True
Portfolio,2025-02-25,423.8516666666667,486.32,356.0,10172.44,10:00:00,0.8715489115534354,1.1473825355568574,34.240773191794744,0.08078480252555668,True
Portfolio,2025-02-26,428.62916666666666,497.28,358.24,10287.1,12:45:00,0.8619473267910769,1.1601637001681717,42.88712999605179,0.10005649015808565,True
Portfolio,2025-02-27,423.0991666666667,534.8,361.84,10154.380000000001,14:45:00,0.7911353153826977,1.264006271185439,38.38877598209545,0.09073233654544056,True
Portfolio,2025-02-28,431.2033333333333,516.0,379.44,10348.88,10:45:00,0.8356653746770025,1.19665123182412,35.915000316292605,0.08329017319661862,True
Portfolio,2025-03-01,421.53583333333336,454.32,387.28,10116.860000000002,16:45:00,0.9278390414979164,1.077773143050314,20.523383719509937,0.04868716274300904,True
Portfolio,2025-03-02,435.0641666666667,453.04,423.52,10441.54,00:30:00,0.9603217523103185,1.0413176600386531,7.1548819794844185,0.016445578670160343,True
Portfolio,2025-03-03,455.5716666666667,495.52,426.0,10933.720000000001,12:30:00,0.9193809869766442,1.0876883622408475,21.479269548820255,0.04714794865532372,True
Portfolio,2025-03-04,424.305,486.4,363.92,10183.32,11:15:00,0.8723375822368422,1.1463451997973155,38.1671277686082,0.08995210466199596,True
Portfolio,2025-03-05,358.79749999999996,401.68,326.96,8611.14,12:30:00,0.8932421330412267,1.1195172764581696,19.044738740245574,0.05307935183563312,True
Portfolio,2025-03-06,435.895,490.64,344.16,10461.48,13:30:00,0.888421245719876,1.1255921724268458,30.55737505948958,0.07010260512162236,True
Portfolio,2025-03-07,442.09083333333336,485.6,414.0,10610.18,10:30:00,0.910401221856123,1.098416803484955,17.912226207797236,0.04051707218794909,True
Portfolio,2025-03-08,414.7341666666666,430.32,402.96,9953.619999999999,00:00:00,0.9637808297700935,1.0375802974194315,5.791481160729762,0.01396432130797783,True
Portfolio,2025-03-09,401.1491666666666,426.72,366.8,9627.579999999998,00:30:00,0.940075849893763,1.0637439522704566,19.71124851538044,0.04913695491173593,True
Portfolio,2025-03-10,433.7083333333333,546.64,364.48,10409.0,09:45:00,0.7934076052490365,1.2603862042463254,48.49165464102624,0.11180706229077046,True
Portfolio,2025-03-11,424.9941666666667,518.08,359.04,10199.860000000002,12:00:00,0.8203253680255301,1.2190284964695595,40.83810438578855,0.09609097627407877,True
Portfolio,2025-03-12,431.50499999999994,530.56,342.0,10356.119999999999,09:45:00,0.8133010404101326,1.2295570155618127,59.407974159065645,0.13767621269525418,True
Portfolio,2025-03-13,460.3925,537.76,411.6,11049.42,13:30:00,0.8561300580184469,1.1680468296073458,39.282225389849636,0.08532333908534487,True
Portfolio,2025-03-14,461.8066666666667,544.0,410.48,11083.360000000002,10:45:00,0.8489093137254902,1.1779821281633007,33.3475946474694,0.07221115902932555,True
Portfolio,2025-03-15,407.2475,448.96,378.88,9773.94,02:30:00,0.9070908321454028,1.1024254292537092,16.15692134561597,0.03967346968518154,True
Portfolio,2025-03-16,372.89000000000004,402.56,355.12,8949.360000000002,06:45:00,0.9262967011128777,1.0795677009305693,13.583371878106973,0.03642728922230945,True
Portfolio,2025-03-17,453.4475,527.68,359.84,10882.74,14:30:00,0.8593228850818678,1.163706934099317,54.756268778344605,0.12075547616503478,True
Portfolio,2025-03-18,461.42,578.56,354.88,11074.08,11:00:00,0.7975318030973453,1.253868492913181,60.07314783267409,0.13019190289253627,True
Portfolio,2025-03-19,427.2166666666667,523.68,358.24,10253.2,09:15:00,0.8157971789387922,1.2257948737954978,40.41250360617736,0.09459486663171074,True
Portfolio,2025-03-20,484.5358333333333,711.84,328.88,11628.859999999999,15:15:00,0.6806808177867685,1.4691173511419007,97.17723943682185,0.20055738451436553,True
Portfolio,2025-03-21,459.9158333333333,551.6,362.4,11037.98,12:30:00,0.833785049552816,1.1993498810470757,46.16489747955957,0.10037683883368423,True
Portfolio,2025-03-22,397.89833333333337,432.56,355.68,9549.560000000001,22:15:00,0.9198685346156218,1.0871118669341833,18.115000975734922,0.04552670734752576,True
Portfolio,2025-03-23,400.81500000000005,452.72,334.48,9619.560000000001,12:15:00,0.8853485598162221,1.1294986465077403,35.1406510439046,0.08767299388472136,True
Portfolio,2025-03-24,429.75333333333333,527.52,344.96,10314.08,09:00:00,0.8146673743807502,1.227494842002389,49.277153255666626,0.11466380696446014,True
Portfolio,2025-03-25,409.3291666666667,532.16,337.44,9823.900000000001,08:45:00,0.769184393164963,1.300078380276672,46.50344095172826,0.11360891121056588,True
Portfolio,2025-03-26,437.4833333333333,505.76,368.0,10499.599999999999,08:45:00,0.8650018454075714,1.1560668977865824,38.45928741893081,0.08791029163533273,True
Portfolio,2025-03-27,436.37000000000006,535.04,356.96,10472.880000000001,11:15:00,0.8155838815789476,1.2261154524829843,51.649616944623276,0.11836197938589561,True
Portfolio,2025-03-28,402.74166666666673,452.32,354.96,9665.800000000001,11:45:00,0.8903910211060018,1.1231020712201782,27.26830674945652,0.06770669390913907,True
Portfolio,2025-03-29,401.3625,628.4,328.16,9632.7,21:15:00,0.63870544239338,1.5656669469619109,113.13868643581229,0.281886540062443,True
Portfolio,2025-03-30,558.5600000000001,662.4,424.56,13405.44,03:15:00,0.8432367149758455,1.1859066170151817,38.00908035553721,0.06804833922145732,True
Portfolio,2025-03-31,640.1066666666666,763.84,530.32,15362.559999999998,13:15:00,0.8380114509146765,1.193301116480587,64.52799223946256,0.10080818650974198,True
Portfolio,2025-04-01,534.9616666666667,774.16,390.88,12839.08,15:00:00,0.6910220970686508,1.4471317259492111,67.52222493631913,0.1262188099514653,True
Portfolio,2025-04-02,444.125,539.28,358.48,10659.0,09:45:00,0.8235517727340158,1.214252744159865,50.84882568638346,0.11449214902647556,True
Portfolio,2025-04-03,551.515,775.92,350.08,13236.360000000002,11:00:00,0.7107884833487988,1.4068882985956863,156.18151914392837,0.2831863487737022,True
Portfolio,2025-04-04,652.5600000000001,752.88,558.4,15661.44,11:00:00,0.8667516735734779,1.1537329900698785,45.668265798611536,0.06998324414400443,True
Portfolio,2025-04-05,539.8883333333333,615.6,475.36,12957.32,00:30:00,0.8770115876110027,1.1402357894996806,33.575436593678724,0.06218959462668896,True
Portfolio,2025-04-06,486.1016666666667,534.24,435.44,11666.44,11:45:00,0.909893805530598,1.0990293525702786,12.905713354672901,0.026549411861043266,True
Portfolio,2025-04-07,483.50499999999994,550.24,421.04,11604.119999999999,12:30:00,0.878716560046525,1.1380233916919165,37.38699678258542,0.07732494344957223,True
Portfolio,2025-04-08,464.2925,544.0,404.56,11143.02,11:00:00,0.8534788602941177,1.1716751832088608,41.88781058720393,0.09021858114702247,True
Portfolio,2025-04-09,468.0725,544.56,406.4,11233.74,11:00:00,0.8595425664756868,1.1634095145516987,44.57612948653124,0.09523338689312283,True
Portfolio,2025-04-10,458.2749999999999,534.08,409.36,10998.599999999999,09:45:00,0.8580643349310962,1.1654137799356286,41.876412554337236,0.09137834827197042,True
Portfolio,2025-04-11,422.5625,487.76,366.72,10141.5,12:45:00,0.8663328276201411,1.154290785386777,33.47093699252972,0.07920943527295897,True
Portfolio,2025-04-12,383.3141666666667,407.12,366.32,9199.54,00:15:00,0.9415262494268686,1.0621052791770023,7.767837559506329,0.020264937315143134,True
Portfolio,2025-04-13,363.32,394.08,327.92,8719.68,03:15:00,0.9219447827852213,1.0846636573819222,21.776436516758682,0.059937345912029844,True
Portfolio,2025-04-14,512.6758333333333,770.96,348.56,12304.220000000001,10:45:00,0.6649836999757878,1.5037962585194349,110.83676159742086,0.21619267847438525,True
Portfolio,2025-04-15,543.0266666666666,632.24,476.32,13032.639999999998,14:00:00,0.8588932472900586,1.164289046578437,45.12741658592145,0.0831034999863508,True
Portfolio,2025-04-16,438.5733333333333,527.44,367.2,10525.76,12:30:00,0.8315132210930785,1.202626698689691,46.22407836129215,0.10539646359702402,True
Portfolio,2025-04-17,489.7708333333333,772.24,379.68,11754.5,14:00:00,0.634221010739321,1.5767374197116,74.11513148532977,0.15132614365969752,True
Portfolio,2025-04-18,460.8800000000001,659.2,329.76,11061.120000000003,13:45:00,0.6991504854368933,1.430307238326679,71.68963375111092,0.15554945701942133,True
Portfolio,2025-04-19,537.6333333333333,592.56,471.28,12903.2,21:45:00,0.9073061518383512,1.1021638043276085,38.27118159073322,0.07118454012784405,True
Portfolio,2025-04-20,536.0941666666666,585.36,472.64,12866.259999999998,00:00:00,0.915836693089153,1.0918977231922875,25.515771950807483,0.047595690341978136,True
Portfolio,2025-04-21,589.1508333333334,718.72,453.36,14139.62,15:45:00,0.8197223304392995,1.2199252879497469,78.58004706789748,0.1333784875144834,True
Portfolio,2025-04-22,656.8341666666666,776.32,553.12,15764.02,12:00:00,0.8460868799807638,1.1819117204875407,64.52969300483495,0.09824350845254186,True
Portfolio,2025-04-23,584.3333333333334,766.08,361.04,14024.0,10:15:00,0.7627575884154831,1.311032515687393,107.76802762529161,0.18442902616992288,True
Portfolio,2025-04-24,552.3925,748.88,358.0,13257.42,10:45:00,0.7376248531139836,1.3557026932842136,122.83692944627634,0.22237255112311688,True
Portfolio,2025-04-25,562.9658333333333,669.68,364.08,13511.179999999998,14:30:00,0.8406490164456656,1.1895570927187706,75.05517453554687,0.13332101184745707,True
Portfolio,2025-04-26,571.4391666666667,641.04,484.8,13714.54,14:45:00,0.8914251320770415,1.1217991999731671,42.12171555627226,0.0737116354869018,True
Portfolio,2025-04-27,469.78416666666664,643.68,346.48,11274.82,13:15:00,0.7298411736680752,1.370161120088835,65.51092604197557,0.13944898676940418,True
Portfolio,2025-04-28,545.1583333333333,659.12,395.84,13083.8,15:30:00,0.8271002751142937,1.2090432443174002,69.6738067020231,0.12780471734882484,True
Portfolio,2025-04-29,578.71,669.76,490.56,13889.04,15:00:00,0.8640557811753464,1.157332688220352,52.68916373161413,0.0910458843490075,True
Portfolio,2025-04-30,629.5541666666667,722.4,550.0,15109.3,13:00:00,0.8714758674787745,1.14747870516834,48.980146862444855,0.07780132267535071,True
Portfolio,2025-05-01,649.9308333333333,745.52,529.92,15598.34,16:00:00,0.8717818882569661,1.1470759067952103,66.35320265410058,0.10209271394894674,True
Portfolio,2025-05-02,664.4633333333334,725.12,609.52,15947.12,14:30:00,0.9163494777875846,1.0912867025519342,31.831543794652454,0.04790564384488603,True
Portfolio,2025-05-03,615.0583333333333,657.12,563.12,14761.4,00:00:00,0.9359908895381868,1.0683864674082406,23.081691749849874,0.037527646564444905,True
Portfolio,2025-05-04,590.4591666666666,612.8,546.64,14171.02,14:15:00,0.9635430265448216,1.0378363731051117,13.740280826569103,0.023270501335659572,True
Portfolio,2025-05-05,626.125,726.48,548.4,15027.0,15:15:00,0.8618613038211651,1.16027949690557,47.580950898663765,0.0759927345157337,True
Portfolio,2025-05-06,594.235,674.96,526.16,14261.639999999998,13:30:00,0.8804003200189641,1.135846929245164,38.57937196291085,0.06492275272057493,True
Portfolio,2025-05-07,544.4816666666666,661.2,328.88,13067.559999999998,14:15:00,0.8234749949586608,1.2143659566131706,104.44162427597298,0.19181844067472062,True
Portfolio,2025-05-08,587.7608333333333,672.32,512.16,14106.259999999998,14:00:00,0.8742277982706645,1.1438666237542767,45.06835789674139,0.07667805566619312,True
Portfolio,2025-05-09,395.3625,588.32,324.32,9488.7,00:45:00,0.6720194791949958,1.4880521040816972,83.01797452803122,0.20997938481275086,True
Portfolio,2025-05-10,473.3591666666666,613.36,327.44,11360.619999999999,06:45:00,0.7717476957523585,1.2957602666051677,84.58667706051794,0.17869449461846543,True
Portfolio,2025-05-11,509.02666666666664,588.72,320.4,12216.639999999998,20:30:00,0.8646328758436381,1.1565602326007807,80.7301356458882,0.15859706560079667,True
Portfolio,2025-05-12,589.1141666666666,689.52,494.24,14138.739999999998,09:45:00,0.8543830007348107,1.1704352721671096,52.69215045239894,0.0894430204429514,True
Portfolio,2025-05-13,625.0875,731.76,554.16,15002.099999999999,12:00:00,0.8542247458183011,1.1706521087047814,46.59463581052855,0.07454098155942737,True
Portfolio,2025-05-14,608.8433333333334,699.44,535.92,14612.240000000002,13:15:00,0.8704725685310153,1.148801278927803,46.77913621008199,0.07683279695939621,True
Portfolio,2025-05-15,634.6258333333334,712.48,556.4,15231.02,14:45:00,0.8907279268657834,1.1226772730913621,44.55167718897771,0.07020148700057284,True
Portfolio,2025-05-16,684.7666666666668,779.84,566.16,16434.4,12:30:00,0.8780861031322665,1.1388404809424133,68.91330759373528,0.10063764921443111,True
Portfolio,2025-05-17,643.9274999999999,697.28,596.56,15454.259999999998,00:45:00,0.9234848267553922,1.0828548244949938,20.736632472891777,0.03220336524358997,True
Portfolio,2025-05-18,595.97,641.2,551.2,14303.28,15:00:00,0.9294603867747973,1.0758930818665369,19.120869392258022,0.03208361057143484,True
Portfolio,2025-05-19,601.5216666666666,672.16,545.52,14436.52,11:45:00,0.8949084543362692,1.1174327330963418,34.36918272818702,0.05713706526756369,True
Portfolio,2025-05-20,566.3874999999999,660.24,496.16,13593.3,14:00:00,0.8578509329940627,1.1657036922601578,42.453104108192754,0.07495416849452496,True
Portfolio,2025-05-21,400.53749999999997,532.0,334.48,9612.9,02:15:00,0.7528900375939849,1.3282152108104734,57.41499142210159,0.14334485890110563,True
Portfolio,2025-05-22,370.9491666666667,428.16,338.72,8902.78,09:00:00,0.8663797801444943,1.1542282298338271,22.94429426454964,0.06185293384192256,True
Portfolio,2025-05-23,363.3791666666668,399.6,342.64,8721.100000000002,10:45:00,0.9093572739406075,1.0996777929389638,13.264700101092744,0.03650374407198929,True
Portfolio,2025-05-24,444.9825,649.92,327.84,10679.58,11:15:00,0.6846727289512556,1.4605518194535738,90.5060860181004,0.20339246154197166,True
Portfolio,2025-05-25,460.29999999999995,573.44,330.96,11047.199999999999,12:45:00,0.802699497767857,1.2457962198566155,87.90864233904843,0.190981191264498,True
Portfolio,2025-05-26,499.8616666666667,549.76,319.92,11996.68,19:00:00,0.9092361515327901,1.0998242847187722,33.765412345730255,0.06754951339016511,True
Portfolio,2025-05-27,487.89833333333337,616.56,319.92,11709.560000000001,12:30:00,0.7913233640413478,1.2637058950122804,108.49489013110896,0.22237192201471404,True
Portfolio,2025-05-28,416.8641666666667,536.24,349.84,10004.74,00:45:00,0.7773835720324233,1.2863662623916263,51.626808696067506,0.12384563803813194,True
Portfolio,2025-05-29,502.7058333333334,653.36,342.96,12064.94,08:45:00,0.7694162993347211,1.2996865297299447,110.74737476909155,0.22030254559560156,True
Portfolio,2025-05-30,577.9599999999999,640.4,517.44,13871.039999999999,13:00:00,0.9024984384759525,1.1080351581424321,33.86160017358585,0.05858813788771862,True
Portfolio,2025-05-31,502.0566666666666,552.32,465.2,12049.359999999999,11:45:00,0.908995992661259,1.1001148608722788,19.51764581719871,0.038875384220636536,True
Portfolio,2025-06-01,480.6508333333333,585.52,327.28,11535.619999999999,10:15:00,0.8208956710843922,1.2181815975214163,82.0785444580426,0.17076542630504668,True
Portfolio,2025-06-02,558.1166666666667,637.68,493.52,13394.800000000001,15:00:00,0.8752300004181827,1.1425568130916475,40.432407915242464,0.0724443657214605,True
Portfolio,2025-06-03,581.0433333333334,670.88,500.4,13945.04,12:45:00,0.8660913029652597,1.154612679490342,48.45597725698889,0.08339477363763267,True
Portfolio,2025-06-04,620.4508333333334,707.76,516.64,14890.820000000002,15:00:00,0.8766401510869977,1.1407189127260955,51.908544832875705,0.08366262408578015,True
Portfolio,2025-06-05,665.29,754.4,560.08,15966.96,14:45:00,0.8818796394485684,1.133941589382074,54.88441565786469,0.08249697974998076,True
Portfolio,2025-06-06,687.1733333333333,732.72,628.8,16492.16,12:45:00,0.9378389198238526,1.0662811905778262,26.542296361474662,0.038625329409573514,True
Portfolio,2025-06-07,669.9441666666667,704.72,634.72,16078.66,00:15:00,0.950652978014909,1.0519085545686022,13.256542985628814,0.019787534014345198,True
Portfolio,2025-06-08,648.3766666666667,674.16,618.72,15561.04,17:15:00,0.9617548752027214,1.0397659796517456,14.054128943156778,0.021675870933804083,True
Portfolio,2025-06-09,671.9566666666667,726.64,614.08,16126.960000000001,15:00:00,0.9247449447686155,1.0813792556067603,30.664423228390003,0.045634524887601884,True
Portfolio,2025-06-10,672.1558333333334,706.32,637.92,16131.74,08:30:00,0.9516307528221392,1.0508277470378273,16.840642047184648,0.025054669188347416,True
Portfolio,2025-06-11,637.0925000000001,695.2,582.96,15290.220000000001,13:00:00,0.9164161392405064,1.0912073207579747,23.668930067206585,0.03715148124833769,True
Portfolio,2025-06-12,646.3758333333334,679.52,585.52,15513.02,13:45:00,0.9512241484184916,1.0512769273809999,23.738372208045757,0.036725339939811724,True
Portfolio,2025-06-13,692.7141666666666,798.16,590.24,16625.14,01:00:00,0.8678888526945308,1.152221274527613,48.97382294690795,0.07069845731980548,True
Portfolio,2025-06-14,654.0408333333334,730.64,597.92,15696.98,00:15:00,0.8951615478667105,1.1171167957148445,48.96794568451288,0.0748698600895401,True
Portfolio,2025-06-15,633.1233333333333,667.2,580.08,15194.96,20:15:00,0.9489258593125499,1.0538231097679758,18.87103057831552,0.029806247195094455,True
Portfolio,2025-06-16,580.0891666666666,666.16,422.32,13922.139999999998,00:45:00,0.8707955546215124,1.148375177953964,35.77253776635946,0.06166730878964205,True
Portfolio,2025-06-17,643.7466666666666,725.04,562.16,15449.92,14:00:00,0.8878774504395158,1.126281560033968,52.11744039170051,0.08095954991357965,True
Portfolio,2025-06-18,700.0691666666667,852.16,598.0,16801.66,14:00:00,0.821523149017399,1.217251152564687,65.9586637965367,0.094217352994697,True
Portfolio,2025-06-19,729.6625,903.84,642.16,17511.9,01:45:00,0.8072916666666666,1.238709677419355,44.43123142920743,0.06089285310565834,True
Portfolio,2025-06-20,657.4233333333333,693.44,594.8,15778.16,13:15:00,0.9480608752499614,1.0547845883170155,28.86226232759079,0.0439020960531633,True
Portfolio,2025-06-21,698.6841666666666,750.96,658.96,16768.42,23:30:00,0.9303879922587974,1.0748204064545142,24.86817893430824,0.035592876038612935,True
Portfolio,2025-06-22,758.1841666666666,811.44,701.36,18196.42,17:45:00,0.9343687354168718,1.0702412892206272,33.02121881351178,0.043553031394322775,True
Portfolio,2025-06-23,836.6233333333333,883.36,763.28,20078.96,23:30:00,0.9470921632554489,1.0558634510950766,31.70588823502552,0.037897446762213405,True
Portfolio,2025-06-24,841.9283333333333,885.2,787.28,20206.279999999995,01:15:00,0.9511165085103177,1.0513959026599653,26.87994606302024,0.03192664387074146,True
Portfolio,2025-06-25,869.8825,948.08,797.6,20877.18,10:45:00,0.9175201459792423,1.0898943248082356,35.204937363058065,0.040470911143813175,True
Portfolio,2025-06-26,855.3833333333333,915.68,789.2,20529.2,16:00:00,0.9341509406488439,1.070490813085751,33.39698853951913,0.039043300515775536,True
Portfolio,2025-06-27,763.4699999999999,855.44,700.24,18323.279999999995,00:30:00,0.8924880763116055,1.1204631485192609,34.33337636515784,0.044970170884458906,True
Portfolio,2025-06-28,793.8558333333334,896.64,699.28,19052.54,20:30:00,0.8853674086961695,1.1294746002370286,76.74060213563841,0.09666818446544774,True
Portfolio,2025-06-29,819.6149999999999,921.68,709.28,19670.76,12:45:00,0.8892619998264039,1.1245279796001781,52.013267700098446,0.06346060979862307,True
Portfolio,2025-06-30,876.5724999999999,943.76,730.8,21037.739999999998,15:15:00,0.9288087013647536,1.0766479669394147,46.374204558364696,0.052904014851440924,True
Portfolio,2025-07-01,892.5483333333335,961.12,849.68,21421.16,12:45:00,0.9286544170689752,1.0768268385092121,29.835284468197138,0.03342707991708811,True
Portfolio,2025-07-02,816.5925000000001,865.2,761.84,19598.220000000005,00:00:00,0.9438193481276006,1.0595247935781922,30.40215300547679,0.03723050726706011,True
Portfolio,2025-07-03,771.1883333333334,859.6,728.08,18508.52,00:00:00,0.8971478982472468,1.1146434182743947,30.790904968381973,0.03992656999269349,True
Portfolio,2025-07-04,672.8183333333333,753.44,634.8,16147.639999999998,00:00:00,0.8929952396120902,1.1198267982194303,23.410994028522342,0.034795416338519826,True
Portfolio,2025-07-05,695.0566666666667,741.12,652.24,16681.36,18:45:00,0.9378463226827864,1.0662727739225097,27.33138279732723,0.039322524490560326,True
Portfolio,2025-07-06,753.0058333333333,824.56,669.44,18072.14,14:15:00,0.9132213948449274,1.0950247176040027,49.59731978468757,0.06586578428633807,True
Portfolio,2025-07-07,830.3408333333333,876.16,788.56,19928.18,12:45:00,0.9477045668979791,1.0551811555295065,26.78148927373716,0.032253609841425154,True
Portfolio,2025-07-08,830.8166666666666,892.24,780.24,19939.6,13:00:00,0.9311582832720643,1.0739312724427772,31.781385702844712,0.038253187469571764,True
Portfolio,2025-07-09,793.9841666666667,929.36,658.4,19055.620000000003,21:00:00,0.8543343447820723,1.1705019306640245,71.0641662260489,0.08950325360314561,True
Portfolio,2025-07-10,809.5066666666667,875.68,756.08,19428.16,14:30:00,0.9244320604178087,1.081745260487869,31.72332320372062,0.039188464419136704,True
Portfolio,2025-07-11,814.6066666666667,866.72,770.56,19550.56,17:00:00,0.9398729308965602,1.0639736150780337,26.707927097110353,0.03278628593404222,True
Portfolio,2025-07-12,833.4375,875.92,779.12,20002.5,13:45:00,0.9514995661704265,1.0509726284214473,21.98788245231545,0.026382161172631962,True
Portfolio,2025-07-13,827.3408333333333,869.52,800.64,19856.18,13:00:00,0.9514914358879994,1.0509816087485107,14.623393491012356,0.017675174368095806,True
Portfolio,2025-07-14,846.0958333333334,897.52,797.84,20306.300000000003,15:00:00,0.9427041551534601,1.0607781821405178,29.175575930514082,0.03448259024698433,True
Portfolio,2025-07-15,822.9625,883.36,765.52,19751.1,20:45:00,0.9316275357725049,1.0733903428163496,31.677306537546464,0.03849179827458294,True
Portfolio,2025-07-16,865.805,924.48,788.08,20779.32,15:00:00,0.9365318881966077,1.0677693014015859,39.158661446936485,0.045228038007330156,True
Portfolio,2025-07-17,869.7725,919.84,790.0,20874.54,11:15:00,0.9455693381457645,1.0575639032045736,37.3351303734164,0.042925167642592056,True
Portfolio,2025-07-18,786.9741666666667,911.36,658.4,18887.38,22:30:00,0.8635162467813671,1.158055802339975,62.97916593966723,0.08002698005504276,True
Portfolio,2025-07-19,649.9475,666.4,639.12,15598.74,00:15:00,0.97531137454982,1.025313583020167,5.493579218649619,0.008452343025628407,True
Portfolio,2025-07-20,753.6366666666667,904.64,641.76,18087.279999999995,08:45:00,0.8330790885508784,1.2003662242194515,81.4633786455661,0.10809370383460566,True
Portfolio,2025-07-21,761.7208333333334,799.92,700.16,18281.300000000003,01:00:00,0.9522462662932961,1.0501485124143248,28.615648559068873,0.03756710766836346,True
Portfolio,2025-07-22,714.3633333333333,764.96,638.48,17144.72,13:45:00,0.9338571079969322,1.070827636730142,30.704552951147566,0.04298170345316468,True
Portfolio,2025-07-23,741.4441666666667,780.64,704.0,17794.66,14:45:00,0.9497901294664207,1.0528641738588993,18.848892731218527,0.02542186394959188,True
Portfolio,2025-07-24,758.2750000000001,800.72,703.44,18198.600000000002,15:45:00,0.9469914576880808,1.0559757343971514,28.042323051153648,0.036981732288620416,True
Portfolio,2025-07-25,809.8741666666668,885.52,738.0,19436.980000000003,14:30:00,0.9145746755202219,1.0934044280541522,44.160731870047684,0.05452789295873866,True
Portfolio,2025-07-26,801.2616666666667,841.6,764.56,19230.279999999995,21:30:00,0.9520694708491761,1.0503435207391676,21.146339171376148,0.026391302680617627,True
Portfolio,2025-07-27,817.0116666666667,856.4,788.8,19608.279999999995,13:15:00,0.9540070839171727,1.0482102458757219,15.248348498438267,0.018663562737910637,True
Portfolio,2025-07-28,794.3800000000001,849.36,747.76,19065.120000000003,12:15:00,0.9352689083545259,1.0692112087414083,22.816545058817567,0.028722456581003506,True
Portfolio,2025-07-29,832.8875000000002,875.52,763.28,19989.300000000003,14:00:00,0.9513060809576025,1.0511863847158227,32.04521453722602,0.03847484148486562,True
Portfolio,2025-07-30,849.0483333333333,885.2,816.56,20377.16,23:45:00,0.9591598885374303,1.042579044381062,16.015956166580402,0.018863421006554873,True
Portfolio,2025-07-31,867.2708333333334,929.6,790.64,20814.5,10:45:00,0.9329505522088354,1.0718681688246174,42.50419906604069,0.04900914158807449,True
Portfolio,2025-08-01,704.7975,804.96,657.52,16915.14,00:30:00,0.8755683512224209,1.1421152884339119,32.37016108117247,0.0459283142763311,True
Portfolio,2025-08-02,635.17,677.04,615.12,15244.079999999998,00:00:00,0.9381572728346922,1.0659193601712926,10.955282888081655,0.0172477964766624,True
Portfolio,2025-08-03,571.3341666666666,632.32,533.68,13712.02,00:15:00,0.9035522625674762,1.106742843140544,17.362041091910626,0.03038859235953966,True
Portfolio,2025-08-04,575.0508333333333,635.36,514.24,13801.220000000001,11:00:00,0.9050787480063796,1.1048762355791735,30.530522283072603,0.05309186686349051,True
Portfolio,2025-08-05,592.4025,652.16,531.76,14217.66,15:45:00,0.9083698785574094,1.100873139461768,32.005299462498556,0.05402627345849917,True
Portfolio,2025-08-06,601.4591666666666,666.48,537.92,14435.02,10:30:00,0.9024414336014084,1.1081051498369938,32.29289273824054,0.05369091457564818,True
Portfolio,2025-08-07,600.565,655.6,553.92,14413.560000000001,14:00:00,0.9160539963392312,1.0916387068843505,26.108816659673057,0.04347375664528078,True
Portfolio,2025-08-08,589.1350000000001,629.6,551.36,14139.240000000002,13:45:00,0.935729034307497,1.0686854456109378,18.68170374288282,0.03171039531326914,True
Portfolio,2025-08-09,567.1583333333333,589.84,543.84,13611.8,14:45:00,0.9615460689904606,1.039991771845017,11.59467597120303,0.020443455186593452,True
Portfolio,2025-08-10,569.1033333333334,600.72,523.84,13658.48,16:45:00,0.9473687130998357,1.055555230157382,21.403651565816457,0.03760942927614163,True
Portfolio,2025-08-11,649.055,700.72,585.6,15577.32,12:15:00,0.9262686950565132,1.079600342035729,33.89593249934275,0.052223513414645525,True
Portfolio,2025-08-12,718.6666666666666,911.44,665.28,17248.0,13:00:00,0.7884958600310131,1.2682374768089055,53.871482987738936,0.07496031955622301,True
Portfolio,2025-08-13,791.0758333333333,884.8,685.76,18985.82,01:15:00,0.8940730485232068,1.1184768421906455,59.40384349902067,0.07509247659445291,True
Portfolio,2025-08-14,763.005,870.64,689.92,18312.12,20:30:00,0.8763725535238446,1.1410672276066343,53.323167355682315,0.06988573778111849,True
Portfolio,2025-08-15,733.5166666666668,930.56,555.28,17604.4,11:15:00,0.7882529516276938,1.2686282974710865,54.41399561967716,0.07418235752835949,True
Portfolio,2025-08-16,698.9866666666667,868.0,452.08,16775.68,05:30:00,0.805284178187404,1.2417976499313292,60.49975245998366,0.08655351431593877,True
Portfolio,2025-08-17,748.16,888.48,434.48,17955.84,05:00:00,0.8420673509814515,1.1875534644995724,99.82538489519429,0.13342785620080502,True
Portfolio,2025-08-18,718.1550000000001,840.96,606.88,17235.72,11:15:00,0.8539704623287672,1.1710006892662446,62.01866944719147,0.08635833413008538,True
Portfolio,2025-08-19,632.6158333333333,700.4,579.92,15182.779999999999,13:45:00,0.9032207786027032,1.1071490201399217,33.96079596323002,0.05368312674737568,True
Portfolio,2025-08-20,697.3408333333333,808.88,569.68,16736.18,15:00:00,0.8621066577654699,1.1599492835282603,73.40432821982303,0.10526320087832186,True
Portfolio,2025-08-21,626.7099999999999,722.16,551.76,15041.039999999999,00:30:00,0.8678270743325578,1.15230329817619,41.89247187741491,0.06684506690082322,True
Portfolio,2025-08-22,604.7075,688.32,544.96,14512.98,11:30:00,0.8785267026964202,1.1382693285596757,38.842741217158675,0.06423393329363151,True
Portfolio,2025-08-23,572.4366666666666,616.48,517.04,13738.48,20:15:00,0.9285567523142139,1.0769400981767998,25.534357727607013,0.04460643284137462,True
Portfolio,2025-08-24,605.795,657.12,560.4,14539.079999999998,18:15:00,0.9218940224007791,1.0847233800212943,24.13997584266005,0.0398484237120809,True
Portfolio,2025-08-25,666.38,805.76,582.72,15993.119999999999,11:15:00,0.82702045274027,1.2091599387736727,62.26876780706783,0.09344333234350946,True
Portfolio,2025-08-26,646.54,768.16,546.32,15516.96,14:30:00,0.8416736096646532,1.1881090110434003,63.94504904089217,0.09890346929948986,True
Portfolio,2025-08-27,646.4091666666667,755.52,546.88,15513.82,13:15:00,0.8555818067909079,1.1687953063784418,65.31215087508468,0.10103840453234808,True
Portfolio,2025-08-28,642.4158333333334,755.68,562.08,15417.980000000001,12:00:00,0.8501162308560943,1.1763097370732092,54.957324221745324,0.08554789805940127,True
Portfolio,2025-08-29,585.3000000000001,645.2,520.64,14047.2,11:45:00,0.9071605703657781,1.1023406799931659,28.10834736477667,0.0480238294289709,True
Portfolio,2025-08-30,529.9375,574.64,473.68,12718.5,18:00:00,0.9222078170680774,1.0843542870621534,26.906293413682196,0.050772578678961566,True
Portfolio,2025-08-31,527.5658333333334,577.12,470.8,12661.58,17:00:00,0.91413541955457,1.0939298255036098,27.70471605936117,0.05251423482888139,True
Portfolio,2025-09-01,544.3983333333334,583.12,500.4,13065.560000000001,14:15:00,0.9335957150043446,1.071127452631192,18.688444764594465,0.03432862229787832,True
Portfolio,2025-09-02,596.8075,698.8,504.4,14323.380000000001,11:15:00,0.8540462220950201,1.1708968134616269,62.62602850505363,0.10493505611952536,True
Portfolio,2025-09-03,613.0925000000001,724.88,519.12,14714.220000000001,14:45:00,0.8457848195563404,1.1823338240151362,59.93709862496639,0.0977619178589958,True
Portfolio,2025-09-04,667.2133333333333,803.44,532.08,16013.119999999999,15:45:00,0.8304457499419162,1.204172578485642,82.5291379825353,0.12369227930477306,True
Portfolio,2025-09-05,677.4325,770.0,567.36,16258.38,13:30:00,0.8797824675324676,1.1366446103486325,61.387125360290334,0.090617331409831,True
Portfolio,2025-09-06,680.04,854.32,565.68,16320.96,14:15:00,0.796001498267628,1.2562790424092702,35.112104615450164,0.05163241076326417,True
Portfolio,2025-09-07,542.7091666666666,580.32,501.76,13025.02,17:15:00,0.9351894931532028,1.0693020049105493,20.119895346942787,0.03707307077659972,True
Portfolio,2025-09-08,599.5058333333334,726.0,508.16,14388.140000000001,13:00:00,0.8257656106519744,1.2109973909066771,66.50395717021843,0.1109312928624021,True
Portfolio,2025-09-09,609.6658333333334,720.48,517.6,14631.98,13:00:00,0.8461939725368273,1.1817621401888192,64.78376612225054,0.10626110662630846,True
Portfolio,2025-09-10,607.8725,728.24,518.4,14588.939999999999,15:15:00,0.8347145171921344,1.1980143862405357,54.96457938862464,0.09042123042023557,True
Portfolio,2025-09-11,640.7866666666667,748.16,555.36,15378.880000000001,14:15:00,0.8564834616481325,1.1675648681828583,59.459357524219705,0.09279119029352416,True
Portfolio,2025-09-12,623.9375,702.16,555.92,14974.5,14:45:00,0.8885973282442748,1.1253691275167785,39.96413921452451,0.06405151031076751,True
Portfolio,2025-09-13,593.5358333333332,642.96,542.08,14244.859999999999,00:00:00,0.9231302621210234,1.0832707376555475,21.753034859854274,0.03664990997710772,True
Portfolio,2025-09-14,612.7141666666668,661.12,561.28,14705.140000000001,17:15:00,0.9267820768796388,1.0790023080365094,30.71147742480057,0.05012366139970198,True
Portfolio,2025-09-15,685.9683333333334,798.96,596.32,16463.24,13:15:00,0.8585765662027303,1.1647184879768502,61.65441804576054,0.08987939391627972,True
Portfolio,2025-09-16,648.2166666666666,745.76,559.76,15557.199999999999,12:00:00,0.8692027819495101,1.1504795207363794,53.91772841276775,0.08317855924629279,True
Portfolio,2025-09-17,649.6883333333334,737.84,553.12,15592.52,15:45:00,0.8805273952799162,1.13568300698027,54.563326929486585,0.08398384907043108,True
Portfolio,2025-09-18,691.9183333333334,799.6,591.84,16606.04,15:30:00,0.8653305819576456,1.1556277113628535,60.329317140729074,0.08719138406131129,True
Portfolio,2025-09-19,698.4183333333334,783.2,628.88,16762.04,12:15:00,0.8917496595165135,1.1213909524139065,40.43854333017779,0.05790017443725625,True
Portfolio,2025-09-20,620.0783333333334,695.2,561.28,14881.880000000001,00:30:00,0.8919423667050249,1.1211486720763775,30.24294940596783,0.04877278850140089,True
Portfolio,2025-09-21,592.2183333333334,623.84,555.28,14213.24,14:30:00,0.9493112550226553,1.0533952849596573,12.626633727888272,0.021320909902972054,True
Portfolio,2025-09-22,636.7141666666666,744.56,530.08,15281.139999999998,15:15:00,0.8551549460979192,1.1693787243621876,68.84661357977971,0.10812797513239936,True
Portfolio,2025-09-23,673.69,800.88,561.76,16168.560000000001,15:00:00,0.8411871940865049,1.1887960337840846,71.84781132072811,0.10664817842142248,True
Portfolio,2025-09-24,714.5741666666667,815.76,606.8,17149.78,15:15:00,0.8759612712889412,1.1416029826621683,65.59256131872635,0.0917925169681146,True
Portfolio,2025-09-25,748.8458333333333,822.16,671.6,17972.3,13:00:00,0.9108273734228536,1.097902883882419,49.238912119041245,0.06575306949344213,True
Portfolio,2025-09-26,670.2041666666667,725.28,618.56,16084.9,13:15:00,0.924062660857416,1.0821776946079864,28.384857922812394,0.04235255364643221,True
Portfolio,2025-09-27,606.37,660.24,546.56,14552.880000000001,00:45:00,0.918408457530595,1.088840147104903,24.722212130624133,0.040770836503494785,True
Portfolio,2025-09-28,582.3525000000001,629.76,527.2,13976.460000000001,23:45:00,0.9247213224085368,1.0814068798536967,26.67832508748786,0.04581130000727713,True
Portfolio,2025-09-29,651.435,756.32,564.96,15634.439999999999,14:15:00,0.8613219272265706,1.1610060865627425,59.09626622812361,0.09071705730905404,True
Portfolio,2025-09-30,630.6466666666666,714.16,553.92,15135.52,15:30:00,0.8830607520256899,1.1324249183377908,45.806811046454804,0.07263466766354346,True
Portfolio,2025-10-01,611.5691666666667,717.84,537.28,14677.66,13:15:00,0.8519574928489171,1.1737674806474603,52.404205047559564,0.08568810840021023,True
Portfolio,2025-10-02,582.0591666666667,672.16,501.36,13969.42,15:15:00,0.8659532948504325,1.154796691630719,50.09237478828314,0.08606062348463968,True
Portfolio,2025-10-03,561.04,654.08,499.52,13464.96,13:30:00,0.8577544031311154,1.1658348780835592,44.25441470692649,0.07887925051141896,True
Portfolio,2025-10-04,540.4566666666666,598.24,472.4,12970.96,14:15:00,0.9034111170544707,1.106915756428206,36.48001461988011,0.06749850056411574,True
Portfolio,2025-10-05,558.1216666666667,601.76,509.6,13394.92,15:45:00,0.9274821634317114,1.0781878503193747,24.519615634776844,0.0439323844587832,True
Portfolio,2025-10-06,626.59,746.4,521.84,15038.16,14:45:00,0.8394828510182208,1.1912095628720534,71.42798673083998,0.11399477605904973,True
Portfolio,2025-10-07,660.8191666666667,822.0,530.88,15859.66,14:00:00,0.8039162611516626,1.243910651300217,88.1906923322132,0.13345661987540192,True
Portfolio,2025-10-08,627.6891666666667,747.76,507.2,15064.54,11:15:00,0.8394259744659606,1.1912902750432472,59.39586361048292,0.09462623662266423,True
Portfolio,2025-10-09,537.8341666666666,626.56,467.04,12908.02,12:45:00,0.8583921199353082,1.1649687558587607,45.66695914107904,0.0849089960649191,True
Portfolio,2025-10-10,500.89333333333326,586.56,392.96,12021.439999999999,12:15:00,0.8539507183124204,1.1710277637288047,45.4184109821155,0.09067481629245516,True
Portfolio,2025-10-11,420.9558333333334,482.4,395.52,10102.94,00:15:00,0.8726281785516862,1.1459634522228181,23.497150002619765,0.05581856371144185,True
Portfolio,2025-10-12,487.66249999999997,569.12,417.68,11703.9,02:15:00,0.8568711343829069,1.1670366288160359,26.917575749136965,0.05519714095124593,True
Portfolio,2025-10-13,477.0741666666666,503.12,455.84,11449.779999999999,14:30:00,0.9482313695871096,1.0545949354485415,11.327661872989145,0.023744026955254995,True
Portfolio,2025-10-14,533.1116666666667,626.96,461.28,12794.68,15:15:00,0.8503120879588277,1.1760387911225603,53.781676681437396,0.10088257309713862,True
Portfolio,2025-10-15,550.7425,651.2,472.56,13217.82,12:45:00,0.8457347972972972,1.1824037549308435,57.07501540216958,0.10363285092791928,True
Portfolio,2025-10-16,527.2624999999999,601.36,465.92,12654.3,12:00:00,0.8767834574963415,1.14053246722458,42.20055447378312,0.08003708679032384,True
Portfolio,2025-10-17,441.3941666666667,656.48,344.32,10593.460000000001,14:00:00,0.6723649870013811,1.4872874396089661,71.54029124121031,0.16207801698302984,True
Portfolio,2025-10-18,408.26416666666665,630.72,338.8,9798.34,14:30:00,0.6472985899712498,1.5448820922727728,65.21866584065552,0.15974624070768442,True
Portfolio,2025-10-19,489.3583333333333,540.88,448.72,11744.599999999999,18:45:00,0.9047447369718483,1.1052841305791599,27.294187338261978,0.055775462435356464,True
Portfolio,2025-10-20,505.8691666666667,602.72,349.12,12140.860000000002,13:15:00,0.8393104039465533,1.1914543121327485,56.981822099899205,0.11264142164538433,True
Portfolio,2025-10-21,469.84499999999997,692.96,337.68,11276.279999999999,14:00:00,0.6780261486954513,1.474869371814109,102.61674089337932,0.21840551861439267,True
Portfolio,2025-10-22,515.7608333333333,635.04,357.52,12378.259999999998,13:15:00,0.8121706244226085,1.2312683688983752,77.01090470516998,0.14931514711470592,True
Portfolio,2025-10-23,441.8216666666667,737.2,352.8,10603.720000000001,14:15:00,0.5993240188099114,1.6685465100926844,92.756622514788,0.2099413168543598,True
Portfolio,2025-10-24,410.45250000000004,495.36,325.92,9850.860000000002,11:00:00,0.8285943556201552,1.2068631571253676,52.471652517285335,0.1278385501788522,True
Portfolio,2025-10-25,402.63166666666666,431.76,383.2,9663.16,09:00:00,0.9325358223704527,1.0723448644128835,12.356034678749337,0.03068818401951164,True
Portfolio,2025-10-26,379.76833333333326,433.28,346.24,9114.439999999999,09:00:00,0.876496338010832,1.1409060787058778,24.508734368605758,0.06453601371521873,True
Portfolio,2025-10-27,433.58750000000003,512.32,365.84,10406.1,10:00:00,0.8463216349156777,1.1815838786865396,32.79391024982663,0.07563389223588464,True
Portfolio,2025-10-28,474.40749999999997,818.96,371.84,11385.779999999999,10:15:00,0.5792804288365732,1.7262796224764576,91.48347086826813,0.19283731995861814,True
Portfolio,2025-10-29,453.70666666666665,530.88,390.8,10888.96,11:30:00,0.8546313039983926,1.1700952157047138,42.989073634236696,0.09475080882119878,True
Portfolio,2025-10-30,450.08500000000004,767.84,335.04,10802.04,15:00:00,0.5861702958949782,1.7059888687692324,100.23282424855695,0.22269754434952718,True
Portfolio,2025-10-31,396.3725,463.28,344.08,9512.94,10:00:00,0.8555786997064411,1.1687995509274733,28.68262121912849,0.07236279312800079,True
Portfolio,2025-11-01,403.3633333333333,433.04,387.36,9680.72,00:00:00,0.9314689943962066,1.0735730400218166,8.987438563340758,0.02228124824601664,True
Portfolio,2025-11-02,372.8258333333333,411.44,338.24,8947.82,04:30:00,0.9061487296649167,1.1035715962100265,26.26459564816111,0.07044735986596362,True
Portfolio,2025-11-03,454.0058333333333,780.08,355.92,10896.139999999998,15:45:00,0.5819990684716098,1.7182158085340313,84.80194178097905,0.18678601805258535,True
Portfolio,2025-11-04,429.58916666666664,492.72,373.36,10310.139999999998,11:00:00,0.8718728013205606,1.1469562973926641,31.22258965174739,0.07268011410533101,True
Portfolio,2025-11-05,428.6333333333334,500.72,349.52,10287.2,13:15:00,0.8560339777387229,1.1681779298545765,36.3804582207382,0.08487547605740305,True
Portfolio,2025-11-06,432.53999999999996,527.2,352.48,10380.96,12:00:00,0.8204476479514414,1.218846811855551,44.89684119705621,0.10379812548447824,True
Portfolio,2025-11-07,423.75,476.32,378.08,10170.0,09:45:00,0.8896330198186093,1.1240589970501476,26.813899302217752,0.06327763847131034,True
Portfolio,2025-11-08,443.48916666666673,641.04,323.68,10643.740000000002,09:30:00,0.6918276030616916,1.4454468072312925,98.92907953804895,0.22306988980500975,True
Portfolio,2025-11-09,348.10583333333335,362.72,333.6,8354.54,17:15:00,0.9597095096309366,1.0419819642972563,7.094986171369878,0.020381692841601937,True
Portfolio,2025-11-10,450.4025,532.72,346.8,10809.66,14:15:00,0.845476986033939,1.1827643052602952,58.59196533745274,0.1300880109179073,True
Portfolio,2025-11-11,476.54749999999996,560.8,416.48,11437.139999999998,11:00:00,0.8497637303851641,1.1767976959274784,48.459784325171164,0.1016893055260413,True
Portfolio,2025-11-12,468.8516666666667,549.04,411.84,11252.44,10:15:00,0.8539481033561611,1.1710313496450546,40.983817054428656,0.08741318410107388,True
Portfolio,2025-11-13,479.9983333333333,780.48,386.48,11519.96,16:00:00,0.6150040146234795,1.6260056458529373,79.11651355559712,0.16482664222222396,True
Portfolio,2025-11-14,422.10999999999996,486.64,372.16,10130.639999999998,11:00:00,0.8673968436626663,1.15287484305039,31.277175804662885,0.07409721590263886,True
Portfolio,2025-11-15,392.94416666666666,419.76,372.0,9430.66,14:45:00,0.9361162727908011,1.0682433679085026,11.197916316197464,0.02849747436433284,True
Portfolio,2025-11-16,363.8458333333333,413.92,332.64,8732.3,23:00:00,0.8790245296997808,1.137624680782841,24.166488483311653,0.06641958288188446,True
Portfolio,2025-11-17,448.9258333333333,530.72,389.52,10774.22,11:00:00,0.8458807531906339,1.1821997323240105,44.990670557272004,0.10021849316001792,True
Portfolio,2025-11-18,466.3141666666667,563.52,393.52,11191.54,11:00:00,0.827502425231876,1.2084556727671079,52.02155762994428,0.11155903326250566,True
Portfolio,2025-11-19,475.26416666666665,550.4,413.6,11406.34,12:15:00,0.8634886749031008,1.1580927799802565,42.867439825501386,0.09019707950245506,True
Portfolio,2025-11-20,477.2816666666666,565.36,417.52,11454.759999999998,11:00:00,0.8442084099806612,1.184541622871191,47.612480598808645,0.09975761468345104,True
Portfolio,2025-11-21,444.4391666666667,500.4,406.48,10666.54,11:15:00,0.8881677990940582,1.1259133702212711,27.042501272769115,0.06084635041414167,True
Portfolio,2025-11-22,396.42666666666673,428.24,347.2,9514.240000000002,00:45:00,0.9257114390684352,1.0802502354365664,23.22609542673779,0.05858863033113594,True
Portfolio,2025-11-23,395.8725,426.08,349.44,9500.94,23:15:00,0.929103689447991,1.0763061339193805,23.891878778759686,0.060352458881987724,True
Portfolio,2025-11-24,462.555,547.84,411.76,11101.32,11:00:00,0.8443249853971962,1.1843780739587726,38.22944547142466,0.08264843201657027,True
Portfolio,2025-11-25,459.07166666666666,522.48,413.92,11017.72,10:15:00,0.8786396927474097,1.1381229510279804,33.136688354265566,0.07218195057619667,True
Portfolio,2025-11-26,411.7716666666667,446.56,393.12,9882.52,00:45:00,0.922097067956527,1.0844845241901861,11.913303547022915,0.0289318195286779,True
Portfolio,2025-11-27,377.5316666666667,433.6,341.84,9060.76,01:15:00,0.8706911131611317,1.1485129282753324,27.564324107599155,0.07301195248327731,True
Portfolio,2025-11-28,373.33666666666676,394.16,356.0,8960.08,06:45:00,0.9471703538326232,1.0557762877117167,8.071010458707223,0.021618584991314062,True
Portfolio,2025-11-29,380.74333333333334,393.52,372.24,9137.84,20:45:00,0.9675323575252424,1.033557164494016,4.620152348061509,0.01213455875277705,True
Portfolio,2025-11-30,407.9241666666667,438.08,373.04,9790.18,23:45:00,0.9311636383004627,1.0739250963720788,19.315119339204696,0.047349779487293665,True
Portfolio,2025-12-01,459.62416666666667,529.92,409.92,11030.98,12:00:00,0.8673463290056361,1.1529419870220052,38.78847380796101,0.08439171962881487,True
Portfolio,2025-12-02,463.98083333333335,537.04,409.2,11135.54,14:00:00,0.8639595436714833,1.1574616049154327,40.98324134176301,0.08832959983999988,True
Portfolio,2025-12-03,451.9166666666667,528.64,400.32,10846.0,12:30:00,0.8548665758676353,1.169773188272174,39.016843722104014,0.08633636818462993,True
Portfolio,2025-12-04,448.70166666666665,509.6,399.76,10768.84,11:00:00,0.8804977760334902,1.135721210455351,34.14328787136158,0.07609351693522032,True
Portfolio,2025-12-05,441.7208333333333,504.16,401.04,10601.3,10:30:00,0.8761520813498359,1.1413543622008624,31.07944752156341,0.07035993137799344,True
Portfolio,2025-12-06,415.76416666666665,434.48,392.16,9978.34,13:45:00,0.9569236021604369,1.045015503580756,10.469399989509945,0.02518110224228065,True
Portfolio,2025-12-07,408.51916666666665,431.2,391.92,9804.46,02:15:00,0.9474006648113791,1.055519630861873,10.27225180731968,0.02514509145589582,True
Portfolio,2025-12-08,454.7075,543.6,394.24,10912.98,10:30:00,0.8364744297277409,1.1954938064579979,44.41021762470529,0.09766766025347128,True
Portfolio,2025-12-09,461.9391666666667,554.08,403.52,11086.54,10:30:00,0.8337048200019251,1.1994652975590219,50.10377877684774,0.10846401949069283,True
Portfolio,2025-12-10,462.43416666666667,546.72,409.36,11098.42,12:45:00,0.8458336381816408,1.182265583749759,41.991026601974376,0.09080433417075448,True
Portfolio,2025-12-11,455.8658333333333,526.88,408.32,10940.779999999999,11:30:00,0.865217570098188,1.155778655635156,34.80012775737791,0.07633853035862799,True
Portfolio,2025-12-12,456.30249999999995,520.0,411.6,10951.259999999998,13:15:00,0.8775048076923077,1.1395948959297835,32.225308295450674,0.07062268625626789,True
Portfolio,2025-12-13,413.22166666666664,448.24,402.0,9917.32,00:15:00,0.9218759295615443,1.0847446689226525,7.780781541947361,0.01882955849027123,True
Portfolio,2025-12-14,411.60083333333336,450.4,394.8,9878.42,23:30:00,0.9138562018946123,1.0942640624715287,11.148087177596798,0.0270847050704792,True
Portfolio,2025-12-15,455.8733333333333,550.88,409.52,10940.96,11:45:00,0.8275365475844708,1.2084058437285212,41.467987568514296,0.09096383696168739,True
Portfolio,2025-12-16,446.4941666666667,517.84,402.88,10715.860000000002,11:00:00,0.86222417477728,1.1597911880147744,31.94966777412862,0.07155674174346127,True
Portfolio,2025-12-17,445.7383333333334,496.24,410.56,10697.720000000001,12:45:00,0.8982313665430707,1.1132989085524765,25.82668969014181,0.05794136998943731,True
Portfolio,2025-12-18,439.0791666666667,491.84,408.08,10537.900000000001,12:15:00,0.8927276485577967,1.1201624612114367,19.790842308963146,0.04507351705891264,True
Portfolio,2025-12-19,410.43833333333333,450.96,369.68,9850.52,14:15:00,0.9101435456211934,1.0987277828987707,17.517840690454413,0.04268081041111595,True
Portfolio,2025-12-20,410.97,426.8,401.52,9863.28,00:30:00,0.9629100281162137,1.0385186266637467,4.566462641107621,0.011111425751533252,True
Portfolio,2025-12-21,411.315,440.8,401.76,9871.56,23:45:00,0.9331102540834846,1.0716847185247318,5.678948012292047,0.0138068098958026,True
Portfolio,2025-12-22,427.7666666666667,454.8,412.72,10266.400000000001,11:45:00,0.9405599530929347,1.0631964466609523,8.861485994746463,0.02071570013577448,True
Portfolio,2025-12-23,416.0408333333333,434.4,402.72,9984.98,00:00:00,0.9577367249846531,1.0441282806775778,6.9440348754076116,0.01669075321230315,True
Portfolio,2025-12-24,405.83666666666664,427.2,380.4,9740.08,00:45:00,0.9499921972534332,1.052640224720947,9.058793072469673,0.022321278032549234,True
Portfolio,2025-12-25,399.29750000000007,414.48,371.52,9583.140000000001,02:45:00,0.9633697645242233,1.0380230279428244,9.968230482255535,0.024964419968207998,True
Portfolio,2025-12-26,407.40333333333336,419.12,397.36,9777.68,19:30:00,0.9720446013870332,1.028759378502876,4.631439168544678,0.011368191641071529,True
Portfolio,2025-12-27,403.0083333333334,418.72,391.76,9672.2,23:00:00,0.9624769137689467,1.0389859597609643,5.212693548933002,0.012934455984614878,True
Portfolio,2025-12-28,403.80249999999995,414.16,395.6,9691.259999999998,06:30:00,0.9749915491597448,1.0256499154908651,4.424497592650316,0.010957083209366749,True
Portfolio,2025-12-29,397.0658333333333,416.4,379.52,9529.579999999998,00:30:00,0.9535682837015689,1.0486925971553835,8.449322821407101,0.021279400321291227,True
Portfolio,2025-12-30,411.9158333333333,421.68,396.08,9885.98,19:15:00,0.9768446057041673,1.0237042761567392,6.358045324695097,0.01543530209374107,True
Portfolio,2025-12-31,413.32,425.92,403.52,9919.68,00:30:00,0.9704169797145004,1.0304848543501404,4.3003843157510815,0.010404491231372983,True
Portfolio,2026-01-01,410.07750000000004,425.12,401.6,9841.860000000002,00:30:00,0.964615873165224,1.036682090580439,5.025663192685695,0.012255398534876198,True
Portfolio,2026-01-02,428.06916666666666,446.16,408.48,10273.66,10:30:00,0.9594521397406012,1.0422614725424046,10.06571833571927,0.023514233491984598,True
Portfolio,2026-01-03,422.1716666666666,447.76,407.12,10132.119999999999,00:30:00,0.9428525698290751,1.0606112047626757,5.967276142546405,0.014134714888997932,True
Portfolio,2026-01-04,420.3574999999999,440.8,409.76,10088.579999999998,23:30:00,0.9536240925589834,1.0486312246123837,5.322393802554792,0.012661588772782199,True
Portfolio,2026-01-05,460.2908333333333,522.4,419.28,11046.98,13:30:00,0.8811080270546197,1.1349346156144033,30.358928753955063,0.06595597078069496,True
Portfolio,2026-01-06,465.3083333333334,530.56,425.92,11167.400000000001,12:30:00,0.8770135956976278,1.1402331787166213,30.256383151386565,0.06502437412766422,True
Portfolio,2026-01-07,450.3883333333333,499.76,419.2,10809.32,10:30:00,0.9012092471052772,1.109620216627873,22.416433007325892,0.04977134474470378,True
Portfolio,2026-01-08,452.90333333333336,513.04,414.4,10869.68,10:30:00,0.8827836685898437,1.132780357839421,27.690015630440428,0.06113890888513463,True
Portfolio,2026-01-09,444.2008333333333,511.2,401.76,10660.82,13:00:00,0.8689374673969744,1.150830799131774,30.51267317953974,0.0686911659993278,True
Portfolio,2026-01-10,413.6708333333333,439.12,399.92,9928.099999999999,10:00:00,0.9420450749984817,1.061520331181193,8.116498034921047,0.01962066788591021,True
Portfolio,2026-01-11,416.63999999999993,448.72,400.24,9999.359999999999,23:45:00,0.928507755393118,1.0769969278033797,8.444485712426093,0.02026806286584604,True
Portfolio,2026-01-12,490.53416666666664,584.08,419.6,11772.82,12:00:00,0.8398407181664611,1.190701972849326,53.5003862979987,0.10906556552737313,True
Portfolio,2026-01-13,486.2375,574.72,429.44,11669.7,13:15:00,0.8460424206570155,1.1819738296614308,49.65119456876403,0.1021130508625189,True
Portfolio,2026-01-14,477.81166666666667,569.04,423.04,11467.48,12:30:00,0.8396802802380618,1.190929480583354,45.871763374517435,0.09600385795208873,True
Portfolio,2026-01-15,474.41083333333336,556.56,407.92,11385.860000000002,10:30:00,0.8523983637583251,1.173160393681285,46.68938668232781,0.09841551541788388,True
Portfolio,2026-01-16,458.5425,528.32,414.56,11005.02,10:45:00,0.8679256889763779,1.1521723722446666,32.496836088909845,0.07086984540998892,True
Portfolio,2026-01-17,421.98166666666674,440.08,407.68,10127.560000000001,00:15:00,0.9588749015330548,1.0428889090758284,5.861554790446262,0.013890543721361342,True
Portfolio,2026-01-18,415.3066666666667,425.92,399.76,9967.360000000002,02:15:00,0.9750813924367643,1.0255554128675999,6.655729414203054,0.01602605965279405,True
Portfolio,2026-01-19,418.9783333333333,438.88,407.76,10055.48,23:30:00,0.9546535119698626,1.047500467406827,5.159929552082677,0.012315504505999143,True
Portfolio,2026-01-20,489.6841666666667,589.2,420.48,11752.420000000002,12:00:00,0.8311000792034398,1.2032245273739366,54.486757283749654,0.11126918326693494,True
Portfolio,2026-01-21,486.77333333333337,580.88,423.28,11682.560000000001,12:30:00,0.8379929302667218,1.1933274898652348,49.39599017748339,0.10147636855788468,True
Portfolio,2026-01-22,473.7791666666667,544.88,420.56,11370.7,09:45:00,0.8695110238339941,1.1500716754465423,45.251680554234184,0.09551217896010099,True
Portfolio,2026-01-23,465.29833333333335,540.88,415.44,11167.16,11:15:00,0.8602616723364395,1.1624370027831605,36.917221959310304,0.07934097183379188,True
Portfolio,2026-01-24,429.02,456.56,414.32,10296.48,00:00:00,0.939679341159979,1.0641928115239383,6.786557611228707,0.01581874414066642,True
Portfolio,2026-01-25,418.21416666666664,435.2,408.24,10037.139999999998,00:45:00,0.9609700520833333,1.0406151553131668,5.046064786005171,0.012065743315737761,True
Portfolio,2026-01-26,419.6875,434.8,407.68,10072.5,23:30:00,0.9652426402943882,1.0360089352196575,6.596602155655588,0.01571789046768271,True
Portfolio,2026-01-27,425.6641666666667,444.48,414.56,10215.94,23:30:00,0.9576677615790736,1.0442034702631378,5.141816936016759,0.012079515586857617,True
Portfolio,2026-01-28,433.4691666666667,454.72,419.44,10403.26,01:00:00,0.9532661124794746,1.049025017158083,8.353601135428038,0.019271500207653457,True
Portfolio,2026-01-29,440.0166666666667,466.08,424.56,10560.400000000001,09:00:00,0.9440797001945304,1.0592326048255747,8.943013346702454,0.02032426047506334,True
Portfolio,2026-01-30,460.57750000000004,521.2,424.96,11053.860000000002,13:45:00,0.8836866845740599,1.1316227996374117,24.751251791841923,0.05373960254645944,True
Portfolio,2026-01-31,431.8866666666666,454.0,416.24,10365.279999999999,00:15:00,0.9512922173274595,1.0512017041507804,7.098936713067693,0.01643703605822753,True
Portfolio,2026-02-01,421.5291666666667,441.76,410.32,10116.7,23:45:00,0.9542040172642763,1.0479939110579535,5.423167391977081,0.012865461801521242,True
Portfolio,2026-02-02,475.67833333333334,571.2,413.6,11416.28,13:15:00,0.8327701914098973,1.2008114727389307,51.04262785403602,0.10730492494024887,True
Portfolio,2026-02-03,471.91416666666663,554.96,409.84,11325.939999999999,12:00:00,0.8503570827927537,1.1759765635346826,49.52011664952392,0.10493458375980927,True
Portfolio,2026-02-04,473.9158333333333,557.36,412.32,11373.98,12:15:00,0.8502867685756661,1.1760738105746626,47.49283131870184,0.10021364128025935,True
Portfolio,2026-02-05,481.8125,563.92,417.6,11563.5,12:15:00,0.8543986735707193,1.1704138020495525,48.38647059708018,0.10042593456392306,True
Portfolio,2026-02-06,462.5416666666667,538.72,410.4,11101.0,10:30:00,0.8585938273438274,1.1646950725159895,39.4938732801262,0.08538446614926842,True
Portfolio,2026-02-07,428.85166666666663,455.84,404.56,10292.439999999999,11:00:00,0.9407942845442845,1.0629316274858052,13.398708395463599,0.031243223326162348,True
Portfolio,2026-02-08,431.1466666666667,452.72,415.6,10347.52,11:30:00,0.9523472933969488,1.050037110341415,6.635607086281462,0.015390602779289634,True
Portfolio,2026-02-09,479.75,576.16,416.8,11514.0,11:30:00,0.8326680088864205,1.2009588327253777,51.89832229313492,0.10817784740622181,True
Portfolio,2026-02-10,468.77416666666664,547.12,411.04,11250.58,12:00:00,0.8568031997855436,1.1671291613410153,45.74740569386747,0.09758943420275393,True
Portfolio,2026-02-11,461.8125,535.76,401.44,11083.5,14:00:00,0.861976444676721,1.1601245094058736,43.82153714664442,0.09489032268863319,True
Portfolio,2026-02-12,462.23499999999996,543.04,405.2,11093.639999999998,12:00:00,0.8511988067177372,1.1748136770257553,44.415821647601874,0.09608926551992358,True
Portfolio,2026-02-13,442.1333333333334,507.52,405.76,10611.2,15:00:00,0.8711643547709123,1.1478890229191796,33.41777688491298,0.07558302974573201,True
Portfolio,2026-02-14,406.625,420.32,384.48,9759.0,00:00:00,0.9674176817662733,1.0336796802951123,5.3830619343895405,0.01323839393640219,True
Portfolio,2026-02-15,403.46583333333336,416.08,389.76,9683.18,10:15:00,0.9696833141062617,1.031264522605177,5.204700641913021,0.012899978664644518,True
Portfolio,2026-02-16,403.22666666666663,420.4,387.12,9677.439999999999,23:30:00,0.959150015857913,1.0425897758084783,6.919754584432308,0.017160954759355307,True
Portfolio,2026-02-17,458.45666666666665,532.0,402.96,11002.96,12:00:00,0.8617606516290727,1.1604150155958033,40.949506742525486,0.08932034305501535,True
Portfolio,2026-02-18,460.4466666666667,549.76,408.48,11050.720000000001,11:30:00,0.837541230112534,1.1939710715681873,42.12848704084775,0.09149482467932822,True
Portfolio,2026-02-19,453.63916666666665,534.64,403.12,10887.34,11:00:00,0.8484946256671155,1.1785578479224494,40.22492214291419,0.08867162515636882,True
Portfolio,2026-02-20,426.66416666666663,491.28,384.0,10239.939999999999,12:30:00,0.8684745291212072,1.1514442467436332,31.897281707864654,0.07475969204787838,True
Portfolio,2026-02-21,402.375,413.92,391.12,9657.0,14:45:00,0.9721081368380363,1.0286921404162783,5.387327821158793,0.013388823413877088,True
Portfolio,2026-02-22,402.81,418.08,384.72,9667.44,23:45:00,0.9634758897818599,1.0379086914426157,5.961473502062176,0.014799715751997655,True
Portfolio,2026-02-23,449.35166666666663,527.6,401.52,10784.439999999999,13:15:00,0.8516900429618397,1.1741360701158337,39.1754810178823,0.0871822314769404,True
Portfolio,2026-02-24,467.16499999999996,560.0,400.48,11211.96,12:30:00,0.8342232142857142,1.198719938351546,50.229413316355426,0.10751964148931412,True
Portfolio,2026-02-25,463.1075,545.52,399.44,11114.58,13:00:00,0.8489285452412377,1.1779554423109104,47.34435919271082,0.10223189905736965,True
Portfolio,2026-02-26,448.9066666666667,520.8,397.52,10773.76,12:00:00,0.8619559651817718,1.1601520731852202,39.789058391966236,0.08863548115116632,True
Portfolio,2026-02-27,431.04833333333335,490.08,395.36,10345.16,10:15:00,0.8795468767004027,1.136949066036678,29.67753708984791,0.06884967367893294,True
Portfolio,2026-02-28,386.2625,421.68,363.04,9270.3,00:00:00,0.9160085847087839,1.0916928254749039,13.471430432390498,0.034876361107771266,True
Portfolio,2026-03-01,398.4266666666667,420.32,373.2,9562.24,15:00:00,0.9479127014338282,1.0549494679071012,10.261954534940848,0.0257561940338854,True
Portfolio,2026-03-02,431.2075,466.4,403.04,10348.98,12:15:00,0.9245443825042882,1.0816138402045419,17.07117515148361,0.03958923523241969,True
Portfolio,2026-03-03,433.70583333333326,473.52,405.92,10408.939999999999,10:15:00,0.9159187221940642,1.091799933518687,17.081524871328806,0.03938504755641702,True
Portfolio,2026-03-04,421.9358333333333,455.12,399.36,10126.46,09:45:00,0.927086995371184,1.078647424667653,16.407918477732935,0.03888723635560606,True
Portfolio,2026-03-05,411.4291666666666,464.96,381.52,9874.3,11:45:00,0.8848700246616196,1.1301094761147628,20.512689765204094,0.04985715993689662,True
Portfolio,2026-03-06,409.5825,442.16,390.48,9829.98,07:45:00,0.9263219196670888,1.0795383103526153,13.597028545353501,0.033197288813251305,True
Portfolio,2026-03-07,391.4083333333333,409.2,366.88,9393.8,10:45:00,0.956520853698273,1.0454555132108412,9.681565626615157,0.0247352056716945,True
Portfolio,2026-03-08,427.8125,711.2,329.44,10267.5,13:00:00,0.6015361361079865,1.662410518626735,73.21154534490768,0.1711299818142473,True
Portfolio,2026-03-09,501.99916666666667,683.76,379.52,12047.98,12:15:00,0.7341745154245154,1.3620739742263848,70.65334653178397,0.14074395182950297,True
Portfolio,2026-03-10,538.1458333333334,656.56,443.28,12915.5,13:45:00,0.8196445615531458,1.2200410359645386,66.65029704465204,0.12385173853676967,True
Portfolio,2026-03-11,569.6941666666667,673.2,492.32,13672.66,14:30:00,0.846248019409784,1.1816866652136455,55.41567628609808,0.0972726763384999,True
Portfolio,2026-03-12,471.25083333333333,611.2,352.96,11310.02,07:00:00,0.7710255780977312,1.296973833821691,61.25537294872769,0.12998464642586527,True
Portfolio,2026-03-13,451.96166666666664,520.72,400.64,10847.08,11:00:00,0.8679552670661135,1.1521331086338444,37.18105863747708,0.08226595611901544,True
Portfolio,2026-03-14,391.1624999999999,428.72,357.52,9387.899999999998,00:15:00,0.9123962026497479,1.0960150832454545,24.1741553599794,0.061800799820993596,True
Portfolio,2026-03-15,406.3341666666667,417.2,391.76,9752.02,03:15:00,0.9739553371684245,1.0267411264538013,5.412027087236577,0.013319153374754958,True
Portfolio,2026-03-16,474.1183333333333,746.08,352.4,11378.839999999998,09:15:00,0.635479215812424,1.5736155882321927,90.16010422011755,0.19016371627361148,True
Portfolio,2026-03-17,459.58833333333337,544.72,404.48,11030.12,12:00:00,0.84371481372693,1.1852346121347728,43.214615818619485,0.09402896610797232,True
Portfolio,2026-03-18,474.81916666666666,565.2,417.12,11395.66,12:30:00,0.8400905284265157,1.1903479043776315,45.63747268399573,0.09611548119335761,True
Portfolio,2026-03-19,452.22166666666664,534.08,405.2,10853.32,12:15:00,0.8467302027161973,1.1810137358891106,37.86536678025856,0.08373187215766287,True
Portfolio,2026-03-20,460.07166666666666,716.8,364.64,11041.72,12:30:00,0.641841052827381,1.5580181348558013,69.75083037674615,0.1516086197659339,True
Portfolio,2026-03-21,396.9791666666667,622.0,349.28,9527.5,18:00:00,0.6382301714898179,1.5668328522697454,52.05908448285451,0.13113807689199772,True
Portfolio,2026-03-22,454.30250000000007,553.36,344.0,10903.260000000002,17:15:00,0.8209890487205437,1.2180430440070216,78.59502291728415,0.17300151973032096,True
Portfolio,2026-03-23,519.4966666666666,606.32,374.48,12467.92,11:30:00,0.8568027884065618,1.167129721717817,50.10274905088682,0.09644479409727397,True
Portfolio,2026-03-24,464.175,582.64,371.92,11140.2,12:15:00,0.7966754771385418,1.255216243873539,67.02282238163356,0.14439127997335824,True
Portfolio,2026-03-25,463.2483333333333,562.4,401.2,11117.96,12:30:00,0.8236990279753437,1.2140356684139897,44.711138154689365,0.0965165656030913,True
Portfolio,2026-03-26,514.3183333333333,746.24,399.52,12343.639999999998,10:45:00,0.6892130324471125,1.4509301956311107,86.51707699598863,0.16821698039668423,True
Portfolio,2026-03-27,461.135,581.04,347.52,11067.24,10:15:00,0.7936372711000964,1.2600214687672806,76.12254834354792,0.1650764924448327,True
Portfolio,2026-03-28,412.7925,429.52,392.4,9907.02,00:00:00,0.9610553641273981,1.0405227808160273,8.250683544250647,0.019987484133676476,True
Portfolio,2026-03-29,386.29833333333335,424.32,329.68,9271.16,10:30:00,0.9103938851181499,1.098425655473533,32.73223393301493,0.08473304466672545,True
Portfolio,2026-03-30,471.66833333333335,713.04,375.76,11320.04,16:15:00,0.6614893040128652,1.511740241200561,75.61047745088557,0.16030433274275122,True
Portfolio,2026-03-31,564.135,651.04,481.12,13539.24,15:30:00,0.8665135782747604,1.1540500057610323,53.04989706820711,0.0940375921866346,True
Portfolio,2026-04-01,578.1041666666666,679.04,500.88,13874.499999999998,13:15:00,0.8513550993559534,1.1745980035316588,57.98512084404279,0.10030220189967401,True
Portfolio,2026-04-02,516.8066666666666,590.64,350.64,12403.359999999999,12:30:00,0.8749943564043523,1.1428645141316547,63.65367524290977,0.12316728739872379,True
Portfolio,2026-04-03,422.69416666666666,643.28,341.28,10144.66,14:45:00,0.6570920387182357,1.5218568192526905,86.79255267186376,0.2053317966422463,True
Portfolio,2026-04-04,526.2166666666666,565.12,487.76,12629.199999999999,13:45:00,0.9311591638354094,1.073930256865043,19.429279839657443,0.03692258544894203,True
Portfolio,2026-04-05,474.02416666666664,536.4,340.4,11376.58,00:30:00,0.8837139572458365,1.1315878761455551,59.964843729545166,0.12650165950655504,True
Portfolio,2026-04-06,435.09,504.48,353.84,10442.16,11:00:00,0.8624524262607041,1.1594842446390403,40.94140243914723,0.09409869783067236,True
Portfolio,2026-04-07,446.6458333333333,528.64,387.92,10719.5,12:00:00,0.8448960224979822,1.183577592238444,42.62379586610145,0.09543085972166938,True
Portfolio,2026-04-08,430.47333333333336,522.08,353.04,10331.360000000002,13:00:00,0.8245351925630809,1.2128045097644453,50.25684553877981,0.11674787181268635,True
Portfolio,2026-04-09,435.41,521.04,351.28,10449.84,10:30:00,0.8356556118532168,1.1966652120989412,46.817680510903706,0.10752550587010795,True
Portfolio,2026-04-10,465.92083333333335,710.08,375.28,11182.1,13:15:00,0.6561525931350458,1.5240357356847105,77.33785041405447,0.16598925156610184,True
Portfolio,2026-04-11,487.1308333333333,532.96,449.84,11691.139999999998,14:15:00,0.9140101195837085,1.0940797903369561,15.877903060984945,0.03259474041570272,True
Portfolio,2026-04-12,458.40416666666664,496.16,433.76,11001.699999999999,15:00:00,0.9239039154036331,1.0823636347109993,16.168632899059872,0.03527156617408555,True
Portfolio,2026-04-13,537.65,642.8,445.68,12903.6,12:30:00,0.8364187927815806,1.195573328373477,62.609284934424856,0.11644989293113524,True
Portfolio,2026-04-14,564.17,671.84,378.16,13540.079999999998,14:15:00,0.83973862824482,1.190846730595388,69.25165264225981,0.12274961916135176,True
Portfolio,2026-04-15,564.9033333333333,901.52,345.84,13557.68,19:30:00,0.6266120921702606,1.5958836615114091,124.84371267744211,0.2210001345553672,True
Portfolio,2026-04-16,571.7049999999999,706.8,349.92,13720.92,14:15:00,0.8088638936049801,1.2363019389370393,110.8420321187343,0.1938797668705614,True
Portfolio,2026-04-17,576.4158333333334,660.24,386.64,13833.98,14:30:00,0.8730398541944344,1.145423081427037,49.958810311288424,0.08667147469281596,True
Portfolio,2026-04-18,506.675,596.0,357.92,12160.2,13:45:00,0.8501258389261745,1.176296442492722,74.51196176665724,0.14706066367327622,True
Portfolio,2026-04-19,436.34083333333336,484.72,252.64,10472.18,05:45:00,0.9001915195026682,1.1108747175850682,48.615218402789026,0.11141569775031909,True
Portfolio,2026-04-20,406.9291666666666,533.84,202.08,9766.3,11:00:00,0.7622680328687745,1.3118745072340603,107.61660219860099,0.26446028206858524,True
Portfolio,2026-04-21,425.6383333333333,532.96,311.44,10215.32,11:30:00,0.7986309166416491,1.2521428599397768,45.620152856678004,0.10718055514269471,True
Portfolio,2026-04-22,504.59499999999997,852.0,329.76,12110.279999999999,08:30:00,0.5922476525821596,1.6884828426758094,115.7979573676769,0.22948692985003202,True
Portfolio,2026-04-23,545.8625,651.92,341.52,13100.699999999999,13:45:00,0.8373151613694931,1.1942934347019625,75.31894172887651,0.13798152781859263,True
Portfolio,2026-04-24,544.3441666666666,659.36,371.04,13064.259999999998,13:45:00,0.8255644362209819,1.211292488055198,82.51824739403072,0.1515920486469756,True
Portfolio,2026-04-25,442.5075,497.28,321.28,10620.18,13:45:00,0.8898558156370656,1.123777563092151,53.59554272511848,0.12111781772087135,True
Portfolio,2026-04-26,345.4316666666667,396.48,199.2,8290.36,13:00:00,0.8712461326338444,1.1477812784969532,68.58087649156197,0.1985367385490482,True
Portfolio,2026-04-27,413.74500000000006,659.28,214.72,9929.880000000001,13:00:00,0.6275709865307609,1.5934452380089181,117.50652256924204,0.2840071120357757,True
Portfolio,2026-04-28,335.33,432.72,211.28,8047.92,13:30:00,0.7749352930301349,1.2904303223690097,69.63283363471574,0.20765464955332283,True
Portfolio,2026-04-29,345.06333333333333,441.76,207.2,8281.52,10:45:00,0.7811104068574188,1.2802287502777268,72.24196900427089,0.209358578630795,True
Portfolio,2026-04-30,351.67,444.56,209.52,8440.08,15:15:00,0.7910518265251035,1.2641396764011714,73.92592480243137,0.21021390736324214,True
Portfolio,2026-05-01,352.24333333333334,437.44,226.8,8453.84,14:15:00,0.8052380516947086,1.2418687838899245,69.6917076795959,0.19785103388641154,True
Portfolio,2026-05-02,308.9116666666667,344.96,210.64,7413.88,20:45:00,0.8954999613481758,1.116694632230357,46.59076643706328,0.15082229473494563,True
Portfolio,2026-05-03,307.4175,349.6,206.72,7378.02,20:15:00,0.8793406750572083,1.1372156757504046,53.870400055181165,0.17523530721309347,True
Portfolio,2026-05-04,435.64750000000004,671.92,207.6,10455.54,10:45:00,0.6483621562090726,1.5423478844708163,137.22052181184776,0.31498062495905005,True
Portfolio,2026-05-05,503.57250000000005,625.68,325.76,12085.740000000002,15:45:00,0.8048403337169161,1.2424824628032705,94.14971768971286,0.1869635805960668,True
Portfolio,2026-05-06,491.4816666666666,576.8,338.96,11795.56,13:15:00,0.8520833333333333,1.17359413202934,75.82882438571296,0.154286170835222,True
Portfolio,2026-05-07,444.55583333333334,546.56,222.64,10669.34,14:45:00,0.8133705967017956,1.2294518686254257,89.80197413920389,0.20200381460717284,True
Portfolio,2026-05-08,416.95,618.0,202.24,10006.8,12:00:00,0.6746763754045307,1.4821921093656314,129.41416188671974,0.31038292813699425,True
Portfolio,2026-05-09,457.5491666666667,530.96,333.28,10981.18,21:15:00,0.8617394279543971,1.1604435953148933,65.89177435552406,0.14401025978379167,True
Portfolio,2026-05-10,466.0975,546.24,326.08,11186.34,15:45:00,0.853283355301699,1.1719436384018365,72.32360792409277,0.15516840988010613,True
Portfolio,2026-05-11,470.4241666666667,594.4,233.36,11290.18,13:30:00,0.7914269291161956,1.2635405281403838,96.93141084147749,0.20605108689103802,True
Portfolio,2026-05-12,451.03000000000003,636.8,215.28,10824.720000000001,09:15:00,0.7082757537688443,1.4118794758663502,140.07788281786972,0.31057331622701306,True
Portfolio,2026-05-13,468.61666666666673,624.08,233.76,11246.800000000001,13:45:00,0.7508919796607273,1.3317494754063377,132.15644594006292,0.28201396864543776,True
Portfolio,2026-05-14,463.6691666666666,563.6,240.72,11128.06,11:15:00,0.8226919209841494,1.2155218429807173,85.30595565889402,0.18398022079441131,True
Portfolio,2026-05-15,438.3633333333333,598.4,229.36,10520.72,14:00:00,0.732559046345811,1.3650776752921854,129.42579424573893,0.29524776459194185,True
Portfolio,2026-05-16,516.5108333333334,598.8,372.4,12396.26,15:45:00,0.8625765419728347,1.1593174070243766,75.42779506768,0.1460333263116714,True
Portfolio,2026-05-17,551.8816666666667,618.32,411.84,13245.16,20:45:00,0.8925502436710224,1.1203851067106778,71.07628753546827,0.128788999215656,True
Portfolio,2026-05-18,584.4841666666666,765.84,412.48,14027.619999999999,18:45:00,0.7631935739405967,1.310283569130045,86.4640545169423,0.14793224427284282,True
Portfolio,2026-05-19,626.3558333333333,837.6,436.96,15032.539999999999,13:30:00,0.7477982728430436,1.3372590393905488,105.01170605089366,0.1676550300362712,True
Portfolio,2026-05-20,650.5825,871.76,437.52,15613.98,19:15:00,0.7462862485087639,1.3399684129222658,110.91881796587704,0.17049154867503666,True
Portfolio,2026-05-21,552.7824999999999,734.88,415.28,13266.779999999999,08:00:00,0.7522078434574351,1.329419798926341,57.92252300771218,0.10478356859653153,True
Portfolio,2026-05-22,508.3283333333334,605.36,378.96,12199.880000000001,13:30:00,0.8397124576009868,1.1908838447591288,61.95606237134025,0.12188197727454417,True
Portfolio,2026-05-23,434.27,506.0,315.04,10422.48,09:00:00,0.8582411067193676,1.1651737398392705,43.245750822601366,0.09958263481843407,True
Portfolio,2026-05-24,417.135,478.08,303.84,10011.24,17:45:00,0.8725213353413654,1.1461037793520084,59.42314395834957,0.1424554256016627,True
Portfolio,2026-05-25,473.37916666666666,545.68,314.96,11361.1,14:30:00,0.8675032375507014,1.1527334501060635,82.18442992077945,0.17361226625051332,True
Portfolio,2026-05-26,519.7033333333334,597.12,360.24,12472.880000000001,09:15:00,0.8703499017506253,1.1489631905381916,80.52266477493241,0.15493967348345994,True
Portfolio,2026-05-27,569.0250000000001,794.96,380.16,13656.600000000002,22:00:00,0.7157907316091376,1.3970563683493693,98.19745096916776,0.17257141772183604,True
Portfolio,2026-05-28,526.4483333333334,615.92,364.8,12634.76,14:30:00,0.8547349222842795,1.1699533667438082,71.61372545107855,0.13603182101012484,True
Portfolio,2026-05-29,492.9991666666667,589.92,344.56,11831.980000000001,12:30:00,0.8357051238586024,1.1965943147300788,77.98034105386559,0.15817540135233274,True
Portfolio,2026-05-30,479.29749999999996,548.0,345.12,11503.139999999998,17:30:00,0.8746304744525547,1.143339992384688,61.56568745314997,0.12844984055445724,True
Portfolio,2026-05-31,470.1283333333334,550.0,334.16,11283.08,15:45:00,0.854778787878788,1.1698933269993652,71.89668890211648,0.152929921054428,True
Portfolio,2026-06-01,498.39000000000004,588.88,345.68,11961.360000000002,13:30:00,0.8463354163836436,1.181564638134794,78.92547360109977,0.15836086920102682,True
Portfolio,2026-06-02,489.0025,576.88,335.2,11736.06,14:00:00,0.8476676258493968,1.179707670206185,79.62356653258144,0.16282854695544796,True
Portfolio,2026-06-03,502.6833333333334,590.8,342.08,12064.400000000001,15:45:00,0.8508519521552699,1.1752925963993235,82.06441375903465,0.16325270466967537,True
Portfolio,2026-06-04,519.5383333333334,616.48,352.08,12468.920000000002,14:15:00,0.8427496972056407,1.1865919422050986,86.71203962622695,0.16690210146744439,True
Portfolio,2026-06-05,538.135,627.44,372.56,12915.24,13:45:00,0.857667665434145,1.1659527813652708,86.09406600983172,0.15998599981386033,True
Portfolio,2026-06-06,538.9,744.72,371.12,12933.599999999999,18:30:00,0.7236276721452357,1.381926145852663,89.95480053308644,0.16692299226774251,True
Portfolio,2026-06-07,552.1866666666666,774.88,377.04,13252.48,10:15:00,0.7126092642301604,1.4032935722219542,96.2933872426693,0.17438557114019893,True
Portfolio,2026-06-08,524.4675000000001,610.88,367.6,12587.220000000001,14:45:00,0.8585442312729179,1.1647623541973524,78.70056784386863,0.15005804524373506,True
Portfolio,2026-06-09,533.325,634.72,349.84,12799.800000000001,14:45:00,0.8402523947567432,1.1901185956030562,96.53974291505682,0.18101484632270531,True
Portfolio,2026-06-10,629.9141666666668,894.56,381.52,15117.940000000002,16:15:00,0.7041608910153224,1.420129991255422,149.12379089140862,0.23673668379381094,True
Portfolio,2026-06-11,655.3008333333333,908.72,429.04,15727.220000000001,10:30:00,0.7211251357220413,1.3867218745588858,131.22072762829143,0.20024501870508546,True
Portfolio,2026-06-12,677.2391666666666,861.12,608.4,16253.74,15:30:00,0.7864631719930633,1.2715153558504075,57.14514557209686,0.08437956394837894,True
Portfolio,2026-06-13,585.2441666666667,638.24,542.24,14045.860000000002,00:15:00,0.9169656659981616,1.0905533730223709,20.70760651836176,0.035382849924510296,True
Portfolio,2026-06-14,622.6816666666667,798.72,420.8,14944.360000000002,20:15:00,0.7795994424412394,1.282709998956128,54.25432132518238,0.08713010873696679,True
Portfolio,2026-06-15,498.10166666666663,589.12,344.72,11954.439999999999,14:00:00,0.8455011995292413,1.1827304332114261,73.1621939567247,0.1468820500969843,True
Portfolio,2026-06-16,481.2375,573.6,322.48,11549.7,15:00:00,0.838977510460251,1.1919270630405985,80.08759495242168,0.16642010431942997,True
Portfolio,2026-06-17,525.515,606.16,342.0,12612.360000000002,21:45:00,0.8669575689586908,1.1534589878500137,91.63103078163675,0.17436425369710998,True
Portfolio,2026-06-18,559.3033333333333,747.84,377.2,13423.279999999999,13:00:00,0.747891705890743,1.3370919775196526,93.23638226704003,0.166700923649731,True
Portfolio,2026-06-19,511.8325,573.36,368.56,12283.98,17:15:00,0.8926895842053857,1.1202102250247885,67.98772404671767,0.13283197930322455,True
Portfolio,2026-06-20,505.30583333333334,580.32,354.08,12127.34,17:15:00,0.8707365476518701,1.1484529995860593,78.32947246177746,0.1550139881526088,True
Portfolio,2026-06-21,514.1691666666667,583.36,363.52,12340.06,16:15:00,0.8813925649113183,1.134568227383011,79.52819177951488,0.1546732027808906,True
Portfolio,2026-06-22,585.8916666666667,841.68,368.96,14061.4,15:45:00,0.6960978835978836,1.4365795724465558,122.58454830650058,0.20922732866969249,True
Portfolio,2026-06-23,555.4116666666666,647.44,388.88,13329.88,11:45:00,0.8578581284237405,1.1656939147239136,78.15077894573132,0.14070784543428386,True
Portfolio,2026-06-24,525.5716666666666,611.6,364.4,12613.72,11:45:00,0.8593388925223456,1.1636852570058636,81.90315943609279,0.15583632952580423,True
Portfolio,2026-06-25,540.8833333333333,629.6,371.44,12981.2,13:45:00,0.8590904277848369,1.1640218161649154,84.47175551211332,0.15617370753787937,True
Portfolio,2026-06-26,578.7483333333333,826.96,389.44,13889.96,19:00:00,0.6998504562897037,1.4288766850300505,103.51997070147908,0.17886871501685375,True
Portfolio,2026-06-27,586.8925,801.76,411.84,14085.42,10:30:00,0.7320052135302335,1.3661104887181212,105.34604572300606,0.1794980268499019,True
Portfolio,2026-06-28,574.7508333333334,770.16,408.88,13794.02,13:00:00,0.7462745836363008,1.3399893577071802,99.88461781018997,0.1737876867979428,True
Portfolio,2026-06-29,583.6075,831.36,417.52,14006.58,10:15:00,0.7019913154349499,1.4245190474762577,92.96798594422876,0.15929881974482638,True
Portfolio,2026-06-30,589.6041666666666,793.28,422.24,14150.5,09:45:00,0.7432484956971898,1.3454450372778348,94.5353843602508,0.16033703576877278,True
Portfolio,2026-07-01,651.2266666666666,909.84,420.0,15629.439999999999,13:45:00,0.7157595474662211,1.3971172351664554,148.75234852930038,0.2284186998832466,True
Portfolio,2026-07-02,692.4266666666666,908.96,453.2,16618.239999999998,13:45:00,0.7617790295135832,1.3127166294384967,147.57868939487426,0.2131325907844021,True
Portfolio,2026-07-03,730.9549999999999,879.12,596.96,17542.92,15:45:00,0.8314621439621439,1.202700576642885,106.66909971347938,0.14593114448013816,True
Portfolio,2026-07-04,691.3916666666668,877.68,568.72,16593.4,06:15:00,0.7877491416765413,1.2694396567309891,97.3649902136196,0.14082465107373235,True
Portfolio,2026-07-05,685.7041666666665,872.32,578.24,16456.899999999998,17:00:00,0.7860695234164831,1.2721521064112928,77.30365998915768,0.11273616779221995,True
Portfolio,2026-07-06,703.0075,908.0,621.12,16872.18,14:00:00,0.7742373348017622,1.291593617422289,66.427464785996,0.09449040698142763,True
Portfolio,2026-07-07,676.76,676.88,676.64,676.76,00:45:00,0.9998227159910176,1.000177315444175,0.10327955589887325,0.00015260883607020695,False
Portfolio,2026-07-08,671.7199999999999,836.0,586.56,16121.279999999999,17:30:00,0.803492822966507,1.2445661882927412,48.91744142726062,0.07282415504564495,True
Portfolio,2026-07-09,715.4991666666666,933.92,590.96,17171.98,14:00:00,0.7661246859117126,1.3052705628587968,75.93315109415464,0.10612612094002621,True
Portfolio,2026-07-10,715.4625,771.44,655.36,17171.1,14:00:00,0.9274376490718655,1.0782396002585741,29.8793141963149,0.04176223659005874,True
Portfolio,2026-07-11,682.9141666666666,738.88,557.12,16389.94,20:15:00,0.9242558557095423,1.0819514897553013,28.426224203297565,0.04162488580672911,True
Portfolio,2026-07-12,655.5233333333334,706.56,575.04,15732.560000000001,13:15:00,0.9277673988526572,1.0778563692113678,31.181120153629625,0.04756675860045097,True
Portfolio,2026-07-13,631.2491666666666,687.36,559.44,15149.98,09:15:00,0.9183676191030415,1.0888885661895265,33.32786713426616,0.052796690901399726,True
Portfolio,2026-07-14,698.4416666666666,777.44,601.6,16762.6,13:45:00,0.8983865850312134,1.11310655864842,53.68230724249092,0.07686011560377162,True
Portfolio,2026-07-15,740.6808333333333,807.76,649.52,17776.34,13:45:00,0.9169565630055132,1.090564199379625,48.35951398621017,0.06529062426062081,True
Portfolio,2026-07-16,749.318961038961,749.8235844155844,748.8143376623376,749.318961038961,00:00:00,0.9993270105300613,1.0006734426897774,0.43431065194873886,0.0005796071826963374,False
Portfolio,2026-07-17,,,,0.0,,,,,,False
Portfolio,2026-07-18,,,,0.0,,,,,,False
Portfolio,2026-07-19,,,,0.0,,,,,,False
Portfolio,2026-07-20,653.6175,706.88,583.36,15686.82,15:30:00,0.9246512845178814,1.0814887912272853,35.094667671134445,0.05369297436365221,True
Portfolio,2026-07-21,734.1616666666665,809.76,670.64,17619.879999999997,13:45:00,0.90664106237239,1.1029723244426184,36.60945079783769,0.04986565283918532,True
Portfolio,2026-07-22,694.4408333333332,769.36,594.64,16666.579999999998,11:45:00,0.9026214429309207,1.1078841609976373,36.225094636225705,0.052164407531084186,True
Portfolio,2026-07-23,585.3249999999999,627.92,532.48,14047.8,01:30:00,0.9321649254682125,1.0727715371801991,23.770245708713894,0.040610337348847045,True
Portfolio,2026-07-24,572.7725,624.96,507.76,13746.54,11:00:00,0.9164946556579621,1.0911138366454396,26.80421102030524,0.04679730786709424,True
Portfolio,2026-07-25,553.1533333333333,587.44,517.28,13275.68,05:30:00,0.9416337555041081,1.0619840188977139,11.93878938292425,0.021583146414359343,True
