timestamp,meter_id,temperature_f,observed_demand_kw,is_observed,interpolated_demand_kw,analysis_demand_kw,is_interpolated,data_quality_flag,date,year,month,day,day_of_year,hour,minute,day_of_week,day_name,is_weekday,is_weekend,season,day_type,energy_kwh
2025-06-01 00:15:00,B001,54.7,47.05,True,,47.05,False,observed,2025-06-01,2025,6,1,152,0,15,6,Sunday,False,True,summer,weekend,11.7625
2025-06-01 00:30:00,B001,54.5,62.28,True,,62.28,False,observed,2025-06-01,2025,6,1,152,0,30,6,Sunday,False,True,summer,weekend,15.57
2025-06-01 00:45:00,B001,54.3,51.26,True,,51.26,False,observed,2025-06-01,2025,6,1,152,0,45,6,Sunday,False,True,summer,weekend,12.815
2025-06-01 01:00:00,B001,54.2,49.07,True,,49.07,False,observed,2025-06-01,2025,6,1,152,1,0,6,Sunday,False,True,summer,weekend,12.2675
2025-06-01 01:15:00,B001,54.2,49.68,True,,49.68,False,observed,2025-06-01,2025,6,1,152,1,15,6,Sunday,False,True,summer,weekend,12.42
2025-06-01 01:30:00,B001,54.3,56.76,True,,56.76,False,observed,2025-06-01,2025,6,1,152,1,30,6,Sunday,False,True,summer,weekend,14.19
2025-06-01 01:45:00,B001,54.4,55.42,True,,55.42,False,observed,2025-06-01,2025,6,1,152,1,45,6,Sunday,False,True,summer,weekend,13.855
2025-06-01 02:00:00,B001,54.5,55.8,True,,55.8,False,observed,2025-06-01,2025,6,1,152,2,0,6,Sunday,False,True,summer,weekend,13.95
2025-06-01 02:15:00,B001,54.8,55.95,True,,55.95,False,observed,2025-06-01,2025,6,1,152,2,15,6,Sunday,False,True,summer,weekend,13.9875
2025-06-01 02:30:00,B001,55.1,69.63,True,,69.63,False,observed,2025-06-01,2025,6,1,152,2,30,6,Sunday,False,True,summer,weekend,17.407499999999995
2025-06-01 02:45:00,B001,55.4,49.25,True,,49.25,False,observed,2025-06-01,2025,6,1,152,2,45,6,Sunday,False,True,summer,weekend,12.3125
2025-06-01 03:00:00,B001,55.9,48.4,True,,48.4,False,observed,2025-06-01,2025,6,1,152,3,0,6,Sunday,False,True,summer,weekend,12.1
2025-06-01 03:15:00,B001,56.3,45.99,True,,45.99,False,observed,2025-06-01,2025,6,1,152,3,15,6,Sunday,False,True,summer,weekend,11.4975
2025-06-01 03:30:00,B001,56.9,57.43,True,,57.43,False,observed,2025-06-01,2025,6,1,152,3,30,6,Sunday,False,True,summer,weekend,14.3575
2025-06-01 03:45:00,B001,57.4,61.53,True,,61.53,False,observed,2025-06-01,2025,6,1,152,3,45,6,Sunday,False,True,summer,weekend,15.3825
2025-06-01 04:00:00,B001,58.1,51.59,True,,51.59,False,observed,2025-06-01,2025,6,1,152,4,0,6,Sunday,False,True,summer,weekend,12.8975
2025-06-01 04:15:00,B001,58.8,45.78,True,,45.78,False,observed,2025-06-01,2025,6,1,152,4,15,6,Sunday,False,True,summer,weekend,11.445
2025-06-01 04:30:00,B001,59.5,45.9,True,,45.9,False,observed,2025-06-01,2025,6,1,152,4,30,6,Sunday,False,True,summer,weekend,11.475
2025-06-01 04:45:00,B001,60.2,57.7,True,,57.7,False,observed,2025-06-01,2025,6,1,152,4,45,6,Sunday,False,True,summer,weekend,14.425
2025-06-01 05:00:00,B001,61.0,58.45,True,,58.45,False,observed,2025-06-01,2025,6,1,152,5,0,6,Sunday,False,True,summer,weekend,14.6125
2025-06-01 05:15:00,B001,61.9,56.85,True,,56.85,False,observed,2025-06-01,2025,6,1,152,5,15,6,Sunday,False,True,summer,weekend,14.2125
2025-06-01 05:30:00,B001,62.8,47.18,True,,47.18,False,observed,2025-06-01,2025,6,1,152,5,30,6,Sunday,False,True,summer,weekend,11.795
2025-06-01 05:45:00,B001,63.7,54.36,True,,54.36,False,observed,2025-06-01,2025,6,1,152,5,45,6,Sunday,False,True,summer,weekend,13.59
2025-06-01 06:00:00,B001,64.6,53.43,True,,53.43,False,observed,2025-06-01,2025,6,1,152,6,0,6,Sunday,False,True,summer,weekend,13.3575
2025-06-01 06:15:00,B001,65.5,54.25,True,,54.25,False,observed,2025-06-01,2025,6,1,152,6,15,6,Sunday,False,True,summer,weekend,13.5625
2025-06-01 06:30:00,B001,66.5,59.47,True,,59.47,False,observed,2025-06-01,2025,6,1,152,6,30,6,Sunday,False,True,summer,weekend,14.8675
2025-06-01 06:45:00,B001,67.5,54.29,True,,54.29,False,observed,2025-06-01,2025,6,1,152,6,45,6,Sunday,False,True,summer,weekend,13.5725
2025-06-01 07:00:00,B001,68.4,57.93,True,,57.93,False,observed,2025-06-01,2025,6,1,152,7,0,6,Sunday,False,True,summer,weekend,14.4825
2025-06-01 07:15:00,B001,69.4,53.04,True,,53.04,False,observed,2025-06-01,2025,6,1,152,7,15,6,Sunday,False,True,summer,weekend,13.26
2025-06-01 07:30:00,B001,70.4,54.81,True,,54.81,False,observed,2025-06-01,2025,6,1,152,7,30,6,Sunday,False,True,summer,weekend,13.702500000000002
2025-06-01 07:45:00,B001,71.4,57.55,True,,57.55,False,observed,2025-06-01,2025,6,1,152,7,45,6,Sunday,False,True,summer,weekend,14.3875
2025-06-01 08:00:00,B001,72.3,40.84,True,,40.84,False,observed,2025-06-01,2025,6,1,152,8,0,6,Sunday,False,True,summer,weekend,10.21
2025-06-01 08:15:00,B001,73.3,49.94,True,,49.94,False,observed,2025-06-01,2025,6,1,152,8,15,6,Sunday,False,True,summer,weekend,12.484999999999998
2025-06-01 08:30:00,B001,74.2,48.74,True,,48.74,False,observed,2025-06-01,2025,6,1,152,8,30,6,Sunday,False,True,summer,weekend,12.185
2025-06-01 08:45:00,B001,75.1,48.23,True,,48.23,False,observed,2025-06-01,2025,6,1,152,8,45,6,Sunday,False,True,summer,weekend,12.0575
2025-06-01 09:00:00,B001,76.0,56.47,True,,56.47,False,observed,2025-06-01,2025,6,1,152,9,0,6,Sunday,False,True,summer,weekend,14.1175
2025-06-01 09:15:00,B001,76.9,75.79,True,,75.79,False,observed,2025-06-01,2025,6,1,152,9,15,6,Sunday,False,True,summer,weekend,18.9475
2025-06-01 09:30:00,B001,77.7,61.86,True,,61.86,False,observed,2025-06-01,2025,6,1,152,9,30,6,Sunday,False,True,summer,weekend,15.465
2025-06-01 09:45:00,B001,78.5,81.28,True,,81.28,False,observed,2025-06-01,2025,6,1,152,9,45,6,Sunday,False,True,summer,weekend,20.32
2025-06-01 10:00:00,B001,79.3,64.57,True,,64.57,False,observed,2025-06-01,2025,6,1,152,10,0,6,Sunday,False,True,summer,weekend,16.1425
2025-06-01 10:15:00,B001,80.0,79.6,True,,79.6,False,observed,2025-06-01,2025,6,1,152,10,15,6,Sunday,False,True,summer,weekend,19.9
2025-06-01 10:30:00,B001,80.6,87.55,True,,87.55,False,observed,2025-06-01,2025,6,1,152,10,30,6,Sunday,False,True,summer,weekend,21.8875
2025-06-01 10:45:00,B001,81.2,94.62,True,,94.62,False,observed,2025-06-01,2025,6,1,152,10,45,6,Sunday,False,True,summer,weekend,23.655000000000005
2025-06-01 11:00:00,B001,81.8,98.98,True,,98.98,False,observed,2025-06-01,2025,6,1,152,11,0,6,Sunday,False,True,summer,weekend,24.745
2025-06-01 11:15:00,B001,82.3,102.68,True,,102.68,False,observed,2025-06-01,2025,6,1,152,11,15,6,Sunday,False,True,summer,weekend,25.67
2025-06-01 11:30:00,B001,82.8,96.26,True,,96.26,False,observed,2025-06-01,2025,6,1,152,11,30,6,Sunday,False,True,summer,weekend,24.065
2025-06-01 11:45:00,B001,83.2,97.71,True,,97.71,False,observed,2025-06-01,2025,6,1,152,11,45,6,Sunday,False,True,summer,weekend,24.4275
2025-06-01 12:00:00,B001,83.5,110.27,True,,110.27,False,observed,2025-06-01,2025,6,1,152,12,0,6,Sunday,False,True,summer,weekend,27.5675
2025-06-01 12:15:00,B001,83.8,103.51,True,,103.51,False,observed,2025-06-01,2025,6,1,152,12,15,6,Sunday,False,True,summer,weekend,25.8775
2025-06-01 12:30:00,B001,84.0,96.1,True,,96.1,False,observed,2025-06-01,2025,6,1,152,12,30,6,Sunday,False,True,summer,weekend,24.025
2025-06-01 12:45:00,B001,84.1,98.12,True,,98.12,False,observed,2025-06-01,2025,6,1,152,12,45,6,Sunday,False,True,summer,weekend,24.530000000000005
2025-06-01 13:00:00,B001,84.2,100.33,True,,100.33,False,observed,2025-06-01,2025,6,1,152,13,0,6,Sunday,False,True,summer,weekend,25.0825
2025-06-01 13:15:00,B001,84.2,111.78,True,,111.78,False,observed,2025-06-01,2025,6,1,152,13,15,6,Sunday,False,True,summer,weekend,27.945
2025-06-01 13:30:00,B001,84.2,108.68,True,,108.68,False,observed,2025-06-01,2025,6,1,152,13,30,6,Sunday,False,True,summer,weekend,27.17
2025-06-01 13:45:00,B001,84.1,112.41,True,,112.41,False,observed,2025-06-01,2025,6,1,152,13,45,6,Sunday,False,True,summer,weekend,28.1025
2025-06-01 14:00:00,B001,83.9,102.43,True,,102.43,False,observed,2025-06-01,2025,6,1,152,14,0,6,Sunday,False,True,summer,weekend,25.6075
2025-06-01 14:15:00,B001,83.7,105.7,True,,105.7,False,observed,2025-06-01,2025,6,1,152,14,15,6,Sunday,False,True,summer,weekend,26.425
2025-06-01 14:30:00,B001,83.4,107.66,True,,107.66,False,observed,2025-06-01,2025,6,1,152,14,30,6,Sunday,False,True,summer,weekend,26.915
2025-06-01 14:45:00,B001,83.0,98.03,True,,98.03,False,observed,2025-06-01,2025,6,1,152,14,45,6,Sunday,False,True,summer,weekend,24.5075
2025-06-01 15:00:00,B001,82.6,101.66,True,,101.66,False,observed,2025-06-01,2025,6,1,152,15,0,6,Sunday,False,True,summer,weekend,25.415
2025-06-01 15:15:00,B001,82.1,89.86,True,,89.86,False,observed,2025-06-01,2025,6,1,152,15,15,6,Sunday,False,True,summer,weekend,22.465
2025-06-01 15:30:00,B001,81.6,89.08,True,,89.08,False,observed,2025-06-01,2025,6,1,152,15,30,6,Sunday,False,True,summer,weekend,22.27
2025-06-01 15:45:00,B001,81.0,85.44,True,,85.44,False,observed,2025-06-01,2025,6,1,152,15,45,6,Sunday,False,True,summer,weekend,21.36
2025-06-01 16:00:00,B001,80.4,75.13,True,,75.13,False,observed,2025-06-01,2025,6,1,152,16,0,6,Sunday,False,True,summer,weekend,18.782499999999995
2025-06-01 16:15:00,B001,79.7,84.51,True,,84.51,False,observed,2025-06-01,2025,6,1,152,16,15,6,Sunday,False,True,summer,weekend,21.1275
2025-06-01 16:30:00,B001,79.0,72.51,True,,72.51,False,observed,2025-06-01,2025,6,1,152,16,30,6,Sunday,False,True,summer,weekend,18.1275
2025-06-01 16:45:00,B001,78.2,71.76,True,,71.76,False,observed,2025-06-01,2025,6,1,152,16,45,6,Sunday,False,True,summer,weekend,17.94
2025-06-01 17:00:00,B001,77.4,70.68,True,,70.68,False,observed,2025-06-01,2025,6,1,152,17,0,6,Sunday,False,True,summer,weekend,17.67
2025-06-01 17:15:00,B001,76.5,65.36,True,,65.36,False,observed,2025-06-01,2025,6,1,152,17,15,6,Sunday,False,True,summer,weekend,16.34
2025-06-01 17:30:00,B001,75.7,61.88,True,,61.88,False,observed,2025-06-01,2025,6,1,152,17,30,6,Sunday,False,True,summer,weekend,15.47
2025-06-01 17:45:00,B001,74.8,51.71,True,,51.71,False,observed,2025-06-01,2025,6,1,152,17,45,6,Sunday,False,True,summer,weekend,12.9275
2025-06-01 18:00:00,B001,73.9,49.11,True,,49.11,False,observed,2025-06-01,2025,6,1,152,18,0,6,Sunday,False,True,summer,weekend,12.2775
2025-06-01 18:15:00,B001,72.9,51.86,True,,51.86,False,observed,2025-06-01,2025,6,1,152,18,15,6,Sunday,False,True,summer,weekend,12.965
2025-06-01 18:30:00,B001,72.0,39.0,True,,39.0,False,observed,2025-06-01,2025,6,1,152,18,30,6,Sunday,False,True,summer,weekend,9.75
2025-06-01 18:45:00,B001,71.0,40.92,True,,40.92,False,observed,2025-06-01,2025,6,1,152,18,45,6,Sunday,False,True,summer,weekend,10.23
2025-06-01 19:00:00,B001,70.0,41.92,True,,41.92,False,observed,2025-06-01,2025,6,1,152,19,0,6,Sunday,False,True,summer,weekend,10.48
2025-06-01 19:15:00,B001,69.0,44.52,True,,44.52,False,observed,2025-06-01,2025,6,1,152,19,15,6,Sunday,False,True,summer,weekend,11.13
2025-06-01 19:30:00,B001,68.0,55.7,True,,55.7,False,observed,2025-06-01,2025,6,1,152,19,30,6,Sunday,False,True,summer,weekend,13.925
2025-06-01 19:45:00,B001,67.1,45.26,True,,45.26,False,observed,2025-06-01,2025,6,1,152,19,45,6,Sunday,False,True,summer,weekend,11.315
2025-06-01 20:00:00,B001,66.1,49.47,True,,49.47,False,observed,2025-06-01,2025,6,1,152,20,0,6,Sunday,False,True,summer,weekend,12.3675
2025-06-01 20:15:00,B001,65.1,62.89,True,,62.89,False,observed,2025-06-01,2025,6,1,152,20,15,6,Sunday,False,True,summer,weekend,15.7225
2025-06-01 20:30:00,B001,64.2,49.65,True,,49.65,False,observed,2025-06-01,2025,6,1,152,20,30,6,Sunday,False,True,summer,weekend,12.4125
2025-06-01 20:45:00,B001,63.3,58.4,True,,58.4,False,observed,2025-06-01,2025,6,1,152,20,45,6,Sunday,False,True,summer,weekend,14.6
2025-06-01 21:00:00,B001,62.4,45.03,True,,45.03,False,observed,2025-06-01,2025,6,1,152,21,0,6,Sunday,False,True,summer,weekend,11.2575
2025-06-01 21:15:00,B001,61.5,50.86,True,,50.86,False,observed,2025-06-01,2025,6,1,152,21,15,6,Sunday,False,True,summer,weekend,12.715
2025-06-01 21:30:00,B001,60.7,44.9,True,,44.9,False,observed,2025-06-01,2025,6,1,152,21,30,6,Sunday,False,True,summer,weekend,11.225
2025-06-01 21:45:00,B001,59.9,49.79,True,,49.79,False,observed,2025-06-01,2025,6,1,152,21,45,6,Sunday,False,True,summer,weekend,12.4475
2025-06-01 22:00:00,B001,59.2,59.22,True,,59.22,False,observed,2025-06-01,2025,6,1,152,22,0,6,Sunday,False,True,summer,weekend,14.805
2025-06-01 22:15:00,B001,58.5,38.68,True,,38.68,False,observed,2025-06-01,2025,6,1,152,22,15,6,Sunday,False,True,summer,weekend,9.67
2025-06-01 22:30:00,B001,57.8,55.98,True,,55.98,False,observed,2025-06-01,2025,6,1,152,22,30,6,Sunday,False,True,summer,weekend,13.995
2025-06-01 22:45:00,B001,57.2,54.4,True,,54.4,False,observed,2025-06-01,2025,6,1,152,22,45,6,Sunday,False,True,summer,weekend,13.6
2025-06-01 23:00:00,B001,56.6,47.75,True,,47.75,False,observed,2025-06-01,2025,6,1,152,23,0,6,Sunday,False,True,summer,weekend,11.9375
2025-06-01 23:15:00,B001,56.1,40.93,True,,40.93,False,observed,2025-06-01,2025,6,1,152,23,15,6,Sunday,False,True,summer,weekend,10.2325
2025-06-01 23:30:00,B001,55.7,53.08,True,,53.08,False,observed,2025-06-01,2025,6,1,152,23,30,6,Sunday,False,True,summer,weekend,13.27
2025-06-01 23:45:00,B001,55.3,48.26,True,,48.26,False,observed,2025-06-01,2025,6,1,152,23,45,6,Sunday,False,True,summer,weekend,12.065
2025-06-02 00:00:00,B001,55.0,151.86,True,,151.86,False,observed,2025-06-02,2025,6,2,153,0,0,0,Monday,True,False,summer,weekday,37.965
2025-06-02 00:15:00,B001,49.3,150.17,True,,150.17,False,observed,2025-06-02,2025,6,2,153,0,15,0,Monday,True,False,summer,weekday,37.5425
2025-06-02 00:30:00,B001,49.1,162.81,True,,162.81,False,observed,2025-06-02,2025,6,2,153,0,30,0,Monday,True,False,summer,weekday,40.7025
2025-06-02 00:45:00,B001,48.9,148.09,True,,148.09,False,observed,2025-06-02,2025,6,2,153,0,45,0,Monday,True,False,summer,weekday,37.0225
2025-06-02 01:00:00,B001,48.9,141.81,True,,141.81,False,observed,2025-06-02,2025,6,2,153,1,0,0,Monday,True,False,summer,weekday,35.4525
2025-06-02 01:15:00,B001,48.8,151.43,True,,151.43,False,observed,2025-06-02,2025,6,2,153,1,15,0,Monday,True,False,summer,weekday,37.8575
2025-06-02 01:30:00,B001,48.9,151.76,True,,151.76,False,observed,2025-06-02,2025,6,2,153,1,30,0,Monday,True,False,summer,weekday,37.93999999999999
2025-06-02 01:45:00,B001,49.0,160.87,True,,160.87,False,observed,2025-06-02,2025,6,2,153,1,45,0,Monday,True,False,summer,weekday,40.2175
2025-06-02 02:00:00,B001,49.2,156.68,True,,156.68,False,observed,2025-06-02,2025,6,2,153,2,0,0,Monday,True,False,summer,weekday,39.17
2025-06-02 02:15:00,B001,49.4,152.85,True,,152.85,False,observed,2025-06-02,2025,6,2,153,2,15,0,Monday,True,False,summer,weekday,38.2125
2025-06-02 02:30:00,B001,49.7,161.71,True,,161.71,False,observed,2025-06-02,2025,6,2,153,2,30,0,Monday,True,False,summer,weekday,40.4275
2025-06-02 02:45:00,B001,50.1,140.49,True,,140.49,False,observed,2025-06-02,2025,6,2,153,2,45,0,Monday,True,False,summer,weekday,35.12250000000001
2025-06-02 03:00:00,B001,50.5,144.88,True,,144.88,False,observed,2025-06-02,2025,6,2,153,3,0,0,Monday,True,False,summer,weekday,36.22
2025-06-02 03:15:00,B001,50.9,142.59,True,,142.59,False,observed,2025-06-02,2025,6,2,153,3,15,0,Monday,True,False,summer,weekday,35.6475
2025-06-02 03:30:00,B001,51.5,146.88,True,,146.88,False,observed,2025-06-02,2025,6,2,153,3,30,0,Monday,True,False,summer,weekday,36.72
2025-06-02 03:45:00,B001,52.1,138.99,True,,138.99,False,observed,2025-06-02,2025,6,2,153,3,45,0,Monday,True,False,summer,weekday,34.74750000000001
2025-06-02 04:00:00,B001,52.7,155.08,True,,155.08,False,observed,2025-06-02,2025,6,2,153,4,0,0,Monday,True,False,summer,weekday,38.77
2025-06-02 04:15:00,B001,53.4,148.22,True,,148.22,False,observed,2025-06-02,2025,6,2,153,4,15,0,Monday,True,False,summer,weekday,37.055
2025-06-02 04:30:00,B001,54.1,138.23,True,,138.23,False,observed,2025-06-02,2025,6,2,153,4,30,0,Monday,True,False,summer,weekday,34.5575
2025-06-02 04:45:00,B001,54.9,141.88,True,,141.88,False,observed,2025-06-02,2025,6,2,153,4,45,0,Monday,True,False,summer,weekday,35.47
2025-06-02 05:00:00,B001,55.7,152.51,True,,152.51,False,observed,2025-06-02,2025,6,2,153,5,0,0,Monday,True,False,summer,weekday,38.12749999999999
2025-06-02 05:15:00,B001,56.5,156.71,True,,156.71,False,observed,2025-06-02,2025,6,2,153,5,15,0,Monday,True,False,summer,weekday,39.1775
2025-06-02 05:30:00,B001,57.4,165.97,True,,165.97,False,observed,2025-06-02,2025,6,2,153,5,30,0,Monday,True,False,summer,weekday,41.4925
2025-06-02 05:45:00,B001,58.3,173.32,True,,173.32,False,observed,2025-06-02,2025,6,2,153,5,45,0,Monday,True,False,summer,weekday,43.33
2025-06-02 06:00:00,B001,59.2,153.37,True,,153.37,False,observed,2025-06-02,2025,6,2,153,6,0,0,Monday,True,False,summer,weekday,38.3425
2025-06-02 06:15:00,B001,60.1,142.35,True,,142.35,False,observed,2025-06-02,2025,6,2,153,6,15,0,Monday,True,False,summer,weekday,35.5875
2025-06-02 06:30:00,B001,61.1,134.1,True,,134.1,False,observed,2025-06-02,2025,6,2,153,6,30,0,Monday,True,False,summer,weekday,33.525
2025-06-02 06:45:00,B001,62.1,156.41,True,,156.41,False,observed,2025-06-02,2025,6,2,153,6,45,0,Monday,True,False,summer,weekday,39.1025
2025-06-02 07:00:00,B001,63.1,156.68,True,,156.68,False,observed,2025-06-02,2025,6,2,153,7,0,0,Monday,True,False,summer,weekday,39.17
2025-06-02 07:15:00,B001,64.0,180.93,True,,180.93,False,observed,2025-06-02,2025,6,2,153,7,15,0,Monday,True,False,summer,weekday,45.2325
2025-06-02 07:30:00,B001,65.0,219.91,True,,219.91,False,observed,2025-06-02,2025,6,2,153,7,30,0,Monday,True,False,summer,weekday,54.9775
2025-06-02 07:45:00,B001,66.0,286.22,True,,286.22,False,observed,2025-06-02,2025,6,2,153,7,45,0,Monday,True,False,summer,weekday,71.555
2025-06-02 08:00:00,B001,67.0,370.52,True,,370.52,False,observed,2025-06-02,2025,6,2,153,8,0,0,Monday,True,False,summer,weekday,92.62999999999998
2025-06-02 08:15:00,B001,67.9,426.31,True,,426.31,False,observed,2025-06-02,2025,6,2,153,8,15,0,Monday,True,False,summer,weekday,106.5775
2025-06-02 08:30:00,B001,68.8,448.73,True,,448.73,False,observed,2025-06-02,2025,6,2,153,8,30,0,Monday,True,False,summer,weekday,112.18250000000002
2025-06-02 08:45:00,B001,69.8,416.77,True,,416.77,False,observed,2025-06-02,2025,6,2,153,8,45,0,Monday,True,False,summer,weekday,104.19249999999998
2025-06-02 09:00:00,B001,70.6,348.6,True,,348.6,False,observed,2025-06-02,2025,6,2,153,9,0,0,Monday,True,False,summer,weekday,87.15
2025-06-02 09:15:00,B001,71.5,283.46,True,,283.46,False,observed,2025-06-02,2025,6,2,153,9,15,0,Monday,True,False,summer,weekday,70.865
2025-06-02 09:30:00,B001,72.3,224.38,True,,224.38,False,observed,2025-06-02,2025,6,2,153,9,30,0,Monday,True,False,summer,weekday,56.095
2025-06-02 09:45:00,B001,73.1,198.39,True,,198.39,False,observed,2025-06-02,2025,6,2,153,9,45,0,Monday,True,False,summer,weekday,49.5975
2025-06-02 10:00:00,B001,73.9,164.22,True,,164.22,False,observed,2025-06-02,2025,6,2,153,10,0,0,Monday,True,False,summer,weekday,41.055
2025-06-02 10:15:00,B001,74.6,162.13,True,,162.13,False,observed,2025-06-02,2025,6,2,153,10,15,0,Monday,True,False,summer,weekday,40.5325
2025-06-02 10:30:00,B001,75.2,148.64,True,,148.64,False,observed,2025-06-02,2025,6,2,153,10,30,0,Monday,True,False,summer,weekday,37.16
2025-06-02 10:45:00,B001,75.9,145.94,True,,145.94,False,observed,2025-06-02,2025,6,2,153,10,45,0,Monday,True,False,summer,weekday,36.485
2025-06-02 11:00:00,B001,76.4,150.85,True,,150.85,False,observed,2025-06-02,2025,6,2,153,11,0,0,Monday,True,False,summer,weekday,37.7125
2025-06-02 11:15:00,B001,76.9,155.77,True,,155.77,False,observed,2025-06-02,2025,6,2,153,11,15,0,Monday,True,False,summer,weekday,38.9425
2025-06-02 11:30:00,B001,77.4,181.3,True,,181.3,False,observed,2025-06-02,2025,6,2,153,11,30,0,Monday,True,False,summer,weekday,45.325
2025-06-02 11:45:00,B001,77.8,160.06,True,,160.06,False,observed,2025-06-02,2025,6,2,153,11,45,0,Monday,True,False,summer,weekday,40.015
2025-06-02 12:00:00,B001,78.1,175.34,True,,175.34,False,observed,2025-06-02,2025,6,2,153,12,0,0,Monday,True,False,summer,weekday,43.835
2025-06-02 12:15:00,B001,78.4,163.05,True,,163.05,False,observed,2025-06-02,2025,6,2,153,12,15,0,Monday,True,False,summer,weekday,40.7625
2025-06-02 12:30:00,B001,78.6,178.99,True,,178.99,False,observed,2025-06-02,2025,6,2,153,12,30,0,Monday,True,False,summer,weekday,44.74750000000001
2025-06-02 12:45:00,B001,78.7,175.5,True,,175.5,False,observed,2025-06-02,2025,6,2,153,12,45,0,Monday,True,False,summer,weekday,43.875
2025-06-02 13:00:00,B001,78.8,171.67,True,,171.67,False,observed,2025-06-02,2025,6,2,153,13,0,0,Monday,True,False,summer,weekday,42.9175
2025-06-02 13:15:00,B001,78.8,172.71,True,,172.71,False,observed,2025-06-02,2025,6,2,153,13,15,0,Monday,True,False,summer,weekday,43.1775
2025-06-02 13:30:00,B001,78.8,167.55,True,,167.55,False,observed,2025-06-02,2025,6,2,153,13,30,0,Monday,True,False,summer,weekday,41.8875
2025-06-02 13:45:00,B001,78.7,175.78,True,,175.78,False,observed,2025-06-02,2025,6,2,153,13,45,0,Monday,True,False,summer,weekday,43.945
2025-06-02 14:00:00,B001,78.5,167.77,True,,167.77,False,observed,2025-06-02,2025,6,2,153,14,0,0,Monday,True,False,summer,weekday,41.9425
2025-06-02 14:15:00,B001,78.3,160.89,True,,160.89,False,observed,2025-06-02,2025,6,2,153,14,15,0,Monday,True,False,summer,weekday,40.2225
2025-06-02 14:30:00,B001,78.0,160.53,True,,160.53,False,observed,2025-06-02,2025,6,2,153,14,30,0,Monday,True,False,summer,weekday,40.1325
2025-06-02 14:45:00,B001,77.6,174.39,True,,174.39,False,observed,2025-06-02,2025,6,2,153,14,45,0,Monday,True,False,summer,weekday,43.5975
2025-06-02 15:00:00,B001,77.2,192.56,True,,192.56,False,observed,2025-06-02,2025,6,2,153,15,0,0,Monday,True,False,summer,weekday,48.14
2025-06-02 15:15:00,B001,76.7,196.4,True,,196.4,False,observed,2025-06-02,2025,6,2,153,15,15,0,Monday,True,False,summer,weekday,49.1
2025-06-02 15:30:00,B001,76.2,221.78,True,,221.78,False,observed,2025-06-02,2025,6,2,153,15,30,0,Monday,True,False,summer,weekday,55.445
2025-06-02 15:45:00,B001,75.6,268.11,True,,268.11,False,observed,2025-06-02,2025,6,2,153,15,45,0,Monday,True,False,summer,weekday,67.0275
2025-06-02 16:00:00,B001,75.0,334.42,True,,334.42,False,observed,2025-06-02,2025,6,2,153,16,0,0,Monday,True,False,summer,weekday,83.605
2025-06-02 16:15:00,B001,74.3,396.62,True,,396.62,False,observed,2025-06-02,2025,6,2,153,16,15,0,Monday,True,False,summer,weekday,99.155
2025-06-02 16:30:00,B001,73.6,459.29,True,,459.29,False,observed,2025-06-02,2025,6,2,153,16,30,0,Monday,True,False,summer,weekday,114.8225
2025-06-02 16:45:00,B001,72.8,520.74,True,,520.74,False,observed,2025-06-02,2025,6,2,153,16,45,0,Monday,True,False,summer,weekday,130.185
2025-06-02 17:00:00,B001,72.0,533.43,True,,533.43,False,observed,2025-06-02,2025,6,2,153,17,0,0,Monday,True,False,summer,weekday,133.3575
2025-06-02 17:15:00,B001,71.2,524.18,True,,524.18,False,observed,2025-06-02,2025,6,2,153,17,15,0,Monday,True,False,summer,weekday,131.045
2025-06-02 17:30:00,B001,70.3,464.05,True,,464.05,False,observed,2025-06-02,2025,6,2,153,17,30,0,Monday,True,False,summer,weekday,116.0125
2025-06-02 17:45:00,B001,69.4,385.07,True,,385.07,False,observed,2025-06-02,2025,6,2,153,17,45,0,Monday,True,False,summer,weekday,96.2675
2025-06-02 18:00:00,B001,68.5,313.03,True,,313.03,False,observed,2025-06-02,2025,6,2,153,18,0,0,Monday,True,False,summer,weekday,78.2575
2025-06-02 18:15:00,B001,67.5,275.32,True,,275.32,False,observed,2025-06-02,2025,6,2,153,18,15,0,Monday,True,False,summer,weekday,68.83
2025-06-02 18:30:00,B001,66.6,229.31,True,,229.31,False,observed,2025-06-02,2025,6,2,153,18,30,0,Monday,True,False,summer,weekday,57.3275
2025-06-02 18:45:00,B001,65.6,183.29,True,,183.29,False,observed,2025-06-02,2025,6,2,153,18,45,0,Monday,True,False,summer,weekday,45.8225
2025-06-02 19:00:00,B001,64.6,163.63,True,,163.63,False,observed,2025-06-02,2025,6,2,153,19,0,0,Monday,True,False,summer,weekday,40.9075
2025-06-02 19:15:00,B001,63.6,168.97,True,,168.97,False,observed,2025-06-02,2025,6,2,153,19,15,0,Monday,True,False,summer,weekday,42.2425
2025-06-02 19:30:00,B001,62.7,144.02,True,,144.02,False,observed,2025-06-02,2025,6,2,153,19,30,0,Monday,True,False,summer,weekday,36.005
2025-06-02 19:45:00,B001,61.7,143.87,True,,143.87,False,observed,2025-06-02,2025,6,2,153,19,45,0,Monday,True,False,summer,weekday,35.9675
2025-06-02 20:00:00,B001,60.7,155.48,True,,155.48,False,observed,2025-06-02,2025,6,2,153,20,0,0,Monday,True,False,summer,weekday,38.87
2025-06-02 20:15:00,B001,59.8,146.94,True,,146.94,False,observed,2025-06-02,2025,6,2,153,20,15,0,Monday,True,False,summer,weekday,36.735
2025-06-02 20:30:00,B001,58.8,149.99,True,,149.99,False,observed,2025-06-02,2025,6,2,153,20,30,0,Monday,True,False,summer,weekday,37.49750000000001
2025-06-02 20:45:00,B001,57.9,148.7,True,,148.7,False,observed,2025-06-02,2025,6,2,153,20,45,0,Monday,True,False,summer,weekday,37.175
2025-06-02 21:00:00,B001,57.0,152.7,True,,152.7,False,observed,2025-06-02,2025,6,2,153,21,0,0,Monday,True,False,summer,weekday,38.175
2025-06-02 21:15:00,B001,56.2,161.26,True,,161.26,False,observed,2025-06-02,2025,6,2,153,21,15,0,Monday,True,False,summer,weekday,40.31499999999999
2025-06-02 21:30:00,B001,55.3,150.72,True,,150.72,False,observed,2025-06-02,2025,6,2,153,21,30,0,Monday,True,False,summer,weekday,37.68
2025-06-02 21:45:00,B001,54.6,155.15,True,,155.15,False,observed,2025-06-02,2025,6,2,153,21,45,0,Monday,True,False,summer,weekday,38.7875
2025-06-02 22:00:00,B001,53.8,133.6,True,,133.6,False,observed,2025-06-02,2025,6,2,153,22,0,0,Monday,True,False,summer,weekday,33.4
2025-06-02 22:15:00,B001,53.1,149.61,True,,149.61,False,observed,2025-06-02,2025,6,2,153,22,15,0,Monday,True,False,summer,weekday,37.4025
2025-06-02 22:30:00,B001,52.4,143.25,True,,143.25,False,observed,2025-06-02,2025,6,2,153,22,30,0,Monday,True,False,summer,weekday,35.8125
2025-06-02 22:45:00,B001,51.8,140.25,True,,140.25,False,observed,2025-06-02,2025,6,2,153,22,45,0,Monday,True,False,summer,weekday,35.0625
2025-06-02 23:00:00,B001,51.3,142.97,True,,142.97,False,observed,2025-06-02,2025,6,2,153,23,0,0,Monday,True,False,summer,weekday,35.7425
2025-06-02 23:15:00,B001,50.8,147.33,True,,147.33,False,observed,2025-06-02,2025,6,2,153,23,15,0,Monday,True,False,summer,weekday,36.8325
2025-06-02 23:30:00,B001,50.3,157.33,True,,157.33,False,observed,2025-06-02,2025,6,2,153,23,30,0,Monday,True,False,summer,weekday,39.3325
2025-06-02 23:45:00,B001,49.9,139.39,True,,139.39,False,observed,2025-06-02,2025,6,2,153,23,45,0,Monday,True,False,summer,weekday,34.8475
2025-06-03 00:00:00,B001,49.6,150.25,True,,150.25,False,observed,2025-06-03,2025,6,3,154,0,0,1,Tuesday,True,False,summer,weekday,37.5625
2025-06-03 00:15:00,B001,56.5,146.13,True,,146.13,False,observed,2025-06-03,2025,6,3,154,0,15,1,Tuesday,True,False,summer,weekday,36.5325
2025-06-03 00:30:00,B001,56.3,147.38,True,,147.38,False,observed,2025-06-03,2025,6,3,154,0,30,1,Tuesday,True,False,summer,weekday,36.845
2025-06-03 00:45:00,B001,56.1,158.02,True,,158.02,False,observed,2025-06-03,2025,6,3,154,0,45,1,Tuesday,True,False,summer,weekday,39.505
2025-06-03 01:00:00,B001,56.0,154.3,True,,154.3,False,observed,2025-06-03,2025,6,3,154,1,0,1,Tuesday,True,False,summer,weekday,38.575
2025-06-03 01:15:00,B001,56.0,160.7,True,,160.7,False,observed,2025-06-03,2025,6,3,154,1,15,1,Tuesday,True,False,summer,weekday,40.175
2025-06-03 01:30:00,B001,56.0,148.76,True,,148.76,False,observed,2025-06-03,2025,6,3,154,1,30,1,Tuesday,True,False,summer,weekday,37.18999999999999
2025-06-03 01:45:00,B001,56.2,144.43,True,,144.43,False,observed,2025-06-03,2025,6,3,154,1,45,1,Tuesday,True,False,summer,weekday,36.1075
2025-06-03 02:00:00,B001,56.3,148.21,True,,148.21,False,observed,2025-06-03,2025,6,3,154,2,0,1,Tuesday,True,False,summer,weekday,37.0525
2025-06-03 02:15:00,B001,56.6,151.94,True,,151.94,False,observed,2025-06-03,2025,6,3,154,2,15,1,Tuesday,True,False,summer,weekday,37.985
2025-06-03 02:30:00,B001,56.9,151.41,True,,151.41,False,observed,2025-06-03,2025,6,3,154,2,30,1,Tuesday,True,False,summer,weekday,37.8525
2025-06-03 02:45:00,B001,57.2,141.32,True,,141.32,False,observed,2025-06-03,2025,6,3,154,2,45,1,Tuesday,True,False,summer,weekday,35.33
2025-06-03 03:00:00,B001,57.6,150.72,True,,150.72,False,observed,2025-06-03,2025,6,3,154,3,0,1,Tuesday,True,False,summer,weekday,37.68
2025-06-03 03:15:00,B001,58.1,151.83,True,,151.83,False,observed,2025-06-03,2025,6,3,154,3,15,1,Tuesday,True,False,summer,weekday,37.9575
2025-06-03 03:30:00,B001,58.6,170.14,True,,170.14,False,observed,2025-06-03,2025,6,3,154,3,30,1,Tuesday,True,False,summer,weekday,42.535
2025-06-03 03:45:00,B001,59.2,165.01,True,,165.01,False,observed,2025-06-03,2025,6,3,154,3,45,1,Tuesday,True,False,summer,weekday,41.25249999999999
2025-06-03 04:00:00,B001,59.9,143.17,True,,143.17,False,observed,2025-06-03,2025,6,3,154,4,0,1,Tuesday,True,False,summer,weekday,35.7925
2025-06-03 04:15:00,B001,60.5,147.7,True,,147.7,False,observed,2025-06-03,2025,6,3,154,4,15,1,Tuesday,True,False,summer,weekday,36.925
2025-06-03 04:30:00,B001,61.3,138.29,True,,138.29,False,observed,2025-06-03,2025,6,3,154,4,30,1,Tuesday,True,False,summer,weekday,34.5725
2025-06-03 04:45:00,B001,62.0,145.27,True,,145.27,False,observed,2025-06-03,2025,6,3,154,4,45,1,Tuesday,True,False,summer,weekday,36.3175
2025-06-03 05:00:00,B001,62.8,152.52,True,,152.52,False,observed,2025-06-03,2025,6,3,154,5,0,1,Tuesday,True,False,summer,weekday,38.13
2025-06-03 05:15:00,B001,63.7,159.65,True,,159.65,False,observed,2025-06-03,2025,6,3,154,5,15,1,Tuesday,True,False,summer,weekday,39.9125
2025-06-03 05:30:00,B001,64.5,144.17,True,,144.17,False,observed,2025-06-03,2025,6,3,154,5,30,1,Tuesday,True,False,summer,weekday,36.0425
2025-06-03 05:45:00,B001,65.4,144.78,True,,144.78,False,observed,2025-06-03,2025,6,3,154,5,45,1,Tuesday,True,False,summer,weekday,36.195
2025-06-03 06:00:00,B001,66.4,132.87,True,,132.87,False,observed,2025-06-03,2025,6,3,154,6,0,1,Tuesday,True,False,summer,weekday,33.2175
2025-06-03 06:15:00,B001,67.3,148.96,True,,148.96,False,observed,2025-06-03,2025,6,3,154,6,15,1,Tuesday,True,False,summer,weekday,37.24
2025-06-03 06:30:00,B001,68.3,142.66,True,,142.66,False,observed,2025-06-03,2025,6,3,154,6,30,1,Tuesday,True,False,summer,weekday,35.665
2025-06-03 06:45:00,B001,69.2,150.03,True,,150.03,False,observed,2025-06-03,2025,6,3,154,6,45,1,Tuesday,True,False,summer,weekday,37.5075
2025-06-03 07:00:00,B001,70.2,156.17,True,,156.17,False,observed,2025-06-03,2025,6,3,154,7,0,1,Tuesday,True,False,summer,weekday,39.0425
2025-06-03 07:15:00,B001,71.2,183.49,True,,183.49,False,observed,2025-06-03,2025,6,3,154,7,15,1,Tuesday,True,False,summer,weekday,45.87250000000001
2025-06-03 07:30:00,B001,72.2,210.74,True,,210.74,False,observed,2025-06-03,2025,6,3,154,7,30,1,Tuesday,True,False,summer,weekday,52.68500000000001
2025-06-03 07:45:00,B001,73.2,275.61,True,,275.61,False,observed,2025-06-03,2025,6,3,154,7,45,1,Tuesday,True,False,summer,weekday,68.9025
2025-06-03 08:00:00,B001,74.1,379.03,True,,379.03,False,observed,2025-06-03,2025,6,3,154,8,0,1,Tuesday,True,False,summer,weekday,94.7575
2025-06-03 08:15:00,B001,75.1,415.2,True,,415.2,False,observed,2025-06-03,2025,6,3,154,8,15,1,Tuesday,True,False,summer,weekday,103.8
2025-06-03 08:30:00,B001,76.0,447.28,True,,447.28,False,observed,2025-06-03,2025,6,3,154,8,30,1,Tuesday,True,False,summer,weekday,111.82
2025-06-03 08:45:00,B001,76.9,451.29,True,,451.29,False,observed,2025-06-03,2025,6,3,154,8,45,1,Tuesday,True,False,summer,weekday,112.8225
2025-06-03 09:00:00,B001,77.8,402.1,True,,402.1,False,observed,2025-06-03,2025,6,3,154,9,0,1,Tuesday,True,False,summer,weekday,100.525
2025-06-03 09:15:00,B001,78.7,300.0,True,,300.0,False,observed,2025-06-03,2025,6,3,154,9,15,1,Tuesday,True,False,summer,weekday,75.0
2025-06-03 09:30:00,B001,79.5,248.85,True,,248.85,False,observed,2025-06-03,2025,6,3,154,9,30,1,Tuesday,True,False,summer,weekday,62.2125
2025-06-03 09:45:00,B001,80.3,218.71,True,,218.71,False,observed,2025-06-03,2025,6,3,154,9,45,1,Tuesday,True,False,summer,weekday,54.6775
2025-06-03 10:00:00,B001,81.0,213.24,True,,213.24,False,observed,2025-06-03,2025,6,3,154,10,0,1,Tuesday,True,False,summer,weekday,53.31000000000001
2025-06-03 10:15:00,B001,81.7,186.85,True,,186.85,False,observed,2025-06-03,2025,6,3,154,10,15,1,Tuesday,True,False,summer,weekday,46.7125
2025-06-03 10:30:00,B001,82.4,193.64,True,,193.64,False,observed,2025-06-03,2025,6,3,154,10,30,1,Tuesday,True,False,summer,weekday,48.41
2025-06-03 10:45:00,B001,83.0,204.61,True,,204.61,False,observed,2025-06-03,2025,6,3,154,10,45,1,Tuesday,True,False,summer,weekday,51.1525
2025-06-03 11:00:00,B001,83.6,205.02,True,,205.02,False,observed,2025-06-03,2025,6,3,154,11,0,1,Tuesday,True,False,summer,weekday,51.255
2025-06-03 11:15:00,B001,84.1,201.53,True,,201.53,False,observed,2025-06-03,2025,6,3,154,11,15,1,Tuesday,True,False,summer,weekday,50.3825
2025-06-03 11:30:00,B001,84.5,206.17,True,,206.17,False,observed,2025-06-03,2025,6,3,154,11,30,1,Tuesday,True,False,summer,weekday,51.5425
2025-06-03 11:45:00,B001,84.9,198.6,True,,198.6,False,observed,2025-06-03,2025,6,3,154,11,45,1,Tuesday,True,False,summer,weekday,49.65
2025-06-03 12:00:00,B001,85.3,209.7,True,,209.7,False,observed,2025-06-03,2025,6,3,154,12,0,1,Tuesday,True,False,summer,weekday,52.425
2025-06-03 12:15:00,B001,85.5,211.11,True,,211.11,False,observed,2025-06-03,2025,6,3,154,12,15,1,Tuesday,True,False,summer,weekday,52.7775
2025-06-03 12:30:00,B001,85.8,216.36,True,,216.36,False,observed,2025-06-03,2025,6,3,154,12,30,1,Tuesday,True,False,summer,weekday,54.09
2025-06-03 12:45:00,B001,85.9,210.94,True,,210.94,False,observed,2025-06-03,2025,6,3,154,12,45,1,Tuesday,True,False,summer,weekday,52.735
2025-06-03 13:00:00,B001,86.0,219.66,True,,219.66,False,observed,2025-06-03,2025,6,3,154,13,0,1,Tuesday,True,False,summer,weekday,54.915
2025-06-03 13:15:00,B001,86.0,224.11,True,,224.11,False,observed,2025-06-03,2025,6,3,154,13,15,1,Tuesday,True,False,summer,weekday,56.0275
2025-06-03 13:30:00,B001,86.0,217.0,True,,217.0,False,observed,2025-06-03,2025,6,3,154,13,30,1,Tuesday,True,False,summer,weekday,54.25
2025-06-03 13:45:00,B001,85.8,217.99,True,,217.99,False,observed,2025-06-03,2025,6,3,154,13,45,1,Tuesday,True,False,summer,weekday,54.49750000000001
2025-06-03 14:00:00,B001,85.7,214.81,True,,214.81,False,observed,2025-06-03,2025,6,3,154,14,0,1,Tuesday,True,False,summer,weekday,53.7025
2025-06-03 14:15:00,B001,85.4,213.66,True,,213.66,False,observed,2025-06-03,2025,6,3,154,14,15,1,Tuesday,True,False,summer,weekday,53.415
2025-06-03 14:30:00,B001,85.1,207.95,True,,207.95,False,observed,2025-06-03,2025,6,3,154,14,30,1,Tuesday,True,False,summer,weekday,51.9875
2025-06-03 14:45:00,B001,84.8,218.51,True,,218.51,False,observed,2025-06-03,2025,6,3,154,14,45,1,Tuesday,True,False,summer,weekday,54.62749999999999
2025-06-03 15:00:00,B001,84.4,222.12,True,,222.12,False,observed,2025-06-03,2025,6,3,154,15,0,1,Tuesday,True,False,summer,weekday,55.53
2025-06-03 15:15:00,B001,83.9,254.83,True,,254.83,False,observed,2025-06-03,2025,6,3,154,15,15,1,Tuesday,True,False,summer,weekday,63.7075
2025-06-03 15:30:00,B001,83.4,278.29,True,,278.29,False,observed,2025-06-03,2025,6,3,154,15,30,1,Tuesday,True,False,summer,weekday,69.5725
2025-06-03 15:45:00,B001,82.8,311.88,True,,311.88,False,observed,2025-06-03,2025,6,3,154,15,45,1,Tuesday,True,False,summer,weekday,77.97
2025-06-03 16:00:00,B001,82.1,360.77,True,,360.77,False,observed,2025-06-03,2025,6,3,154,16,0,1,Tuesday,True,False,summer,weekday,90.19249999999998
2025-06-03 16:15:00,B001,81.5,424.78,True,,424.78,False,observed,2025-06-03,2025,6,3,154,16,15,1,Tuesday,True,False,summer,weekday,106.195
2025-06-03 16:30:00,B001,80.7,506.57,True,,506.57,False,observed,2025-06-03,2025,6,3,154,16,30,1,Tuesday,True,False,summer,weekday,126.6425
2025-06-03 16:45:00,B001,80.0,543.85,True,,543.85,False,observed,2025-06-03,2025,6,3,154,16,45,1,Tuesday,True,False,summer,weekday,135.9625
2025-06-03 17:00:00,B001,79.2,558.87,True,,558.87,False,observed,2025-06-03,2025,6,3,154,17,0,1,Tuesday,True,False,summer,weekday,139.7175
2025-06-03 17:15:00,B001,78.3,517.92,True,,517.92,False,observed,2025-06-03,2025,6,3,154,17,15,1,Tuesday,True,False,summer,weekday,129.48
2025-06-03 17:30:00,B001,77.5,484.76,True,,484.76,False,observed,2025-06-03,2025,6,3,154,17,30,1,Tuesday,True,False,summer,weekday,121.19
2025-06-03 17:45:00,B001,76.6,407.86,True,,407.86,False,observed,2025-06-03,2025,6,3,154,17,45,1,Tuesday,True,False,summer,weekday,101.965
2025-06-03 18:00:00,B001,75.6,318.92,True,,318.92,False,observed,2025-06-03,2025,6,3,154,18,0,1,Tuesday,True,False,summer,weekday,79.73
2025-06-03 18:15:00,B001,74.7,258.34,True,,258.34,False,observed,2025-06-03,2025,6,3,154,18,15,1,Tuesday,True,False,summer,weekday,64.585
2025-06-03 18:30:00,B001,73.7,217.63,True,,217.63,False,observed,2025-06-03,2025,6,3,154,18,30,1,Tuesday,True,False,summer,weekday,54.4075
2025-06-03 18:45:00,B001,72.8,185.15,True,,185.15,False,observed,2025-06-03,2025,6,3,154,18,45,1,Tuesday,True,False,summer,weekday,46.2875
2025-06-03 19:00:00,B001,71.8,164.36,True,,164.36,False,observed,2025-06-03,2025,6,3,154,19,0,1,Tuesday,True,False,summer,weekday,41.09
2025-06-03 19:15:00,B001,70.8,156.45,True,,156.45,False,observed,2025-06-03,2025,6,3,154,19,15,1,Tuesday,True,False,summer,weekday,39.1125
2025-06-03 19:30:00,B001,69.8,150.86,True,,150.86,False,observed,2025-06-03,2025,6,3,154,19,30,1,Tuesday,True,False,summer,weekday,37.715
2025-06-03 19:45:00,B001,68.8,152.25,True,,152.25,False,observed,2025-06-03,2025,6,3,154,19,45,1,Tuesday,True,False,summer,weekday,38.0625
2025-06-03 20:00:00,B001,67.9,162.11,True,,162.11,False,observed,2025-06-03,2025,6,3,154,20,0,1,Tuesday,True,False,summer,weekday,40.5275
2025-06-03 20:15:00,B001,66.9,129.57,True,,129.57,False,observed,2025-06-03,2025,6,3,154,20,15,1,Tuesday,True,False,summer,weekday,32.3925
2025-06-03 20:30:00,B001,66.0,148.13,True,,148.13,False,observed,2025-06-03,2025,6,3,154,20,30,1,Tuesday,True,False,summer,weekday,37.0325
2025-06-03 20:45:00,B001,65.1,151.42,True,,151.42,False,observed,2025-06-03,2025,6,3,154,20,45,1,Tuesday,True,False,summer,weekday,37.855
2025-06-03 21:00:00,B001,64.2,152.37,True,,152.37,False,observed,2025-06-03,2025,6,3,154,21,0,1,Tuesday,True,False,summer,weekday,38.0925
2025-06-03 21:15:00,B001,63.3,147.02,True,,147.02,False,observed,2025-06-03,2025,6,3,154,21,15,1,Tuesday,True,False,summer,weekday,36.755
2025-06-03 21:30:00,B001,62.5,135.95,True,,135.95,False,observed,2025-06-03,2025,6,3,154,21,30,1,Tuesday,True,False,summer,weekday,33.9875
2025-06-03 21:45:00,B001,61.7,152.62,True,,152.62,False,observed,2025-06-03,2025,6,3,154,21,45,1,Tuesday,True,False,summer,weekday,38.155
2025-06-03 22:00:00,B001,61.0,163.82,True,,163.82,False,observed,2025-06-03,2025,6,3,154,22,0,1,Tuesday,True,False,summer,weekday,40.955
2025-06-03 22:15:00,B001,60.3,137.73,True,,137.73,False,observed,2025-06-03,2025,6,3,154,22,15,1,Tuesday,True,False,summer,weekday,34.4325
2025-06-03 22:30:00,B001,59.6,156.91,True,,156.91,False,observed,2025-06-03,2025,6,3,154,22,30,1,Tuesday,True,False,summer,weekday,39.2275
2025-06-03 22:45:00,B001,59.0,147.37,True,,147.37,False,observed,2025-06-03,2025,6,3,154,22,45,1,Tuesday,True,False,summer,weekday,36.8425
2025-06-03 23:00:00,B001,58.4,149.51,True,,149.51,False,observed,2025-06-03,2025,6,3,154,23,0,1,Tuesday,True,False,summer,weekday,37.37749999999999
2025-06-03 23:15:00,B001,57.9,141.58,True,,141.58,False,observed,2025-06-03,2025,6,3,154,23,15,1,Tuesday,True,False,summer,weekday,35.395
2025-06-03 23:30:00,B001,57.5,147.32,True,,147.32,False,observed,2025-06-03,2025,6,3,154,23,30,1,Tuesday,True,False,summer,weekday,36.83
2025-06-03 23:45:00,B001,57.1,160.4,True,,160.4,False,observed,2025-06-03,2025,6,3,154,23,45,1,Tuesday,True,False,summer,weekday,40.1
2025-06-04 00:00:00,B001,56.7,154.66,True,,154.66,False,observed,2025-06-04,2025,6,4,155,0,0,2,Wednesday,True,False,summer,weekday,38.665
2025-06-04 00:15:00,B001,57.2,163.86,True,,163.86,False,observed,2025-06-04,2025,6,4,155,0,15,2,Wednesday,True,False,summer,weekday,40.965
2025-06-04 00:30:00,B001,57.0,159.42,True,,159.42,False,observed,2025-06-04,2025,6,4,155,0,30,2,Wednesday,True,False,summer,weekday,39.855
2025-06-04 00:45:00,B001,56.9,153.51,True,,153.51,False,observed,2025-06-04,2025,6,4,155,0,45,2,Wednesday,True,False,summer,weekday,38.37749999999999
2025-06-04 01:00:00,B001,56.8,163.95,True,,163.95,False,observed,2025-06-04,2025,6,4,155,1,0,2,Wednesday,True,False,summer,weekday,40.9875
2025-06-04 01:15:00,B001,56.8,153.51,True,,153.51,False,observed,2025-06-04,2025,6,4,155,1,15,2,Wednesday,True,False,summer,weekday,38.37749999999999
2025-06-04 01:30:00,B001,56.8,156.62,True,,156.62,False,observed,2025-06-04,2025,6,4,155,1,30,2,Wednesday,True,False,summer,weekday,39.155
2025-06-04 01:45:00,B001,56.9,147.63,True,,147.63,False,observed,2025-06-04,2025,6,4,155,1,45,2,Wednesday,True,False,summer,weekday,36.9075
2025-06-04 02:00:00,B001,57.1,150.53,True,,150.53,False,observed,2025-06-04,2025,6,4,155,2,0,2,Wednesday,True,False,summer,weekday,37.6325
2025-06-04 02:15:00,B001,57.3,144.42,True,,144.42,False,observed,2025-06-04,2025,6,4,155,2,15,2,Wednesday,True,False,summer,weekday,36.105
2025-06-04 02:30:00,B001,57.6,157.92,True,,157.92,False,observed,2025-06-04,2025,6,4,155,2,30,2,Wednesday,True,False,summer,weekday,39.48
2025-06-04 02:45:00,B001,58.0,140.57,True,,140.57,False,observed,2025-06-04,2025,6,4,155,2,45,2,Wednesday,True,False,summer,weekday,35.1425
2025-06-04 03:00:00,B001,58.4,156.26,True,,156.26,False,observed,2025-06-04,2025,6,4,155,3,0,2,Wednesday,True,False,summer,weekday,39.06499999999999
2025-06-04 03:15:00,B001,58.9,148.47,True,,148.47,False,observed,2025-06-04,2025,6,4,155,3,15,2,Wednesday,True,False,summer,weekday,37.1175
2025-06-04 03:30:00,B001,59.4,159.37,True,,159.37,False,observed,2025-06-04,2025,6,4,155,3,30,2,Wednesday,True,False,summer,weekday,39.8425
2025-06-04 03:45:00,B001,60.0,156.01,True,,156.01,False,observed,2025-06-04,2025,6,4,155,3,45,2,Wednesday,True,False,summer,weekday,39.00249999999999
2025-06-04 04:00:00,B001,60.6,164.57,True,,164.57,False,observed,2025-06-04,2025,6,4,155,4,0,2,Wednesday,True,False,summer,weekday,41.1425
2025-06-04 04:15:00,B001,61.3,155.85,True,,155.85,False,observed,2025-06-04,2025,6,4,155,4,15,2,Wednesday,True,False,summer,weekday,38.9625
2025-06-04 04:30:00,B001,62.0,137.42,True,,137.42,False,observed,2025-06-04,2025,6,4,155,4,30,2,Wednesday,True,False,summer,weekday,34.355
2025-06-04 04:45:00,B001,62.8,149.46,True,,149.46,False,observed,2025-06-04,2025,6,4,155,4,45,2,Wednesday,True,False,summer,weekday,37.365
2025-06-04 05:00:00,B001,63.6,140.62,True,,140.62,False,observed,2025-06-04,2025,6,4,155,5,0,2,Wednesday,True,False,summer,weekday,35.155
2025-06-04 05:15:00,B001,64.4,145.85,True,,145.85,False,observed,2025-06-04,2025,6,4,155,5,15,2,Wednesday,True,False,summer,weekday,36.4625
2025-06-04 05:30:00,B001,65.3,162.09,True,,162.09,False,observed,2025-06-04,2025,6,4,155,5,30,2,Wednesday,True,False,summer,weekday,40.5225
2025-06-04 05:45:00,B001,66.2,155.11,True,,155.11,False,observed,2025-06-04,2025,6,4,155,5,45,2,Wednesday,True,False,summer,weekday,38.7775
2025-06-04 06:00:00,B001,67.1,144.46,True,,144.46,False,observed,2025-06-04,2025,6,4,155,6,0,2,Wednesday,True,False,summer,weekday,36.115
2025-06-04 06:15:00,B001,68.1,142.16,True,,142.16,False,observed,2025-06-04,2025,6,4,155,6,15,2,Wednesday,True,False,summer,weekday,35.54
2025-06-04 06:30:00,B001,69.0,151.42,True,,151.42,False,observed,2025-06-04,2025,6,4,155,6,30,2,Wednesday,True,False,summer,weekday,37.855
2025-06-04 06:45:00,B001,70.0,144.53,True,,144.53,False,observed,2025-06-04,2025,6,4,155,6,45,2,Wednesday,True,False,summer,weekday,36.1325
2025-06-04 07:00:00,B001,71.0,157.81,True,,157.81,False,observed,2025-06-04,2025,6,4,155,7,0,2,Wednesday,True,False,summer,weekday,39.4525
2025-06-04 07:15:00,B001,72.0,186.74,True,,186.74,False,observed,2025-06-04,2025,6,4,155,7,15,2,Wednesday,True,False,summer,weekday,46.68500000000001
2025-06-04 07:30:00,B001,72.9,234.05,True,,234.05,False,observed,2025-06-04,2025,6,4,155,7,30,2,Wednesday,True,False,summer,weekday,58.5125
2025-06-04 07:45:00,B001,73.9,292.22,True,,292.22,False,observed,2025-06-04,2025,6,4,155,7,45,2,Wednesday,True,False,summer,weekday,73.055
2025-06-04 08:00:00,B001,74.9,343.66,True,,343.66,False,observed,2025-06-04,2025,6,4,155,8,0,2,Wednesday,True,False,summer,weekday,85.915
2025-06-04 08:15:00,B001,75.8,432.49,True,,432.49,False,observed,2025-06-04,2025,6,4,155,8,15,2,Wednesday,True,False,summer,weekday,108.1225
2025-06-04 08:30:00,B001,76.8,461.19,True,,461.19,False,observed,2025-06-04,2025,6,4,155,8,30,2,Wednesday,True,False,summer,weekday,115.2975
2025-06-04 08:45:00,B001,77.7,444.47,True,,444.47,False,observed,2025-06-04,2025,6,4,155,8,45,2,Wednesday,True,False,summer,weekday,111.1175
2025-06-04 09:00:00,B001,78.6,396.36,True,,396.36,False,observed,2025-06-04,2025,6,4,155,9,0,2,Wednesday,True,False,summer,weekday,99.09
2025-06-04 09:15:00,B001,79.4,297.43,True,,297.43,False,observed,2025-06-04,2025,6,4,155,9,15,2,Wednesday,True,False,summer,weekday,74.3575
2025-06-04 09:30:00,B001,80.3,251.63,True,,251.63,False,observed,2025-06-04,2025,6,4,155,9,30,2,Wednesday,True,False,summer,weekday,62.9075
2025-06-04 09:45:00,B001,81.0,225.27,True,,225.27,False,observed,2025-06-04,2025,6,4,155,9,45,2,Wednesday,True,False,summer,weekday,56.3175
2025-06-04 10:00:00,B001,81.7,,False,221.3825,221.3825,True,interpolated,2025-06-04,2025,6,4,155,10,0,2,Wednesday,True,False,summer,weekday,55.345625
2025-06-04 10:15:00,B001,82.4,,False,217.495,217.495,True,interpolated,2025-06-04,2025,6,4,155,10,15,2,Wednesday,True,False,summer,weekday,54.37375
2025-06-04 10:30:00,B001,83.1,,False,213.60750000000002,213.60750000000002,True,interpolated,2025-06-04,2025,6,4,155,10,30,2,Wednesday,True,False,summer,weekday,53.401875000000004
2025-06-04 10:45:00,B001,83.8,209.72,True,,209.72,False,observed,2025-06-04,2025,6,4,155,10,45,2,Wednesday,True,False,summer,weekday,52.43
2025-06-04 11:00:00,B001,84.3,201.54,True,,201.54,False,observed,2025-06-04,2025,6,4,155,11,0,2,Wednesday,True,False,summer,weekday,50.385
2025-06-04 11:15:00,B001,84.8,215.62,True,,215.62,False,observed,2025-06-04,2025,6,4,155,11,15,2,Wednesday,True,False,summer,weekday,53.905
2025-06-04 11:30:00,B001,85.3,220.36,True,,220.36,False,observed,2025-06-04,2025,6,4,155,11,30,2,Wednesday,True,False,summer,weekday,55.09
2025-06-04 11:45:00,B001,85.7,216.03,True,,216.03,False,observed,2025-06-04,2025,6,4,155,11,45,2,Wednesday,True,False,summer,weekday,54.0075
2025-06-04 12:00:00,B001,86.0,218.04,True,,218.04,False,observed,2025-06-04,2025,6,4,155,12,0,2,Wednesday,True,False,summer,weekday,54.51
2025-06-04 12:15:00,B001,86.3,219.97,True,,219.97,False,observed,2025-06-04,2025,6,4,155,12,15,2,Wednesday,True,False,summer,weekday,54.9925
2025-06-04 12:30:00,B001,86.5,212.16,True,,212.16,False,observed,2025-06-04,2025,6,4,155,12,30,2,Wednesday,True,False,summer,weekday,53.04
2025-06-04 12:45:00,B001,86.7,218.77,True,,218.77,False,observed,2025-06-04,2025,6,4,155,12,45,2,Wednesday,True,False,summer,weekday,54.6925
2025-06-04 13:00:00,B001,86.7,219.23,True,,219.23,False,observed,2025-06-04,2025,6,4,155,13,0,2,Wednesday,True,False,summer,weekday,54.8075
2025-06-04 13:15:00,B001,86.8,223.64,True,,223.64,False,observed,2025-06-04,2025,6,4,155,13,15,2,Wednesday,True,False,summer,weekday,55.91
2025-06-04 13:30:00,B001,86.7,228.32,True,,228.32,False,observed,2025-06-04,2025,6,4,155,13,30,2,Wednesday,True,False,summer,weekday,57.08
2025-06-04 13:45:00,B001,86.6,211.27,True,,211.27,False,observed,2025-06-04,2025,6,4,155,13,45,2,Wednesday,True,False,summer,weekday,52.8175
2025-06-04 14:00:00,B001,86.4,217.94,True,,217.94,False,observed,2025-06-04,2025,6,4,155,14,0,2,Wednesday,True,False,summer,weekday,54.485
2025-06-04 14:15:00,B001,86.2,230.08,True,,230.08,False,observed,2025-06-04,2025,6,4,155,14,15,2,Wednesday,True,False,summer,weekday,57.52
2025-06-04 14:30:00,B001,85.9,212.34,True,,212.34,False,observed,2025-06-04,2025,6,4,155,14,30,2,Wednesday,True,False,summer,weekday,53.085
2025-06-04 14:45:00,B001,85.5,213.97,True,,213.97,False,observed,2025-06-04,2025,6,4,155,14,45,2,Wednesday,True,False,summer,weekday,53.4925
2025-06-04 15:00:00,B001,85.1,229.08,True,,229.08,False,observed,2025-06-04,2025,6,4,155,15,0,2,Wednesday,True,False,summer,weekday,57.27
2025-06-04 15:15:00,B001,84.7,249.4,True,,249.4,False,observed,2025-06-04,2025,6,4,155,15,15,2,Wednesday,True,False,summer,weekday,62.35
2025-06-04 15:30:00,B001,84.1,270.36,True,,270.36,False,observed,2025-06-04,2025,6,4,155,15,30,2,Wednesday,True,False,summer,weekday,67.59
2025-06-04 15:45:00,B001,83.5,323.99,True,,323.99,False,observed,2025-06-04,2025,6,4,155,15,45,2,Wednesday,True,False,summer,weekday,80.9975
2025-06-04 16:00:00,B001,82.9,378.29,True,,378.29,False,observed,2025-06-04,2025,6,4,155,16,0,2,Wednesday,True,False,summer,weekday,94.5725
2025-06-04 16:15:00,B001,82.2,444.98,True,,444.98,False,observed,2025-06-04,2025,6,4,155,16,15,2,Wednesday,True,False,summer,weekday,111.24500000000002
2025-06-04 16:30:00,B001,81.5,506.04,True,,506.04,False,observed,2025-06-04,2025,6,4,155,16,30,2,Wednesday,True,False,summer,weekday,126.51
2025-06-04 16:45:00,B001,80.7,564.94,True,,564.94,False,observed,2025-06-04,2025,6,4,155,16,45,2,Wednesday,True,False,summer,weekday,141.235
2025-06-04 17:00:00,B001,79.9,557.95,True,,557.95,False,observed,2025-06-04,2025,6,4,155,17,0,2,Wednesday,True,False,summer,weekday,139.4875
2025-06-04 17:15:00,B001,79.1,520.41,True,,520.41,False,observed,2025-06-04,2025,6,4,155,17,15,2,Wednesday,True,False,summer,weekday,130.1025
2025-06-04 17:30:00,B001,78.2,494.73,True,,494.73,False,observed,2025-06-04,2025,6,4,155,17,30,2,Wednesday,True,False,summer,weekday,123.68250000000002
2025-06-04 17:45:00,B001,77.3,405.13,True,,405.13,False,observed,2025-06-04,2025,6,4,155,17,45,2,Wednesday,True,False,summer,weekday,101.2825
2025-06-04 18:00:00,B001,76.4,333.22,True,,333.22,False,observed,2025-06-04,2025,6,4,155,18,0,2,Wednesday,True,False,summer,weekday,83.305
2025-06-04 18:15:00,B001,75.5,275.31,True,,275.31,False,observed,2025-06-04,2025,6,4,155,18,15,2,Wednesday,True,False,summer,weekday,68.8275
2025-06-04 18:30:00,B001,74.5,202.7,True,,202.7,False,observed,2025-06-04,2025,6,4,155,18,30,2,Wednesday,True,False,summer,weekday,50.675
2025-06-04 18:45:00,B001,73.5,174.72,True,,174.72,False,observed,2025-06-04,2025,6,4,155,18,45,2,Wednesday,True,False,summer,weekday,43.68
2025-06-04 19:00:00,B001,72.5,153.89,True,,153.89,False,observed,2025-06-04,2025,6,4,155,19,0,2,Wednesday,True,False,summer,weekday,38.4725
2025-06-04 19:15:00,B001,71.6,150.93,True,,150.93,False,observed,2025-06-04,2025,6,4,155,19,15,2,Wednesday,True,False,summer,weekday,37.7325
2025-06-04 19:30:00,B001,70.6,156.4,True,,156.4,False,observed,2025-06-04,2025,6,4,155,19,30,2,Wednesday,True,False,summer,weekday,39.1
2025-06-04 19:45:00,B001,69.6,155.23,True,,155.23,False,observed,2025-06-04,2025,6,4,155,19,45,2,Wednesday,True,False,summer,weekday,38.8075
2025-06-04 20:00:00,B001,68.6,152.55,True,,152.55,False,observed,2025-06-04,2025,6,4,155,20,0,2,Wednesday,True,False,summer,weekday,38.1375
2025-06-04 20:15:00,B001,67.7,138.8,True,,138.8,False,observed,2025-06-04,2025,6,4,155,20,15,2,Wednesday,True,False,summer,weekday,34.7
2025-06-04 20:30:00,B001,66.8,131.55,True,,131.55,False,observed,2025-06-04,2025,6,4,155,20,30,2,Wednesday,True,False,summer,weekday,32.8875
2025-06-04 20:45:00,B001,65.8,150.44,True,,150.44,False,observed,2025-06-04,2025,6,4,155,20,45,2,Wednesday,True,False,summer,weekday,37.61
2025-06-04 21:00:00,B001,65.0,146.23,True,,146.23,False,observed,2025-06-04,2025,6,4,155,21,0,2,Wednesday,True,False,summer,weekday,36.5575
2025-06-04 21:15:00,B001,64.1,153.68,True,,153.68,False,observed,2025-06-04,2025,6,4,155,21,15,2,Wednesday,True,False,summer,weekday,38.42
2025-06-04 21:30:00,B001,63.3,155.62,True,,155.62,False,observed,2025-06-04,2025,6,4,155,21,30,2,Wednesday,True,False,summer,weekday,38.905
2025-06-04 21:45:00,B001,62.5,151.11,True,,151.11,False,observed,2025-06-04,2025,6,4,155,21,45,2,Wednesday,True,False,summer,weekday,37.7775
2025-06-04 22:00:00,B001,61.7,156.08,True,,156.08,False,observed,2025-06-04,2025,6,4,155,22,0,2,Wednesday,True,False,summer,weekday,39.02
2025-06-04 22:15:00,B001,61.0,151.83,True,,151.83,False,observed,2025-06-04,2025,6,4,155,22,15,2,Wednesday,True,False,summer,weekday,37.9575
2025-06-04 22:30:00,B001,60.4,154.24,True,,154.24,False,observed,2025-06-04,2025,6,4,155,22,30,2,Wednesday,True,False,summer,weekday,38.56000000000001
2025-06-04 22:45:00,B001,59.7,144.36,True,,144.36,False,observed,2025-06-04,2025,6,4,155,22,45,2,Wednesday,True,False,summer,weekday,36.09
2025-06-04 23:00:00,B001,59.2,148.56,True,,148.56,False,observed,2025-06-04,2025,6,4,155,23,0,2,Wednesday,True,False,summer,weekday,37.14
2025-06-04 23:15:00,B001,58.7,151.57,True,,151.57,False,observed,2025-06-04,2025,6,4,155,23,15,2,Wednesday,True,False,summer,weekday,37.8925
2025-06-04 23:30:00,B001,58.2,156.56,True,,156.56,False,observed,2025-06-04,2025,6,4,155,23,30,2,Wednesday,True,False,summer,weekday,39.14
2025-06-04 23:45:00,B001,57.8,146.85,True,,146.85,False,observed,2025-06-04,2025,6,4,155,23,45,2,Wednesday,True,False,summer,weekday,36.7125
2025-06-05 00:00:00,B001,57.5,154.17,True,,154.17,False,observed,2025-06-05,2025,6,5,156,0,0,3,Thursday,True,False,summer,weekday,38.5425
2025-06-05 00:15:00,B001,45.7,147.87,True,,147.87,False,observed,2025-06-05,2025,6,5,156,0,15,3,Thursday,True,False,summer,weekday,36.9675
2025-06-05 00:30:00,B001,45.4,149.06,True,,149.06,False,observed,2025-06-05,2025,6,5,156,0,30,3,Thursday,True,False,summer,weekday,37.265
2025-06-05 00:45:00,B001,45.3,156.64,True,,156.64,False,observed,2025-06-05,2025,6,5,156,0,45,3,Thursday,True,False,summer,weekday,39.16
2025-06-05 01:00:00,B001,45.2,134.06,True,,134.06,False,observed,2025-06-05,2025,6,5,156,1,0,3,Thursday,True,False,summer,weekday,33.515
2025-06-05 01:15:00,B001,45.2,139.63,True,,139.63,False,observed,2025-06-05,2025,6,5,156,1,15,3,Thursday,True,False,summer,weekday,34.9075
2025-06-05 01:30:00,B001,45.2,138.14,True,,138.14,False,observed,2025-06-05,2025,6,5,156,1,30,3,Thursday,True,False,summer,weekday,34.535
2025-06-05 01:45:00,B001,45.4,131.33,True,,131.33,False,observed,2025-06-05,2025,6,5,156,1,45,3,Thursday,True,False,summer,weekday,32.8325
2025-06-05 02:00:00,B001,45.5,144.57,True,,144.57,False,observed,2025-06-05,2025,6,5,156,2,0,3,Thursday,True,False,summer,weekday,36.1425
2025-06-05 02:15:00,B001,45.8,156.0,True,,156.0,False,observed,2025-06-05,2025,6,5,156,2,15,3,Thursday,True,False,summer,weekday,39.0
2025-06-05 02:30:00,B001,46.1,147.72,True,,147.72,False,observed,2025-06-05,2025,6,5,156,2,30,3,Thursday,True,False,summer,weekday,36.93
2025-06-05 02:45:00,B001,46.4,151.58,True,,151.58,False,observed,2025-06-05,2025,6,5,156,2,45,3,Thursday,True,False,summer,weekday,37.895
2025-06-05 03:00:00,B001,46.8,158.71,True,,158.71,False,observed,2025-06-05,2025,6,5,156,3,0,3,Thursday,True,False,summer,weekday,39.6775
2025-06-05 03:15:00,B001,47.3,160.62,True,,160.62,False,observed,2025-06-05,2025,6,5,156,3,15,3,Thursday,True,False,summer,weekday,40.155
2025-06-05 03:30:00,B001,47.8,149.45,True,,149.45,False,observed,2025-06-05,2025,6,5,156,3,30,3,Thursday,True,False,summer,weekday,37.3625
2025-06-05 03:45:00,B001,48.4,160.83,True,,160.83,False,observed,2025-06-05,2025,6,5,156,3,45,3,Thursday,True,False,summer,weekday,40.2075
2025-06-05 04:00:00,B001,49.0,150.74,True,,150.74,False,observed,2025-06-05,2025,6,5,156,4,0,3,Thursday,True,False,summer,weekday,37.68500000000001
2025-06-05 04:15:00,B001,49.7,143.3,True,,143.3,False,observed,2025-06-05,2025,6,5,156,4,15,3,Thursday,True,False,summer,weekday,35.825
2025-06-05 04:30:00,B001,50.5,145.24,True,,145.24,False,observed,2025-06-05,2025,6,5,156,4,30,3,Thursday,True,False,summer,weekday,36.31000000000001
2025-06-05 04:45:00,B001,51.2,138.16,True,,138.16,False,observed,2025-06-05,2025,6,5,156,4,45,3,Thursday,True,False,summer,weekday,34.54
2025-06-05 05:00:00,B001,52.0,142.89,True,,142.89,False,observed,2025-06-05,2025,6,5,156,5,0,3,Thursday,True,False,summer,weekday,35.7225
2025-06-05 05:15:00,B001,52.9,147.14,True,,147.14,False,observed,2025-06-05,2025,6,5,156,5,15,3,Thursday,True,False,summer,weekday,36.785
2025-06-05 05:30:00,B001,53.7,156.43,True,,156.43,False,observed,2025-06-05,2025,6,5,156,5,30,3,Thursday,True,False,summer,weekday,39.1075
2025-06-05 05:45:00,B001,54.6,163.77,True,,163.77,False,observed,2025-06-05,2025,6,5,156,5,45,3,Thursday,True,False,summer,weekday,40.9425
2025-06-05 06:00:00,B001,55.6,138.99,True,,138.99,False,observed,2025-06-05,2025,6,5,156,6,0,3,Thursday,True,False,summer,weekday,34.74750000000001
2025-06-05 06:15:00,B001,56.5,153.41,True,,153.41,False,observed,2025-06-05,2025,6,5,156,6,15,3,Thursday,True,False,summer,weekday,38.3525
2025-06-05 06:30:00,B001,57.5,142.84,True,,142.84,False,observed,2025-06-05,2025,6,5,156,6,30,3,Thursday,True,False,summer,weekday,35.71
2025-06-05 06:45:00,B001,58.4,158.06,True,,158.06,False,observed,2025-06-05,2025,6,5,156,6,45,3,Thursday,True,False,summer,weekday,39.515
2025-06-05 07:00:00,B001,59.4,162.13,True,,162.13,False,observed,2025-06-05,2025,6,5,156,7,0,3,Thursday,True,False,summer,weekday,40.5325
2025-06-05 07:15:00,B001,60.4,169.6,True,,169.6,False,observed,2025-06-05,2025,6,5,156,7,15,3,Thursday,True,False,summer,weekday,42.4
2025-06-05 07:30:00,B001,61.4,232.23,True,,232.23,False,observed,2025-06-05,2025,6,5,156,7,30,3,Thursday,True,False,summer,weekday,58.0575
2025-06-05 07:45:00,B001,62.3,282.51,True,,282.51,False,observed,2025-06-05,2025,6,5,156,7,45,3,Thursday,True,False,summer,weekday,70.6275
2025-06-05 08:00:00,B001,63.3,357.72,True,,357.72,False,observed,2025-06-05,2025,6,5,156,8,0,3,Thursday,True,False,summer,weekday,89.43
2025-06-05 08:15:00,B001,64.3,416.5,True,,416.5,False,observed,2025-06-05,2025,6,5,156,8,15,3,Thursday,True,False,summer,weekday,104.125
2025-06-05 08:30:00,B001,65.2,444.77,True,,444.77,False,observed,2025-06-05,2025,6,5,156,8,30,3,Thursday,True,False,summer,weekday,111.19249999999998
2025-06-05 08:45:00,B001,66.1,428.48,True,,428.48,False,observed,2025-06-05,2025,6,5,156,8,45,3,Thursday,True,False,summer,weekday,107.12000000000002
2025-06-05 09:00:00,B001,67.0,360.48,True,,360.48,False,observed,2025-06-05,2025,6,5,156,9,0,3,Thursday,True,False,summer,weekday,90.12000000000002
2025-06-05 09:15:00,B001,67.9,289.98,True,,289.98,False,observed,2025-06-05,2025,6,5,156,9,15,3,Thursday,True,False,summer,weekday,72.49500000000002
2025-06-05 09:30:00,B001,68.7,227.7,True,,227.7,False,observed,2025-06-05,2025,6,5,156,9,30,3,Thursday,True,False,summer,weekday,56.925
2025-06-05 09:45:00,B001,69.5,194.81,True,,194.81,False,observed,2025-06-05,2025,6,5,156,9,45,3,Thursday,True,False,summer,weekday,48.7025
2025-06-05 10:00:00,B001,70.2,160.44,True,,160.44,False,observed,2025-06-05,2025,6,5,156,10,0,3,Thursday,True,False,summer,weekday,40.11
2025-06-05 10:15:00,B001,70.9,142.45,True,,142.45,False,observed,2025-06-05,2025,6,5,156,10,15,3,Thursday,True,False,summer,weekday,35.6125
2025-06-05 10:30:00,B001,71.6,159.7,True,,159.7,False,observed,2025-06-05,2025,6,5,156,10,30,3,Thursday,True,False,summer,weekday,39.925
2025-06-05 10:45:00,B001,72.2,147.61,True,,147.61,False,observed,2025-06-05,2025,6,5,156,10,45,3,Thursday,True,False,summer,weekday,36.9025
2025-06-05 11:00:00,B001,72.8,158.97,True,,158.97,False,observed,2025-06-05,2025,6,5,156,11,0,3,Thursday,True,False,summer,weekday,39.7425
2025-06-05 11:15:00,B001,73.3,153.08,True,,153.08,False,observed,2025-06-05,2025,6,5,156,11,15,3,Thursday,True,False,summer,weekday,38.27
2025-06-05 11:30:00,B001,73.7,148.95,True,,148.95,False,observed,2025-06-05,2025,6,5,156,11,30,3,Thursday,True,False,summer,weekday,37.2375
2025-06-05 11:45:00,B001,74.1,152.79,True,,152.79,False,observed,2025-06-05,2025,6,5,156,11,45,3,Thursday,True,False,summer,weekday,38.1975
2025-06-05 12:00:00,B001,74.5,165.61,True,,165.61,False,observed,2025-06-05,2025,6,5,156,12,0,3,Thursday,True,False,summer,weekday,41.4025
2025-06-05 12:15:00,B001,74.7,166.62,True,,166.62,False,observed,2025-06-05,2025,6,5,156,12,15,3,Thursday,True,False,summer,weekday,41.655
2025-06-05 12:30:00,B001,74.9,150.56,True,,150.56,False,observed,2025-06-05,2025,6,5,156,12,30,3,Thursday,True,False,summer,weekday,37.64
2025-06-05 12:45:00,B001,75.1,151.83,True,,151.83,False,observed,2025-06-05,2025,6,5,156,12,45,3,Thursday,True,False,summer,weekday,37.9575
2025-06-05 13:00:00,B001,75.2,159.66,True,,159.66,False,observed,2025-06-05,2025,6,5,156,13,0,3,Thursday,True,False,summer,weekday,39.915
2025-06-05 13:15:00,B001,75.2,144.41,True,,144.41,False,observed,2025-06-05,2025,6,5,156,13,15,3,Thursday,True,False,summer,weekday,36.1025
2025-06-05 13:30:00,B001,75.1,153.59,True,,153.59,False,observed,2025-06-05,2025,6,5,156,13,30,3,Thursday,True,False,summer,weekday,38.3975
2025-06-05 13:45:00,B001,75.0,150.14,True,,150.14,False,observed,2025-06-05,2025,6,5,156,13,45,3,Thursday,True,False,summer,weekday,37.535
2025-06-05 14:00:00,B001,74.9,152.85,True,,152.85,False,observed,2025-06-05,2025,6,5,156,14,0,3,Thursday,True,False,summer,weekday,38.2125
2025-06-05 14:15:00,B001,74.6,144.37,True,,144.37,False,observed,2025-06-05,2025,6,5,156,14,15,3,Thursday,True,False,summer,weekday,36.0925
2025-06-05 14:30:00,B001,74.3,140.16,True,,140.16,False,observed,2025-06-05,2025,6,5,156,14,30,3,Thursday,True,False,summer,weekday,35.04
2025-06-05 14:45:00,B001,74.0,140.7,True,,140.7,False,observed,2025-06-05,2025,6,5,156,14,45,3,Thursday,True,False,summer,weekday,35.175
2025-06-05 15:00:00,B001,73.6,157.76,True,,157.76,False,observed,2025-06-05,2025,6,5,156,15,0,3,Thursday,True,False,summer,weekday,39.43999999999999
2025-06-05 15:15:00,B001,73.1,181.06,True,,181.06,False,observed,2025-06-05,2025,6,5,156,15,15,3,Thursday,True,False,summer,weekday,45.265
2025-06-05 15:30:00,B001,72.6,213.17,True,,213.17,False,observed,2025-06-05,2025,6,5,156,15,30,3,Thursday,True,False,summer,weekday,53.2925
2025-06-05 15:45:00,B001,72.0,277.61,True,,277.61,False,observed,2025-06-05,2025,6,5,156,15,45,3,Thursday,True,False,summer,weekday,69.4025
2025-06-05 16:00:00,B001,71.3,332.82,True,,332.82,False,observed,2025-06-05,2025,6,5,156,16,0,3,Thursday,True,False,summer,weekday,83.205
2025-06-05 16:15:00,B001,70.7,387.17,True,,387.17,False,observed,2025-06-05,2025,6,5,156,16,15,3,Thursday,True,False,summer,weekday,96.7925
2025-06-05 16:30:00,B001,69.9,465.36,True,,465.36,False,observed,2025-06-05,2025,6,5,156,16,30,3,Thursday,True,False,summer,weekday,116.34
2025-06-05 16:45:00,B001,69.2,508.63,True,,508.63,False,observed,2025-06-05,2025,6,5,156,16,45,3,Thursday,True,False,summer,weekday,127.1575
2025-06-05 17:00:00,B001,68.4,527.73,True,,527.73,False,observed,2025-06-05,2025,6,5,156,17,0,3,Thursday,True,False,summer,weekday,131.9325
2025-06-05 17:15:00,B001,67.5,513.37,True,,513.37,False,observed,2025-06-05,2025,6,5,156,17,15,3,Thursday,True,False,summer,weekday,128.3425
2025-06-05 17:30:00,B001,66.7,467.53,True,,467.53,False,observed,2025-06-05,2025,6,5,156,17,30,3,Thursday,True,False,summer,weekday,116.8825
2025-06-05 17:45:00,B001,65.8,392.15,True,,392.15,False,observed,2025-06-05,2025,6,5,156,17,45,3,Thursday,True,False,summer,weekday,98.0375
2025-06-05 18:00:00,B001,64.8,332.49,True,,332.49,False,observed,2025-06-05,2025,6,5,156,18,0,3,Thursday,True,False,summer,weekday,83.1225
2025-06-05 18:15:00,B001,63.9,252.97,True,,252.97,False,observed,2025-06-05,2025,6,5,156,18,15,3,Thursday,True,False,summer,weekday,63.2425
2025-06-05 18:30:00,B001,62.9,215.57,True,,215.57,False,observed,2025-06-05,2025,6,5,156,18,30,3,Thursday,True,False,summer,weekday,53.8925
2025-06-05 18:45:00,B001,62.0,205.51,True,,205.51,False,observed,2025-06-05,2025,6,5,156,18,45,3,Thursday,True,False,summer,weekday,51.37749999999999
2025-06-05 19:00:00,B001,61.0,168.48,True,,168.48,False,observed,2025-06-05,2025,6,5,156,19,0,3,Thursday,True,False,summer,weekday,42.12
2025-06-05 19:15:00,B001,60.0,168.75,True,,168.75,False,observed,2025-06-05,2025,6,5,156,19,15,3,Thursday,True,False,summer,weekday,42.1875
2025-06-05 19:30:00,B001,59.0,153.61,True,,153.61,False,observed,2025-06-05,2025,6,5,156,19,30,3,Thursday,True,False,summer,weekday,38.4025
2025-06-05 19:45:00,B001,58.0,155.68,True,,155.68,False,observed,2025-06-05,2025,6,5,156,19,45,3,Thursday,True,False,summer,weekday,38.92
2025-06-05 20:00:00,B001,57.1,149.88,True,,149.88,False,observed,2025-06-05,2025,6,5,156,20,0,3,Thursday,True,False,summer,weekday,37.47
2025-06-05 20:15:00,B001,56.1,148.74,True,,148.74,False,observed,2025-06-05,2025,6,5,156,20,15,3,Thursday,True,False,summer,weekday,37.18500000000001
2025-06-05 20:30:00,B001,55.2,143.79,True,,143.79,False,observed,2025-06-05,2025,6,5,156,20,30,3,Thursday,True,False,summer,weekday,35.9475
2025-06-05 20:45:00,B001,54.3,153.45,True,,153.45,False,observed,2025-06-05,2025,6,5,156,20,45,3,Thursday,True,False,summer,weekday,38.3625
2025-06-05 21:00:00,B001,53.4,143.19,True,,143.19,False,observed,2025-06-05,2025,6,5,156,21,0,3,Thursday,True,False,summer,weekday,35.7975
2025-06-05 21:15:00,B001,52.5,155.32,True,,155.32,False,observed,2025-06-05,2025,6,5,156,21,15,3,Thursday,True,False,summer,weekday,38.83
2025-06-05 21:30:00,B001,51.7,158.68,True,,158.68,False,observed,2025-06-05,2025,6,5,156,21,30,3,Thursday,True,False,summer,weekday,39.67
2025-06-05 21:45:00,B001,50.9,152.93,True,,152.93,False,observed,2025-06-05,2025,6,5,156,21,45,3,Thursday,True,False,summer,weekday,38.2325
2025-06-05 22:00:00,B001,50.2,147.71,True,,147.71,False,observed,2025-06-05,2025,6,5,156,22,0,3,Thursday,True,False,summer,weekday,36.9275
2025-06-05 22:15:00,B001,49.5,153.63,True,,153.63,False,observed,2025-06-05,2025,6,5,156,22,15,3,Thursday,True,False,summer,weekday,38.4075
2025-06-05 22:30:00,B001,48.8,147.53,True,,147.53,False,observed,2025-06-05,2025,6,5,156,22,30,3,Thursday,True,False,summer,weekday,36.8825
2025-06-05 22:45:00,B001,48.2,157.48,True,,157.48,False,observed,2025-06-05,2025,6,5,156,22,45,3,Thursday,True,False,summer,weekday,39.37
2025-06-05 23:00:00,B001,47.6,135.35,True,,135.35,False,observed,2025-06-05,2025,6,5,156,23,0,3,Thursday,True,False,summer,weekday,33.8375
2025-06-05 23:15:00,B001,47.1,147.32,True,,147.32,False,observed,2025-06-05,2025,6,5,156,23,15,3,Thursday,True,False,summer,weekday,36.83
2025-06-05 23:30:00,B001,46.7,134.07,True,,134.07,False,observed,2025-06-05,2025,6,5,156,23,30,3,Thursday,True,False,summer,weekday,33.5175
2025-06-05 23:45:00,B001,46.3,138.04,True,,138.04,False,observed,2025-06-05,2025,6,5,156,23,45,3,Thursday,True,False,summer,weekday,34.51
2025-06-06 00:00:00,B001,45.9,160.91,True,,160.91,False,observed,2025-06-06,2025,6,6,157,0,0,4,Friday,True,False,summer,weekday,40.2275
2025-06-06 00:15:00,B001,48.3,157.16,True,,157.16,False,observed,2025-06-06,2025,6,6,157,0,15,4,Friday,True,False,summer,weekday,39.29
2025-06-06 00:30:00,B001,48.0,144.24,True,,144.24,False,observed,2025-06-06,2025,6,6,157,0,30,4,Friday,True,False,summer,weekday,36.06000000000001
2025-06-06 00:45:00,B001,47.9,137.98,True,,137.98,False,observed,2025-06-06,2025,6,6,157,0,45,4,Friday,True,False,summer,weekday,34.495
2025-06-06 01:00:00,B001,47.8,126.28,True,,126.28,False,observed,2025-06-06,2025,6,6,157,1,0,4,Friday,True,False,summer,weekday,31.57
2025-06-06 01:15:00,B001,47.8,145.65,True,,145.65,False,observed,2025-06-06,2025,6,6,157,1,15,4,Friday,True,False,summer,weekday,36.4125
2025-06-06 01:30:00,B001,47.8,169.36,True,,169.36,False,observed,2025-06-06,2025,6,6,157,1,30,4,Friday,True,False,summer,weekday,42.34
2025-06-06 01:45:00,B001,47.9,153.48,True,,153.48,False,observed,2025-06-06,2025,6,6,157,1,45,4,Friday,True,False,summer,weekday,38.37
2025-06-06 02:00:00,B001,48.1,145.52,True,,145.52,False,observed,2025-06-06,2025,6,6,157,2,0,4,Friday,True,False,summer,weekday,36.38
2025-06-06 02:15:00,B001,48.4,153.72,True,,153.72,False,observed,2025-06-06,2025,6,6,157,2,15,4,Friday,True,False,summer,weekday,38.43
2025-06-06 02:30:00,B001,48.7,137.51,True,,137.51,False,observed,2025-06-06,2025,6,6,157,2,30,4,Friday,True,False,summer,weekday,34.37749999999999
2025-06-06 02:45:00,B001,49.0,147.62,True,,147.62,False,observed,2025-06-06,2025,6,6,157,2,45,4,Friday,True,False,summer,weekday,36.905
2025-06-06 03:00:00,B001,49.4,150.8,True,,150.8,False,observed,2025-06-06,2025,6,6,157,3,0,4,Friday,True,False,summer,weekday,37.7
2025-06-06 03:15:00,B001,49.9,149.31,True,,149.31,False,observed,2025-06-06,2025,6,6,157,3,15,4,Friday,True,False,summer,weekday,37.3275
2025-06-06 03:30:00,B001,50.4,156.33,True,,156.33,False,observed,2025-06-06,2025,6,6,157,3,30,4,Friday,True,False,summer,weekday,39.0825
2025-06-06 03:45:00,B001,51.0,152.76,True,,152.76,False,observed,2025-06-06,2025,6,6,157,3,45,4,Friday,True,False,summer,weekday,38.18999999999999
2025-06-06 04:00:00,B001,51.6,155.35,True,,155.35,False,observed,2025-06-06,2025,6,6,157,4,0,4,Friday,True,False,summer,weekday,38.8375
2025-06-06 04:15:00,B001,52.3,144.49,True,,144.49,False,observed,2025-06-06,2025,6,6,157,4,15,4,Friday,True,False,summer,weekday,36.12250000000001
2025-06-06 04:30:00,B001,53.0,157.18,True,,157.18,False,observed,2025-06-06,2025,6,6,157,4,30,4,Friday,True,False,summer,weekday,39.295
2025-06-06 04:45:00,B001,53.8,163.03,True,,163.03,False,observed,2025-06-06,2025,6,6,157,4,45,4,Friday,True,False,summer,weekday,40.7575
2025-06-06 05:00:00,B001,54.6,142.24,True,,142.24,False,observed,2025-06-06,2025,6,6,157,5,0,4,Friday,True,False,summer,weekday,35.56000000000001
2025-06-06 05:15:00,B001,55.5,142.9,True,,142.9,False,observed,2025-06-06,2025,6,6,157,5,15,4,Friday,True,False,summer,weekday,35.725
2025-06-06 05:30:00,B001,56.3,160.69,True,,160.69,False,observed,2025-06-06,2025,6,6,157,5,30,4,Friday,True,False,summer,weekday,40.1725
2025-06-06 05:45:00,B001,57.2,148.48,True,,148.48,False,observed,2025-06-06,2025,6,6,157,5,45,4,Friday,True,False,summer,weekday,37.12
2025-06-06 06:00:00,B001,58.2,161.28,True,,161.28,False,observed,2025-06-06,2025,6,6,157,6,0,4,Friday,True,False,summer,weekday,40.32
2025-06-06 06:15:00,B001,59.1,146.72,True,,146.72,False,observed,2025-06-06,2025,6,6,157,6,15,4,Friday,True,False,summer,weekday,36.68
2025-06-06 06:30:00,B001,60.1,162.8,True,,162.8,False,observed,2025-06-06,2025,6,6,157,6,30,4,Friday,True,False,summer,weekday,40.7
2025-06-06 06:45:00,B001,61.0,155.32,True,,155.32,False,observed,2025-06-06,2025,6,6,157,6,45,4,Friday,True,False,summer,weekday,38.83
2025-06-06 07:00:00,B001,62.0,165.25,True,,165.25,False,observed,2025-06-06,2025,6,6,157,7,0,4,Friday,True,False,summer,weekday,41.3125
2025-06-06 07:15:00,B001,63.0,196.77,True,,196.77,False,observed,2025-06-06,2025,6,6,157,7,15,4,Friday,True,False,summer,weekday,49.1925
2025-06-06 07:30:00,B001,64.0,221.91,True,,221.91,False,observed,2025-06-06,2025,6,6,157,7,30,4,Friday,True,False,summer,weekday,55.4775
2025-06-06 07:45:00,B001,64.9,279.82,True,,279.82,False,observed,2025-06-06,2025,6,6,157,7,45,4,Friday,True,False,summer,weekday,69.955
2025-06-06 08:00:00,B001,65.9,358.41,True,,358.41,False,observed,2025-06-06,2025,6,6,157,8,0,4,Friday,True,False,summer,weekday,89.6025
2025-06-06 08:15:00,B001,66.9,428.68,True,,428.68,False,observed,2025-06-06,2025,6,6,157,8,15,4,Friday,True,False,summer,weekday,107.17
2025-06-06 08:30:00,B001,67.8,437.47,True,,437.47,False,observed,2025-06-06,2025,6,6,157,8,30,4,Friday,True,False,summer,weekday,109.3675
2025-06-06 08:45:00,B001,68.7,430.16,True,,430.16,False,observed,2025-06-06,2025,6,6,157,8,45,4,Friday,True,False,summer,weekday,107.54
2025-06-06 09:00:00,B001,69.6,357.68,True,,357.68,False,observed,2025-06-06,2025,6,6,157,9,0,4,Friday,True,False,summer,weekday,89.42
2025-06-06 09:15:00,B001,70.5,296.53,True,,296.53,False,observed,2025-06-06,2025,6,6,157,9,15,4,Friday,True,False,summer,weekday,74.1325
2025-06-06 09:30:00,B001,71.3,205.65,True,,205.65,False,observed,2025-06-06,2025,6,6,157,9,30,4,Friday,True,False,summer,weekday,51.4125
2025-06-06 09:45:00,B001,72.1,177.96,True,,177.96,False,observed,2025-06-06,2025,6,6,157,9,45,4,Friday,True,False,summer,weekday,44.49
2025-06-06 10:00:00,B001,72.8,149.69,True,,149.69,False,observed,2025-06-06,2025,6,6,157,10,0,4,Friday,True,False,summer,weekday,37.4225
2025-06-06 10:15:00,B001,73.5,147.65,True,,147.65,False,observed,2025-06-06,2025,6,6,157,10,15,4,Friday,True,False,summer,weekday,36.9125
2025-06-06 10:30:00,B001,74.2,153.14,True,,153.14,False,observed,2025-06-06,2025,6,6,157,10,30,4,Friday,True,False,summer,weekday,38.285
2025-06-06 10:45:00,B001,74.8,148.83,True,,148.83,False,observed,2025-06-06,2025,6,6,157,10,45,4,Friday,True,False,summer,weekday,37.2075
2025-06-06 11:00:00,B001,75.4,150.25,True,,150.25,False,observed,2025-06-06,2025,6,6,157,11,0,4,Friday,True,False,summer,weekday,37.5625
2025-06-06 11:15:00,B001,75.9,154.01,True,,154.01,False,observed,2025-06-06,2025,6,6,157,11,15,4,Friday,True,False,summer,weekday,38.50249999999999
2025-06-06 11:30:00,B001,76.3,159.61,True,,159.61,False,observed,2025-06-06,2025,6,6,157,11,30,4,Friday,True,False,summer,weekday,39.9025
2025-06-06 11:45:00,B001,76.7,152.27,True,,152.27,False,observed,2025-06-06,2025,6,6,157,11,45,4,Friday,True,False,summer,weekday,38.0675
2025-06-06 12:00:00,B001,77.1,168.0,True,,168.0,False,observed,2025-06-06,2025,6,6,157,12,0,4,Friday,True,False,summer,weekday,42.0
2025-06-06 12:15:00,B001,77.3,169.28,True,,169.28,False,observed,2025-06-06,2025,6,6,157,12,15,4,Friday,True,False,summer,weekday,42.32
2025-06-06 12:30:00,B001,77.5,168.32,True,,168.32,False,observed,2025-06-06,2025,6,6,157,12,30,4,Friday,True,False,summer,weekday,42.08
2025-06-06 12:45:00,B001,77.7,170.58,True,,170.58,False,observed,2025-06-06,2025,6,6,157,12,45,4,Friday,True,False,summer,weekday,42.645
2025-06-06 13:00:00,B001,77.05111111111111,,False,167.86355555555556,167.86355555555556,True,interpolated,2025-06-06,2025,6,6,157,13,0,4,Friday,True,False,summer,weekday,41.96588888888889
2025-06-06 13:15:00,B001,76.40222222222222,,False,165.14711111111112,165.14711111111112,True,interpolated,2025-06-06,2025,6,6,157,13,15,4,Friday,True,False,summer,weekday,41.28677777777778
2025-06-06 13:30:00,B001,75.75333333333333,,False,162.43066666666667,162.43066666666667,True,interpolated,2025-06-06,2025,6,6,157,13,30,4,Friday,True,False,summer,weekday,40.60766666666667
2025-06-06 13:45:00,B001,75.10444444444445,,False,159.71422222222225,159.71422222222225,True,interpolated,2025-06-06,2025,6,6,157,13,45,4,Friday,True,False,summer,weekday,39.92855555555556
2025-06-06 14:00:00,B001,,,False,,,False,missing,2025-06-06,2025,6,6,157,14,0,4,Friday,True,False,summer,weekday,
2025-06-06 14:15:00,B001,,,False,,,False,missing,2025-06-06,2025,6,6,157,14,15,4,Friday,True,False,summer,weekday,
2025-06-06 14:30:00,B001,,,False,,,False,missing,2025-06-06,2025,6,6,157,14,30,4,Friday,True,False,summer,weekday,
2025-06-06 14:45:00,B001,,,False,,,False,missing,2025-06-06,2025,6,6,157,14,45,4,Friday,True,False,summer,weekday,
2025-06-06 15:00:00,B001,,,False,,,False,missing,2025-06-06,2025,6,6,157,15,0,4,Friday,True,False,summer,weekday,
2025-06-06 15:15:00,B001,,,False,,,False,missing,2025-06-06,2025,6,6,157,15,15,4,Friday,True,False,summer,weekday,
2025-06-06 15:30:00,B001,,,False,,,False,missing,2025-06-06,2025,6,6,157,15,30,4,Friday,True,False,summer,weekday,
2025-06-06 15:45:00,B001,,,False,,,False,missing,2025-06-06,2025,6,6,157,15,45,4,Friday,True,False,summer,weekday,
2025-06-06 16:00:00,B001,,,False,,,False,missing,2025-06-06,2025,6,6,157,16,0,4,Friday,True,False,summer,weekday,
2025-06-06 16:15:00,B001,,,False,,,False,missing,2025-06-06,2025,6,6,157,16,15,4,Friday,True,False,summer,weekday,
2025-06-06 16:30:00,B001,,,False,,,False,missing,2025-06-06,2025,6,6,157,16,30,4,Friday,True,False,summer,weekday,
2025-06-06 16:45:00,B001,,,False,,,False,missing,2025-06-06,2025,6,6,157,16,45,4,Friday,True,False,summer,weekday,
2025-06-06 17:00:00,B001,,,False,,,False,missing,2025-06-06,2025,6,6,157,17,0,4,Friday,True,False,summer,weekday,
2025-06-06 17:15:00,B001,,,False,,,False,missing,2025-06-06,2025,6,6,157,17,15,4,Friday,True,False,summer,weekday,
2025-06-06 17:30:00,B001,,,False,,,False,missing,2025-06-06,2025,6,6,157,17,30,4,Friday,True,False,summer,weekday,
2025-06-06 17:45:00,B001,,,False,,,False,missing,2025-06-06,2025,6,6,157,17,45,4,Friday,True,False,summer,weekday,
2025-06-06 18:00:00,B001,,,False,,,False,missing,2025-06-06,2025,6,6,157,18,0,4,Friday,True,False,summer,weekday,
2025-06-06 18:15:00,B001,,,False,,,False,missing,2025-06-06,2025,6,6,157,18,15,4,Friday,True,False,summer,weekday,
2025-06-06 18:30:00,B001,,,False,,,False,missing,2025-06-06,2025,6,6,157,18,30,4,Friday,True,False,summer,weekday,
2025-06-06 18:45:00,B001,,,False,,,False,missing,2025-06-06,2025,6,6,157,18,45,4,Friday,True,False,summer,weekday,
2025-06-06 19:00:00,B001,,,False,,,False,missing,2025-06-06,2025,6,6,157,19,0,4,Friday,True,False,summer,weekday,
2025-06-06 19:15:00,B001,,,False,,,False,missing,2025-06-06,2025,6,6,157,19,15,4,Friday,True,False,summer,weekday,
2025-06-06 19:30:00,B001,,,False,,,False,missing,2025-06-06,2025,6,6,157,19,30,4,Friday,True,False,summer,weekday,
2025-06-06 19:45:00,B001,,,False,,,False,missing,2025-06-06,2025,6,6,157,19,45,4,Friday,True,False,summer,weekday,
2025-06-06 20:00:00,B001,,,False,,,False,missing,2025-06-06,2025,6,6,157,20,0,4,Friday,True,False,summer,weekday,
2025-06-06 20:15:00,B001,,,False,,,False,missing,2025-06-06,2025,6,6,157,20,15,4,Friday,True,False,summer,weekday,
2025-06-06 20:30:00,B001,,,False,,,False,missing,2025-06-06,2025,6,6,157,20,30,4,Friday,True,False,summer,weekday,
2025-06-06 20:45:00,B001,,,False,,,False,missing,2025-06-06,2025,6,6,157,20,45,4,Friday,True,False,summer,weekday,
2025-06-06 21:00:00,B001,,,False,,,False,missing,2025-06-06,2025,6,6,157,21,0,4,Friday,True,False,summer,weekday,
2025-06-06 21:15:00,B001,,,False,,,False,missing,2025-06-06,2025,6,6,157,21,15,4,Friday,True,False,summer,weekday,
2025-06-06 21:30:00,B001,,,False,,,False,missing,2025-06-06,2025,6,6,157,21,30,4,Friday,True,False,summer,weekday,
2025-06-06 21:45:00,B001,,,False,,,False,missing,2025-06-06,2025,6,6,157,21,45,4,Friday,True,False,summer,weekday,
2025-06-06 22:00:00,B001,,,False,,,False,missing,2025-06-06,2025,6,6,157,22,0,4,Friday,True,False,summer,weekday,
2025-06-06 22:15:00,B001,,,False,,,False,missing,2025-06-06,2025,6,6,157,22,15,4,Friday,True,False,summer,weekday,
2025-06-06 22:30:00,B001,,,False,,,False,missing,2025-06-06,2025,6,6,157,22,30,4,Friday,True,False,summer,weekday,
2025-06-06 22:45:00,B001,,,False,,,False,missing,2025-06-06,2025,6,6,157,22,45,4,Friday,True,False,summer,weekday,
2025-06-06 23:00:00,B001,,,False,,,False,missing,2025-06-06,2025,6,6,157,23,0,4,Friday,True,False,summer,weekday,
2025-06-06 23:15:00,B001,,,False,,,False,missing,2025-06-06,2025,6,6,157,23,15,4,Friday,True,False,summer,weekday,
2025-06-06 23:30:00,B001,,,False,,,False,missing,2025-06-06,2025,6,6,157,23,30,4,Friday,True,False,summer,weekday,
2025-06-06 23:45:00,B001,,,False,,,False,missing,2025-06-06,2025,6,6,157,23,45,4,Friday,True,False,summer,weekday,
2025-06-07 00:00:00,B001,48.5,48.34,True,,48.34,False,observed,2025-06-07,2025,6,7,158,0,0,5,Saturday,False,True,summer,weekend,12.085
2025-06-07 00:15:00,B001,54.0,59.0,True,,59.0,False,observed,2025-06-07,2025,6,7,158,0,15,5,Saturday,False,True,summer,weekend,14.75
2025-06-07 00:30:00,B001,53.8,54.43,True,,54.43,False,observed,2025-06-07,2025,6,7,158,0,30,5,Saturday,False,True,summer,weekend,13.6075
2025-06-07 00:45:00,B001,53.6,38.3,True,,38.3,False,observed,2025-06-07,2025,6,7,158,0,45,5,Saturday,False,True,summer,weekend,9.575
2025-06-07 01:00:00,B001,53.5,56.62,True,,56.62,False,observed,2025-06-07,2025,6,7,158,1,0,5,Saturday,False,True,summer,weekend,14.155
2025-06-07 01:15:00,B001,53.5,47.88,True,,47.88,False,observed,2025-06-07,2025,6,7,158,1,15,5,Saturday,False,True,summer,weekend,11.97
2025-06-07 01:30:00,B001,53.6,62.7,True,,62.7,False,observed,2025-06-07,2025,6,7,158,1,30,5,Saturday,False,True,summer,weekend,15.675
2025-06-07 01:45:00,B001,53.7,47.48,True,,47.48,False,observed,2025-06-07,2025,6,7,158,1,45,5,Saturday,False,True,summer,weekend,11.87
2025-06-07 02:00:00,B001,53.8,47.41,True,,47.41,False,observed,2025-06-07,2025,6,7,158,2,0,5,Saturday,False,True,summer,weekend,11.8525
2025-06-07 02:15:00,B001,54.1,56.83,True,,56.83,False,observed,2025-06-07,2025,6,7,158,2,15,5,Saturday,False,True,summer,weekend,14.2075
2025-06-07 02:30:00,B001,54.4,58.6,True,,58.6,False,observed,2025-06-07,2025,6,7,158,2,30,5,Saturday,False,True,summer,weekend,14.65
2025-06-07 02:45:00,B001,54.7,56.08,True,,56.08,False,observed,2025-06-07,2025,6,7,158,2,45,5,Saturday,False,True,summer,weekend,14.02
2025-06-07 03:00:00,B001,55.1,39.02,True,,39.02,False,observed,2025-06-07,2025,6,7,158,3,0,5,Saturday,False,True,summer,weekend,9.755
2025-06-07 03:15:00,B001,55.6,56.8,True,,56.8,False,observed,2025-06-07,2025,6,7,158,3,15,5,Saturday,False,True,summer,weekend,14.2
2025-06-07 03:30:00,B001,56.1,44.23,True,,44.23,False,observed,2025-06-07,2025,6,7,158,3,30,5,Saturday,False,True,summer,weekend,11.0575
2025-06-07 03:45:00,B001,56.7,54.38,True,,54.38,False,observed,2025-06-07,2025,6,7,158,3,45,5,Saturday,False,True,summer,weekend,13.595
2025-06-07 04:00:00,B001,57.4,41.11,True,,41.11,False,observed,2025-06-07,2025,6,7,158,4,0,5,Saturday,False,True,summer,weekend,10.2775
2025-06-07 04:15:00,B001,58.0,56.07,True,,56.07,False,observed,2025-06-07,2025,6,7,158,4,15,5,Saturday,False,True,summer,weekend,14.0175
2025-06-07 04:30:00,B001,58.8,46.05,True,,46.05,False,observed,2025-06-07,2025,6,7,158,4,30,5,Saturday,False,True,summer,weekend,11.5125
2025-06-07 04:45:00,B001,59.5,42.24,True,,42.24,False,observed,2025-06-07,2025,6,7,158,4,45,5,Saturday,False,True,summer,weekend,10.56
2025-06-07 05:00:00,B001,60.3,58.21,True,,58.21,False,observed,2025-06-07,2025,6,7,158,5,0,5,Saturday,False,True,summer,weekend,14.5525
2025-06-07 05:15:00,B001,61.2,54.43,True,,54.43,False,observed,2025-06-07,2025,6,7,158,5,15,5,Saturday,False,True,summer,weekend,13.6075
2025-06-07 05:30:00,B001,62.1,47.59,True,,47.59,False,observed,2025-06-07,2025,6,7,158,5,30,5,Saturday,False,True,summer,weekend,11.8975
2025-06-07 05:45:00,B001,63.0,64.11,True,,64.11,False,observed,2025-06-07,2025,6,7,158,5,45,5,Saturday,False,True,summer,weekend,16.0275
2025-06-07 06:00:00,B001,63.9,48.97,True,,48.97,False,observed,2025-06-07,2025,6,7,158,6,0,5,Saturday,False,True,summer,weekend,12.2425
2025-06-07 06:15:00,B001,64.8,52.76,True,,52.76,False,observed,2025-06-07,2025,6,7,158,6,15,5,Saturday,False,True,summer,weekend,13.19
2025-06-07 06:30:00,B001,65.8,54.65,True,,54.65,False,observed,2025-06-07,2025,6,7,158,6,30,5,Saturday,False,True,summer,weekend,13.6625
2025-06-07 06:45:00,B001,66.7,47.54,True,,47.54,False,observed,2025-06-07,2025,6,7,158,6,45,5,Saturday,False,True,summer,weekend,11.885
2025-06-07 07:00:00,B001,67.7,56.27,True,,56.27,False,observed,2025-06-07,2025,6,7,158,7,0,5,Saturday,False,True,summer,weekend,14.0675
2025-06-07 07:15:00,B001,68.7,48.23,True,,48.23,False,observed,2025-06-07,2025,6,7,158,7,15,5,Saturday,False,True,summer,weekend,12.0575
2025-06-07 07:30:00,B001,69.7,49.21,True,,49.21,False,observed,2025-06-07,2025,6,7,158,7,30,5,Saturday,False,True,summer,weekend,12.3025
2025-06-07 07:45:00,B001,70.7,63.4,True,,63.4,False,observed,2025-06-07,2025,6,7,158,7,45,5,Saturday,False,True,summer,weekend,15.85
2025-06-07 08:00:00,B001,71.6,44.18,True,,44.18,False,observed,2025-06-07,2025,6,7,158,8,0,5,Saturday,False,True,summer,weekend,11.045
2025-06-07 08:15:00,B001,72.6,33.2,True,,33.2,False,observed,2025-06-07,2025,6,7,158,8,15,5,Saturday,False,True,summer,weekend,8.3
2025-06-07 08:30:00,B001,73.5,65.39,True,,65.39,False,observed,2025-06-07,2025,6,7,158,8,30,5,Saturday,False,True,summer,weekend,16.3475
2025-06-07 08:45:00,B001,74.4,72.89,True,,72.89,False,observed,2025-06-07,2025,6,7,158,8,45,5,Saturday,False,True,summer,weekend,18.2225
2025-06-07 09:00:00,B001,75.3,51.19,True,,51.19,False,observed,2025-06-07,2025,6,7,158,9,0,5,Saturday,False,True,summer,weekend,12.797499999999998
2025-06-07 09:15:00,B001,76.2,44.09,True,,44.09,False,observed,2025-06-07,2025,6,7,158,9,15,5,Saturday,False,True,summer,weekend,11.0225
2025-06-07 09:30:00,B001,77.0,62.06,True,,62.06,False,observed,2025-06-07,2025,6,7,158,9,30,5,Saturday,False,True,summer,weekend,15.515000000000002
2025-06-07 09:45:00,B001,77.8,67.0,True,,67.0,False,observed,2025-06-07,2025,6,7,158,9,45,5,Saturday,False,True,summer,weekend,16.75
2025-06-07 10:00:00,B001,78.5,72.27,True,,72.27,False,observed,2025-06-07,2025,6,7,158,10,0,5,Saturday,False,True,summer,weekend,18.0675
2025-06-07 10:15:00,B001,79.3,69.13,True,,69.13,False,observed,2025-06-07,2025,6,7,158,10,15,5,Saturday,False,True,summer,weekend,17.282499999999995
2025-06-07 10:30:00,B001,79.9,86.64,True,,86.64,False,observed,2025-06-07,2025,6,7,158,10,30,5,Saturday,False,True,summer,weekend,21.66
2025-06-07 10:45:00,B001,80.5,89.88,True,,89.88,False,observed,2025-06-07,2025,6,7,158,10,45,5,Saturday,False,True,summer,weekend,22.469999999999995
2025-06-07 11:00:00,B001,81.1,77.09,True,,77.09,False,observed,2025-06-07,2025,6,7,158,11,0,5,Saturday,False,True,summer,weekend,19.2725
2025-06-07 11:15:00,B001,81.6,97.69,True,,97.69,False,observed,2025-06-07,2025,6,7,158,11,15,5,Saturday,False,True,summer,weekend,24.4225
2025-06-07 11:30:00,B001,82.1,111.22,True,,111.22,False,observed,2025-06-07,2025,6,7,158,11,30,5,Saturday,False,True,summer,weekend,27.805
2025-06-07 11:45:00,B001,82.4,98.54,True,,98.54,False,observed,2025-06-07,2025,6,7,158,11,45,5,Saturday,False,True,summer,weekend,24.635
2025-06-07 12:00:00,B001,82.8,96.46,True,,96.46,False,observed,2025-06-07,2025,6,7,158,12,0,5,Saturday,False,True,summer,weekend,24.115
2025-06-07 12:15:00,B001,83.0,99.66,True,,99.66,False,observed,2025-06-07,2025,6,7,158,12,15,5,Saturday,False,True,summer,weekend,24.915
2025-06-07 12:30:00,B001,83.3,106.98,True,,106.98,False,observed,2025-06-07,2025,6,7,158,12,30,5,Saturday,False,True,summer,weekend,26.745
2025-06-07 12:45:00,B001,83.4,89.1,True,,89.1,False,observed,2025-06-07,2025,6,7,158,12,45,5,Saturday,False,True,summer,weekend,22.275
2025-06-07 13:00:00,B001,83.5,104.76,True,,104.76,False,observed,2025-06-07,2025,6,7,158,13,0,5,Saturday,False,True,summer,weekend,26.19
2025-06-07 13:15:00,B001,83.5,100.44,True,,100.44,False,observed,2025-06-07,2025,6,7,158,13,15,5,Saturday,False,True,summer,weekend,25.11
2025-06-07 13:30:00,B001,83.5,118.07,True,,118.07,False,observed,2025-06-07,2025,6,7,158,13,30,5,Saturday,False,True,summer,weekend,29.5175
2025-06-07 13:45:00,B001,83.4,101.24,True,,101.24,False,observed,2025-06-07,2025,6,7,158,13,45,5,Saturday,False,True,summer,weekend,25.31
2025-06-07 14:00:00,B001,83.2,114.94,True,,114.94,False,observed,2025-06-07,2025,6,7,158,14,0,5,Saturday,False,True,summer,weekend,28.735
2025-06-07 14:15:00,B001,82.9,91.36,True,,91.36,False,observed,2025-06-07,2025,6,7,158,14,15,5,Saturday,False,True,summer,weekend,22.84
2025-06-07 14:30:00,B001,82.7,103.1,True,,103.1,False,observed,2025-06-07,2025,6,7,158,14,30,5,Saturday,False,True,summer,weekend,25.775
2025-06-07 14:45:00,B001,82.3,98.81,True,,98.81,False,observed,2025-06-07,2025,6,7,158,14,45,5,Saturday,False,True,summer,weekend,24.7025
2025-06-07 15:00:00,B001,81.9,86.81,True,,86.81,False,observed,2025-06-07,2025,6,7,158,15,0,5,Saturday,False,True,summer,weekend,21.7025
2025-06-07 15:15:00,B001,81.4,92.33,True,,92.33,False,observed,2025-06-07,2025,6,7,158,15,15,5,Saturday,False,True,summer,weekend,23.0825
2025-06-07 15:30:00,B001,80.9,97.44,True,,97.44,False,observed,2025-06-07,2025,6,7,158,15,30,5,Saturday,False,True,summer,weekend,24.36
2025-06-07 15:45:00,B001,80.3,81.66,True,,81.66,False,observed,2025-06-07,2025,6,7,158,15,45,5,Saturday,False,True,summer,weekend,20.415
2025-06-07 16:00:00,B001,79.7,66.92,True,,66.92,False,observed,2025-06-07,2025,6,7,158,16,0,5,Saturday,False,True,summer,weekend,16.73
2025-06-07 16:15:00,B001,79.0,76.23,True,,76.23,False,observed,2025-06-07,2025,6,7,158,16,15,5,Saturday,False,True,summer,weekend,19.0575
2025-06-07 16:30:00,B001,78.3,64.8,True,,64.8,False,observed,2025-06-07,2025,6,7,158,16,30,5,Saturday,False,True,summer,weekend,16.2
2025-06-07 16:45:00,B001,77.5,64.68,True,,64.68,False,observed,2025-06-07,2025,6,7,158,16,45,5,Saturday,False,True,summer,weekend,16.17
2025-06-07 17:00:00,B001,76.7,61.93,True,,61.93,False,observed,2025-06-07,2025,6,7,158,17,0,5,Saturday,False,True,summer,weekend,15.4825
2025-06-07 17:15:00,B001,75.8,43.9,True,,43.9,False,observed,2025-06-07,2025,6,7,158,17,15,5,Saturday,False,True,summer,weekend,10.975
2025-06-07 17:30:00,B001,75.0,39.57,True,,39.57,False,observed,2025-06-07,2025,6,7,158,17,30,5,Saturday,False,True,summer,weekend,9.8925
2025-06-07 17:45:00,B001,74.1,56.36,True,,56.36,False,observed,2025-06-07,2025,6,7,158,17,45,5,Saturday,False,True,summer,weekend,14.09
2025-06-07 18:00:00,B001,73.1,48.32,True,,48.32,False,observed,2025-06-07,2025,6,7,158,18,0,5,Saturday,False,True,summer,weekend,12.08
2025-06-07 18:15:00,B001,72.2,31.98,True,,31.98,False,observed,2025-06-07,2025,6,7,158,18,15,5,Saturday,False,True,summer,weekend,7.995
2025-06-07 18:30:00,B001,71.2,58.78,True,,58.78,False,observed,2025-06-07,2025,6,7,158,18,30,5,Saturday,False,True,summer,weekend,14.695
2025-06-07 18:45:00,B001,70.3,54.68,True,,54.68,False,observed,2025-06-07,2025,6,7,158,18,45,5,Saturday,False,True,summer,weekend,13.67
2025-06-07 19:00:00,B001,69.3,46.79,True,,46.79,False,observed,2025-06-07,2025,6,7,158,19,0,5,Saturday,False,True,summer,weekend,11.6975
2025-06-07 19:15:00,B001,68.3,41.97,True,,41.97,False,observed,2025-06-07,2025,6,7,158,19,15,5,Saturday,False,True,summer,weekend,10.4925
2025-06-07 19:30:00,B001,67.3,59.19,True,,59.19,False,observed,2025-06-07,2025,6,7,158,19,30,5,Saturday,False,True,summer,weekend,14.797499999999998
2025-06-07 19:45:00,B001,66.4,55.29,True,,55.29,False,observed,2025-06-07,2025,6,7,158,19,45,5,Saturday,False,True,summer,weekend,13.8225
2025-06-07 20:00:00,B001,65.4,71.56,True,,71.56,False,observed,2025-06-07,2025,6,7,158,20,0,5,Saturday,False,True,summer,weekend,17.89
2025-06-07 20:15:00,B001,64.4,55.86,True,,55.86,False,observed,2025-06-07,2025,6,7,158,20,15,5,Saturday,False,True,summer,weekend,13.965
2025-06-07 20:30:00,B001,63.5,55.6,True,,55.6,False,observed,2025-06-07,2025,6,7,158,20,30,5,Saturday,False,True,summer,weekend,13.9
2025-06-07 20:45:00,B001,62.6,51.16,True,,51.16,False,observed,2025-06-07,2025,6,7,158,20,45,5,Saturday,False,True,summer,weekend,12.79
2025-06-07 21:00:00,B001,61.7,59.03,True,,59.03,False,observed,2025-06-07,2025,6,7,158,21,0,5,Saturday,False,True,summer,weekend,14.7575
2025-06-07 21:15:00,B001,60.8,57.5,True,,57.5,False,observed,2025-06-07,2025,6,7,158,21,15,5,Saturday,False,True,summer,weekend,14.375
2025-06-07 21:30:00,B001,60.0,62.51,True,,62.51,False,observed,2025-06-07,2025,6,7,158,21,30,5,Saturday,False,True,summer,weekend,15.6275
2025-06-07 21:45:00,B001,59.2,48.33,True,,48.33,False,observed,2025-06-07,2025,6,7,158,21,45,5,Saturday,False,True,summer,weekend,12.0825
2025-06-07 22:00:00,B001,58.5,49.02,True,,49.02,False,observed,2025-06-07,2025,6,7,158,22,0,5,Saturday,False,True,summer,weekend,12.255
2025-06-07 22:15:00,B001,57.8,48.67,True,,48.67,False,observed,2025-06-07,2025,6,7,158,22,15,5,Saturday,False,True,summer,weekend,12.1675
2025-06-07 22:30:00,B001,57.1,58.83,True,,58.83,False,observed,2025-06-07,2025,6,7,158,22,30,5,Saturday,False,True,summer,weekend,14.7075
2025-06-07 22:45:00,B001,56.5,64.49,True,,64.49,False,observed,2025-06-07,2025,6,7,158,22,45,5,Saturday,False,True,summer,weekend,16.1225
2025-06-07 23:00:00,B001,55.9,48.83,True,,48.83,False,observed,2025-06-07,2025,6,7,158,23,0,5,Saturday,False,True,summer,weekend,12.2075
2025-06-07 23:15:00,B001,55.4,49.1,True,,49.1,False,observed,2025-06-07,2025,6,7,158,23,15,5,Saturday,False,True,summer,weekend,12.275
2025-06-07 23:30:00,B001,55.0,55.01,True,,55.01,False,observed,2025-06-07,2025,6,7,158,23,30,5,Saturday,False,True,summer,weekend,13.7525
2025-06-07 23:45:00,B001,54.6,50.53,True,,50.53,False,observed,2025-06-07,2025,6,7,158,23,45,5,Saturday,False,True,summer,weekend,12.6325
2025-06-08 00:00:00,B001,54.2,60.12,True,,60.12,False,observed,2025-06-08,2025,6,8,159,0,0,6,Sunday,False,True,summer,weekend,15.03
2025-06-08 00:15:00,B001,52.2,34.49,True,,34.49,False,observed,2025-06-08,2025,6,8,159,0,15,6,Sunday,False,True,summer,weekend,8.6225
2025-06-08 00:30:00,B001,52.0,45.89,True,,45.89,False,observed,2025-06-08,2025,6,8,159,0,30,6,Sunday,False,True,summer,weekend,11.4725
2025-06-08 00:45:00,B001,51.8,46.24,True,,46.24,False,observed,2025-06-08,2025,6,8,159,0,45,6,Sunday,False,True,summer,weekend,11.56
2025-06-08 01:00:00,B001,51.8,33.94,True,,33.94,False,observed,2025-06-08,2025,6,8,159,1,0,6,Sunday,False,True,summer,weekend,8.485
2025-06-08 01:15:00,B001,51.7,44.79,True,,44.79,False,observed,2025-06-08,2025,6,8,159,1,15,6,Sunday,False,True,summer,weekend,11.1975
2025-06-08 01:30:00,B001,51.8,45.18,True,,45.18,False,observed,2025-06-08,2025,6,8,159,1,30,6,Sunday,False,True,summer,weekend,11.295
2025-06-08 01:45:00,B001,51.9,50.89,True,,50.89,False,observed,2025-06-08,2025,6,8,159,1,45,6,Sunday,False,True,summer,weekend,12.7225
2025-06-08 02:00:00,B001,52.1,61.4,True,,61.4,False,observed,2025-06-08,2025,6,8,159,2,0,6,Sunday,False,True,summer,weekend,15.35
2025-06-08 02:15:00,B001,52.3,50.54,True,,50.54,False,observed,2025-06-08,2025,6,8,159,2,15,6,Sunday,False,True,summer,weekend,12.635
2025-06-08 02:30:00,B001,52.6,44.25,True,,44.25,False,observed,2025-06-08,2025,6,8,159,2,30,6,Sunday,False,True,summer,weekend,11.0625
2025-06-08 02:45:00,B001,53.0,52.04,True,,52.04,False,observed,2025-06-08,2025,6,8,159,2,45,6,Sunday,False,True,summer,weekend,13.01
2025-06-08 03:00:00,B001,53.4,60.89,True,,60.89,False,observed,2025-06-08,2025,6,8,159,3,0,6,Sunday,False,True,summer,weekend,15.2225
2025-06-08 03:15:00,B001,53.8,44.69,True,,44.69,False,observed,2025-06-08,2025,6,8,159,3,15,6,Sunday,False,True,summer,weekend,11.172499999999998
2025-06-08 03:30:00,B001,54.4,45.22,True,,45.22,False,observed,2025-06-08,2025,6,8,159,3,30,6,Sunday,False,True,summer,weekend,11.305
2025-06-08 03:45:00,B001,55.0,56.97,True,,56.97,False,observed,2025-06-08,2025,6,8,159,3,45,6,Sunday,False,True,summer,weekend,14.2425
2025-06-08 04:00:00,B001,55.6,50.73,True,,50.73,False,observed,2025-06-08,2025,6,8,159,4,0,6,Sunday,False,True,summer,weekend,12.6825
2025-06-08 04:15:00,B001,56.3,57.68,True,,57.68,False,observed,2025-06-08,2025,6,8,159,4,15,6,Sunday,False,True,summer,weekend,14.42
2025-06-08 04:30:00,B001,57.0,52.39,True,,52.39,False,observed,2025-06-08,2025,6,8,159,4,30,6,Sunday,False,True,summer,weekend,13.0975
2025-06-08 04:45:00,B001,57.8,58.11,True,,58.11,False,observed,2025-06-08,2025,6,8,159,4,45,6,Sunday,False,True,summer,weekend,14.5275
2025-06-08 05:00:00,B001,58.6,44.22,True,,44.22,False,observed,2025-06-08,2025,6,8,159,5,0,6,Sunday,False,True,summer,weekend,11.055
2025-06-08 05:15:00,B001,59.4,52.4,True,,52.4,False,observed,2025-06-08,2025,6,8,159,5,15,6,Sunday,False,True,summer,weekend,13.1
2025-06-08 05:30:00,B001,60.3,50.81,True,,50.81,False,observed,2025-06-08,2025,6,8,159,5,30,6,Sunday,False,True,summer,weekend,12.702500000000002
2025-06-08 05:45:00,B001,61.2,42.77,True,,42.77,False,observed,2025-06-08,2025,6,8,159,5,45,6,Sunday,False,True,summer,weekend,10.6925
2025-06-08 06:00:00,B001,62.1,39.99,True,,39.99,False,observed,2025-06-08,2025,6,8,159,6,0,6,Sunday,False,True,summer,weekend,9.9975
2025-06-08 06:15:00,B001,63.0,57.99,True,,57.99,False,observed,2025-06-08,2025,6,8,159,6,15,6,Sunday,False,True,summer,weekend,14.4975
2025-06-08 06:30:00,B001,64.0,49.69,True,,49.69,False,observed,2025-06-08,2025,6,8,159,6,30,6,Sunday,False,True,summer,weekend,12.422499999999998
2025-06-08 06:45:00,B001,65.0,44.32,True,,44.32,False,observed,2025-06-08,2025,6,8,159,6,45,6,Sunday,False,True,summer,weekend,11.08
2025-06-08 07:00:00,B001,65.9,51.73,True,,51.73,False,observed,2025-06-08,2025,6,8,159,7,0,6,Sunday,False,True,summer,weekend,12.9325
2025-06-08 07:15:00,B001,66.9,61.52,True,,61.52,False,observed,2025-06-08,2025,6,8,159,7,15,6,Sunday,False,True,summer,weekend,15.38
2025-06-08 07:30:00,B001,67.9,34.25,True,,34.25,False,observed,2025-06-08,2025,6,8,159,7,30,6,Sunday,False,True,summer,weekend,8.5625
2025-06-08 07:45:00,B001,68.9,40.53,True,,40.53,False,observed,2025-06-08,2025,6,8,159,7,45,6,Sunday,False,True,summer,weekend,10.1325
2025-06-08 08:00:00,B001,69.9,45.12,True,,45.12,False,observed,2025-06-08,2025,6,8,159,8,0,6,Sunday,False,True,summer,weekend,11.28
2025-06-08 08:15:00,B001,70.8,64.19,True,,64.19,False,observed,2025-06-08,2025,6,8,159,8,15,6,Sunday,False,True,summer,weekend,16.0475
2025-06-08 08:30:00,B001,71.7,54.76,True,,54.76,False,observed,2025-06-08,2025,6,8,159,8,30,6,Sunday,False,True,summer,weekend,13.69
2025-06-08 08:45:00,B001,72.7,58.64,True,,58.64,False,observed,2025-06-08,2025,6,8,159,8,45,6,Sunday,False,True,summer,weekend,14.66
2025-06-08 09:00:00,B001,73.5,43.38,True,,43.38,False,observed,2025-06-08,2025,6,8,159,9,0,6,Sunday,False,True,summer,weekend,10.845
2025-06-08 09:15:00,B001,74.4,43.54,True,,43.54,False,observed,2025-06-08,2025,6,8,159,9,15,6,Sunday,False,True,summer,weekend,10.885
2025-06-08 09:30:00,B001,75.2,57.47,True,,57.47,False,observed,2025-06-08,2025,6,8,159,9,30,6,Sunday,False,True,summer,weekend,14.3675
2025-06-08 09:45:00,B001,76.0,59.09,True,,59.09,False,observed,2025-06-08,2025,6,8,159,9,45,6,Sunday,False,True,summer,weekend,14.7725
2025-06-08 10:00:00,B001,76.8,67.52,True,,67.52,False,observed,2025-06-08,2025,6,8,159,10,0,6,Sunday,False,True,summer,weekend,16.88
2025-06-08 10:15:00,B001,77.5,65.88,True,,65.88,False,observed,2025-06-08,2025,6,8,159,10,15,6,Sunday,False,True,summer,weekend,16.47
2025-06-08 10:30:00,B001,78.1,73.57,True,,73.57,False,observed,2025-06-08,2025,6,8,159,10,30,6,Sunday,False,True,summer,weekend,18.3925
2025-06-08 10:45:00,B001,78.8,76.29,True,,76.29,False,observed,2025-06-08,2025,6,8,159,10,45,6,Sunday,False,True,summer,weekend,19.0725
2025-06-08 11:00:00,B001,79.3,84.61,True,,84.61,False,observed,2025-06-08,2025,6,8,159,11,0,6,Sunday,False,True,summer,weekend,21.1525
2025-06-08 11:15:00,B001,79.8,87.89,True,,87.89,False,observed,2025-06-08,2025,6,8,159,11,15,6,Sunday,False,True,summer,weekend,21.9725
2025-06-08 11:30:00,B001,80.3,71.18,True,,71.18,False,observed,2025-06-08,2025,6,8,159,11,30,6,Sunday,False,True,summer,weekend,17.795
2025-06-08 11:45:00,B001,80.7,68.52,True,,68.52,False,observed,2025-06-08,2025,6,8,159,11,45,6,Sunday,False,True,summer,weekend,17.13
2025-06-08 12:00:00,B001,81.0,96.52,True,,96.52,False,observed,2025-06-08,2025,6,8,159,12,0,6,Sunday,False,True,summer,weekend,24.13
2025-06-08 12:15:00,B001,81.3,99.64,True,,99.64,False,observed,2025-06-08,2025,6,8,159,12,15,6,Sunday,False,True,summer,weekend,24.91
2025-06-08 12:30:00,B001,81.5,83.24,True,,83.24,False,observed,2025-06-08,2025,6,8,159,12,30,6,Sunday,False,True,summer,weekend,20.81
2025-06-08 12:45:00,B001,81.6,77.41,True,,77.41,False,observed,2025-06-08,2025,6,8,159,12,45,6,Sunday,False,True,summer,weekend,19.3525
2025-06-08 13:00:00,B001,81.7,93.58,True,,93.58,False,observed,2025-06-08,2025,6,8,159,13,0,6,Sunday,False,True,summer,weekend,23.395
2025-06-08 13:15:00,B001,81.7,100.35,True,,100.35,False,observed,2025-06-08,2025,6,8,159,13,15,6,Sunday,False,True,summer,weekend,25.0875
2025-06-08 13:30:00,B001,81.7,107.01,True,,107.01,False,observed,2025-06-08,2025,6,8,159,13,30,6,Sunday,False,True,summer,weekend,26.7525
2025-06-08 13:45:00,B001,81.6,96.11,True,,96.11,False,observed,2025-06-08,2025,6,8,159,13,45,6,Sunday,False,True,summer,weekend,24.0275
2025-06-08 14:00:00,B001,81.4,87.97,True,,87.97,False,observed,2025-06-08,2025,6,8,159,14,0,6,Sunday,False,True,summer,weekend,21.9925
2025-06-08 14:15:00,B001,81.2,82.39,True,,82.39,False,observed,2025-06-08,2025,6,8,159,14,15,6,Sunday,False,True,summer,weekend,20.5975
2025-06-08 14:30:00,B001,80.9,87.84,True,,87.84,False,observed,2025-06-08,2025,6,8,159,14,30,6,Sunday,False,True,summer,weekend,21.96
2025-06-08 14:45:00,B001,80.5,83.21,True,,83.21,False,observed,2025-06-08,2025,6,8,159,14,45,6,Sunday,False,True,summer,weekend,20.8025
2025-06-08 15:00:00,B001,80.1,74.98,True,,74.98,False,observed,2025-06-08,2025,6,8,159,15,0,6,Sunday,False,True,summer,weekend,18.745
2025-06-08 15:15:00,B001,79.6,96.65,True,,96.65,False,observed,2025-06-08,2025,6,8,159,15,15,6,Sunday,False,True,summer,weekend,24.1625
2025-06-08 15:30:00,B001,79.1,91.36,True,,91.36,False,observed,2025-06-08,2025,6,8,159,15,30,6,Sunday,False,True,summer,weekend,22.84
2025-06-08 15:45:00,B001,78.5,82.68,True,,82.68,False,observed,2025-06-08,2025,6,8,159,15,45,6,Sunday,False,True,summer,weekend,20.67
2025-06-08 16:00:00,B001,77.9,62.43,True,,62.43,False,observed,2025-06-08,2025,6,8,159,16,0,6,Sunday,False,True,summer,weekend,15.6075
2025-06-08 16:15:00,B001,77.2,72.55,True,,72.55,False,observed,2025-06-08,2025,6,8,159,16,15,6,Sunday,False,True,summer,weekend,18.1375
2025-06-08 16:30:00,B001,76.5,66.48,True,,66.48,False,observed,2025-06-08,2025,6,8,159,16,30,6,Sunday,False,True,summer,weekend,16.62
2025-06-08 16:45:00,B001,75.7,60.3,True,,60.3,False,observed,2025-06-08,2025,6,8,159,16,45,6,Sunday,False,True,summer,weekend,15.075
2025-06-08 17:00:00,B001,74.9,62.5,True,,62.5,False,observed,2025-06-08,2025,6,8,159,17,0,6,Sunday,False,True,summer,weekend,15.625
2025-06-08 17:15:00,B001,74.1,57.58,True,,57.58,False,observed,2025-06-08,2025,6,8,159,17,15,6,Sunday,False,True,summer,weekend,14.395
2025-06-08 17:30:00,B001,73.2,58.42,True,,58.42,False,observed,2025-06-08,2025,6,8,159,17,30,6,Sunday,False,True,summer,weekend,14.605
2025-06-08 17:45:00,B001,72.3,57.6,True,,57.6,False,observed,2025-06-08,2025,6,8,159,17,45,6,Sunday,False,True,summer,weekend,14.4
2025-06-08 18:00:00,B001,71.4,55.23,True,,55.23,False,observed,2025-06-08,2025,6,8,159,18,0,6,Sunday,False,True,summer,weekend,13.8075
2025-06-08 18:15:00,B001,70.4,38.23,True,,38.23,False,observed,2025-06-08,2025,6,8,159,18,15,6,Sunday,False,True,summer,weekend,9.5575
2025-06-08 18:30:00,B001,69.5,53.17,True,,53.17,False,observed,2025-06-08,2025,6,8,159,18,30,6,Sunday,False,True,summer,weekend,13.2925
2025-06-08 18:45:00,B001,68.5,48.05,True,,48.05,False,observed,2025-06-08,2025,6,8,159,18,45,6,Sunday,False,True,summer,weekend,12.0125
2025-06-08 19:00:00,B001,67.5,42.26,True,,42.26,False,observed,2025-06-08,2025,6,8,159,19,0,6,Sunday,False,True,summer,weekend,10.565
2025-06-08 19:15:00,B001,66.5,65.95,True,,65.95,False,observed,2025-06-08,2025,6,8,159,19,15,6,Sunday,False,True,summer,weekend,16.4875
2025-06-08 19:30:00,B001,65.6,66.33,True,,66.33,False,observed,2025-06-08,2025,6,8,159,19,30,6,Sunday,False,True,summer,weekend,16.5825
2025-06-08 19:45:00,B001,64.6,63.37,True,,63.37,False,observed,2025-06-08,2025,6,8,159,19,45,6,Sunday,False,True,summer,weekend,15.8425
2025-06-08 20:00:00,B001,63.6,54.54,True,,54.54,False,observed,2025-06-08,2025,6,8,159,20,0,6,Sunday,False,True,summer,weekend,13.635
2025-06-08 20:15:00,B001,62.7,63.31,True,,63.31,False,observed,2025-06-08,2025,6,8,159,20,15,6,Sunday,False,True,summer,weekend,15.827500000000002
2025-06-08 20:30:00,B001,61.7,52.6,True,,52.6,False,observed,2025-06-08,2025,6,8,159,20,30,6,Sunday,False,True,summer,weekend,13.15
2025-06-08 20:45:00,B001,60.8,54.12,True,,54.12,False,observed,2025-06-08,2025,6,8,159,20,45,6,Sunday,False,True,summer,weekend,13.53
2025-06-08 21:00:00,B001,59.9,43.75,True,,43.75,False,observed,2025-06-08,2025,6,8,159,21,0,6,Sunday,False,True,summer,weekend,10.9375
2025-06-08 21:15:00,B001,59.1,55.68,True,,55.68,False,observed,2025-06-08,2025,6,8,159,21,15,6,Sunday,False,True,summer,weekend,13.92
2025-06-08 21:30:00,B001,58.2,52.98,True,,52.98,False,observed,2025-06-08,2025,6,8,159,21,30,6,Sunday,False,True,summer,weekend,13.245
2025-06-08 21:45:00,B001,57.4,42.08,True,,42.08,False,observed,2025-06-08,2025,6,8,159,21,45,6,Sunday,False,True,summer,weekend,10.52
2025-06-08 22:00:00,B001,56.7,52.09,True,,52.09,False,observed,2025-06-08,2025,6,8,159,22,0,6,Sunday,False,True,summer,weekend,13.0225
2025-06-08 22:15:00,B001,56.0,51.86,True,,51.86,False,observed,2025-06-08,2025,6,8,159,22,15,6,Sunday,False,True,summer,weekend,12.965
2025-06-08 22:30:00,B001,55.3,66.88,True,,66.88,False,observed,2025-06-08,2025,6,8,159,22,30,6,Sunday,False,True,summer,weekend,16.72
2025-06-08 22:45:00,B001,54.7,59.65,True,,59.65,False,observed,2025-06-08,2025,6,8,159,22,45,6,Sunday,False,True,summer,weekend,14.9125
2025-06-08 23:00:00,B001,54.2,52.59,True,,52.59,False,observed,2025-06-08,2025,6,8,159,23,0,6,Sunday,False,True,summer,weekend,13.1475
2025-06-08 23:15:00,B001,53.6,54.49,True,,54.49,False,observed,2025-06-08,2025,6,8,159,23,15,6,Sunday,False,True,summer,weekend,13.6225
2025-06-08 23:30:00,B001,53.2,52.85,True,,52.85,False,observed,2025-06-08,2025,6,8,159,23,30,6,Sunday,False,True,summer,weekend,13.2125
2025-06-08 23:45:00,B001,52.8,50.88,True,,50.88,False,observed,2025-06-08,2025,6,8,159,23,45,6,Sunday,False,True,summer,weekend,12.72
2025-06-09 00:00:00,B001,52.5,141.34,True,,141.34,False,observed,2025-06-09,2025,6,9,160,0,0,0,Monday,True,False,summer,weekday,35.335
2025-06-09 00:15:00,B001,53.4,148.79,True,,148.79,False,observed,2025-06-09,2025,6,9,160,0,15,0,Monday,True,False,summer,weekday,37.1975
2025-06-09 00:30:00,B001,53.2,144.03,True,,144.03,False,observed,2025-06-09,2025,6,9,160,0,30,0,Monday,True,False,summer,weekday,36.0075
2025-06-09 00:45:00,B001,53.0,140.0,True,,140.0,False,observed,2025-06-09,2025,6,9,160,0,45,0,Monday,True,False,summer,weekday,35.0
2025-06-09 01:00:00,B001,53.0,154.09,True,,154.09,False,observed,2025-06-09,2025,6,9,160,1,0,0,Monday,True,False,summer,weekday,38.5225
2025-06-09 01:15:00,B001,52.9,153.13,True,,153.13,False,observed,2025-06-09,2025,6,9,160,1,15,0,Monday,True,False,summer,weekday,38.2825
2025-06-09 01:30:00,B001,53.0,135.71,True,,135.71,False,observed,2025-06-09,2025,6,9,160,1,30,0,Monday,True,False,summer,weekday,33.9275
2025-06-09 01:45:00,B001,53.1,149.02,True,,149.02,False,observed,2025-06-09,2025,6,9,160,1,45,0,Monday,True,False,summer,weekday,37.255
2025-06-09 02:00:00,B001,53.3,157.97,True,,157.97,False,observed,2025-06-09,2025,6,9,160,2,0,0,Monday,True,False,summer,weekday,39.4925
2025-06-09 02:15:00,B001,53.5,158.47,True,,158.47,False,observed,2025-06-09,2025,6,9,160,2,15,0,Monday,True,False,summer,weekday,39.6175
2025-06-09 02:30:00,B001,53.8,158.21,True,,158.21,False,observed,2025-06-09,2025,6,9,160,2,30,0,Monday,True,False,summer,weekday,39.5525
2025-06-09 02:45:00,B001,54.2,150.31,True,,150.31,False,observed,2025-06-09,2025,6,9,160,2,45,0,Monday,True,False,summer,weekday,37.5775
2025-06-09 03:00:00,B001,54.6,143.24,True,,143.24,False,observed,2025-06-09,2025,6,9,160,3,0,0,Monday,True,False,summer,weekday,35.81000000000001
2025-06-09 03:15:00,B001,55.0,141.33,True,,141.33,False,observed,2025-06-09,2025,6,9,160,3,15,0,Monday,True,False,summer,weekday,35.3325
2025-06-09 03:30:00,B001,55.6,152.76,True,,152.76,False,observed,2025-06-09,2025,6,9,160,3,30,0,Monday,True,False,summer,weekday,38.18999999999999
2025-06-09 03:45:00,B001,56.2,153.03,True,,153.03,False,observed,2025-06-09,2025,6,9,160,3,45,0,Monday,True,False,summer,weekday,38.2575
2025-06-09 04:00:00,B001,56.8,160.3,True,,160.3,False,observed,2025-06-09,2025,6,9,160,4,0,0,Monday,True,False,summer,weekday,40.075
2025-06-09 04:15:00,B001,57.5,158.8,True,,158.8,False,observed,2025-06-09,2025,6,9,160,4,15,0,Monday,True,False,summer,weekday,39.7
2025-06-09 04:30:00,B001,58.2,148.94,True,,148.94,False,observed,2025-06-09,2025,6,9,160,4,30,0,Monday,True,False,summer,weekday,37.235
2025-06-09 04:45:00,B001,59.0,140.05,True,,140.05,False,observed,2025-06-09,2025,6,9,160,4,45,0,Monday,True,False,summer,weekday,35.0125
2025-06-09 05:00:00,B001,59.8,147.45,True,,147.45,False,observed,2025-06-09,2025,6,9,160,5,0,0,Monday,True,False,summer,weekday,36.8625
2025-06-09 05:15:00,B001,60.6,151.74,True,,151.74,False,observed,2025-06-09,2025,6,9,160,5,15,0,Monday,True,False,summer,weekday,37.93500000000001
2025-06-09 05:30:00,B001,61.5,148.38,True,,148.38,False,observed,2025-06-09,2025,6,9,160,5,30,0,Monday,True,False,summer,weekday,37.095
2025-06-09 05:45:00,B001,62.4,145.39,True,,145.39,False,observed,2025-06-09,2025,6,9,160,5,45,0,Monday,True,False,summer,weekday,36.3475
2025-06-09 06:00:00,B001,63.3,152.07,True,,152.07,False,observed,2025-06-09,2025,6,9,160,6,0,0,Monday,True,False,summer,weekday,38.0175
2025-06-09 06:15:00,B001,64.2,146.23,True,,146.23,False,observed,2025-06-09,2025,6,9,160,6,15,0,Monday,True,False,summer,weekday,36.5575
2025-06-09 06:30:00,B001,65.2,146.14,True,,146.14,False,observed,2025-06-09,2025,6,9,160,6,30,0,Monday,True,False,summer,weekday,36.535
2025-06-09 06:45:00,B001,66.2,156.76,True,,156.76,False,observed,2025-06-09,2025,6,9,160,6,45,0,Monday,True,False,summer,weekday,39.18999999999999
2025-06-09 07:00:00,B001,67.1,159.97,True,,159.97,False,observed,2025-06-09,2025,6,9,160,7,0,0,Monday,True,False,summer,weekday,39.9925
2025-06-09 07:15:00,B001,68.1,186.2,True,,186.2,False,observed,2025-06-09,2025,6,9,160,7,15,0,Monday,True,False,summer,weekday,46.55
2025-06-09 07:30:00,B001,69.1,226.99,True,,226.99,False,observed,2025-06-09,2025,6,9,160,7,30,0,Monday,True,False,summer,weekday,56.74750000000001
2025-06-09 07:45:00,B001,70.1,278.23,True,,278.23,False,observed,2025-06-09,2025,6,9,160,7,45,0,Monday,True,False,summer,weekday,69.55750000000002
2025-06-09 08:00:00,B001,71.1,358.14,True,,358.14,False,observed,2025-06-09,2025,6,9,160,8,0,0,Monday,True,False,summer,weekday,89.535
2025-06-09 08:15:00,B001,72.0,436.56,True,,436.56,False,observed,2025-06-09,2025,6,9,160,8,15,0,Monday,True,False,summer,weekday,109.14
2025-06-09 08:30:00,B001,72.9,440.7,True,,440.7,False,observed,2025-06-09,2025,6,9,160,8,30,0,Monday,True,False,summer,weekday,110.175
2025-06-09 08:45:00,B001,73.9,408.12,True,,408.12,False,observed,2025-06-09,2025,6,9,160,8,45,0,Monday,True,False,summer,weekday,102.03
2025-06-09 09:00:00,B001,74.7,347.1,True,,347.1,False,observed,2025-06-09,2025,6,9,160,9,0,0,Monday,True,False,summer,weekday,86.775
2025-06-09 09:15:00,B001,75.6,291.2,True,,291.2,False,observed,2025-06-09,2025,6,9,160,9,15,0,Monday,True,False,summer,weekday,72.8
2025-06-09 09:30:00,B001,76.4,233.63,True,,233.63,False,observed,2025-06-09,2025,6,9,160,9,30,0,Monday,True,False,summer,weekday,58.4075
2025-06-09 09:45:00,B001,77.2,196.62,True,,196.62,False,observed,2025-06-09,2025,6,9,160,9,45,0,Monday,True,False,summer,weekday,49.155
2025-06-09 10:00:00,B001,78.0,190.71,True,,190.71,False,observed,2025-06-09,2025,6,9,160,10,0,0,Monday,True,False,summer,weekday,47.6775
2025-06-09 10:15:00,B001,78.7,154.95,True,,154.95,False,observed,2025-06-09,2025,6,9,160,10,15,0,Monday,True,False,summer,weekday,38.7375
2025-06-09 10:30:00,B001,79.3,180.36,True,,180.36,False,observed,2025-06-09,2025,6,9,160,10,30,0,Monday,True,False,summer,weekday,45.09
2025-06-09 10:45:00,B001,80.0,192.47,True,,192.47,False,observed,2025-06-09,2025,6,9,160,10,45,0,Monday,True,False,summer,weekday,48.1175
2025-06-09 11:00:00,B001,80.5,174.11,True,,174.11,False,observed,2025-06-09,2025,6,9,160,11,0,0,Monday,True,False,summer,weekday,43.5275
2025-06-09 11:15:00,B001,81.0,183.09,True,,183.09,False,observed,2025-06-09,2025,6,9,160,11,15,0,Monday,True,False,summer,weekday,45.7725
2025-06-09 11:30:00,B001,81.5,182.81,True,,182.81,False,observed,2025-06-09,2025,6,9,160,11,30,0,Monday,True,False,summer,weekday,45.7025
2025-06-09 11:45:00,B001,81.9,184.03,True,,184.03,False,observed,2025-06-09,2025,6,9,160,11,45,0,Monday,True,False,summer,weekday,46.0075
2025-06-09 12:00:00,B001,82.2,190.58,True,,190.58,False,observed,2025-06-09,2025,6,9,160,12,0,0,Monday,True,False,summer,weekday,47.645
2025-06-09 12:15:00,B001,82.5,206.25,True,,206.25,False,observed,2025-06-09,2025,6,9,160,12,15,0,Monday,True,False,summer,weekday,51.5625
2025-06-09 12:30:00,B001,82.7,210.79,True,,210.79,False,observed,2025-06-09,2025,6,9,160,12,30,0,Monday,True,False,summer,weekday,52.6975
2025-06-09 12:45:00,B001,82.8,194.29,True,,194.29,False,observed,2025-06-09,2025,6,9,160,12,45,0,Monday,True,False,summer,weekday,48.5725
2025-06-09 13:00:00,B001,82.9,212.72,True,,212.72,False,observed,2025-06-09,2025,6,9,160,13,0,0,Monday,True,False,summer,weekday,53.18
2025-06-09 13:15:00,B001,82.9,197.88,True,,197.88,False,observed,2025-06-09,2025,6,9,160,13,15,0,Monday,True,False,summer,weekday,49.47
2025-06-09 13:30:00,B001,82.9,211.38,True,,211.38,False,observed,2025-06-09,2025,6,9,160,13,30,0,Monday,True,False,summer,weekday,52.845
2025-06-09 13:45:00,B001,82.8,196.02,True,,196.02,False,observed,2025-06-09,2025,6,9,160,13,45,0,Monday,True,False,summer,weekday,49.005
2025-06-09 14:00:00,B001,82.6,197.01,True,,197.01,False,observed,2025-06-09,2025,6,9,160,14,0,0,Monday,True,False,summer,weekday,49.25249999999999
2025-06-09 14:15:00,B001,82.4,198.17,True,,198.17,False,observed,2025-06-09,2025,6,9,160,14,15,0,Monday,True,False,summer,weekday,49.5425
2025-06-09 14:30:00,B001,82.1,220.74,True,,220.74,False,observed,2025-06-09,2025,6,9,160,14,30,0,Monday,True,False,summer,weekday,55.18500000000001
2025-06-09 14:45:00,B001,81.7,204.38,True,,204.38,False,observed,2025-06-09,2025,6,9,160,14,45,0,Monday,True,False,summer,weekday,51.095
2025-06-09 15:00:00,B001,81.3,198.83,True,,198.83,False,observed,2025-06-09,2025,6,9,160,15,0,0,Monday,True,False,summer,weekday,49.7075
2025-06-09 15:15:00,B001,80.8,227.42,True,,227.42,False,observed,2025-06-09,2025,6,9,160,15,15,0,Monday,True,False,summer,weekday,56.855
2025-06-09 15:30:00,B001,80.3,244.39,True,,244.39,False,observed,2025-06-09,2025,6,9,160,15,30,0,Monday,True,False,summer,weekday,61.0975
2025-06-09 15:45:00,B001,79.7,286.47,True,,286.47,False,observed,2025-06-09,2025,6,9,160,15,45,0,Monday,True,False,summer,weekday,71.6175
2025-06-09 16:00:00,B001,79.1,355.73,True,,355.73,False,observed,2025-06-09,2025,6,9,160,16,0,0,Monday,True,False,summer,weekday,88.93250000000002
2025-06-09 16:15:00,B001,78.4,415.51,True,,415.51,False,observed,2025-06-09,2025,6,9,160,16,15,0,Monday,True,False,summer,weekday,103.8775
2025-06-09 16:30:00,B001,77.7,480.86,True,,480.86,False,observed,2025-06-09,2025,6,9,160,16,30,0,Monday,True,False,summer,weekday,120.215
2025-06-09 16:45:00,B001,76.9,523.45,True,,523.45,False,observed,2025-06-09,2025,6,9,160,16,45,0,Monday,True,False,summer,weekday,130.8625
2025-06-09 17:00:00,B001,76.1,539.31,True,,539.31,False,observed,2025-06-09,2025,6,9,160,17,0,0,Monday,True,False,summer,weekday,134.8275
2025-06-09 17:15:00,B001,75.3,516.86,True,,516.86,False,observed,2025-06-09,2025,6,9,160,17,15,0,Monday,True,False,summer,weekday,129.215
2025-06-09 17:30:00,B001,74.4,447.08,True,,447.08,False,observed,2025-06-09,2025,6,9,160,17,30,0,Monday,True,False,summer,weekday,111.77
2025-06-09 17:45:00,B001,73.5,400.2,True,,400.2,False,observed,2025-06-09,2025,6,9,160,17,45,0,Monday,True,False,summer,weekday,100.05
2025-06-09 18:00:00,B001,72.6,316.12,True,,316.12,False,observed,2025-06-09,2025,6,9,160,18,0,0,Monday,True,False,summer,weekday,79.03
2025-06-09 18:15:00,B001,71.6,250.57,True,,250.57,False,observed,2025-06-09,2025,6,9,160,18,15,0,Monday,True,False,summer,weekday,62.6425
2025-06-09 18:30:00,B001,70.7,215.05,True,,215.05,False,observed,2025-06-09,2025,6,9,160,18,30,0,Monday,True,False,summer,weekday,53.7625
2025-06-09 18:45:00,B001,69.7,185.4,True,,185.4,False,observed,2025-06-09,2025,6,9,160,18,45,0,Monday,True,False,summer,weekday,46.35
2025-06-09 19:00:00,B001,68.7,161.15,True,,161.15,False,observed,2025-06-09,2025,6,9,160,19,0,0,Monday,True,False,summer,weekday,40.2875
2025-06-09 19:15:00,B001,67.7,163.93,True,,163.93,False,observed,2025-06-09,2025,6,9,160,19,15,0,Monday,True,False,summer,weekday,40.9825
2025-06-09 19:30:00,B001,66.8,142.14,True,,142.14,False,observed,2025-06-09,2025,6,9,160,19,30,0,Monday,True,False,summer,weekday,35.535
2025-06-09 19:45:00,B001,65.8,147.78,True,,147.78,False,observed,2025-06-09,2025,6,9,160,19,45,0,Monday,True,False,summer,weekday,36.945
2025-06-09 20:00:00,B001,64.8,145.66,True,,145.66,False,observed,2025-06-09,2025,6,9,160,20,0,0,Monday,True,False,summer,weekday,36.415
2025-06-09 20:15:00,B001,63.9,149.73,True,,149.73,False,observed,2025-06-09,2025,6,9,160,20,15,0,Monday,True,False,summer,weekday,37.4325
2025-06-09 20:30:00,B001,62.9,152.26,True,,152.26,False,observed,2025-06-09,2025,6,9,160,20,30,0,Monday,True,False,summer,weekday,38.06499999999999
2025-06-09 20:45:00,B001,62.0,141.94,True,,141.94,False,observed,2025-06-09,2025,6,9,160,20,45,0,Monday,True,False,summer,weekday,35.485
2025-06-09 21:00:00,B001,61.1,155.8,True,,155.8,False,observed,2025-06-09,2025,6,9,160,21,0,0,Monday,True,False,summer,weekday,38.95
2025-06-09 21:15:00,B001,60.3,150.5,True,,150.5,False,observed,2025-06-09,2025,6,9,160,21,15,0,Monday,True,False,summer,weekday,37.625
2025-06-09 21:30:00,B001,59.4,134.86,True,,134.86,False,observed,2025-06-09,2025,6,9,160,21,30,0,Monday,True,False,summer,weekday,33.715
2025-06-09 21:45:00,B001,58.6,134.33,True,,134.33,False,observed,2025-06-09,2025,6,9,160,21,45,0,Monday,True,False,summer,weekday,33.5825
2025-06-09 22:00:00,B001,57.9,149.9,True,,149.9,False,observed,2025-06-09,2025,6,9,160,22,0,0,Monday,True,False,summer,weekday,37.475
2025-06-09 22:15:00,B001,57.2,148.23,True,,148.23,False,observed,2025-06-09,2025,6,9,160,22,15,0,Monday,True,False,summer,weekday,37.0575
2025-06-09 22:30:00,B001,56.5,149.17,True,,149.17,False,observed,2025-06-09,2025,6,9,160,22,30,0,Monday,True,False,summer,weekday,37.2925
2025-06-09 22:45:00,B001,55.9,149.78,True,,149.78,False,observed,2025-06-09,2025,6,9,160,22,45,0,Monday,True,False,summer,weekday,37.445
2025-06-09 23:00:00,B001,55.4,151.8,True,,151.8,False,observed,2025-06-09,2025,6,9,160,23,0,0,Monday,True,False,summer,weekday,37.95
2025-06-09 23:15:00,B001,54.8,157.58,True,,157.58,False,observed,2025-06-09,2025,6,9,160,23,15,0,Monday,True,False,summer,weekday,39.395
2025-06-09 23:30:00,B001,54.4,141.11,True,,141.11,False,observed,2025-06-09,2025,6,9,160,23,30,0,Monday,True,False,summer,weekday,35.2775
2025-06-09 23:45:00,B001,54.0,140.62,True,,140.62,False,observed,2025-06-09,2025,6,9,160,23,45,0,Monday,True,False,summer,weekday,35.155
2025-06-10 00:00:00,B001,53.7,141.25,True,,141.25,False,observed,2025-06-10,2025,6,10,161,0,0,1,Tuesday,True,False,summer,weekday,35.3125
2025-06-10 00:15:00,B001,50.0,152.31,True,,152.31,False,observed,2025-06-10,2025,6,10,161,0,15,1,Tuesday,True,False,summer,weekday,38.0775
2025-06-10 00:30:00,B001,49.8,159.96,True,,159.96,False,observed,2025-06-10,2025,6,10,161,0,30,1,Tuesday,True,False,summer,weekday,39.99
2025-06-10 00:45:00,B001,49.7,146.55,True,,146.55,False,observed,2025-06-10,2025,6,10,161,0,45,1,Tuesday,True,False,summer,weekday,36.6375
2025-06-10 01:00:00,B001,49.6,129.99,True,,129.99,False,observed,2025-06-10,2025,6,10,161,1,0,1,Tuesday,True,False,summer,weekday,32.4975
2025-06-10 01:15:00,B001,49.6,136.37,True,,136.37,False,observed,2025-06-10,2025,6,10,161,1,15,1,Tuesday,True,False,summer,weekday,34.0925
2025-06-10 01:30:00,B001,49.6,143.34,True,,143.34,False,observed,2025-06-10,2025,6,10,161,1,30,1,Tuesday,True,False,summer,weekday,35.835
2025-06-10 01:45:00,B001,49.7,145.54,True,,145.54,False,observed,2025-06-10,2025,6,10,161,1,45,1,Tuesday,True,False,summer,weekday,36.385
2025-06-10 02:00:00,B001,49.9,146.73,True,,146.73,False,observed,2025-06-10,2025,6,10,161,2,0,1,Tuesday,True,False,summer,weekday,36.6825
2025-06-10 02:15:00,B001,50.2,150.31,True,,150.31,False,observed,2025-06-10,2025,6,10,161,2,15,1,Tuesday,True,False,summer,weekday,37.5775
2025-06-10 02:30:00,B001,50.4,147.51,True,,147.51,False,observed,2025-06-10,2025,6,10,161,2,30,1,Tuesday,True,False,summer,weekday,36.87749999999999
2025-06-10 02:45:00,B001,50.8,158.39,True,,158.39,False,observed,2025-06-10,2025,6,10,161,2,45,1,Tuesday,True,False,summer,weekday,39.5975
2025-06-10 03:00:00,B001,51.2,144.59,True,,144.59,False,observed,2025-06-10,2025,6,10,161,3,0,1,Tuesday,True,False,summer,weekday,36.1475
2025-06-10 03:15:00,B001,51.7,143.1,True,,143.1,False,observed,2025-06-10,2025,6,10,161,3,15,1,Tuesday,True,False,summer,weekday,35.775
2025-06-10 03:30:00,B001,52.2,153.83,True,,153.83,False,observed,2025-06-10,2025,6,10,161,3,30,1,Tuesday,True,False,summer,weekday,38.4575
2025-06-10 03:45:00,B001,52.8,137.71,True,,137.71,False,observed,2025-06-10,2025,6,10,161,3,45,1,Tuesday,True,False,summer,weekday,34.4275
2025-06-10 04:00:00,B001,53.4,153.12,True,,153.12,False,observed,2025-06-10,2025,6,10,161,4,0,1,Tuesday,True,False,summer,weekday,38.28
2025-06-10 04:15:00,B001,54.1,150.82,True,,150.82,False,observed,2025-06-10,2025,6,10,161,4,15,1,Tuesday,True,False,summer,weekday,37.705
2025-06-10 04:30:00,B001,54.8,148.82,True,,148.82,False,observed,2025-06-10,2025,6,10,161,4,30,1,Tuesday,True,False,summer,weekday,37.205
2025-06-10 04:45:00,B001,55.6,162.71,True,,162.71,False,observed,2025-06-10,2025,6,10,161,4,45,1,Tuesday,True,False,summer,weekday,40.6775
2025-06-10 05:00:00,B001,56.4,145.02,True,,145.02,False,observed,2025-06-10,2025,6,10,161,5,0,1,Tuesday,True,False,summer,weekday,36.255
2025-06-10 05:15:00,B001,57.3,166.48,True,,166.48,False,observed,2025-06-10,2025,6,10,161,5,15,1,Tuesday,True,False,summer,weekday,41.62
2025-06-10 05:30:00,B001,58.1,148.2,True,,148.2,False,observed,2025-06-10,2025,6,10,161,5,30,1,Tuesday,True,False,summer,weekday,37.05
2025-06-10 05:45:00,B001,59.0,139.79,True,,139.79,False,observed,2025-06-10,2025,6,10,161,5,45,1,Tuesday,True,False,summer,weekday,34.9475
2025-06-10 06:00:00,B001,60.0,150.61,True,,150.61,False,observed,2025-06-10,2025,6,10,161,6,0,1,Tuesday,True,False,summer,weekday,37.6525
2025-06-10 06:15:00,B001,60.9,141.66,True,,141.66,False,observed,2025-06-10,2025,6,10,161,6,15,1,Tuesday,True,False,summer,weekday,35.415
2025-06-10 06:30:00,B001,61.9,145.15,True,,145.15,False,observed,2025-06-10,2025,6,10,161,6,30,1,Tuesday,True,False,summer,weekday,36.2875
2025-06-10 06:45:00,B001,62.8,157.44,True,,157.44,False,observed,2025-06-10,2025,6,10,161,6,45,1,Tuesday,True,False,summer,weekday,39.36
2025-06-10 07:00:00,B001,63.8,167.63,True,,167.63,False,observed,2025-06-10,2025,6,10,161,7,0,1,Tuesday,True,False,summer,weekday,41.9075
2025-06-10 07:15:00,B001,64.8,179.27,True,,179.27,False,observed,2025-06-10,2025,6,10,161,7,15,1,Tuesday,True,False,summer,weekday,44.8175
2025-06-10 07:30:00,B001,65.8,232.7,True,,232.7,False,observed,2025-06-10,2025,6,10,161,7,30,1,Tuesday,True,False,summer,weekday,58.175
2025-06-10 07:45:00,B001,66.7,296.61,True,,296.61,False,observed,2025-06-10,2025,6,10,161,7,45,1,Tuesday,True,False,summer,weekday,74.1525
2025-06-10 08:00:00,B001,67.7,373.48,True,,373.48,False,observed,2025-06-10,2025,6,10,161,8,0,1,Tuesday,True,False,summer,weekday,93.37000000000002
2025-06-10 08:15:00,B001,68.7,429.29,True,,429.29,False,observed,2025-06-10,2025,6,10,161,8,15,1,Tuesday,True,False,summer,weekday,107.3225
2025-06-10 08:30:00,B001,69.6,460.91,True,,460.91,False,observed,2025-06-10,2025,6,10,161,8,30,1,Tuesday,True,False,summer,weekday,115.2275
2025-06-10 08:45:00,B001,70.5,410.01,True,,410.01,False,observed,2025-06-10,2025,6,10,161,8,45,1,Tuesday,True,False,summer,weekday,102.5025
2025-06-10 09:00:00,B001,71.4,359.45,True,,359.45,False,observed,2025-06-10,2025,6,10,161,9,0,1,Tuesday,True,False,summer,weekday,89.8625
2025-06-10 09:15:00,B001,72.3,280.41,True,,280.41,False,observed,2025-06-10,2025,6,10,161,9,15,1,Tuesday,True,False,summer,weekday,70.1025
2025-06-10 09:30:00,B001,73.1,225.76,True,,225.76,False,observed,2025-06-10,2025,6,10,161,9,30,1,Tuesday,True,False,summer,weekday,56.43999999999999
2025-06-10 09:45:00,B001,73.9,179.68,True,,179.68,False,observed,2025-06-10,2025,6,10,161,9,45,1,Tuesday,True,False,summer,weekday,44.92
2025-06-10 10:00:00,B001,74.6,161.85,True,,161.85,False,observed,2025-06-10,2025,6,10,161,10,0,1,Tuesday,True,False,summer,weekday,40.4625
2025-06-10 10:15:00,B001,75.3,171.32,True,,171.32,False,observed,2025-06-10,2025,6,10,161,10,15,1,Tuesday,True,False,summer,weekday,42.83
2025-06-10 10:30:00,B001,76.0,155.77,True,,155.77,False,observed,2025-06-10,2025,6,10,161,10,30,1,Tuesday,True,False,summer,weekday,38.9425
2025-06-10 10:45:00,B001,76.6,163.22,True,,163.22,False,observed,2025-06-10,2025,6,10,161,10,45,1,Tuesday,True,False,summer,weekday,40.805
2025-06-10 11:00:00,B001,77.2,161.2,True,,161.2,False,observed,2025-06-10,2025,6,10,161,11,0,1,Tuesday,True,False,summer,weekday,40.3
2025-06-10 11:15:00,B001,77.7,166.67,True,,166.67,False,observed,2025-06-10,2025,6,10,161,11,15,1,Tuesday,True,False,summer,weekday,41.6675
2025-06-10 11:30:00,B001,78.1,168.81,True,,168.81,False,observed,2025-06-10,2025,6,10,161,11,30,1,Tuesday,True,False,summer,weekday,42.2025
2025-06-10 11:45:00,B001,78.5,174.71,True,,174.71,False,observed,2025-06-10,2025,6,10,161,11,45,1,Tuesday,True,False,summer,weekday,43.6775
2025-06-10 12:00:00,B001,78.9,182.44,True,,182.44,False,observed,2025-06-10,2025,6,10,161,12,0,1,Tuesday,True,False,summer,weekday,45.61
2025-06-10 12:15:00,B001,79.1,187.94,True,,187.94,False,observed,2025-06-10,2025,6,10,161,12,15,1,Tuesday,True,False,summer,weekday,46.985
2025-06-10 12:30:00,B001,79.3,178.5,True,,178.5,False,observed,2025-06-10,2025,6,10,161,12,30,1,Tuesday,True,False,summer,weekday,44.625
2025-06-10 12:45:00,B001,79.5,181.62,True,,181.62,False,observed,2025-06-10,2025,6,10,161,12,45,1,Tuesday,True,False,summer,weekday,45.405
2025-06-10 13:00:00,B001,79.6,168.2,True,,168.2,False,observed,2025-06-10,2025,6,10,161,13,0,1,Tuesday,True,False,summer,weekday,42.05
2025-06-10 13:15:00,B001,79.6,176.82,True,,176.82,False,observed,2025-06-10,2025,6,10,161,13,15,1,Tuesday,True,False,summer,weekday,44.205
2025-06-10 13:30:00,B001,79.5,184.8,True,,184.8,False,observed,2025-06-10,2025,6,10,161,13,30,1,Tuesday,True,False,summer,weekday,46.2
2025-06-10 13:45:00,B001,79.4,183.62,True,,183.62,False,observed,2025-06-10,2025,6,10,161,13,45,1,Tuesday,True,False,summer,weekday,45.905
2025-06-10 14:00:00,B001,79.3,177.59,True,,177.59,False,observed,2025-06-10,2025,6,10,161,14,0,1,Tuesday,True,False,summer,weekday,44.3975
2025-06-10 14:15:00,B001,79.0,182.27,True,,182.27,False,observed,2025-06-10,2025,6,10,161,14,15,1,Tuesday,True,False,summer,weekday,45.5675
2025-06-10 14:30:00,B001,78.7,179.17,True,,179.17,False,observed,2025-06-10,2025,6,10,161,14,30,1,Tuesday,True,False,summer,weekday,44.7925
2025-06-10 14:45:00,B001,78.4,187.1,True,,187.1,False,observed,2025-06-10,2025,6,10,161,14,45,1,Tuesday,True,False,summer,weekday,46.775
2025-06-10 15:00:00,B001,78.0,186.73,True,,186.73,False,observed,2025-06-10,2025,6,10,161,15,0,1,Tuesday,True,False,summer,weekday,46.6825
2025-06-10 15:15:00,B001,77.5,196.76,True,,196.76,False,observed,2025-06-10,2025,6,10,161,15,15,1,Tuesday,True,False,summer,weekday,49.18999999999999
2025-06-10 15:30:00,B001,76.9,229.91,True,,229.91,False,observed,2025-06-10,2025,6,10,161,15,30,1,Tuesday,True,False,summer,weekday,57.4775
2025-06-10 15:45:00,B001,76.4,246.87,True,,246.87,False,observed,2025-06-10,2025,6,10,161,15,45,1,Tuesday,True,False,summer,weekday,61.7175
2025-06-10 16:00:00,B001,75.7,331.45,True,,331.45,False,observed,2025-06-10,2025,6,10,161,16,0,1,Tuesday,True,False,summer,weekday,82.8625
2025-06-10 16:15:00,B001,75.1,366.01,True,,366.01,False,observed,2025-06-10,2025,6,10,161,16,15,1,Tuesday,True,False,summer,weekday,91.5025
2025-06-10 16:30:00,B001,74.3,448.79,True,,448.79,False,observed,2025-06-10,2025,6,10,161,16,30,1,Tuesday,True,False,summer,weekday,112.1975
2025-06-10 16:45:00,B001,73.6,515.51,True,,515.51,False,observed,2025-06-10,2025,6,10,161,16,45,1,Tuesday,True,False,summer,weekday,128.8775
2025-06-10 17:00:00,B001,72.8,533.82,True,,533.82,False,observed,2025-06-10,2025,6,10,161,17,0,1,Tuesday,True,False,summer,weekday,133.455
2025-06-10 17:15:00,B001,71.9,502.59,True,,502.59,False,observed,2025-06-10,2025,6,10,161,17,15,1,Tuesday,True,False,summer,weekday,125.6475
2025-06-10 17:30:00,B001,71.0,456.88,True,,456.88,False,observed,2025-06-10,2025,6,10,161,17,30,1,Tuesday,True,False,summer,weekday,114.22
2025-06-10 17:45:00,B001,70.1,405.83,True,,405.83,False,observed,2025-06-10,2025,6,10,161,17,45,1,Tuesday,True,False,summer,weekday,101.4575
2025-06-10 18:00:00,B001,69.2,320.1,True,,320.1,False,observed,2025-06-10,2025,6,10,161,18,0,1,Tuesday,True,False,summer,weekday,80.025
2025-06-10 18:15:00,B001,68.3,280.05,True,,280.05,False,observed,2025-06-10,2025,6,10,161,18,15,1,Tuesday,True,False,summer,weekday,70.0125
2025-06-10 18:30:00,B001,67.3,215.5,True,,215.5,False,observed,2025-06-10,2025,6,10,161,18,30,1,Tuesday,True,False,summer,weekday,53.875
2025-06-10 18:45:00,B001,66.4,187.99,True,,187.99,False,observed,2025-06-10,2025,6,10,161,18,45,1,Tuesday,True,False,summer,weekday,46.99750000000001
2025-06-10 19:00:00,B001,65.4,179.63,True,,179.63,False,observed,2025-06-10,2025,6,10,161,19,0,1,Tuesday,True,False,summer,weekday,44.9075
2025-06-10 19:15:00,B001,64.4,158.33,True,,158.33,False,observed,2025-06-10,2025,6,10,161,19,15,1,Tuesday,True,False,summer,weekday,39.5825
2025-06-10 19:30:00,B001,63.4,144.86,True,,144.86,False,observed,2025-06-10,2025,6,10,161,19,30,1,Tuesday,True,False,summer,weekday,36.215
2025-06-10 19:45:00,B001,62.4,150.15,True,,150.15,False,observed,2025-06-10,2025,6,10,161,19,45,1,Tuesday,True,False,summer,weekday,37.5375
2025-06-10 20:00:00,B001,61.5,150.05,True,,150.05,False,observed,2025-06-10,2025,6,10,161,20,0,1,Tuesday,True,False,summer,weekday,37.5125
2025-06-10 20:15:00,B001,60.5,139.18,True,,139.18,False,observed,2025-06-10,2025,6,10,161,20,15,1,Tuesday,True,False,summer,weekday,34.795
2025-06-10 20:30:00,B001,59.6,147.98,True,,147.98,False,observed,2025-06-10,2025,6,10,161,20,30,1,Tuesday,True,False,summer,weekday,36.995
2025-06-10 20:45:00,B001,58.7,144.07,True,,144.07,False,observed,2025-06-10,2025,6,10,161,20,45,1,Tuesday,True,False,summer,weekday,36.0175
2025-06-10 21:00:00,B001,57.8,157.4,True,,157.4,False,observed,2025-06-10,2025,6,10,161,21,0,1,Tuesday,True,False,summer,weekday,39.35
2025-06-10 21:15:00,B001,56.9,150.28,True,,150.28,False,observed,2025-06-10,2025,6,10,161,21,15,1,Tuesday,True,False,summer,weekday,37.57
2025-06-10 21:30:00,B001,56.1,147.74,True,,147.74,False,observed,2025-06-10,2025,6,10,161,21,30,1,Tuesday,True,False,summer,weekday,36.93500000000001
2025-06-10 21:45:00,B001,55.3,149.15,True,,149.15,False,observed,2025-06-10,2025,6,10,161,21,45,1,Tuesday,True,False,summer,weekday,37.2875
2025-06-10 22:00:00,B001,54.6,151.78,True,,151.78,False,observed,2025-06-10,2025,6,10,161,22,0,1,Tuesday,True,False,summer,weekday,37.945
2025-06-10 22:15:00,B001,53.8,154.93,True,,154.93,False,observed,2025-06-10,2025,6,10,161,22,15,1,Tuesday,True,False,summer,weekday,38.7325
2025-06-10 22:30:00,B001,53.2,142.0,True,,142.0,False,observed,2025-06-10,2025,6,10,161,22,30,1,Tuesday,True,False,summer,weekday,35.5
2025-06-10 22:45:00,B001,52.6,141.67,True,,141.67,False,observed,2025-06-10,2025,6,10,161,22,45,1,Tuesday,True,False,summer,weekday,35.4175
2025-06-10 23:00:00,B001,52.0,158.84,True,,158.84,False,observed,2025-06-10,2025,6,10,161,23,0,1,Tuesday,True,False,summer,weekday,39.71
2025-06-10 23:15:00,B001,51.5,146.7,True,,146.7,False,observed,2025-06-10,2025,6,10,161,23,15,1,Tuesday,True,False,summer,weekday,36.675
2025-06-10 23:30:00,B001,51.0,138.67,True,,138.67,False,observed,2025-06-10,2025,6,10,161,23,30,1,Tuesday,True,False,summer,weekday,34.6675
2025-06-10 23:45:00,B001,50.7,153.55,True,,153.55,False,observed,2025-06-10,2025,6,10,161,23,45,1,Tuesday,True,False,summer,weekday,38.3875
2025-06-11 00:00:00,B001,50.3,153.71,True,,153.71,False,observed,2025-06-11,2025,6,11,162,0,0,2,Wednesday,True,False,summer,weekday,38.4275
2025-06-11 00:15:00,B001,57.0,137.75,True,,137.75,False,observed,2025-06-11,2025,6,11,162,0,15,2,Wednesday,True,False,summer,weekday,34.4375
2025-06-11 00:30:00,B001,56.8,151.84,True,,151.84,False,observed,2025-06-11,2025,6,11,162,0,30,2,Wednesday,True,False,summer,weekday,37.96
2025-06-11 00:45:00,B001,56.6,155.88,True,,155.88,False,observed,2025-06-11,2025,6,11,162,0,45,2,Wednesday,True,False,summer,weekday,38.97
2025-06-11 01:00:00,B001,56.5,153.0,True,,153.0,False,observed,2025-06-11,2025,6,11,162,1,0,2,Wednesday,True,False,summer,weekday,38.25
2025-06-11 01:15:00,B001,56.5,155.06,True,,155.06,False,observed,2025-06-11,2025,6,11,162,1,15,2,Wednesday,True,False,summer,weekday,38.765
2025-06-11 01:30:00,B001,56.6,138.77,True,,138.77,False,observed,2025-06-11,2025,6,11,162,1,30,2,Wednesday,True,False,summer,weekday,34.6925
2025-06-11 01:45:00,B001,56.7,152.65,True,,152.65,False,observed,2025-06-11,2025,6,11,162,1,45,2,Wednesday,True,False,summer,weekday,38.1625
2025-06-11 02:00:00,B001,56.8,147.58,True,,147.58,False,observed,2025-06-11,2025,6,11,162,2,0,2,Wednesday,True,False,summer,weekday,36.895
2025-06-11 02:15:00,B001,57.1,146.14,True,,146.14,False,observed,2025-06-11,2025,6,11,162,2,15,2,Wednesday,True,False,summer,weekday,36.535
2025-06-11 02:30:00,B001,57.4,156.96,True,,156.96,False,observed,2025-06-11,2025,6,11,162,2,30,2,Wednesday,True,False,summer,weekday,39.24
2025-06-11 02:45:00,B001,57.7,161.83,True,,161.83,False,observed,2025-06-11,2025,6,11,162,2,45,2,Wednesday,True,False,summer,weekday,40.4575
2025-06-11 03:00:00,B001,58.2,164.35,True,,164.35,False,observed,2025-06-11,2025,6,11,162,3,0,2,Wednesday,True,False,summer,weekday,41.0875
2025-06-11 03:15:00,B001,58.6,160.52,True,,160.52,False,observed,2025-06-11,2025,6,11,162,3,15,2,Wednesday,True,False,summer,weekday,40.13
2025-06-11 03:30:00,B001,59.2,149.12,True,,149.12,False,observed,2025-06-11,2025,6,11,162,3,30,2,Wednesday,True,False,summer,weekday,37.28
2025-06-11 03:45:00,B001,59.7,152.82,True,,152.82,False,observed,2025-06-11,2025,6,11,162,3,45,2,Wednesday,True,False,summer,weekday,38.205
2025-06-11 04:00:00,B001,60.4,156.13,True,,156.13,False,observed,2025-06-11,2025,6,11,162,4,0,2,Wednesday,True,False,summer,weekday,39.0325
2025-06-11 04:15:00,B001,61.1,150.97,True,,150.97,False,observed,2025-06-11,2025,6,11,162,4,15,2,Wednesday,True,False,summer,weekday,37.7425
2025-06-11 04:30:00,B001,61.8,151.05,True,,151.05,False,observed,2025-06-11,2025,6,11,162,4,30,2,Wednesday,True,False,summer,weekday,37.7625
2025-06-11 04:45:00,B001,62.5,156.59,True,,156.59,False,observed,2025-06-11,2025,6,11,162,4,45,2,Wednesday,True,False,summer,weekday,39.1475
2025-06-11 05:00:00,B001,63.3,149.53,True,,149.53,False,observed,2025-06-11,2025,6,11,162,5,0,2,Wednesday,True,False,summer,weekday,37.3825
2025-06-11 05:15:00,B001,64.2,144.17,True,,144.17,False,observed,2025-06-11,2025,6,11,162,5,15,2,Wednesday,True,False,summer,weekday,36.0425
2025-06-11 05:30:00,B001,65.1,146.69,True,,146.69,False,observed,2025-06-11,2025,6,11,162,5,30,2,Wednesday,True,False,summer,weekday,36.6725
2025-06-11 05:45:00,B001,66.0,155.08,True,,155.08,False,observed,2025-06-11,2025,6,11,162,5,45,2,Wednesday,True,False,summer,weekday,38.77
2025-06-11 06:00:00,B001,66.9,150.07,True,,150.07,False,observed,2025-06-11,2025,6,11,162,6,0,2,Wednesday,True,False,summer,weekday,37.5175
2025-06-11 06:15:00,B001,67.8,152.99,True,,152.99,False,observed,2025-06-11,2025,6,11,162,6,15,2,Wednesday,True,False,summer,weekday,38.24750000000001
2025-06-11 06:30:00,B001,68.8,156.52,True,,156.52,False,observed,2025-06-11,2025,6,11,162,6,30,2,Wednesday,True,False,summer,weekday,39.13
2025-06-11 06:45:00,B001,69.8,151.27,True,,151.27,False,observed,2025-06-11,2025,6,11,162,6,45,2,Wednesday,True,False,summer,weekday,37.8175
2025-06-11 07:00:00,B001,70.7,169.23,True,,169.23,False,observed,2025-06-11,2025,6,11,162,7,0,2,Wednesday,True,False,summer,weekday,42.3075
2025-06-11 07:15:00,B001,71.7,187.28,True,,187.28,False,observed,2025-06-11,2025,6,11,162,7,15,2,Wednesday,True,False,summer,weekday,46.82
2025-06-11 07:30:00,B001,72.7,214.93,True,,214.93,False,observed,2025-06-11,2025,6,11,162,7,30,2,Wednesday,True,False,summer,weekday,53.7325
2025-06-11 07:45:00,B001,73.7,298.89,True,,298.89,False,observed,2025-06-11,2025,6,11,162,7,45,2,Wednesday,True,False,summer,weekday,74.7225
2025-06-11 08:00:00,B001,74.6,357.99,True,,357.99,False,observed,2025-06-11,2025,6,11,162,8,0,2,Wednesday,True,False,summer,weekday,89.4975
2025-06-11 08:15:00,B001,75.6,415.35,True,,415.35,False,observed,2025-06-11,2025,6,11,162,8,15,2,Wednesday,True,False,summer,weekday,103.8375
2025-06-11 08:30:00,B001,76.5,450.79,True,,450.79,False,observed,2025-06-11,2025,6,11,162,8,30,2,Wednesday,True,False,summer,weekday,112.6975
2025-06-11 08:45:00,B001,77.4,431.52,True,,431.52,False,observed,2025-06-11,2025,6,11,162,8,45,2,Wednesday,True,False,summer,weekday,107.87999999999998
2025-06-11 09:00:00,B001,78.3,382.38,True,,382.38,False,observed,2025-06-11,2025,6,11,162,9,0,2,Wednesday,True,False,summer,weekday,95.595
2025-06-11 09:15:00,B001,79.2,310.28,True,,310.28,False,observed,2025-06-11,2025,6,11,162,9,15,2,Wednesday,True,False,summer,weekday,77.57
2025-06-11 09:30:00,B001,80.0,252.19,True,,252.19,False,observed,2025-06-11,2025,6,11,162,9,30,2,Wednesday,True,False,summer,weekday,63.0475
2025-06-11 09:45:00,B001,80.8,224.03,True,,224.03,False,observed,2025-06-11,2025,6,11,162,9,45,2,Wednesday,True,False,summer,weekday,56.0075
2025-06-11 10:00:00,B001,81.6,205.23,True,,205.23,False,observed,2025-06-11,2025,6,11,162,10,0,2,Wednesday,True,False,summer,weekday,51.3075
2025-06-11 10:15:00,B001,82.3,200.37,True,,200.37,False,observed,2025-06-11,2025,6,11,162,10,15,2,Wednesday,True,False,summer,weekday,50.0925
2025-06-11 10:30:00,B001,82.9,201.98,True,,201.98,False,observed,2025-06-11,2025,6,11,162,10,30,2,Wednesday,True,False,summer,weekday,50.495
2025-06-11 10:45:00,B001,83.5,206.41,True,,206.41,False,observed,2025-06-11,2025,6,11,162,10,45,2,Wednesday,True,False,summer,weekday,51.6025
2025-06-11 11:00:00,B001,84.1,187.77,True,,187.77,False,observed,2025-06-11,2025,6,11,162,11,0,2,Wednesday,True,False,summer,weekday,46.9425
2025-06-11 11:15:00,B001,84.6,204.72,True,,204.72,False,observed,2025-06-11,2025,6,11,162,11,15,2,Wednesday,True,False,summer,weekday,51.18
2025-06-11 11:30:00,B001,85.1,192.9,True,,192.9,False,observed,2025-06-11,2025,6,11,162,11,30,2,Wednesday,True,False,summer,weekday,48.225
2025-06-11 11:45:00,B001,85.4,212.99,True,,212.99,False,observed,2025-06-11,2025,6,11,162,11,45,2,Wednesday,True,False,summer,weekday,53.24750000000001
2025-06-11 12:00:00,B001,85.8,214.66,True,,214.66,False,observed,2025-06-11,2025,6,11,162,12,0,2,Wednesday,True,False,summer,weekday,53.665
2025-06-11 12:15:00,B001,86.1,224.7,True,,224.7,False,observed,2025-06-11,2025,6,11,162,12,15,2,Wednesday,True,False,summer,weekday,56.175
2025-06-11 12:30:00,B001,86.3,227.1,True,,227.1,False,observed,2025-06-11,2025,6,11,162,12,30,2,Wednesday,True,False,summer,weekday,56.775
2025-06-11 12:45:00,B001,86.4,220.1,True,,220.1,False,observed,2025-06-11,2025,6,11,162,12,45,2,Wednesday,True,False,summer,weekday,55.025
2025-06-11 13:00:00,B001,86.5,214.98,True,,214.98,False,observed,2025-06-11,2025,6,11,162,13,0,2,Wednesday,True,False,summer,weekday,53.745
2025-06-11 13:15:00,B001,86.5,222.99,True,,222.99,False,observed,2025-06-11,2025,6,11,162,13,15,2,Wednesday,True,False,summer,weekday,55.74750000000001
2025-06-11 13:30:00,B001,86.5,214.63,True,,214.63,False,observed,2025-06-11,2025,6,11,162,13,30,2,Wednesday,True,False,summer,weekday,53.6575
2025-06-11 13:45:00,B001,86.4,218.26,True,,218.26,False,observed,2025-06-11,2025,6,11,162,13,45,2,Wednesday,True,False,summer,weekday,54.56499999999999
2025-06-11 14:00:00,B001,86.2,225.36,True,,225.36,False,observed,2025-06-11,2025,6,11,162,14,0,2,Wednesday,True,False,summer,weekday,56.34
2025-06-11 14:15:00,B001,86.0,212.3,True,,212.3,False,observed,2025-06-11,2025,6,11,162,14,15,2,Wednesday,True,False,summer,weekday,53.075
2025-06-11 14:30:00,B001,85.7,223.27,True,,223.27,False,observed,2025-06-11,2025,6,11,162,14,30,2,Wednesday,True,False,summer,weekday,55.8175
2025-06-11 14:45:00,B001,85.3,224.5,True,,224.5,False,observed,2025-06-11,2025,6,11,162,14,45,2,Wednesday,True,False,summer,weekday,56.125
2025-06-11 15:00:00,B001,84.9,218.35,True,,218.35,False,observed,2025-06-11,2025,6,11,162,15,0,2,Wednesday,True,False,summer,weekday,54.5875
2025-06-11 15:15:00,B001,84.4,248.97,True,,248.97,False,observed,2025-06-11,2025,6,11,162,15,15,2,Wednesday,True,False,summer,weekday,62.2425
2025-06-11 15:30:00,B001,83.9,274.39,True,,274.39,False,observed,2025-06-11,2025,6,11,162,15,30,2,Wednesday,True,False,summer,weekday,68.5975
2025-06-11 15:45:00,B001,83.3,312.71,True,,312.71,False,observed,2025-06-11,2025,6,11,162,15,45,2,Wednesday,True,False,summer,weekday,78.1775
2025-06-11 16:00:00,B001,82.7,363.87,True,,363.87,False,observed,2025-06-11,2025,6,11,162,16,0,2,Wednesday,True,False,summer,weekday,90.9675
2025-06-11 16:15:00,B001,82.0,429.9,True,,429.9,False,observed,2025-06-11,2025,6,11,162,16,15,2,Wednesday,True,False,summer,weekday,107.475
2025-06-11 16:30:00,B001,81.3,495.83,True,,495.83,False,observed,2025-06-11,2025,6,11,162,16,30,2,Wednesday,True,False,summer,weekday,123.9575
2025-06-11 16:45:00,B001,80.5,549.19,True,,549.19,False,observed,2025-06-11,2025,6,11,162,16,45,2,Wednesday,True,False,summer,weekday,137.2975
2025-06-11 17:00:00,B001,79.7,550.48,True,,550.48,False,observed,2025-06-11,2025,6,11,162,17,0,2,Wednesday,True,False,summer,weekday,137.62
2025-06-11 17:15:00,B001,78.8,538.47,True,,538.47,False,observed,2025-06-11,2025,6,11,162,17,15,2,Wednesday,True,False,summer,weekday,134.6175
2025-06-11 17:30:00,B001,78.0,470.5,True,,470.5,False,observed,2025-06-11,2025,6,11,162,17,30,2,Wednesday,True,False,summer,weekday,117.625
2025-06-11 17:45:00,B001,77.1,405.69,True,,405.69,False,observed,2025-06-11,2025,6,11,162,17,45,2,Wednesday,True,False,summer,weekday,101.4225
2025-06-11 18:00:00,B001,76.2,331.77,True,,331.77,False,observed,2025-06-11,2025,6,11,162,18,0,2,Wednesday,True,False,summer,weekday,82.94249999999998
2025-06-11 18:15:00,B001,75.2,282.93,True,,282.93,False,observed,2025-06-11,2025,6,11,162,18,15,2,Wednesday,True,False,summer,weekday,70.7325
2025-06-11 18:30:00,B001,74.3,204.5,True,,204.5,False,observed,2025-06-11,2025,6,11,162,18,30,2,Wednesday,True,False,summer,weekday,51.125
2025-06-11 18:45:00,B001,73.3,196.51,True,,196.51,False,observed,2025-06-11,2025,6,11,162,18,45,2,Wednesday,True,False,summer,weekday,49.12749999999999
2025-06-11 19:00:00,B001,72.3,167.89,True,,167.89,False,observed,2025-06-11,2025,6,11,162,19,0,2,Wednesday,True,False,summer,weekday,41.9725
2025-06-11 19:15:00,B001,71.3,160.57,True,,160.57,False,observed,2025-06-11,2025,6,11,162,19,15,2,Wednesday,True,False,summer,weekday,40.1425
2025-06-11 19:30:00,B001,70.3,153.83,True,,153.83,False,observed,2025-06-11,2025,6,11,162,19,30,2,Wednesday,True,False,summer,weekday,38.4575
2025-06-11 19:45:00,B001,69.4,154.59,True,,154.59,False,observed,2025-06-11,2025,6,11,162,19,45,2,Wednesday,True,False,summer,weekday,38.6475
2025-06-11 20:00:00,B001,68.4,149.11,True,,149.11,False,observed,2025-06-11,2025,6,11,162,20,0,2,Wednesday,True,False,summer,weekday,37.2775
2025-06-11 20:15:00,B001,67.4,161.73,True,,161.73,False,observed,2025-06-11,2025,6,11,162,20,15,2,Wednesday,True,False,summer,weekday,40.4325
2025-06-11 20:30:00,B001,66.5,146.37,True,,146.37,False,observed,2025-06-11,2025,6,11,162,20,30,2,Wednesday,True,False,summer,weekday,36.5925
2025-06-11 20:45:00,B001,65.6,159.06,True,,159.06,False,observed,2025-06-11,2025,6,11,162,20,45,2,Wednesday,True,False,summer,weekday,39.765
2025-06-11 21:00:00,B001,64.7,144.85,True,,144.85,False,observed,2025-06-11,2025,6,11,162,21,0,2,Wednesday,True,False,summer,weekday,36.2125
2025-06-11 21:15:00,B001,63.8,149.52,True,,149.52,False,observed,2025-06-11,2025,6,11,162,21,15,2,Wednesday,True,False,summer,weekday,37.38
2025-06-11 21:30:00,B001,63.0,141.42,True,,141.42,False,observed,2025-06-11,2025,6,11,162,21,30,2,Wednesday,True,False,summer,weekday,35.355
2025-06-11 21:45:00,B001,62.2,153.64,True,,153.64,False,observed,2025-06-11,2025,6,11,162,21,45,2,Wednesday,True,False,summer,weekday,38.41
2025-06-11 22:00:00,B001,61.5,161.56,True,,161.56,False,observed,2025-06-11,2025,6,11,162,22,0,2,Wednesday,True,False,summer,weekday,40.39
2025-06-11 22:15:00,B001,60.8,149.38,True,,149.38,False,observed,2025-06-11,2025,6,11,162,22,15,2,Wednesday,True,False,summer,weekday,37.345
2025-06-11 22:30:00,B001,60.1,148.42,True,,148.42,False,observed,2025-06-11,2025,6,11,162,22,30,2,Wednesday,True,False,summer,weekday,37.105
2025-06-11 22:45:00,B001,59.5,141.08,True,,141.08,False,observed,2025-06-11,2025,6,11,162,22,45,2,Wednesday,True,False,summer,weekday,35.27
2025-06-11 23:00:00,B001,58.9,148.17,True,,148.17,False,observed,2025-06-11,2025,6,11,162,23,0,2,Wednesday,True,False,summer,weekday,37.0425
2025-06-11 23:15:00,B001,58.4,137.26,True,,137.26,False,observed,2025-06-11,2025,6,11,162,23,15,2,Wednesday,True,False,summer,weekday,34.31499999999999
2025-06-11 23:30:00,B001,58.0,142.7,True,,142.7,False,observed,2025-06-11,2025,6,11,162,23,30,2,Wednesday,True,False,summer,weekday,35.675
2025-06-11 23:45:00,B001,57.6,151.81,True,,151.81,False,observed,2025-06-11,2025,6,11,162,23,45,2,Wednesday,True,False,summer,weekday,37.9525
2025-06-12 00:00:00,B001,57.3,160.55,True,,160.55,False,observed,2025-06-12,2025,6,12,163,0,0,3,Thursday,True,False,summer,weekday,40.1375
2025-06-12 00:15:00,B001,56.6,172.47,True,,172.47,False,observed,2025-06-12,2025,6,12,163,0,15,3,Thursday,True,False,summer,weekday,43.1175
2025-06-12 00:30:00,B001,56.4,145.31,True,,145.31,False,observed,2025-06-12,2025,6,12,163,0,30,3,Thursday,True,False,summer,weekday,36.3275
2025-06-12 00:45:00,B001,56.2,161.48,True,,161.48,False,observed,2025-06-12,2025,6,12,163,0,45,3,Thursday,True,False,summer,weekday,40.37
2025-06-12 01:00:00,B001,56.1,151.95,True,,151.95,False,observed,2025-06-12,2025,6,12,163,1,0,3,Thursday,True,False,summer,weekday,37.9875
2025-06-12 01:15:00,B001,56.1,148.79,True,,148.79,False,observed,2025-06-12,2025,6,12,163,1,15,3,Thursday,True,False,summer,weekday,37.1975
2025-06-12 01:30:00,B001,56.2,153.46,True,,153.46,False,observed,2025-06-12,2025,6,12,163,1,30,3,Thursday,True,False,summer,weekday,38.365
2025-06-12 01:45:00,B001,56.3,150.5,True,,150.5,False,observed,2025-06-12,2025,6,12,163,1,45,3,Thursday,True,False,summer,weekday,37.625
2025-06-12 02:00:00,B001,56.4,150.88,True,,150.88,False,observed,2025-06-12,2025,6,12,163,2,0,3,Thursday,True,False,summer,weekday,37.72
2025-06-12 02:15:00,B001,56.7,146.73,True,,146.73,False,observed,2025-06-12,2025,6,12,163,2,15,3,Thursday,True,False,summer,weekday,36.6825
2025-06-12 02:30:00,B001,57.0,138.82,True,,138.82,False,observed,2025-06-12,2025,6,12,163,2,30,3,Thursday,True,False,summer,weekday,34.705
2025-06-12 02:45:00,B001,57.3,137.65,True,,137.65,False,observed,2025-06-12,2025,6,12,163,2,45,3,Thursday,True,False,summer,weekday,34.4125
2025-06-12 03:00:00,B001,57.7,155.23,True,,155.23,False,observed,2025-06-12,2025,6,12,163,3,0,3,Thursday,True,False,summer,weekday,38.8075
2025-06-12 03:15:00,B001,58.2,147.79,True,,147.79,False,observed,2025-06-12,2025,6,12,163,3,15,3,Thursday,True,False,summer,weekday,36.9475
2025-06-12 03:30:00,B001,58.7,145.23,True,,145.23,False,observed,2025-06-12,2025,6,12,163,3,30,3,Thursday,True,False,summer,weekday,36.3075
2025-06-12 03:45:00,B001,59.3,150.07,True,,150.07,False,observed,2025-06-12,2025,6,12,163,3,45,3,Thursday,True,False,summer,weekday,37.5175
2025-06-12 04:00:00,B001,60.0,156.36,True,,156.36,False,observed,2025-06-12,2025,6,12,163,4,0,3,Thursday,True,False,summer,weekday,39.09
2025-06-12 04:15:00,B001,60.6,151.44,True,,151.44,False,observed,2025-06-12,2025,6,12,163,4,15,3,Thursday,True,False,summer,weekday,37.86
2025-06-12 04:30:00,B001,61.4,144.75,True,,144.75,False,observed,2025-06-12,2025,6,12,163,4,30,3,Thursday,True,False,summer,weekday,36.1875
2025-06-12 04:45:00,B001,62.1,159.81,True,,159.81,False,observed,2025-06-12,2025,6,12,163,4,45,3,Thursday,True,False,summer,weekday,39.9525
2025-06-12 05:00:00,B001,62.9,162.63,True,,162.63,False,observed,2025-06-12,2025,6,12,163,5,0,3,Thursday,True,False,summer,weekday,40.6575
2025-06-12 05:15:00,B001,63.8,153.96,True,,153.96,False,observed,2025-06-12,2025,6,12,163,5,15,3,Thursday,True,False,summer,weekday,38.49
2025-06-12 05:30:00,B001,64.7,157.79,True,,157.79,False,observed,2025-06-12,2025,6,12,163,5,30,3,Thursday,True,False,summer,weekday,39.4475
2025-06-12 05:45:00,B001,65.6,159.94,True,,159.94,False,observed,2025-06-12,2025,6,12,163,5,45,3,Thursday,True,False,summer,weekday,39.985
2025-06-12 06:00:00,B001,66.5,159.09,True,,159.09,False,observed,2025-06-12,2025,6,12,163,6,0,3,Thursday,True,False,summer,weekday,39.7725
2025-06-12 06:15:00,B001,67.4,155.18,True,,155.18,False,observed,2025-06-12,2025,6,12,163,6,15,3,Thursday,True,False,summer,weekday,38.795
2025-06-12 06:30:00,B001,68.4,155.95,True,,155.95,False,observed,2025-06-12,2025,6,12,163,6,30,3,Thursday,True,False,summer,weekday,38.9875
2025-06-12 06:45:00,B001,69.3,158.42,True,,158.42,False,observed,2025-06-12,2025,6,12,163,6,45,3,Thursday,True,False,summer,weekday,39.605
2025-06-12 07:00:00,B001,70.3,154.4,True,,154.4,False,observed,2025-06-12,2025,6,12,163,7,0,3,Thursday,True,False,summer,weekday,38.6
2025-06-12 07:15:00,B001,71.3,189.85,True,,189.85,False,observed,2025-06-12,2025,6,12,163,7,15,3,Thursday,True,False,summer,weekday,47.4625
2025-06-12 07:30:00,B001,72.3,213.96,True,,213.96,False,observed,2025-06-12,2025,6,12,163,7,30,3,Thursday,True,False,summer,weekday,53.49
2025-06-12 07:45:00,B001,73.3,280.99,True,,280.99,False,observed,2025-06-12,2025,6,12,163,7,45,3,Thursday,True,False,summer,weekday,70.2475
2025-06-12 08:00:00,B001,74.2,372.42,True,,372.42,False,observed,2025-06-12,2025,6,12,163,8,0,3,Thursday,True,False,summer,weekday,93.105
2025-06-12 08:15:00,B001,75.2,432.88,True,,432.88,False,observed,2025-06-12,2025,6,12,163,8,15,3,Thursday,True,False,summer,weekday,108.22
2025-06-12 08:30:00,B001,76.1,468.61,True,,468.61,False,observed,2025-06-12,2025,6,12,163,8,30,3,Thursday,True,False,summer,weekday,117.1525
2025-06-12 08:45:00,B001,77.0,435.08,True,,435.08,False,observed,2025-06-12,2025,6,12,163,8,45,3,Thursday,True,False,summer,weekday,108.77
2025-06-12 09:00:00,B001,77.9,370.3,True,,370.3,False,observed,2025-06-12,2025,6,12,163,9,0,3,Thursday,True,False,summer,weekday,92.575
2025-06-12 09:15:00,B001,78.8,308.11,True,,308.11,False,observed,2025-06-12,2025,6,12,163,9,15,3,Thursday,True,False,summer,weekday,77.0275
2025-06-12 09:30:00,B001,79.6,253.27,True,,253.27,False,observed,2025-06-12,2025,6,12,163,9,30,3,Thursday,True,False,summer,weekday,63.3175
2025-06-12 09:45:00,B001,80.4,217.27,True,,217.27,False,observed,2025-06-12,2025,6,12,163,9,45,3,Thursday,True,False,summer,weekday,54.3175
2025-06-12 10:00:00,B001,81.1,209.14,True,,209.14,False,observed,2025-06-12,2025,6,12,163,10,0,3,Thursday,True,False,summer,weekday,52.285
2025-06-12 10:15:00,B001,81.9,192.51,True,,192.51,False,observed,2025-06-12,2025,6,12,163,10,15,3,Thursday,True,False,summer,weekday,48.12749999999999
2025-06-12 10:30:00,B001,82.5,199.08,True,,199.08,False,observed,2025-06-12,2025,6,12,163,10,30,3,Thursday,True,False,summer,weekday,49.77
2025-06-12 10:45:00,B001,83.1,191.14,True,,191.14,False,observed,2025-06-12,2025,6,12,163,10,45,3,Thursday,True,False,summer,weekday,47.785
2025-06-12 11:00:00,B001,83.7,205.8,True,,205.8,False,observed,2025-06-12,2025,6,12,163,11,0,3,Thursday,True,False,summer,weekday,51.45
2025-06-12 11:15:00,B001,84.2,205.22,True,,205.22,False,observed,2025-06-12,2025,6,12,163,11,15,3,Thursday,True,False,summer,weekday,51.305
2025-06-12 11:30:00,B001,84.6,201.9,True,,201.9,False,observed,2025-06-12,2025,6,12,163,11,30,3,Thursday,True,False,summer,weekday,50.475
2025-06-12 11:45:00,B001,85.0,208.37,True,,208.37,False,observed,2025-06-12,2025,6,12,163,11,45,3,Thursday,True,False,summer,weekday,52.0925
2025-06-12 12:00:00,B001,85.4,210.79,True,,210.79,False,observed,2025-06-12,2025,6,12,163,12,0,3,Thursday,True,False,summer,weekday,52.6975
2025-06-12 12:15:00,B001,85.6,211.74,True,,211.74,False,observed,2025-06-12,2025,6,12,163,12,15,3,Thursday,True,False,summer,weekday,52.93500000000001
2025-06-12 12:30:00,B001,85.9,229.33,True,,229.33,False,observed,2025-06-12,2025,6,12,163,12,30,3,Thursday,True,False,summer,weekday,57.3325
2025-06-12 12:45:00,B001,86.0,215.26,True,,215.26,False,observed,2025-06-12,2025,6,12,163,12,45,3,Thursday,True,False,summer,weekday,53.81499999999999
2025-06-12 13:00:00,B001,86.1,214.59,True,,214.59,False,observed,2025-06-12,2025,6,12,163,13,0,3,Thursday,True,False,summer,weekday,53.6475
2025-06-12 13:15:00,B001,86.1,199.89,True,,199.89,False,observed,2025-06-12,2025,6,12,163,13,15,3,Thursday,True,False,summer,weekday,49.9725
2025-06-12 13:30:00,B001,86.1,209.26,True,,209.26,False,observed,2025-06-12,2025,6,12,163,13,30,3,Thursday,True,False,summer,weekday,52.31499999999999
2025-06-12 13:45:00,B001,86.0,213.73,True,,213.73,False,observed,2025-06-12,2025,6,12,163,13,45,3,Thursday,True,False,summer,weekday,53.4325
2025-06-12 14:00:00,B001,85.8,209.55,True,,209.55,False,observed,2025-06-12,2025,6,12,163,14,0,3,Thursday,True,False,summer,weekday,52.3875
2025-06-12 14:15:00,B001,85.5,225.37,True,,225.37,False,observed,2025-06-12,2025,6,12,163,14,15,3,Thursday,True,False,summer,weekday,56.3425
2025-06-12 14:30:00,B001,85.3,213.06,True,,213.06,False,observed,2025-06-12,2025,6,12,163,14,30,3,Thursday,True,False,summer,weekday,53.265
2025-06-12 14:45:00,B001,84.9,226.95,True,,226.95,False,observed,2025-06-12,2025,6,12,163,14,45,3,Thursday,True,False,summer,weekday,56.7375
2025-06-12 15:00:00,B001,84.5,224.05,True,,224.05,False,observed,2025-06-12,2025,6,12,163,15,0,3,Thursday,True,False,summer,weekday,56.0125
2025-06-12 15:15:00,B001,84.0,239.04,True,,239.04,False,observed,2025-06-12,2025,6,12,163,15,15,3,Thursday,True,False,summer,weekday,59.76
2025-06-12 15:30:00,B001,83.5,265.65,True,,265.65,False,observed,2025-06-12,2025,6,12,163,15,30,3,Thursday,True,False,summer,weekday,66.4125
2025-06-12 15:45:00,B001,82.9,309.48,True,,309.48,False,observed,2025-06-12,2025,6,12,163,15,45,3,Thursday,True,False,summer,weekday,77.37000000000002
2025-06-12 16:00:00,B001,82.3,381.28,True,,381.28,False,observed,2025-06-12,2025,6,12,163,16,0,3,Thursday,True,False,summer,weekday,95.32
2025-06-12 16:15:00,B001,81.6,415.78,True,,415.78,False,observed,2025-06-12,2025,6,12,163,16,15,3,Thursday,True,False,summer,weekday,103.945
2025-06-12 16:30:00,B001,80.9,481.68,True,,481.68,False,observed,2025-06-12,2025,6,12,163,16,30,3,Thursday,True,False,summer,weekday,120.42
2025-06-12 16:45:00,B001,80.1,538.06,True,,538.06,False,observed,2025-06-12,2025,6,12,163,16,45,3,Thursday,True,False,summer,weekday,134.515
2025-06-12 17:00:00,B001,79.3,555.8,True,,555.8,False,observed,2025-06-12,2025,6,12,163,17,0,3,Thursday,True,False,summer,weekday,138.95
2025-06-12 17:15:00,B001,78.4,538.05,True,,538.05,False,observed,2025-06-12,2025,6,12,163,17,15,3,Thursday,True,False,summer,weekday,134.5125
2025-06-12 17:30:00,B001,77.6,481.78,True,,481.78,False,observed,2025-06-12,2025,6,12,163,17,30,3,Thursday,True,False,summer,weekday,120.445
2025-06-12 17:45:00,B001,76.7,401.81,True,,401.81,False,observed,2025-06-12,2025,6,12,163,17,45,3,Thursday,True,False,summer,weekday,100.4525
2025-06-12 18:00:00,B001,75.7,336.61,True,,336.61,False,observed,2025-06-12,2025,6,12,163,18,0,3,Thursday,True,False,summer,weekday,84.1525
2025-06-12 18:15:00,B001,74.8,270.35,True,,270.35,False,observed,2025-06-12,2025,6,12,163,18,15,3,Thursday,True,False,summer,weekday,67.5875
2025-06-12 18:30:00,B001,73.8,216.99,True,,216.99,False,observed,2025-06-12,2025,6,12,163,18,30,3,Thursday,True,False,summer,weekday,54.24750000000001
2025-06-12 18:45:00,B001,72.9,192.43,True,,192.43,False,observed,2025-06-12,2025,6,12,163,18,45,3,Thursday,True,False,summer,weekday,48.1075
2025-06-12 19:00:00,B001,71.9,168.88,True,,168.88,False,observed,2025-06-12,2025,6,12,163,19,0,3,Thursday,True,False,summer,weekday,42.22
2025-06-12 19:15:00,B001,70.9,152.79,True,,152.79,False,observed,2025-06-12,2025,6,12,163,19,15,3,Thursday,True,False,summer,weekday,38.1975
2025-06-12 19:30:00,B001,69.9,158.46,True,,158.46,False,observed,2025-06-12,2025,6,12,163,19,30,3,Thursday,True,False,summer,weekday,39.615
2025-06-12 19:45:00,B001,69.0,151.92,True,,151.92,False,observed,2025-06-12,2025,6,12,163,19,45,3,Thursday,True,False,summer,weekday,37.98
2025-06-12 20:00:00,B001,68.0,150.35,True,,150.35,False,observed,2025-06-12,2025,6,12,163,20,0,3,Thursday,True,False,summer,weekday,37.5875
2025-06-12 20:15:00,B001,67.0,161.88,True,,161.88,False,observed,2025-06-12,2025,6,12,163,20,15,3,Thursday,True,False,summer,weekday,40.47
2025-06-12 20:30:00,B001,66.1,130.42,True,,130.42,False,observed,2025-06-12,2025,6,12,163,20,30,3,Thursday,True,False,summer,weekday,32.605
2025-06-12 20:45:00,B001,65.2,138.66,True,,138.66,False,observed,2025-06-12,2025,6,12,163,20,45,3,Thursday,True,False,summer,weekday,34.665
2025-06-12 21:00:00,B001,64.3,140.5,True,,140.5,False,observed,2025-06-12,2025,6,12,163,21,0,3,Thursday,True,False,summer,weekday,35.125
2025-06-12 21:15:00,B001,63.4,147.09,True,,147.09,False,observed,2025-06-12,2025,6,12,163,21,15,3,Thursday,True,False,summer,weekday,36.7725
2025-06-12 21:30:00,B001,62.6,147.96,True,,147.96,False,observed,2025-06-12,2025,6,12,163,21,30,3,Thursday,True,False,summer,weekday,36.99
2025-06-12 21:45:00,B001,61.8,137.94,True,,137.94,False,observed,2025-06-12,2025,6,12,163,21,45,3,Thursday,True,False,summer,weekday,34.485
2025-06-12 22:00:00,B001,61.1,142.12,True,,142.12,False,observed,2025-06-12,2025,6,12,163,22,0,3,Thursday,True,False,summer,weekday,35.53
2025-06-12 22:15:00,B001,60.4,143.11,True,,143.11,False,observed,2025-06-12,2025,6,12,163,22,15,3,Thursday,True,False,summer,weekday,35.7775
2025-06-12 22:30:00,B001,59.7,169.66,True,,169.66,False,observed,2025-06-12,2025,6,12,163,22,30,3,Thursday,True,False,summer,weekday,42.415
2025-06-12 22:45:00,B001,59.1,164.41,True,,164.41,False,observed,2025-06-12,2025,6,12,163,22,45,3,Thursday,True,False,summer,weekday,41.1025
2025-06-12 23:00:00,B001,58.5,146.71,True,,146.71,False,observed,2025-06-12,2025,6,12,163,23,0,3,Thursday,True,False,summer,weekday,36.6775
2025-06-12 23:15:00,B001,58.0,147.09,True,,147.09,False,observed,2025-06-12,2025,6,12,163,23,15,3,Thursday,True,False,summer,weekday,36.7725
2025-06-12 23:30:00,B001,57.6,140.81,True,,140.81,False,observed,2025-06-12,2025,6,12,163,23,30,3,Thursday,True,False,summer,weekday,35.2025
2025-06-12 23:45:00,B001,57.2,134.73,True,,134.73,False,observed,2025-06-12,2025,6,12,163,23,45,3,Thursday,True,False,summer,weekday,33.6825
2025-06-13 00:00:00,B001,56.8,149.06,True,,149.06,False,observed,2025-06-13,2025,6,13,164,0,0,4,Friday,True,False,summer,weekday,37.265
2025-06-13 00:15:00,B001,53.7,142.02,True,,142.02,False,observed,2025-06-13,2025,6,13,164,0,15,4,Friday,True,False,summer,weekday,35.505
2025-06-13 00:30:00,B001,53.5,149.32,True,,149.32,False,observed,2025-06-13,2025,6,13,164,0,30,4,Friday,True,False,summer,weekday,37.33
2025-06-13 00:45:00,B001,53.4,137.2,True,,137.2,False,observed,2025-06-13,2025,6,13,164,0,45,4,Friday,True,False,summer,weekday,34.3
2025-06-13 01:00:00,B001,53.3,143.9,True,,143.9,False,observed,2025-06-13,2025,6,13,164,1,0,4,Friday,True,False,summer,weekday,35.975
2025-06-13 01:15:00,B001,53.3,151.19,True,,151.19,False,observed,2025-06-13,2025,6,13,164,1,15,4,Friday,True,False,summer,weekday,37.7975
2025-06-13 01:30:00,B001,53.3,152.93,True,,152.93,False,observed,2025-06-13,2025,6,13,164,1,30,4,Friday,True,False,summer,weekday,38.2325
2025-06-13 01:45:00,B001,53.4,153.34,True,,153.34,False,observed,2025-06-13,2025,6,13,164,1,45,4,Friday,True,False,summer,weekday,38.335
2025-06-13 02:00:00,B001,53.6,139.44,True,,139.44,False,observed,2025-06-13,2025,6,13,164,2,0,4,Friday,True,False,summer,weekday,34.86
2025-06-13 02:15:00,B001,53.8,156.84,True,,156.84,False,observed,2025-06-13,2025,6,13,164,2,15,4,Friday,True,False,summer,weekday,39.21
2025-06-13 02:30:00,B001,54.1,143.6,True,,143.6,False,observed,2025-06-13,2025,6,13,164,2,30,4,Friday,True,False,summer,weekday,35.9
2025-06-13 02:45:00,B001,54.5,155.06,True,,155.06,False,observed,2025-06-13,2025,6,13,164,2,45,4,Friday,True,False,summer,weekday,38.765
2025-06-13 03:00:00,B001,54.9,149.91,True,,149.91,False,observed,2025-06-13,2025,6,13,164,3,0,4,Friday,True,False,summer,weekday,37.4775
2025-06-13 03:15:00,B001,55.4,138.99,True,,138.99,False,observed,2025-06-13,2025,6,13,164,3,15,4,Friday,True,False,summer,weekday,34.74750000000001
2025-06-13 03:30:00,B001,55.9,147.47,True,,147.47,False,observed,2025-06-13,2025,6,13,164,3,30,4,Friday,True,False,summer,weekday,36.8675
2025-06-13 03:45:00,B001,56.5,152.92,True,,152.92,False,observed,2025-06-13,2025,6,13,164,3,45,4,Friday,True,False,summer,weekday,38.23
2025-06-13 04:00:00,B001,57.1,154.9,True,,154.9,False,observed,2025-06-13,2025,6,13,164,4,0,4,Friday,True,False,summer,weekday,38.725
2025-06-13 04:15:00,B001,57.8,148.87,True,,148.87,False,observed,2025-06-13,2025,6,13,164,4,15,4,Friday,True,False,summer,weekday,37.2175
2025-06-13 04:30:00,B001,58.5,162.25,True,,162.25,False,observed,2025-06-13,2025,6,13,164,4,30,4,Friday,True,False,summer,weekday,40.5625
2025-06-13 04:45:00,B001,59.3,158.06,True,,158.06,False,observed,2025-06-13,2025,6,13,164,4,45,4,Friday,True,False,summer,weekday,39.515
2025-06-13 05:00:00,B001,60.1,147.95,True,,147.95,False,observed,2025-06-13,2025,6,13,164,5,0,4,Friday,True,False,summer,weekday,36.9875
2025-06-13 05:15:00,B001,60.9,156.0,True,,156.0,False,observed,2025-06-13,2025,6,13,164,5,15,4,Friday,True,False,summer,weekday,39.0
2025-06-13 05:30:00,B001,61.8,165.47,True,,165.47,False,observed,2025-06-13,2025,6,13,164,5,30,4,Friday,True,False,summer,weekday,41.3675
2025-06-13 05:45:00,B001,62.7,165.69,True,,165.69,False,observed,2025-06-13,2025,6,13,164,5,45,4,Friday,True,False,summer,weekday,41.4225
2025-06-13 06:00:00,B001,63.6,140.23,True,,140.23,False,observed,2025-06-13,2025,6,13,164,6,0,4,Friday,True,False,summer,weekday,35.0575
2025-06-13 06:15:00,B001,64.6,142.85,True,,142.85,False,observed,2025-06-13,2025,6,13,164,6,15,4,Friday,True,False,summer,weekday,35.7125
2025-06-13 06:30:00,B001,65.5,163.04,True,,163.04,False,observed,2025-06-13,2025,6,13,164,6,30,4,Friday,True,False,summer,weekday,40.76
2025-06-13 06:45:00,B001,66.5,145.8,True,,145.8,False,observed,2025-06-13,2025,6,13,164,6,45,4,Friday,True,False,summer,weekday,36.45
2025-06-13 07:00:00,B001,67.5,152.6,True,,152.6,False,observed,2025-06-13,2025,6,13,164,7,0,4,Friday,True,False,summer,weekday,38.15
2025-06-13 07:15:00,B001,68.5,180.36,True,,180.36,False,observed,2025-06-13,2025,6,13,164,7,15,4,Friday,True,False,summer,weekday,45.09
2025-06-13 07:30:00,B001,69.4,228.17,True,,228.17,False,observed,2025-06-13,2025,6,13,164,7,30,4,Friday,True,False,summer,weekday,57.0425
2025-06-13 07:45:00,B001,70.4,286.53,True,,286.53,False,observed,2025-06-13,2025,6,13,164,7,45,4,Friday,True,False,summer,weekday,71.6325
2025-06-13 08:00:00,B001,71.4,356.79,True,,356.79,False,observed,2025-06-13,2025,6,13,164,8,0,4,Friday,True,False,summer,weekday,89.1975
2025-06-13 08:15:00,B001,72.3,419.66,True,,419.66,False,observed,2025-06-13,2025,6,13,164,8,15,4,Friday,True,False,summer,weekday,104.915
2025-06-13 08:30:00,B001,73.3,444.3,True,,444.3,False,observed,2025-06-13,2025,6,13,164,8,30,4,Friday,True,False,summer,weekday,111.075
2025-06-13 08:45:00,B001,74.2,418.02,True,,418.02,False,observed,2025-06-13,2025,6,13,164,8,45,4,Friday,True,False,summer,weekday,104.50499999999998
2025-06-13 09:00:00,B001,75.1,380.69,True,,380.69,False,observed,2025-06-13,2025,6,13,164,9,0,4,Friday,True,False,summer,weekday,95.1725
2025-06-13 09:15:00,B001,75.9,295.33,True,,295.33,False,observed,2025-06-13,2025,6,13,164,9,15,4,Friday,True,False,summer,weekday,73.8325
2025-06-13 09:30:00,B001,76.8,242.46,True,,242.46,False,observed,2025-06-13,2025,6,13,164,9,30,4,Friday,True,False,summer,weekday,60.615
2025-06-13 09:45:00,B001,77.6,195.64,True,,195.64,False,observed,2025-06-13,2025,6,13,164,9,45,4,Friday,True,False,summer,weekday,48.91
2025-06-13 10:00:00,B001,78.3,181.5,True,,181.5,False,observed,2025-06-13,2025,6,13,164,10,0,4,Friday,True,False,summer,weekday,45.375
2025-06-13 10:15:00,B001,79.0,172.61,True,,172.61,False,observed,2025-06-13,2025,6,13,164,10,15,4,Friday,True,False,summer,weekday,43.1525
2025-06-13 10:30:00,B001,79.7,157.97,True,,157.97,False,observed,2025-06-13,2025,6,13,164,10,30,4,Friday,True,False,summer,weekday,39.4925
2025-06-13 10:45:00,B001,80.3,170.94,True,,170.94,False,observed,2025-06-13,2025,6,13,164,10,45,4,Friday,True,False,summer,weekday,42.735
2025-06-13 11:00:00,B001,80.8,170.63,True,,170.63,False,observed,2025-06-13,2025,6,13,164,11,0,4,Friday,True,False,summer,weekday,42.6575
2025-06-13 11:15:00,B001,81.4,170.12,True,,170.12,False,observed,2025-06-13,2025,6,13,164,11,15,4,Friday,True,False,summer,weekday,42.53
2025-06-13 11:30:00,B001,81.8,181.26,True,,181.26,False,observed,2025-06-13,2025,6,13,164,11,30,4,Friday,True,False,summer,weekday,45.31499999999999
2025-06-13 11:45:00,B001,82.2,203.78,True,,203.78,False,observed,2025-06-13,2025,6,13,164,11,45,4,Friday,True,False,summer,weekday,50.945
2025-06-13 12:00:00,B001,82.5,194.82,True,,194.82,False,observed,2025-06-13,2025,6,13,164,12,0,4,Friday,True,False,summer,weekday,48.705
2025-06-13 12:15:00,B001,82.8,207.14,True,,207.14,False,observed,2025-06-13,2025,6,13,164,12,15,4,Friday,True,False,summer,weekday,51.785
2025-06-13 12:30:00,B001,83.0,201.37,True,,201.37,False,observed,2025-06-13,2025,6,13,164,12,30,4,Friday,True,False,summer,weekday,50.3425
2025-06-13 12:45:00,B001,83.2,205.22,True,,205.22,False,observed,2025-06-13,2025,6,13,164,12,45,4,Friday,True,False,summer,weekday,51.305
2025-06-13 13:00:00,B001,83.2,192.26,True,,192.26,False,observed,2025-06-13,2025,6,13,164,13,0,4,Friday,True,False,summer,weekday,48.06499999999999
2025-06-13 13:15:00,B001,83.3,203.78,True,,203.78,False,observed,2025-06-13,2025,6,13,164,13,15,4,Friday,True,False,summer,weekday,50.945
2025-06-13 13:30:00,B001,83.2,205.16,True,,205.16,False,observed,2025-06-13,2025,6,13,164,13,30,4,Friday,True,False,summer,weekday,51.29
2025-06-13 13:45:00,B001,83.1,194.14,True,,194.14,False,observed,2025-06-13,2025,6,13,164,13,45,4,Friday,True,False,summer,weekday,48.535
2025-06-13 14:00:00,B001,82.9,202.43,True,,202.43,False,observed,2025-06-13,2025,6,13,164,14,0,4,Friday,True,False,summer,weekday,50.6075
2025-06-13 14:15:00,B001,82.7,201.77,True,,201.77,False,observed,2025-06-13,2025,6,13,164,14,15,4,Friday,True,False,summer,weekday,50.4425
2025-06-13 14:30:00,B001,82.4,192.9,True,,192.9,False,observed,2025-06-13,2025,6,13,164,14,30,4,Friday,True,False,summer,weekday,48.225
2025-06-13 14:45:00,B001,82.0,190.57,True,,190.57,False,observed,2025-06-13,2025,6,13,164,14,45,4,Friday,True,False,summer,weekday,47.6425
2025-06-13 15:00:00,B001,81.6,197.0,True,,197.0,False,observed,2025-06-13,2025,6,13,164,15,0,4,Friday,True,False,summer,weekday,49.25
2025-06-13 15:15:00,B001,81.2,222.35,True,,222.35,False,observed,2025-06-13,2025,6,13,164,15,15,4,Friday,True,False,summer,weekday,55.5875
2025-06-13 15:30:00,B001,80.6,251.89,True,,251.89,False,observed,2025-06-13,2025,6,13,164,15,30,4,Friday,True,False,summer,weekday,62.9725
2025-06-13 15:45:00,B001,80.0,286.03,True,,286.03,False,observed,2025-06-13,2025,6,13,164,15,45,4,Friday,True,False,summer,weekday,71.5075
2025-06-13 16:00:00,B001,79.4,350.66,True,,350.66,False,observed,2025-06-13,2025,6,13,164,16,0,4,Friday,True,False,summer,weekday,87.665
2025-06-13 16:15:00,B001,78.7,421.82,True,,421.82,False,observed,2025-06-13,2025,6,13,164,16,15,4,Friday,True,False,summer,weekday,105.455
2025-06-13 16:30:00,B001,78.0,485.56,True,,485.56,False,observed,2025-06-13,2025,6,13,164,16,30,4,Friday,True,False,summer,weekday,121.39
2025-06-13 16:45:00,B001,77.2,537.74,True,,537.74,False,observed,2025-06-13,2025,6,13,164,16,45,4,Friday,True,False,summer,weekday,134.435
2025-06-13 17:00:00,B001,76.4,548.82,True,,548.82,False,observed,2025-06-13,2025,6,13,164,17,0,4,Friday,True,False,summer,weekday,137.205
2025-06-13 17:15:00,B001,75.6,507.44,True,,507.44,False,observed,2025-06-13,2025,6,13,164,17,15,4,Friday,True,False,summer,weekday,126.86
2025-06-13 17:30:00,B001,74.7,476.05,True,,476.05,False,observed,2025-06-13,2025,6,13,164,17,30,4,Friday,True,False,summer,weekday,119.0125
2025-06-13 17:45:00,B001,73.8,390.62,True,,390.62,False,observed,2025-06-13,2025,6,13,164,17,45,4,Friday,True,False,summer,weekday,97.655
2025-06-13 18:00:00,B001,72.9,332.34,True,,332.34,False,observed,2025-06-13,2025,6,13,164,18,0,4,Friday,True,False,summer,weekday,83.085
2025-06-13 18:15:00,B001,72.0,262.65,True,,262.65,False,observed,2025-06-13,2025,6,13,164,18,15,4,Friday,True,False,summer,weekday,65.6625
2025-06-13 18:30:00,B001,71.0,212.22,True,,212.22,False,observed,2025-06-13,2025,6,13,164,18,30,4,Friday,True,False,summer,weekday,53.055
2025-06-13 18:45:00,B001,70.0,170.27,True,,170.27,False,observed,2025-06-13,2025,6,13,164,18,45,4,Friday,True,False,summer,weekday,42.5675
2025-06-13 19:00:00,B001,69.0,165.32,True,,165.32,False,observed,2025-06-13,2025,6,13,164,19,0,4,Friday,True,False,summer,weekday,41.33
2025-06-13 19:15:00,B001,68.1,144.8,True,,144.8,False,observed,2025-06-13,2025,6,13,164,19,15,4,Friday,True,False,summer,weekday,36.2
2025-06-13 19:30:00,B001,67.1,160.62,True,,160.62,False,observed,2025-06-13,2025,6,13,164,19,30,4,Friday,True,False,summer,weekday,40.155
2025-06-13 19:45:00,B001,66.1,163.17,True,,163.17,False,observed,2025-06-13,2025,6,13,164,19,45,4,Friday,True,False,summer,weekday,40.7925
2025-06-13 20:00:00,B001,65.1,143.96,True,,143.96,False,observed,2025-06-13,2025,6,13,164,20,0,4,Friday,True,False,summer,weekday,35.99
2025-06-13 20:15:00,B001,64.2,152.51,True,,152.51,False,observed,2025-06-13,2025,6,13,164,20,15,4,Friday,True,False,summer,weekday,38.12749999999999
2025-06-13 20:30:00,B001,63.3,144.22,True,,144.22,False,observed,2025-06-13,2025,6,13,164,20,30,4,Friday,True,False,summer,weekday,36.055
2025-06-13 20:45:00,B001,62.3,144.98,True,,144.98,False,observed,2025-06-13,2025,6,13,164,20,45,4,Friday,True,False,summer,weekday,36.245
2025-06-13 21:00:00,B001,61.5,156.2,True,,156.2,False,observed,2025-06-13,2025,6,13,164,21,0,4,Friday,True,False,summer,weekday,39.05
2025-06-13 21:15:00,B001,60.6,149.69,True,,149.69,False,observed,2025-06-13,2025,6,13,164,21,15,4,Friday,True,False,summer,weekday,37.4225
2025-06-13 21:30:00,B001,59.8,163.92,True,,163.92,False,observed,2025-06-13,2025,6,13,164,21,30,4,Friday,True,False,summer,weekday,40.98
2025-06-13 21:45:00,B001,59.0,146.14,True,,146.14,False,observed,2025-06-13,2025,6,13,164,21,45,4,Friday,True,False,summer,weekday,36.535
2025-06-13 22:00:00,B001,58.2,157.99,True,,157.99,False,observed,2025-06-13,2025,6,13,164,22,0,4,Friday,True,False,summer,weekday,39.49750000000001
2025-06-13 22:15:00,B001,57.5,150.78,True,,150.78,False,observed,2025-06-13,2025,6,13,164,22,15,4,Friday,True,False,summer,weekday,37.695
2025-06-13 22:30:00,B001,56.9,156.37,True,,156.37,False,observed,2025-06-13,2025,6,13,164,22,30,4,Friday,True,False,summer,weekday,39.0925
2025-06-13 22:45:00,B001,56.2,146.42,True,,146.42,False,observed,2025-06-13,2025,6,13,164,22,45,4,Friday,True,False,summer,weekday,36.605
2025-06-13 23:00:00,B001,55.7,149.6,True,,149.6,False,observed,2025-06-13,2025,6,13,164,23,0,4,Friday,True,False,summer,weekday,37.4
2025-06-13 23:15:00,B001,55.2,149.08,True,,149.08,False,observed,2025-06-13,2025,6,13,164,23,15,4,Friday,True,False,summer,weekday,37.27
2025-06-13 23:30:00,B001,54.7,143.31,True,,143.31,False,observed,2025-06-13,2025,6,13,164,23,30,4,Friday,True,False,summer,weekday,35.8275
2025-06-13 23:45:00,B001,54.3,155.3,True,,155.3,False,observed,2025-06-13,2025,6,13,164,23,45,4,Friday,True,False,summer,weekday,38.825
2025-06-14 00:00:00,B001,54.0,57.7,True,,57.7,False,observed,2025-06-14,2025,6,14,165,0,0,5,Saturday,False,True,summer,weekend,14.425
2025-06-14 00:15:00,B001,58.0,57.25,True,,57.25,False,observed,2025-06-14,2025,6,14,165,0,15,5,Saturday,False,True,summer,weekend,14.3125
2025-06-14 00:30:00,B001,57.8,64.8,True,,64.8,False,observed,2025-06-14,2025,6,14,165,0,30,5,Saturday,False,True,summer,weekend,16.2
2025-06-14 00:45:00,B001,57.6,64.09,True,,64.09,False,observed,2025-06-14,2025,6,14,165,0,45,5,Saturday,False,True,summer,weekend,16.0225
2025-06-14 01:00:00,B001,57.5,49.5,True,,49.5,False,observed,2025-06-14,2025,6,14,165,1,0,5,Saturday,False,True,summer,weekend,12.375
2025-06-14 01:15:00,B001,57.5,55.48,True,,55.48,False,observed,2025-06-14,2025,6,14,165,1,15,5,Saturday,False,True,summer,weekend,13.87
2025-06-14 01:30:00,B001,57.6,47.51,True,,47.51,False,observed,2025-06-14,2025,6,14,165,1,30,5,Saturday,False,True,summer,weekend,11.8775
2025-06-14 01:45:00,B001,57.7,52.69,True,,52.69,False,observed,2025-06-14,2025,6,14,165,1,45,5,Saturday,False,True,summer,weekend,13.172499999999998
2025-06-14 02:00:00,B001,57.8,47.7,True,,47.7,False,observed,2025-06-14,2025,6,14,165,2,0,5,Saturday,False,True,summer,weekend,11.925
2025-06-14 02:15:00,B001,58.1,65.46,True,,65.46,False,observed,2025-06-14,2025,6,14,165,2,15,5,Saturday,False,True,summer,weekend,16.365
2025-06-14 02:30:00,B001,58.4,55.41,True,,55.41,False,observed,2025-06-14,2025,6,14,165,2,30,5,Saturday,False,True,summer,weekend,13.8525
2025-06-14 02:45:00,B001,58.7,50.76,True,,50.76,False,observed,2025-06-14,2025,6,14,165,2,45,5,Saturday,False,True,summer,weekend,12.69
2025-06-14 03:00:00,B001,59.1,62.05,True,,62.05,False,observed,2025-06-14,2025,6,14,165,3,0,5,Saturday,False,True,summer,weekend,15.5125
2025-06-14 03:15:00,B001,59.6,35.14,True,,35.14,False,observed,2025-06-14,2025,6,14,165,3,15,5,Saturday,False,True,summer,weekend,8.785
2025-06-14 03:30:00,B001,60.1,36.39,True,,36.39,False,observed,2025-06-14,2025,6,14,165,3,30,5,Saturday,False,True,summer,weekend,9.0975
2025-06-14 03:45:00,B001,60.7,58.87,True,,58.87,False,observed,2025-06-14,2025,6,14,165,3,45,5,Saturday,False,True,summer,weekend,14.7175
2025-06-14 04:00:00,B001,61.4,52.98,True,,52.98,False,observed,2025-06-14,2025,6,14,165,4,0,5,Saturday,False,True,summer,weekend,13.245
2025-06-14 04:15:00,B001,62.0,54.5,True,,54.5,False,observed,2025-06-14,2025,6,14,165,4,15,5,Saturday,False,True,summer,weekend,13.625
2025-06-14 04:30:00,B001,62.8,41.89,True,,41.89,False,observed,2025-06-14,2025,6,14,165,4,30,5,Saturday,False,True,summer,weekend,10.4725
2025-06-14 04:45:00,B001,63.5,52.31,True,,52.31,False,observed,2025-06-14,2025,6,14,165,4,45,5,Saturday,False,True,summer,weekend,13.077500000000002
2025-06-14 05:00:00,B001,64.3,68.53,True,,68.53,False,observed,2025-06-14,2025,6,14,165,5,0,5,Saturday,False,True,summer,weekend,17.1325
2025-06-14 05:15:00,B001,65.2,59.09,True,,59.09,False,observed,2025-06-14,2025,6,14,165,5,15,5,Saturday,False,True,summer,weekend,14.7725
2025-06-14 05:30:00,B001,66.1,53.86,True,,53.86,False,observed,2025-06-14,2025,6,14,165,5,30,5,Saturday,False,True,summer,weekend,13.465
2025-06-14 05:45:00,B001,67.0,48.99,True,,48.99,False,observed,2025-06-14,2025,6,14,165,5,45,5,Saturday,False,True,summer,weekend,12.2475
2025-06-14 06:00:00,B001,67.9,49.34,True,,49.34,False,observed,2025-06-14,2025,6,14,165,6,0,5,Saturday,False,True,summer,weekend,12.335
2025-06-14 06:15:00,B001,68.8,35.47,True,,35.47,False,observed,2025-06-14,2025,6,14,165,6,15,5,Saturday,False,True,summer,weekend,8.8675
2025-06-14 06:30:00,B001,69.8,54.56,True,,54.56,False,observed,2025-06-14,2025,6,14,165,6,30,5,Saturday,False,True,summer,weekend,13.640000000000002
2025-06-14 06:45:00,B001,70.7,59.26,True,,59.26,False,observed,2025-06-14,2025,6,14,165,6,45,5,Saturday,False,True,summer,weekend,14.815
2025-06-14 07:00:00,B001,71.7,39.9,True,,39.9,False,observed,2025-06-14,2025,6,14,165,7,0,5,Saturday,False,True,summer,weekend,9.975
2025-06-14 07:15:00,B001,72.7,47.21,True,,47.21,False,observed,2025-06-14,2025,6,14,165,7,15,5,Saturday,False,True,summer,weekend,11.8025
2025-06-14 07:30:00,B001,73.7,43.24,True,,43.24,False,observed,2025-06-14,2025,6,14,165,7,30,5,Saturday,False,True,summer,weekend,10.81
2025-06-14 07:45:00,B001,74.7,44.78,True,,44.78,False,observed,2025-06-14,2025,6,14,165,7,45,5,Saturday,False,True,summer,weekend,11.195
2025-06-14 08:00:00,B001,75.6,56.69,True,,56.69,False,observed,2025-06-14,2025,6,14,165,8,0,5,Saturday,False,True,summer,weekend,14.172499999999998
2025-06-14 08:15:00,B001,76.6,45.31,True,,45.31,False,observed,2025-06-14,2025,6,14,165,8,15,5,Saturday,False,True,summer,weekend,11.327500000000002
2025-06-14 08:30:00,B001,77.5,72.51,True,,72.51,False,observed,2025-06-14,2025,6,14,165,8,30,5,Saturday,False,True,summer,weekend,18.1275
2025-06-14 08:45:00,B001,78.4,79.11,True,,79.11,False,observed,2025-06-14,2025,6,14,165,8,45,5,Saturday,False,True,summer,weekend,19.7775
2025-06-14 09:00:00,B001,79.3,76.4,True,,76.4,False,observed,2025-06-14,2025,6,14,165,9,0,5,Saturday,False,True,summer,weekend,19.1
2025-06-14 09:15:00,B001,80.2,63.72,True,,63.72,False,observed,2025-06-14,2025,6,14,165,9,15,5,Saturday,False,True,summer,weekend,15.93
2025-06-14 09:30:00,B001,81.0,80.56,True,,80.56,False,observed,2025-06-14,2025,6,14,165,9,30,5,Saturday,False,True,summer,weekend,20.14
2025-06-14 09:45:00,B001,81.8,103.14,True,,103.14,False,observed,2025-06-14,2025,6,14,165,9,45,5,Saturday,False,True,summer,weekend,25.785
2025-06-14 10:00:00,B001,82.5,75.55,True,,75.55,False,observed,2025-06-14,2025,6,14,165,10,0,5,Saturday,False,True,summer,weekend,18.8875
2025-06-14 10:15:00,B001,83.3,99.24,True,,99.24,False,observed,2025-06-14,2025,6,14,165,10,15,5,Saturday,False,True,summer,weekend,24.81
2025-06-14 10:30:00,B001,83.9,96.55,True,,96.55,False,observed,2025-06-14,2025,6,14,165,10,30,5,Saturday,False,True,summer,weekend,24.1375
2025-06-14 10:45:00,B001,84.5,116.1,True,,116.1,False,observed,2025-06-14,2025,6,14,165,10,45,5,Saturday,False,True,summer,weekend,29.025
2025-06-14 11:00:00,B001,85.1,107.63,True,,107.63,False,observed,2025-06-14,2025,6,14,165,11,0,5,Saturday,False,True,summer,weekend,26.907499999999995
2025-06-14 11:15:00,B001,85.6,119.31,True,,119.31,False,observed,2025-06-14,2025,6,14,165,11,15,5,Saturday,False,True,summer,weekend,29.8275
2025-06-14 11:30:00,B001,86.0,123.31,True,,123.31,False,observed,2025-06-14,2025,6,14,165,11,30,5,Saturday,False,True,summer,weekend,30.8275
2025-06-14 11:45:00,B001,86.4,135.84,True,,135.84,False,observed,2025-06-14,2025,6,14,165,11,45,5,Saturday,False,True,summer,weekend,33.96
2025-06-14 12:00:00,B001,86.8,121.53,True,,121.53,False,observed,2025-06-14,2025,6,14,165,12,0,5,Saturday,False,True,summer,weekend,30.3825
2025-06-14 12:15:00,B001,87.0,127.79,True,,127.79,False,observed,2025-06-14,2025,6,14,165,12,15,5,Saturday,False,True,summer,weekend,31.9475
2025-06-14 12:30:00,B001,87.3,114.17,True,,114.17,False,observed,2025-06-14,2025,6,14,165,12,30,5,Saturday,False,True,summer,weekend,28.5425
2025-06-14 12:45:00,B001,87.4,136.45,True,,136.45,False,observed,2025-06-14,2025,6,14,165,12,45,5,Saturday,False,True,summer,weekend,34.1125
2025-06-14 13:00:00,B001,87.5,121.35,True,,121.35,False,observed,2025-06-14,2025,6,14,165,13,0,5,Saturday,False,True,summer,weekend,30.3375
2025-06-14 13:15:00,B001,87.5,123.06,True,,123.06,False,observed,2025-06-14,2025,6,14,165,13,15,5,Saturday,False,True,summer,weekend,30.765
2025-06-14 13:30:00,B001,87.5,127.1,True,,127.1,False,observed,2025-06-14,2025,6,14,165,13,30,5,Saturday,False,True,summer,weekend,31.775
2025-06-14 13:45:00,B001,87.4,114.12,True,,114.12,False,observed,2025-06-14,2025,6,14,165,13,45,5,Saturday,False,True,summer,weekend,28.530000000000005
2025-06-14 14:00:00,B001,87.2,127.42,True,,127.42,False,observed,2025-06-14,2025,6,14,165,14,0,5,Saturday,False,True,summer,weekend,31.855
2025-06-14 14:15:00,B001,86.9,131.91,True,,131.91,False,observed,2025-06-14,2025,6,14,165,14,15,5,Saturday,False,True,summer,weekend,32.9775
2025-06-14 14:30:00,B001,86.6,124.73,True,,124.73,False,observed,2025-06-14,2025,6,14,165,14,30,5,Saturday,False,True,summer,weekend,31.1825
2025-06-14 14:45:00,B001,86.3,107.53,True,,107.53,False,observed,2025-06-14,2025,6,14,165,14,45,5,Saturday,False,True,summer,weekend,26.8825
2025-06-14 15:00:00,B001,85.9,116.75,True,,116.75,False,observed,2025-06-14,2025,6,14,165,15,0,5,Saturday,False,True,summer,weekend,29.1875
2025-06-14 15:15:00,B001,85.4,120.84,True,,120.84,False,observed,2025-06-14,2025,6,14,165,15,15,5,Saturday,False,True,summer,weekend,30.21
2025-06-14 15:30:00,B001,84.9,96.7,True,,96.7,False,observed,2025-06-14,2025,6,14,165,15,30,5,Saturday,False,True,summer,weekend,24.175
2025-06-14 15:45:00,B001,84.3,99.63,True,,99.63,False,observed,2025-06-14,2025,6,14,165,15,45,5,Saturday,False,True,summer,weekend,24.907499999999995
2025-06-14 16:00:00,B001,83.7,111.45,True,,111.45,False,observed,2025-06-14,2025,6,14,165,16,0,5,Saturday,False,True,summer,weekend,27.8625
2025-06-14 16:15:00,B001,83.0,102.52,True,,102.52,False,observed,2025-06-14,2025,6,14,165,16,15,5,Saturday,False,True,summer,weekend,25.63
2025-06-14 16:30:00,B001,82.3,99.3,True,,99.3,False,observed,2025-06-14,2025,6,14,165,16,30,5,Saturday,False,True,summer,weekend,24.825
2025-06-14 16:45:00,B001,81.5,106.28,True,,106.28,False,observed,2025-06-14,2025,6,14,165,16,45,5,Saturday,False,True,summer,weekend,26.57
2025-06-14 17:00:00,B001,80.7,90.32,True,,90.32,False,observed,2025-06-14,2025,6,14,165,17,0,5,Saturday,False,True,summer,weekend,22.58
2025-06-14 17:15:00,B001,79.8,86.79,True,,86.79,False,observed,2025-06-14,2025,6,14,165,17,15,5,Saturday,False,True,summer,weekend,21.6975
2025-06-14 17:30:00,B001,79.0,97.99,True,,97.99,False,observed,2025-06-14,2025,6,14,165,17,30,5,Saturday,False,True,summer,weekend,24.4975
2025-06-14 17:45:00,B001,78.1,69.19,True,,69.19,False,observed,2025-06-14,2025,6,14,165,17,45,5,Saturday,False,True,summer,weekend,17.2975
2025-06-14 18:00:00,B001,77.1,58.98,True,,58.98,False,observed,2025-06-14,2025,6,14,165,18,0,5,Saturday,False,True,summer,weekend,14.745
2025-06-14 18:15:00,B001,76.2,63.13,True,,63.13,False,observed,2025-06-14,2025,6,14,165,18,15,5,Saturday,False,True,summer,weekend,15.7825
2025-06-14 18:30:00,B001,75.2,57.47,True,,57.47,False,observed,2025-06-14,2025,6,14,165,18,30,5,Saturday,False,True,summer,weekend,14.3675
2025-06-14 18:45:00,B001,74.3,48.29,True,,48.29,False,observed,2025-06-14,2025,6,14,165,18,45,5,Saturday,False,True,summer,weekend,12.0725
2025-06-14 19:00:00,B001,73.3,44.24,True,,44.24,False,observed,2025-06-14,2025,6,14,165,19,0,5,Saturday,False,True,summer,weekend,11.06
2025-06-14 19:15:00,B001,72.3,70.98,True,,70.98,False,observed,2025-06-14,2025,6,14,165,19,15,5,Saturday,False,True,summer,weekend,17.745
2025-06-14 19:30:00,B001,71.3,55.11,True,,55.11,False,observed,2025-06-14,2025,6,14,165,19,30,5,Saturday,False,True,summer,weekend,13.7775
2025-06-14 19:45:00,B001,70.4,46.64,True,,46.64,False,observed,2025-06-14,2025,6,14,165,19,45,5,Saturday,False,True,summer,weekend,11.66
2025-06-14 20:00:00,B001,69.4,59.83,True,,59.83,False,observed,2025-06-14,2025,6,14,165,20,0,5,Saturday,False,True,summer,weekend,14.9575
2025-06-14 20:15:00,B001,68.4,51.63,True,,51.63,False,observed,2025-06-14,2025,6,14,165,20,15,5,Saturday,False,True,summer,weekend,12.9075
2025-06-14 20:30:00,B001,67.5,50.48,True,,50.48,False,observed,2025-06-14,2025,6,14,165,20,30,5,Saturday,False,True,summer,weekend,12.62
2025-06-14 20:45:00,B001,66.6,57.0,True,,57.0,False,observed,2025-06-14,2025,6,14,165,20,45,5,Saturday,False,True,summer,weekend,14.25
2025-06-14 21:00:00,B001,65.7,42.16,True,,42.16,False,observed,2025-06-14,2025,6,14,165,21,0,5,Saturday,False,True,summer,weekend,10.54
2025-06-14 21:15:00,B001,64.8,55.32,True,,55.32,False,observed,2025-06-14,2025,6,14,165,21,15,5,Saturday,False,True,summer,weekend,13.83
2025-06-14 21:30:00,B001,64.0,67.8,True,,67.8,False,observed,2025-06-14,2025,6,14,165,21,30,5,Saturday,False,True,summer,weekend,16.95
2025-06-14 21:45:00,B001,63.2,56.23,True,,56.23,False,observed,2025-06-14,2025,6,14,165,21,45,5,Saturday,False,True,summer,weekend,14.0575
2025-06-14 22:00:00,B001,62.5,49.49,True,,49.49,False,observed,2025-06-14,2025,6,14,165,22,0,5,Saturday,False,True,summer,weekend,12.3725
2025-06-14 22:15:00,B001,61.8,48.44,True,,48.44,False,observed,2025-06-14,2025,6,14,165,22,15,5,Saturday,False,True,summer,weekend,12.109999999999998
2025-06-14 22:30:00,B001,61.1,49.22,True,,49.22,False,observed,2025-06-14,2025,6,14,165,22,30,5,Saturday,False,True,summer,weekend,12.305
2025-06-14 22:45:00,B001,60.5,50.47,True,,50.47,False,observed,2025-06-14,2025,6,14,165,22,45,5,Saturday,False,True,summer,weekend,12.6175
2025-06-14 23:00:00,B001,59.9,49.48,True,,49.48,False,observed,2025-06-14,2025,6,14,165,23,0,5,Saturday,False,True,summer,weekend,12.37
2025-06-14 23:15:00,B001,59.4,59.83,True,,59.83,False,observed,2025-06-14,2025,6,14,165,23,15,5,Saturday,False,True,summer,weekend,14.9575
2025-06-14 23:30:00,B001,59.0,38.63,True,,38.63,False,observed,2025-06-14,2025,6,14,165,23,30,5,Saturday,False,True,summer,weekend,9.6575
2025-06-14 23:45:00,B001,58.6,59.4,True,,59.4,False,observed,2025-06-14,2025,6,14,165,23,45,5,Saturday,False,True,summer,weekend,14.85
2025-06-15 00:00:00,B001,58.2,49.46,True,,49.46,False,observed,2025-06-15,2025,6,15,166,0,0,6,Sunday,False,True,summer,weekend,12.365
2025-06-15 00:15:00,B001,55.3,55.52,True,,55.52,False,observed,2025-06-15,2025,6,15,166,0,15,6,Sunday,False,True,summer,weekend,13.88
2025-06-15 00:30:00,B001,55.1,43.48,True,,43.48,False,observed,2025-06-15,2025,6,15,166,0,30,6,Sunday,False,True,summer,weekend,10.87
2025-06-15 00:45:00,B001,55.0,63.13,True,,63.13,False,observed,2025-06-15,2025,6,15,166,0,45,6,Sunday,False,True,summer,weekend,15.7825
2025-06-15 01:00:00,B001,54.9,62.47,True,,62.47,False,observed,2025-06-15,2025,6,15,166,1,0,6,Sunday,False,True,summer,weekend,15.6175
2025-06-15 01:15:00,B001,54.9,60.18,True,,60.18,False,observed,2025-06-15,2025,6,15,166,1,15,6,Sunday,False,True,summer,weekend,15.045
2025-06-15 01:30:00,B001,54.9,40.38,True,,40.38,False,observed,2025-06-15,2025,6,15,166,1,30,6,Sunday,False,True,summer,weekend,10.095
2025-06-15 01:45:00,B001,55.0,59.13,True,,59.13,False,observed,2025-06-15,2025,6,15,166,1,45,6,Sunday,False,True,summer,weekend,14.7825
2025-06-15 02:00:00,B001,55.2,55.74,True,,55.74,False,observed,2025-06-15,2025,6,15,166,2,0,6,Sunday,False,True,summer,weekend,13.935
2025-06-15 02:15:00,B001,55.4,39.66,True,,39.66,False,observed,2025-06-15,2025,6,15,166,2,15,6,Sunday,False,True,summer,weekend,9.915
2025-06-15 02:30:00,B001,55.7,52.31,True,,52.31,False,observed,2025-06-15,2025,6,15,166,2,30,6,Sunday,False,True,summer,weekend,13.077500000000002
2025-06-15 02:45:00,B001,56.1,55.42,True,,55.42,False,observed,2025-06-15,2025,6,15,166,2,45,6,Sunday,False,True,summer,weekend,13.855
2025-06-15 03:00:00,B001,56.5,56.95,True,,56.95,False,observed,2025-06-15,2025,6,15,166,3,0,6,Sunday,False,True,summer,weekend,14.2375
2025-06-15 03:15:00,B001,57.0,53.92,True,,53.92,False,observed,2025-06-15,2025,6,15,166,3,15,6,Sunday,False,True,summer,weekend,13.48
2025-06-15 03:30:00,B001,57.5,54.83,True,,54.83,False,observed,2025-06-15,2025,6,15,166,3,30,6,Sunday,False,True,summer,weekend,13.7075
2025-06-15 03:45:00,B001,58.1,64.29,True,,64.29,False,observed,2025-06-15,2025,6,15,166,3,45,6,Sunday,False,True,summer,weekend,16.0725
2025-06-15 04:00:00,B001,58.7,62.31,True,,62.31,False,observed,2025-06-15,2025,6,15,166,4,0,6,Sunday,False,True,summer,weekend,15.577500000000002
2025-06-15 04:15:00,B001,59.4,29.56,True,,29.56,False,observed,2025-06-15,2025,6,15,166,4,15,6,Sunday,False,True,summer,weekend,7.39
2025-06-15 04:30:00,B001,60.1,49.96,True,,49.96,False,observed,2025-06-15,2025,6,15,166,4,30,6,Sunday,False,True,summer,weekend,12.49
2025-06-15 04:45:00,B001,60.9,51.18,True,,51.18,False,observed,2025-06-15,2025,6,15,166,4,45,6,Sunday,False,True,summer,weekend,12.795
2025-06-15 05:00:00,B001,61.7,38.48,True,,38.48,False,observed,2025-06-15,2025,6,15,166,5,0,6,Sunday,False,True,summer,weekend,9.62
2025-06-15 05:15:00,B001,62.5,53.25,True,,53.25,False,observed,2025-06-15,2025,6,15,166,5,15,6,Sunday,False,True,summer,weekend,13.3125
2025-06-15 05:30:00,B001,63.4,62.49,True,,62.49,False,observed,2025-06-15,2025,6,15,166,5,30,6,Sunday,False,True,summer,weekend,15.6225
2025-06-15 05:45:00,B001,64.3,43.81,True,,43.81,False,observed,2025-06-15,2025,6,15,166,5,45,6,Sunday,False,True,summer,weekend,10.952500000000002
2025-06-15 06:00:00,B001,65.2,55.19,True,,55.19,False,observed,2025-06-15,2025,6,15,166,6,0,6,Sunday,False,True,summer,weekend,13.797499999999998
2025-06-15 06:15:00,B001,66.2,45.17,True,,45.17,False,observed,2025-06-15,2025,6,15,166,6,15,6,Sunday,False,True,summer,weekend,11.2925
2025-06-15 06:30:00,B001,67.1,47.12,True,,47.12,False,observed,2025-06-15,2025,6,15,166,6,30,6,Sunday,False,True,summer,weekend,11.78
2025-06-15 06:45:00,B001,68.1,64.32,True,,64.32,False,observed,2025-06-15,2025,6,15,166,6,45,6,Sunday,False,True,summer,weekend,16.08
2025-06-15 07:00:00,B001,69.1,48.16,True,,48.16,False,observed,2025-06-15,2025,6,15,166,7,0,6,Sunday,False,True,summer,weekend,12.04
2025-06-15 07:15:00,B001,70.1,56.2,True,,56.2,False,observed,2025-06-15,2025,6,15,166,7,15,6,Sunday,False,True,summer,weekend,14.05
2025-06-15 07:30:00,B001,71.0,37.53,True,,37.53,False,observed,2025-06-15,2025,6,15,166,7,30,6,Sunday,False,True,summer,weekend,9.3825
2025-06-15 07:45:00,B001,72.0,67.4,True,,67.4,False,observed,2025-06-15,2025,6,15,166,7,45,6,Sunday,False,True,summer,weekend,16.85
2025-06-15 08:00:00,B001,73.0,57.32,True,,57.32,False,observed,2025-06-15,2025,6,15,166,8,0,6,Sunday,False,True,summer,weekend,14.33
2025-06-15 08:15:00,B001,73.9,51.04,True,,51.04,False,observed,2025-06-15,2025,6,15,166,8,15,6,Sunday,False,True,summer,weekend,12.76
2025-06-15 08:30:00,B001,74.9,57.1,True,,57.1,False,observed,2025-06-15,2025,6,15,166,8,30,6,Sunday,False,True,summer,weekend,14.275
2025-06-15 08:45:00,B001,75.8,45.97,True,,45.97,False,observed,2025-06-15,2025,6,15,166,8,45,6,Sunday,False,True,summer,weekend,11.4925
2025-06-15 09:00:00,B001,76.7,72.04,True,,72.04,False,observed,2025-06-15,2025,6,15,166,9,0,6,Sunday,False,True,summer,weekend,18.01
2025-06-15 09:15:00,B001,77.5,65.14,True,,65.14,False,observed,2025-06-15,2025,6,15,166,9,15,6,Sunday,False,True,summer,weekend,16.285
2025-06-15 09:30:00,B001,78.4,71.06,True,,71.06,False,observed,2025-06-15,2025,6,15,166,9,30,6,Sunday,False,True,summer,weekend,17.765
2025-06-15 09:45:00,B001,79.2,73.51,True,,73.51,False,observed,2025-06-15,2025,6,15,166,9,45,6,Sunday,False,True,summer,weekend,18.3775
2025-06-15 10:00:00,B001,79.9,77.3,True,,77.3,False,observed,2025-06-15,2025,6,15,166,10,0,6,Sunday,False,True,summer,weekend,19.325
2025-06-15 10:15:00,B001,80.6,91.74,True,,91.74,False,observed,2025-06-15,2025,6,15,166,10,15,6,Sunday,False,True,summer,weekend,22.935
2025-06-15 10:30:00,B001,81.3,92.2,True,,92.2,False,observed,2025-06-15,2025,6,15,166,10,30,6,Sunday,False,True,summer,weekend,23.05
2025-06-15 10:45:00,B001,81.9,99.05,True,,99.05,False,observed,2025-06-15,2025,6,15,166,10,45,6,Sunday,False,True,summer,weekend,24.7625
2025-06-15 11:00:00,B001,82.5,97.13,True,,97.13,False,observed,2025-06-15,2025,6,15,166,11,0,6,Sunday,False,True,summer,weekend,24.282499999999995
2025-06-15 11:15:00,B001,83.0,104.35,True,,104.35,False,observed,2025-06-15,2025,6,15,166,11,15,6,Sunday,False,True,summer,weekend,26.0875
2025-06-15 11:30:00,B001,83.4,99.6,True,,99.6,False,observed,2025-06-15,2025,6,15,166,11,30,6,Sunday,False,True,summer,weekend,24.9
2025-06-15 11:45:00,B001,83.8,123.15,True,,123.15,False,observed,2025-06-15,2025,6,15,166,11,45,6,Sunday,False,True,summer,weekend,30.7875
2025-06-15 12:00:00,B001,84.1,94.77,True,,94.77,False,observed,2025-06-15,2025,6,15,166,12,0,6,Sunday,False,True,summer,weekend,23.6925
2025-06-15 12:15:00,B001,84.4,119.04,True,,119.04,False,observed,2025-06-15,2025,6,15,166,12,15,6,Sunday,False,True,summer,weekend,29.76
2025-06-15 12:30:00,B001,84.6,121.16,True,,121.16,False,observed,2025-06-15,2025,6,15,166,12,30,6,Sunday,False,True,summer,weekend,30.29
2025-06-15 12:45:00,B001,84.8,104.28,True,,104.28,False,observed,2025-06-15,2025,6,15,166,12,45,6,Sunday,False,True,summer,weekend,26.07
2025-06-15 13:00:00,B001,84.8,129.43,True,,129.43,False,observed,2025-06-15,2025,6,15,166,13,0,6,Sunday,False,True,summer,weekend,32.3575
2025-06-15 13:15:00,B001,84.9,119.68,True,,119.68,False,observed,2025-06-15,2025,6,15,166,13,15,6,Sunday,False,True,summer,weekend,29.92
2025-06-15 13:30:00,B001,84.8,119.21,True,,119.21,False,observed,2025-06-15,2025,6,15,166,13,30,6,Sunday,False,True,summer,weekend,29.8025
2025-06-15 13:45:00,B001,84.7,111.01,True,,111.01,False,observed,2025-06-15,2025,6,15,166,13,45,6,Sunday,False,True,summer,weekend,27.7525
2025-06-15 14:00:00,B001,84.5,108.02,True,,108.02,False,observed,2025-06-15,2025,6,15,166,14,0,6,Sunday,False,True,summer,weekend,27.005
2025-06-15 14:15:00,B001,84.3,106.67,True,,106.67,False,observed,2025-06-15,2025,6,15,166,14,15,6,Sunday,False,True,summer,weekend,26.6675
2025-06-15 14:30:00,B001,84.0,109.68,True,,109.68,False,observed,2025-06-15,2025,6,15,166,14,30,6,Sunday,False,True,summer,weekend,27.42
2025-06-15 14:45:00,B001,83.7,115.62,True,,115.62,False,observed,2025-06-15,2025,6,15,166,14,45,6,Sunday,False,True,summer,weekend,28.905000000000005
2025-06-15 15:00:00,B001,83.2,103.36,True,,103.36,False,observed,2025-06-15,2025,6,15,166,15,0,6,Sunday,False,True,summer,weekend,25.84
2025-06-15 15:15:00,B001,82.8,91.78,True,,91.78,False,observed,2025-06-15,2025,6,15,166,15,15,6,Sunday,False,True,summer,weekend,22.945
2025-06-15 15:30:00,B001,82.2,102.49,True,,102.49,False,observed,2025-06-15,2025,6,15,166,15,30,6,Sunday,False,True,summer,weekend,25.6225
2025-06-15 15:45:00,B001,81.6,99.77,True,,99.77,False,observed,2025-06-15,2025,6,15,166,15,45,6,Sunday,False,True,summer,weekend,24.9425
2025-06-15 16:00:00,B001,81.0,93.84,True,,93.84,False,observed,2025-06-15,2025,6,15,166,16,0,6,Sunday,False,True,summer,weekend,23.46
2025-06-15 16:15:00,B001,80.3,90.49,True,,90.49,False,observed,2025-06-15,2025,6,15,166,16,15,6,Sunday,False,True,summer,weekend,22.6225
2025-06-15 16:30:00,B001,79.6,78.0,True,,78.0,False,observed,2025-06-15,2025,6,15,166,16,30,6,Sunday,False,True,summer,weekend,19.5
2025-06-15 16:45:00,B001,78.8,68.14,True,,68.14,False,observed,2025-06-15,2025,6,15,166,16,45,6,Sunday,False,True,summer,weekend,17.035
2025-06-15 17:00:00,B001,78.0,63.79,True,,63.79,False,observed,2025-06-15,2025,6,15,166,17,0,6,Sunday,False,True,summer,weekend,15.9475
2025-06-15 17:15:00,B001,77.2,52.61,True,,52.61,False,observed,2025-06-15,2025,6,15,166,17,15,6,Sunday,False,True,summer,weekend,13.1525
2025-06-15 17:30:00,B001,76.3,62.36,True,,62.36,False,observed,2025-06-15,2025,6,15,166,17,30,6,Sunday,False,True,summer,weekend,15.59
2025-06-15 17:45:00,B001,75.4,54.4,True,,54.4,False,observed,2025-06-15,2025,6,15,166,17,45,6,Sunday,False,True,summer,weekend,13.6
2025-06-15 18:00:00,B001,74.5,48.98,True,,48.98,False,observed,2025-06-15,2025,6,15,166,18,0,6,Sunday,False,True,summer,weekend,12.245
2025-06-15 18:15:00,B001,73.6,28.86,True,,28.86,False,observed,2025-06-15,2025,6,15,166,18,15,6,Sunday,False,True,summer,weekend,7.215
2025-06-15 18:30:00,B001,72.6,42.52,True,,42.52,False,observed,2025-06-15,2025,6,15,166,18,30,6,Sunday,False,True,summer,weekend,10.63
2025-06-15 18:45:00,B001,71.6,61.47,True,,61.47,False,observed,2025-06-15,2025,6,15,166,18,45,6,Sunday,False,True,summer,weekend,15.3675
2025-06-15 19:00:00,B001,70.7,47.18,True,,47.18,False,observed,2025-06-15,2025,6,15,166,19,0,6,Sunday,False,True,summer,weekend,11.795
2025-06-15 19:15:00,B001,69.7,55.38,True,,55.38,False,observed,2025-06-15,2025,6,15,166,19,15,6,Sunday,False,True,summer,weekend,13.845
2025-06-15 19:30:00,B001,68.7,41.37,True,,41.37,False,observed,2025-06-15,2025,6,15,166,19,30,6,Sunday,False,True,summer,weekend,10.3425
2025-06-15 19:45:00,B001,67.7,64.01,True,,64.01,False,observed,2025-06-15,2025,6,15,166,19,45,6,Sunday,False,True,summer,weekend,16.0025
2025-06-15 20:00:00,B001,66.8,51.35,True,,51.35,False,observed,2025-06-15,2025,6,15,166,20,0,6,Sunday,False,True,summer,weekend,12.8375
2025-06-15 20:15:00,B001,65.8,54.82,True,,54.82,False,observed,2025-06-15,2025,6,15,166,20,15,6,Sunday,False,True,summer,weekend,13.705
2025-06-15 20:30:00,B001,64.9,71.11,True,,71.11,False,observed,2025-06-15,2025,6,15,166,20,30,6,Sunday,False,True,summer,weekend,17.7775
2025-06-15 20:45:00,B001,63.9,64.63,True,,64.63,False,observed,2025-06-15,2025,6,15,166,20,45,6,Sunday,False,True,summer,weekend,16.1575
2025-06-15 21:00:00,B001,63.1,50.05,True,,50.05,False,observed,2025-06-15,2025,6,15,166,21,0,6,Sunday,False,True,summer,weekend,12.5125
2025-06-15 21:15:00,B001,62.2,47.75,True,,47.75,False,observed,2025-06-15,2025,6,15,166,21,15,6,Sunday,False,True,summer,weekend,11.9375
2025-06-15 21:30:00,B001,61.4,49.9,True,,49.9,False,observed,2025-06-15,2025,6,15,166,21,30,6,Sunday,False,True,summer,weekend,12.475
2025-06-15 21:45:00,B001,60.6,56.58,True,,56.58,False,observed,2025-06-15,2025,6,15,166,21,45,6,Sunday,False,True,summer,weekend,14.145
2025-06-15 22:00:00,B001,59.8,51.66,True,,51.66,False,observed,2025-06-15,2025,6,15,166,22,0,6,Sunday,False,True,summer,weekend,12.915
2025-06-15 22:15:00,B001,59.1,49.34,True,,49.34,False,observed,2025-06-15,2025,6,15,166,22,15,6,Sunday,False,True,summer,weekend,12.335
2025-06-15 22:30:00,B001,58.5,64.24,True,,64.24,False,observed,2025-06-15,2025,6,15,166,22,30,6,Sunday,False,True,summer,weekend,16.06
2025-06-15 22:45:00,B001,57.9,51.59,True,,51.59,False,observed,2025-06-15,2025,6,15,166,22,45,6,Sunday,False,True,summer,weekend,12.8975
2025-06-15 23:00:00,B001,57.3,70.9,True,,70.9,False,observed,2025-06-15,2025,6,15,166,23,0,6,Sunday,False,True,summer,weekend,17.725
2025-06-15 23:15:00,B001,56.8,53.23,True,,53.23,False,observed,2025-06-15,2025,6,15,166,23,15,6,Sunday,False,True,summer,weekend,13.3075
2025-06-15 23:30:00,B001,56.3,66.78,True,,66.78,False,observed,2025-06-15,2025,6,15,166,23,30,6,Sunday,False,True,summer,weekend,16.695
2025-06-15 23:45:00,B001,55.9,55.36,True,,55.36,False,observed,2025-06-15,2025,6,15,166,23,45,6,Sunday,False,True,summer,weekend,13.84
2025-06-16 00:00:00,B001,55.6,157.7,True,,157.7,False,observed,2025-06-16,2025,6,16,167,0,0,0,Monday,True,False,summer,weekday,39.425
2025-06-16 00:15:00,B001,50.0,144.2,True,,144.2,False,observed,2025-06-16,2025,6,16,167,0,15,0,Monday,True,False,summer,weekday,36.05
2025-06-16 00:30:00,B001,49.8,143.17,True,,143.17,False,observed,2025-06-16,2025,6,16,167,0,30,0,Monday,True,False,summer,weekday,35.7925
2025-06-16 00:45:00,B001,49.7,153.68,True,,153.68,False,observed,2025-06-16,2025,6,16,167,0,45,0,Monday,True,False,summer,weekday,38.42
2025-06-16 01:00:00,B001,49.6,157.91,True,,157.91,False,observed,2025-06-16,2025,6,16,167,1,0,0,Monday,True,False,summer,weekday,39.4775
2025-06-16 01:15:00,B001,49.6,150.32,True,,150.32,False,observed,2025-06-16,2025,6,16,167,1,15,0,Monday,True,False,summer,weekday,37.58
2025-06-16 01:30:00,B001,49.6,139.71,True,,139.71,False,observed,2025-06-16,2025,6,16,167,1,30,0,Monday,True,False,summer,weekday,34.9275
2025-06-16 01:45:00,B001,49.7,139.12,True,,139.12,False,observed,2025-06-16,2025,6,16,167,1,45,0,Monday,True,False,summer,weekday,34.78
2025-06-16 02:00:00,B001,49.9,138.58,True,,138.58,False,observed,2025-06-16,2025,6,16,167,2,0,0,Monday,True,False,summer,weekday,34.645
2025-06-16 02:15:00,B001,50.1,135.86,True,,135.86,False,observed,2025-06-16,2025,6,16,167,2,15,0,Monday,True,False,summer,weekday,33.965
2025-06-16 02:30:00,B001,50.4,150.88,True,,150.88,False,observed,2025-06-16,2025,6,16,167,2,30,0,Monday,True,False,summer,weekday,37.72
2025-06-16 02:45:00,B001,50.8,159.0,True,,159.0,False,observed,2025-06-16,2025,6,16,167,2,45,0,Monday,True,False,summer,weekday,39.75
2025-06-16 03:00:00,B001,51.2,149.89,True,,149.89,False,observed,2025-06-16,2025,6,16,167,3,0,0,Monday,True,False,summer,weekday,37.4725
2025-06-16 03:15:00,B001,51.7,131.92,True,,131.92,False,observed,2025-06-16,2025,6,16,167,3,15,0,Monday,True,False,summer,weekday,32.98
2025-06-16 03:30:00,B001,52.2,148.47,True,,148.47,False,observed,2025-06-16,2025,6,16,167,3,30,0,Monday,True,False,summer,weekday,37.1175
2025-06-16 03:45:00,B001,52.8,148.7,True,,148.7,False,observed,2025-06-16,2025,6,16,167,3,45,0,Monday,True,False,summer,weekday,37.175
2025-06-16 04:00:00,B001,53.4,166.77,True,,166.77,False,observed,2025-06-16,2025,6,16,167,4,0,0,Monday,True,False,summer,weekday,41.6925
2025-06-16 04:15:00,B001,54.1,138.34,True,,138.34,False,observed,2025-06-16,2025,6,16,167,4,15,0,Monday,True,False,summer,weekday,34.585
2025-06-16 04:30:00,B001,54.8,146.87,True,,146.87,False,observed,2025-06-16,2025,6,16,167,4,30,0,Monday,True,False,summer,weekday,36.7175
2025-06-16 04:45:00,B001,55.6,163.65,True,,163.65,False,observed,2025-06-16,2025,6,16,167,4,45,0,Monday,True,False,summer,weekday,40.9125
2025-06-16 05:00:00,B001,56.4,153.6,True,,153.6,False,observed,2025-06-16,2025,6,16,167,5,0,0,Monday,True,False,summer,weekday,38.4
2025-06-16 05:15:00,B001,57.2,154.51,True,,154.51,False,observed,2025-06-16,2025,6,16,167,5,15,0,Monday,True,False,summer,weekday,38.62749999999999
2025-06-16 05:30:00,B001,58.1,150.92,True,,150.92,False,observed,2025-06-16,2025,6,16,167,5,30,0,Monday,True,False,summer,weekday,37.73
2025-06-16 05:45:00,B001,59.0,152.65,True,,152.65,False,observed,2025-06-16,2025,6,16,167,5,45,0,Monday,True,False,summer,weekday,38.1625
2025-06-16 06:00:00,B001,59.9,156.27,True,,156.27,False,observed,2025-06-16,2025,6,16,167,6,0,0,Monday,True,False,summer,weekday,39.0675
2025-06-16 06:15:00,B001,60.9,143.79,True,,143.79,False,observed,2025-06-16,2025,6,16,167,6,15,0,Monday,True,False,summer,weekday,35.9475
2025-06-16 06:30:00,B001,61.8,158.18,True,,158.18,False,observed,2025-06-16,2025,6,16,167,6,30,0,Monday,True,False,summer,weekday,39.545
2025-06-16 06:45:00,B001,62.8,143.28,True,,143.28,False,observed,2025-06-16,2025,6,16,167,6,45,0,Monday,True,False,summer,weekday,35.82
2025-06-16 07:00:00,B001,63.8,165.81,True,,165.81,False,observed,2025-06-16,2025,6,16,167,7,0,0,Monday,True,False,summer,weekday,41.4525
2025-06-16 07:15:00,B001,64.8,185.68,True,,185.68,False,observed,2025-06-16,2025,6,16,167,7,15,0,Monday,True,False,summer,weekday,46.42
2025-06-16 07:30:00,B001,65.7,219.88,True,,219.88,False,observed,2025-06-16,2025,6,16,167,7,30,0,Monday,True,False,summer,weekday,54.97
2025-06-16 07:45:00,B001,66.7,287.17,True,,287.17,False,observed,2025-06-16,2025,6,16,167,7,45,0,Monday,True,False,summer,weekday,71.7925
2025-06-16 08:00:00,B001,67.7,357.01,True,,357.01,False,observed,2025-06-16,2025,6,16,167,8,0,0,Monday,True,False,summer,weekday,89.2525
2025-06-16 08:15:00,B001,68.6,416.48,True,,416.48,False,observed,2025-06-16,2025,6,16,167,8,15,0,Monday,True,False,summer,weekday,104.12000000000002
2025-06-16 08:30:00,B001,69.6,447.17,True,,447.17,False,observed,2025-06-16,2025,6,16,167,8,30,0,Monday,True,False,summer,weekday,111.7925
2025-06-16 08:45:00,B001,70.5,416.22,True,,416.22,False,observed,2025-06-16,2025,6,16,167,8,45,0,Monday,True,False,summer,weekday,104.055
2025-06-16 09:00:00,B001,71.4,364.58,True,,364.58,False,observed,2025-06-16,2025,6,16,167,9,0,0,Monday,True,False,summer,weekday,91.145
2025-06-16 09:15:00,B001,72.2,278.15,True,,278.15,False,observed,2025-06-16,2025,6,16,167,9,15,0,Monday,True,False,summer,weekday,69.5375
2025-06-16 09:30:00,B001,73.1,230.5,True,,230.5,False,observed,2025-06-16,2025,6,16,167,9,30,0,Monday,True,False,summer,weekday,57.625
2025-06-16 09:45:00,B001,73.8,174.8,True,,174.8,False,observed,2025-06-16,2025,6,16,167,9,45,0,Monday,True,False,summer,weekday,43.7
2025-06-16 10:00:00,B001,74.6,158.65,True,,158.65,False,observed,2025-06-16,2025,6,16,167,10,0,0,Monday,True,False,summer,weekday,39.6625
2025-06-16 10:15:00,B001,75.3,151.11,True,,151.11,False,observed,2025-06-16,2025,6,16,167,10,15,0,Monday,True,False,summer,weekday,37.7775
2025-06-16 10:30:00,B001,76.0,167.57,True,,167.57,False,observed,2025-06-16,2025,6,16,167,10,30,0,Monday,True,False,summer,weekday,41.8925
2025-06-16 10:45:00,B001,76.6,162.4,True,,162.4,False,observed,2025-06-16,2025,6,16,167,10,45,0,Monday,True,False,summer,weekday,40.6
2025-06-16 11:00:00,B001,77.1,161.21,True,,161.21,False,observed,2025-06-16,2025,6,16,167,11,0,0,Monday,True,False,summer,weekday,40.3025
2025-06-16 11:15:00,B001,77.7,169.9,True,,169.9,False,observed,2025-06-16,2025,6,16,167,11,15,0,Monday,True,False,summer,weekday,42.475
2025-06-16 11:30:00,B001,78.1,151.75,True,,151.75,False,observed,2025-06-16,2025,6,16,167,11,30,0,Monday,True,False,summer,weekday,37.9375
2025-06-16 11:45:00,B001,78.5,170.62,True,,170.62,False,observed,2025-06-16,2025,6,16,167,11,45,0,Monday,True,False,summer,weekday,42.655
2025-06-16 12:00:00,B001,78.8,188.95,True,,188.95,False,observed,2025-06-16,2025,6,16,167,12,0,0,Monday,True,False,summer,weekday,47.2375
2025-06-16 12:15:00,B001,79.1,175.67,True,,175.67,False,observed,2025-06-16,2025,6,16,167,12,15,0,Monday,True,False,summer,weekday,43.9175
2025-06-16 12:30:00,B001,79.3,176.41,True,,176.41,False,observed,2025-06-16,2025,6,16,167,12,30,0,Monday,True,False,summer,weekday,44.1025
2025-06-16 12:45:00,B001,79.5,181.14,True,,181.14,False,observed,2025-06-16,2025,6,16,167,12,45,0,Monday,True,False,summer,weekday,45.285
2025-06-16 13:00:00,B001,79.5,184.42,True,,184.42,False,observed,2025-06-16,2025,6,16,167,13,0,0,Monday,True,False,summer,weekday,46.105
2025-06-16 13:15:00,B001,79.6,161.4,True,,161.4,False,observed,2025-06-16,2025,6,16,167,13,15,0,Monday,True,False,summer,weekday,40.35
2025-06-16 13:30:00,B001,79.5,163.67,True,,163.67,False,observed,2025-06-16,2025,6,16,167,13,30,0,Monday,True,False,summer,weekday,40.9175
2025-06-16 13:45:00,B001,79.4,178.23,True,,178.23,False,observed,2025-06-16,2025,6,16,167,13,45,0,Monday,True,False,summer,weekday,44.5575
2025-06-16 14:00:00,B001,79.2,170.03,True,,170.03,False,observed,2025-06-16,2025,6,16,167,14,0,0,Monday,True,False,summer,weekday,42.5075
2025-06-16 14:15:00,B001,79.0,185.53,True,,185.53,False,observed,2025-06-16,2025,6,16,167,14,15,0,Monday,True,False,summer,weekday,46.3825
2025-06-16 14:30:00,B001,78.7,172.57,True,,172.57,False,observed,2025-06-16,2025,6,16,167,14,30,0,Monday,True,False,summer,weekday,43.1425
2025-06-16 14:45:00,B001,78.3,161.87,True,,161.87,False,observed,2025-06-16,2025,6,16,167,14,45,0,Monday,True,False,summer,weekday,40.4675
2025-06-16 15:00:00,B001,77.9,174.12,True,,174.12,False,observed,2025-06-16,2025,6,16,167,15,0,0,Monday,True,False,summer,weekday,43.53
2025-06-16 15:15:00,B001,77.5,177.46,True,,177.46,False,observed,2025-06-16,2025,6,16,167,15,15,0,Monday,True,False,summer,weekday,44.365
2025-06-16 15:30:00,B001,76.9,225.2,True,,225.2,False,observed,2025-06-16,2025,6,16,167,15,30,0,Monday,True,False,summer,weekday,56.3
2025-06-16 15:45:00,B001,76.3,268.66,True,,268.66,False,observed,2025-06-16,2025,6,16,167,15,45,0,Monday,True,False,summer,weekday,67.165
2025-06-16 16:00:00,B001,75.7,324.84,True,,324.84,False,observed,2025-06-16,2025,6,16,167,16,0,0,Monday,True,False,summer,weekday,81.21
2025-06-16 16:15:00,B001,75.0,403.68,True,,403.68,False,observed,2025-06-16,2025,6,16,167,16,15,0,Monday,True,False,summer,weekday,100.92
2025-06-16 16:30:00,B001,74.3,472.17,True,,472.17,False,observed,2025-06-16,2025,6,16,167,16,30,0,Monday,True,False,summer,weekday,118.0425
2025-06-16 16:45:00,B001,73.5,510.53,True,,510.53,False,observed,2025-06-16,2025,6,16,167,16,45,0,Monday,True,False,summer,weekday,127.6325
2025-06-16 17:00:00,B001,72.7,512.92,True,,512.92,False,observed,2025-06-16,2025,6,16,167,17,0,0,Monday,True,False,summer,weekday,128.23
2025-06-16 17:15:00,B001,71.9,516.83,True,,516.83,False,observed,2025-06-16,2025,6,16,167,17,15,0,Monday,True,False,summer,weekday,129.2075
2025-06-16 17:30:00,B001,71.0,467.02,True,,467.02,False,observed,2025-06-16,2025,6,16,167,17,30,0,Monday,True,False,summer,weekday,116.75499999999998
2025-06-16 17:45:00,B001,70.1,397.34,True,,397.34,False,observed,2025-06-16,2025,6,16,167,17,45,0,Monday,True,False,summer,weekday,99.335
2025-06-16 18:00:00,B001,69.2,331.83,True,,331.83,False,observed,2025-06-16,2025,6,16,167,18,0,0,Monday,True,False,summer,weekday,82.9575
2025-06-16 18:15:00,B001,68.3,252.79,True,,252.79,False,observed,2025-06-16,2025,6,16,167,18,15,0,Monday,True,False,summer,weekday,63.1975
2025-06-16 18:30:00,B001,67.3,231.59,True,,231.59,False,observed,2025-06-16,2025,6,16,167,18,30,0,Monday,True,False,summer,weekday,57.8975
2025-06-16 18:45:00,B001,66.3,177.05,True,,177.05,False,observed,2025-06-16,2025,6,16,167,18,45,0,Monday,True,False,summer,weekday,44.2625
2025-06-16 19:00:00,B001,65.3,172.69,True,,172.69,False,observed,2025-06-16,2025,6,16,167,19,0,0,Monday,True,False,summer,weekday,43.1725
2025-06-16 19:15:00,B001,64.4,143.78,True,,143.78,False,observed,2025-06-16,2025,6,16,167,19,15,0,Monday,True,False,summer,weekday,35.945
2025-06-16 19:30:00,B001,63.4,145.44,True,,145.44,False,observed,2025-06-16,2025,6,16,167,19,30,0,Monday,True,False,summer,weekday,36.36
2025-06-16 19:45:00,B001,62.4,163.16,True,,163.16,False,observed,2025-06-16,2025,6,16,167,19,45,0,Monday,True,False,summer,weekday,40.79
2025-06-16 20:00:00,B001,61.4,148.25,True,,148.25,False,observed,2025-06-16,2025,6,16,167,20,0,0,Monday,True,False,summer,weekday,37.0625
2025-06-16 20:15:00,B001,60.5,156.82,True,,156.82,False,observed,2025-06-16,2025,6,16,167,20,15,0,Monday,True,False,summer,weekday,39.205
2025-06-16 20:30:00,B001,59.6,151.92,True,,151.92,False,observed,2025-06-16,2025,6,16,167,20,30,0,Monday,True,False,summer,weekday,37.98
2025-06-16 20:45:00,B001,58.6,149.17,True,,149.17,False,observed,2025-06-16,2025,6,16,167,20,45,0,Monday,True,False,summer,weekday,37.2925
2025-06-16 21:00:00,B001,57.8,160.91,True,,160.91,False,observed,2025-06-16,2025,6,16,167,21,0,0,Monday,True,False,summer,weekday,40.2275
2025-06-16 21:15:00,B001,56.9,148.11,True,,148.11,False,observed,2025-06-16,2025,6,16,167,21,15,0,Monday,True,False,summer,weekday,37.0275
2025-06-16 21:30:00,B001,56.1,135.75,True,,135.75,False,observed,2025-06-16,2025,6,16,167,21,30,0,Monday,True,False,summer,weekday,33.9375
2025-06-16 21:45:00,B001,55.3,143.57,True,,143.57,False,observed,2025-06-16,2025,6,16,167,21,45,0,Monday,True,False,summer,weekday,35.8925
2025-06-16 22:00:00,B001,54.5,154.41,True,,154.41,False,observed,2025-06-16,2025,6,16,167,22,0,0,Monday,True,False,summer,weekday,38.6025
2025-06-16 22:15:00,B001,53.8,153.16,True,,153.16,False,observed,2025-06-16,2025,6,16,167,22,15,0,Monday,True,False,summer,weekday,38.29
2025-06-16 22:30:00,B001,53.2,137.46,True,,137.46,False,observed,2025-06-16,2025,6,16,167,22,30,0,Monday,True,False,summer,weekday,34.365
2025-06-16 22:45:00,B001,52.5,144.21,True,,144.21,False,observed,2025-06-16,2025,6,16,167,22,45,0,Monday,True,False,summer,weekday,36.0525
2025-06-16 23:00:00,B001,52.0,145.35,True,,145.35,False,observed,2025-06-16,2025,6,16,167,23,0,0,Monday,True,False,summer,weekday,36.3375
2025-06-16 23:15:00,B001,51.5,147.08,True,,147.08,False,observed,2025-06-16,2025,6,16,167,23,15,0,Monday,True,False,summer,weekday,36.77
2025-06-16 23:30:00,B001,51.0,138.99,True,,138.99,False,observed,2025-06-16,2025,6,16,167,23,30,0,Monday,True,False,summer,weekday,34.74750000000001
2025-06-16 23:45:00,B001,50.6,144.97,True,,144.97,False,observed,2025-06-16,2025,6,16,167,23,45,0,Monday,True,False,summer,weekday,36.2425
2025-06-17 00:00:00,B001,50.3,144.17,True,,144.17,False,observed,2025-06-17,2025,6,17,168,0,0,1,Tuesday,True,False,summer,weekday,36.0425
2025-06-17 00:15:00,B001,54.9,156.17,True,,156.17,False,observed,2025-06-17,2025,6,17,168,0,15,1,Tuesday,True,False,summer,weekday,39.0425
2025-06-17 00:30:00,B001,54.7,156.47,True,,156.47,False,observed,2025-06-17,2025,6,17,168,0,30,1,Tuesday,True,False,summer,weekday,39.1175
2025-06-17 00:45:00,B001,54.6,148.83,True,,148.83,False,observed,2025-06-17,2025,6,17,168,0,45,1,Tuesday,True,False,summer,weekday,37.2075
2025-06-17 01:00:00,B001,54.5,146.86,True,,146.86,False,observed,2025-06-17,2025,6,17,168,1,0,1,Tuesday,True,False,summer,weekday,36.715
2025-06-17 01:15:00,B001,54.5,151.12,True,,151.12,False,observed,2025-06-17,2025,6,17,168,1,15,1,Tuesday,True,False,summer,weekday,37.78
2025-06-17 01:30:00,B001,54.5,143.47,True,,143.47,False,observed,2025-06-17,2025,6,17,168,1,30,1,Tuesday,True,False,summer,weekday,35.8675
2025-06-17 01:45:00,B001,54.6,140.83,True,,140.83,False,observed,2025-06-17,2025,6,17,168,1,45,1,Tuesday,True,False,summer,weekday,35.2075
2025-06-17 02:00:00,B001,54.8,142.48,True,,142.48,False,observed,2025-06-17,2025,6,17,168,2,0,1,Tuesday,True,False,summer,weekday,35.62
2025-06-17 02:15:00,B001,55.0,144.92,True,,144.92,False,observed,2025-06-17,2025,6,17,168,2,15,1,Tuesday,True,False,summer,weekday,36.23
2025-06-17 02:30:00,B001,55.3,140.69,True,,140.69,False,observed,2025-06-17,2025,6,17,168,2,30,1,Tuesday,True,False,summer,weekday,35.1725
2025-06-17 02:45:00,B001,55.7,151.3,True,,151.3,False,observed,2025-06-17,2025,6,17,168,2,45,1,Tuesday,True,False,summer,weekday,37.825
2025-06-17 03:00:00,B001,56.1,155.84,True,,155.84,False,observed,2025-06-17,2025,6,17,168,3,0,1,Tuesday,True,False,summer,weekday,38.96
2025-06-17 03:15:00,B001,56.6,137.3,True,,137.3,False,observed,2025-06-17,2025,6,17,168,3,15,1,Tuesday,True,False,summer,weekday,34.325
2025-06-17 03:30:00,B001,57.1,150.2,True,,150.2,False,observed,2025-06-17,2025,6,17,168,3,30,1,Tuesday,True,False,summer,weekday,37.55
2025-06-17 03:45:00,B001,57.7,148.24,True,,148.24,False,observed,2025-06-17,2025,6,17,168,3,45,1,Tuesday,True,False,summer,weekday,37.06000000000001
2025-06-17 04:00:00,B001,58.3,152.73,True,,152.73,False,observed,2025-06-17,2025,6,17,168,4,0,1,Tuesday,True,False,summer,weekday,38.1825
2025-06-17 04:15:00,B001,59.0,149.9,True,,149.9,False,observed,2025-06-17,2025,6,17,168,4,15,1,Tuesday,True,False,summer,weekday,37.475
2025-06-17 04:30:00,B001,59.7,138.37,True,,138.37,False,observed,2025-06-17,2025,6,17,168,4,30,1,Tuesday,True,False,summer,weekday,34.5925
2025-06-17 04:45:00,B001,60.5,139.9,True,,139.9,False,observed,2025-06-17,2025,6,17,168,4,45,1,Tuesday,True,False,summer,weekday,34.975
2025-06-17 05:00:00,B001,61.3,150.24,True,,150.24,False,observed,2025-06-17,2025,6,17,168,5,0,1,Tuesday,True,False,summer,weekday,37.56000000000001
2025-06-17 05:15:00,B001,62.1,158.23,True,,158.23,False,observed,2025-06-17,2025,6,17,168,5,15,1,Tuesday,True,False,summer,weekday,39.5575
2025-06-17 05:30:00,B001,63.0,132.29,True,,132.29,False,observed,2025-06-17,2025,6,17,168,5,30,1,Tuesday,True,False,summer,weekday,33.0725
2025-06-17 05:45:00,B001,63.9,152.77,True,,152.77,False,observed,2025-06-17,2025,6,17,168,5,45,1,Tuesday,True,False,summer,weekday,38.1925
2025-06-17 06:00:00,B001,64.8,159.57,True,,159.57,False,observed,2025-06-17,2025,6,17,168,6,0,1,Tuesday,True,False,summer,weekday,39.8925
2025-06-17 06:15:00,B001,65.8,149.04,True,,149.04,False,observed,2025-06-17,2025,6,17,168,6,15,1,Tuesday,True,False,summer,weekday,37.26
2025-06-17 06:30:00,B001,66.7,155.56,True,,155.56,False,observed,2025-06-17,2025,6,17,168,6,30,1,Tuesday,True,False,summer,weekday,38.89
2025-06-17 06:45:00,B001,67.7,148.64,True,,148.64,False,observed,2025-06-17,2025,6,17,168,6,45,1,Tuesday,True,False,summer,weekday,37.16
2025-06-17 07:00:00,B001,68.7,162.23,True,,162.23,False,observed,2025-06-17,2025,6,17,168,7,0,1,Tuesday,True,False,summer,weekday,40.5575
2025-06-17 07:15:00,B001,69.7,171.28,True,,171.28,False,observed,2025-06-17,2025,6,17,168,7,15,1,Tuesday,True,False,summer,weekday,42.82
2025-06-17 07:30:00,B001,70.7,206.05,True,,206.05,False,observed,2025-06-17,2025,6,17,168,7,30,1,Tuesday,True,False,summer,weekday,51.5125
2025-06-17 07:45:00,B001,71.6,294.89,True,,294.89,False,observed,2025-06-17,2025,6,17,168,7,45,1,Tuesday,True,False,summer,weekday,73.7225
2025-06-17 08:00:00,B001,72.6,354.11,True,,354.11,False,observed,2025-06-17,2025,6,17,168,8,0,1,Tuesday,True,False,summer,weekday,88.5275
2025-06-17 08:15:00,B001,73.5,421.41,True,,421.41,False,observed,2025-06-17,2025,6,17,168,8,15,1,Tuesday,True,False,summer,weekday,105.3525
2025-06-17 08:30:00,B001,74.5,438.91,True,,438.91,False,observed,2025-06-17,2025,6,17,168,8,30,1,Tuesday,True,False,summer,weekday,109.7275
2025-06-17 08:45:00,B001,75.4,416.15,True,,416.15,False,observed,2025-06-17,2025,6,17,168,8,45,1,Tuesday,True,False,summer,weekday,104.0375
2025-06-17 09:00:00,B001,76.3,368.31,True,,368.31,False,observed,2025-06-17,2025,6,17,168,9,0,1,Tuesday,True,False,summer,weekday,92.0775
2025-06-17 09:15:00,B001,77.1,294.38,True,,294.38,False,observed,2025-06-17,2025,6,17,168,9,15,1,Tuesday,True,False,summer,weekday,73.595
2025-06-17 09:30:00,B001,78.0,245.66,True,,245.66,False,observed,2025-06-17,2025,6,17,168,9,30,1,Tuesday,True,False,summer,weekday,61.415
2025-06-17 09:45:00,B001,78.8,210.44,True,,210.44,False,observed,2025-06-17,2025,6,17,168,9,45,1,Tuesday,True,False,summer,weekday,52.61
2025-06-17 10:00:00,B001,79.5,192.82,True,,192.82,False,observed,2025-06-17,2025,6,17,168,10,0,1,Tuesday,True,False,summer,weekday,48.205
2025-06-17 10:15:00,B001,80.2,187.49,True,,187.49,False,observed,2025-06-17,2025,6,17,168,10,15,1,Tuesday,True,False,summer,weekday,46.87250000000001
2025-06-17 10:30:00,B001,80.9,199.07,True,,199.07,False,observed,2025-06-17,2025,6,17,168,10,30,1,Tuesday,True,False,summer,weekday,49.7675
2025-06-17 10:45:00,B001,81.5,180.69,True,,180.69,False,observed,2025-06-17,2025,6,17,168,10,45,1,Tuesday,True,False,summer,weekday,45.1725
2025-06-17 11:00:00,B001,82.1,191.94,True,,191.94,False,observed,2025-06-17,2025,6,17,168,11,0,1,Tuesday,True,False,summer,weekday,47.985
2025-06-17 11:15:00,B001,82.6,204.44,True,,204.44,False,observed,2025-06-17,2025,6,17,168,11,15,1,Tuesday,True,False,summer,weekday,51.11
2025-06-17 11:30:00,B001,83.0,208.2,True,,208.2,False,observed,2025-06-17,2025,6,17,168,11,30,1,Tuesday,True,False,summer,weekday,52.05
2025-06-17 11:45:00,B001,83.4,189.07,True,,189.07,False,observed,2025-06-17,2025,6,17,168,11,45,1,Tuesday,True,False,summer,weekday,47.2675
2025-06-17 12:00:00,B001,83.7,199.95,True,,199.95,False,observed,2025-06-17,2025,6,17,168,12,0,1,Tuesday,True,False,summer,weekday,49.9875
2025-06-17 12:15:00,B001,84.0,214.95,True,,214.95,False,observed,2025-06-17,2025,6,17,168,12,15,1,Tuesday,True,False,summer,weekday,53.7375
2025-06-17 12:30:00,B001,84.2,209.41,True,,209.41,False,observed,2025-06-17,2025,6,17,168,12,30,1,Tuesday,True,False,summer,weekday,52.3525
2025-06-17 12:45:00,B001,84.4,207.79,True,,207.79,False,observed,2025-06-17,2025,6,17,168,12,45,1,Tuesday,True,False,summer,weekday,51.9475
2025-06-17 13:00:00,B001,84.5,204.99,True,,204.99,False,observed,2025-06-17,2025,6,17,168,13,0,1,Tuesday,True,False,summer,weekday,51.24750000000001
2025-06-17 13:15:00,B001,84.5,203.78,True,,203.78,False,observed,2025-06-17,2025,6,17,168,13,15,1,Tuesday,True,False,summer,weekday,50.945
2025-06-17 13:30:00,B001,84.4,208.9,True,,208.9,False,observed,2025-06-17,2025,6,17,168,13,30,1,Tuesday,True,False,summer,weekday,52.225
2025-06-17 13:45:00,B001,84.3,204.0,True,,204.0,False,observed,2025-06-17,2025,6,17,168,13,45,1,Tuesday,True,False,summer,weekday,51.0
2025-06-17 14:00:00,B001,84.1,204.88,True,,204.88,False,observed,2025-06-17,2025,6,17,168,14,0,1,Tuesday,True,False,summer,weekday,51.22
2025-06-17 14:15:00,B001,83.9,205.13,True,,205.13,False,observed,2025-06-17,2025,6,17,168,14,15,1,Tuesday,True,False,summer,weekday,51.2825
2025-06-17 14:30:00,B001,83.6,199.14,True,,199.14,False,observed,2025-06-17,2025,6,17,168,14,30,1,Tuesday,True,False,summer,weekday,49.785
2025-06-17 14:45:00,B001,83.3,211.08,True,,211.08,False,observed,2025-06-17,2025,6,17,168,14,45,1,Tuesday,True,False,summer,weekday,52.77
2025-06-17 15:00:00,B001,82.8,237.05,True,,237.05,False,observed,2025-06-17,2025,6,17,168,15,0,1,Tuesday,True,False,summer,weekday,59.2625
2025-06-17 15:15:00,B001,82.4,214.71,True,,214.71,False,observed,2025-06-17,2025,6,17,168,15,15,1,Tuesday,True,False,summer,weekday,53.6775
2025-06-17 15:30:00,B001,81.8,259.13,True,,259.13,False,observed,2025-06-17,2025,6,17,168,15,30,1,Tuesday,True,False,summer,weekday,64.7825
2025-06-17 15:45:00,B001,81.3,293.56,True,,293.56,False,observed,2025-06-17,2025,6,17,168,15,45,1,Tuesday,True,False,summer,weekday,73.39
2025-06-17 16:00:00,B001,80.6,362.33,True,,362.33,False,observed,2025-06-17,2025,6,17,168,16,0,1,Tuesday,True,False,summer,weekday,90.5825
2025-06-17 16:15:00,B001,79.9,424.89,True,,424.89,False,observed,2025-06-17,2025,6,17,168,16,15,1,Tuesday,True,False,summer,weekday,106.2225
2025-06-17 16:30:00,B001,79.2,493.97,True,,493.97,False,observed,2025-06-17,2025,6,17,168,16,30,1,Tuesday,True,False,summer,weekday,123.4925
2025-06-17 16:45:00,B001,78.4,541.99,True,,541.99,False,observed,2025-06-17,2025,6,17,168,16,45,1,Tuesday,True,False,summer,weekday,135.4975
2025-06-17 17:00:00,B001,77.6,547.41,True,,547.41,False,observed,2025-06-17,2025,6,17,168,17,0,1,Tuesday,True,False,summer,weekday,136.8525
2025-06-17 17:15:00,B001,76.8,531.77,True,,531.77,False,observed,2025-06-17,2025,6,17,168,17,15,1,Tuesday,True,False,summer,weekday,132.9425
2025-06-17 17:30:00,B001,75.9,449.42,True,,449.42,False,observed,2025-06-17,2025,6,17,168,17,30,1,Tuesday,True,False,summer,weekday,112.355
2025-06-17 17:45:00,B001,75.0,407.79,True,,407.79,False,observed,2025-06-17,2025,6,17,168,17,45,1,Tuesday,True,False,summer,weekday,101.9475
2025-06-17 18:00:00,B001,74.1,326.98,True,,326.98,False,observed,2025-06-17,2025,6,17,168,18,0,1,Tuesday,True,False,summer,weekday,81.74500000000002
2025-06-17 18:15:00,B001,73.2,270.73,True,,270.73,False,observed,2025-06-17,2025,6,17,168,18,15,1,Tuesday,True,False,summer,weekday,67.6825
2025-06-17 18:30:00,B001,72.2,205.76,True,,205.76,False,observed,2025-06-17,2025,6,17,168,18,30,1,Tuesday,True,False,summer,weekday,51.43999999999999
2025-06-17 18:45:00,B001,71.2,178.08,True,,178.08,False,observed,2025-06-17,2025,6,17,168,18,45,1,Tuesday,True,False,summer,weekday,44.52
2025-06-17 19:00:00,B001,70.3,167.86,True,,167.86,False,observed,2025-06-17,2025,6,17,168,19,0,1,Tuesday,True,False,summer,weekday,41.965
2025-06-17 19:15:00,B001,69.3,157.14,True,,157.14,False,observed,2025-06-17,2025,6,17,168,19,15,1,Tuesday,True,False,summer,weekday,39.285
2025-06-17 19:30:00,B001,68.3,155.14,True,,155.14,False,observed,2025-06-17,2025,6,17,168,19,30,1,Tuesday,True,False,summer,weekday,38.785
2025-06-17 19:45:00,B001,67.3,159.71,True,,159.71,False,observed,2025-06-17,2025,6,17,168,19,45,1,Tuesday,True,False,summer,weekday,39.9275
2025-06-17 20:00:00,B001,66.4,136.21,True,,136.21,False,observed,2025-06-17,2025,6,17,168,20,0,1,Tuesday,True,False,summer,weekday,34.0525
2025-06-17 20:15:00,B001,65.4,157.89,True,,157.89,False,observed,2025-06-17,2025,6,17,168,20,15,1,Tuesday,True,False,summer,weekday,39.4725
2025-06-17 20:30:00,B001,64.5,150.09,True,,150.09,False,observed,2025-06-17,2025,6,17,168,20,30,1,Tuesday,True,False,summer,weekday,37.5225
2025-06-17 20:45:00,B001,63.6,148.38,True,,148.38,False,observed,2025-06-17,2025,6,17,168,20,45,1,Tuesday,True,False,summer,weekday,37.095
2025-06-17 21:00:00,B001,62.7,138.23,True,,138.23,False,observed,2025-06-17,2025,6,17,168,21,0,1,Tuesday,True,False,summer,weekday,34.5575
2025-06-17 21:15:00,B001,61.8,154.02,True,,154.02,False,observed,2025-06-17,2025,6,17,168,21,15,1,Tuesday,True,False,summer,weekday,38.505
2025-06-17 21:30:00,B001,61.0,130.69,True,,130.69,False,observed,2025-06-17,2025,6,17,168,21,30,1,Tuesday,True,False,summer,weekday,32.6725
2025-06-17 21:45:00,B001,60.2,155.19,True,,155.19,False,observed,2025-06-17,2025,6,17,168,21,45,1,Tuesday,True,False,summer,weekday,38.7975
2025-06-17 22:00:00,B001,59.4,138.06,True,,138.06,False,observed,2025-06-17,2025,6,17,168,22,0,1,Tuesday,True,False,summer,weekday,34.515
2025-06-17 22:15:00,B001,58.7,150.43,True,,150.43,False,observed,2025-06-17,2025,6,17,168,22,15,1,Tuesday,True,False,summer,weekday,37.6075
2025-06-17 22:30:00,B001,58.1,149.05,True,,149.05,False,observed,2025-06-17,2025,6,17,168,22,30,1,Tuesday,True,False,summer,weekday,37.2625
2025-06-17 22:45:00,B001,57.5,159.36,True,,159.36,False,observed,2025-06-17,2025,6,17,168,22,45,1,Tuesday,True,False,summer,weekday,39.84
2025-06-17 23:00:00,B001,56.9,148.57,True,,148.57,False,observed,2025-06-17,2025,6,17,168,23,0,1,Tuesday,True,False,summer,weekday,37.1425
2025-06-17 23:15:00,B001,56.4,144.45,True,,144.45,False,observed,2025-06-17,2025,6,17,168,23,15,1,Tuesday,True,False,summer,weekday,36.1125
2025-06-17 23:30:00,B001,55.9,145.95,True,,145.95,False,observed,2025-06-17,2025,6,17,168,23,30,1,Tuesday,True,False,summer,weekday,36.4875
2025-06-17 23:45:00,B001,55.5,160.18,True,,160.18,False,observed,2025-06-17,2025,6,17,168,23,45,1,Tuesday,True,False,summer,weekday,40.045
2025-06-18 00:00:00,B001,55.2,154.29,True,,154.29,False,observed,2025-06-18,2025,6,18,169,0,0,2,Wednesday,True,False,summer,weekday,38.5725
2025-06-18 00:15:00,B001,49.6,146.91,True,,146.91,False,observed,2025-06-18,2025,6,18,169,0,15,2,Wednesday,True,False,summer,weekday,36.7275
2025-06-18 00:30:00,B001,49.4,148.11,True,,148.11,False,observed,2025-06-18,2025,6,18,169,0,30,2,Wednesday,True,False,summer,weekday,37.0275
2025-06-18 00:45:00,B001,49.3,137.46,True,,137.46,False,observed,2025-06-18,2025,6,18,169,0,45,2,Wednesday,True,False,summer,weekday,34.365
2025-06-18 01:00:00,B001,49.2,153.11,True,,153.11,False,observed,2025-06-18,2025,6,18,169,1,0,2,Wednesday,True,False,summer,weekday,38.2775
2025-06-18 01:15:00,B001,49.2,135.92,True,,135.92,False,observed,2025-06-18,2025,6,18,169,1,15,2,Wednesday,True,False,summer,weekday,33.98
2025-06-18 01:30:00,B001,49.2,156.01,True,,156.01,False,observed,2025-06-18,2025,6,18,169,1,30,2,Wednesday,True,False,summer,weekday,39.00249999999999
2025-06-18 01:45:00,B001,49.3,151.03,True,,151.03,False,observed,2025-06-18,2025,6,18,169,1,45,2,Wednesday,True,False,summer,weekday,37.7575
2025-06-18 02:00:00,B001,49.5,169.1,True,,169.1,False,observed,2025-06-18,2025,6,18,169,2,0,2,Wednesday,True,False,summer,weekday,42.275
2025-06-18 02:15:00,B001,49.7,141.2,True,,141.2,False,observed,2025-06-18,2025,6,18,169,2,15,2,Wednesday,True,False,summer,weekday,35.3
2025-06-18 02:30:00,B001,50.0,149.18,True,,149.18,False,observed,2025-06-18,2025,6,18,169,2,30,2,Wednesday,True,False,summer,weekday,37.295
2025-06-18 02:45:00,B001,50.4,164.39,True,,164.39,False,observed,2025-06-18,2025,6,18,169,2,45,2,Wednesday,True,False,summer,weekday,41.0975
2025-06-18 03:00:00,B001,50.8,159.53,True,,159.53,False,observed,2025-06-18,2025,6,18,169,3,0,2,Wednesday,True,False,summer,weekday,39.8825
2025-06-18 03:15:00,B001,51.3,144.43,True,,144.43,False,observed,2025-06-18,2025,6,18,169,3,15,2,Wednesday,True,False,summer,weekday,36.1075
2025-06-18 03:30:00,B001,51.8,151.79,True,,151.79,False,observed,2025-06-18,2025,6,18,169,3,30,2,Wednesday,True,False,summer,weekday,37.9475
2025-06-18 03:45:00,B001,52.4,150.02,True,,150.02,False,observed,2025-06-18,2025,6,18,169,3,45,2,Wednesday,True,False,summer,weekday,37.505
2025-06-18 04:00:00,B001,53.0,152.26,True,,152.26,False,observed,2025-06-18,2025,6,18,169,4,0,2,Wednesday,True,False,summer,weekday,38.06499999999999
2025-06-18 04:15:00,B001,53.7,144.41,True,,144.41,False,observed,2025-06-18,2025,6,18,169,4,15,2,Wednesday,True,False,summer,weekday,36.1025
2025-06-18 04:30:00,B001,54.4,149.29,True,,149.29,False,observed,2025-06-18,2025,6,18,169,4,30,2,Wednesday,True,False,summer,weekday,37.3225
2025-06-18 04:45:00,B001,55.2,137.22,True,,137.22,False,observed,2025-06-18,2025,6,18,169,4,45,2,Wednesday,True,False,summer,weekday,34.305
2025-06-18 05:00:00,B001,56.0,151.08,True,,151.08,False,observed,2025-06-18,2025,6,18,169,5,0,2,Wednesday,True,False,summer,weekday,37.77
2025-06-18 05:15:00,B001,56.8,153.6,True,,153.6,False,observed,2025-06-18,2025,6,18,169,5,15,2,Wednesday,True,False,summer,weekday,38.4
2025-06-18 05:30:00,B001,57.7,148.18,True,,148.18,False,observed,2025-06-18,2025,6,18,169,5,30,2,Wednesday,True,False,summer,weekday,37.045
2025-06-18 05:45:00,B001,58.6,137.09,True,,137.09,False,observed,2025-06-18,2025,6,18,169,5,45,2,Wednesday,True,False,summer,weekday,34.2725
2025-06-18 06:00:00,B001,59.5,157.96,True,,157.96,False,observed,2025-06-18,2025,6,18,169,6,0,2,Wednesday,True,False,summer,weekday,39.49
2025-06-18 06:15:00,B001,60.5,153.18,True,,153.18,False,observed,2025-06-18,2025,6,18,169,6,15,2,Wednesday,True,False,summer,weekday,38.295
2025-06-18 06:30:00,B001,61.4,145.35,True,,145.35,False,observed,2025-06-18,2025,6,18,169,6,30,2,Wednesday,True,False,summer,weekday,36.3375
2025-06-18 06:45:00,B001,62.4,152.02,True,,152.02,False,observed,2025-06-18,2025,6,18,169,6,45,2,Wednesday,True,False,summer,weekday,38.005
2025-06-18 07:00:00,B001,63.4,151.18,True,,151.18,False,observed,2025-06-18,2025,6,18,169,7,0,2,Wednesday,True,False,summer,weekday,37.795
2025-06-18 07:15:00,B001,64.4,176.05,True,,176.05,False,observed,2025-06-18,2025,6,18,169,7,15,2,Wednesday,True,False,summer,weekday,44.0125
2025-06-18 07:30:00,B001,65.3,220.5,True,,220.5,False,observed,2025-06-18,2025,6,18,169,7,30,2,Wednesday,True,False,summer,weekday,55.125
2025-06-18 07:45:00,B001,66.3,297.18,True,,297.18,False,observed,2025-06-18,2025,6,18,169,7,45,2,Wednesday,True,False,summer,weekday,74.295
2025-06-18 08:00:00,B001,67.3,356.88,True,,356.88,False,observed,2025-06-18,2025,6,18,169,8,0,2,Wednesday,True,False,summer,weekday,89.22
2025-06-18 08:15:00,B001,68.2,430.18,True,,430.18,False,observed,2025-06-18,2025,6,18,169,8,15,2,Wednesday,True,False,summer,weekday,107.545
2025-06-18 08:30:00,B001,69.2,445.69,True,,445.69,False,observed,2025-06-18,2025,6,18,169,8,30,2,Wednesday,True,False,summer,weekday,111.4225
2025-06-18 08:45:00,B001,70.1,427.04,True,,427.04,False,observed,2025-06-18,2025,6,18,169,8,45,2,Wednesday,True,False,summer,weekday,106.76
2025-06-18 09:00:00,B001,71.0,360.86,True,,360.86,False,observed,2025-06-18,2025,6,18,169,9,0,2,Wednesday,True,False,summer,weekday,90.215
2025-06-18 09:15:00,B001,71.8,294.33,True,,294.33,False,observed,2025-06-18,2025,6,18,169,9,15,2,Wednesday,True,False,summer,weekday,73.5825
2025-06-18 09:30:00,B001,72.7,220.53,True,,220.53,False,observed,2025-06-18,2025,6,18,169,9,30,2,Wednesday,True,False,summer,weekday,55.1325
2025-06-18 09:45:00,B001,73.5,171.67,True,,171.67,False,observed,2025-06-18,2025,6,18,169,9,45,2,Wednesday,True,False,summer,weekday,42.9175
2025-06-18 10:00:00,B001,74.2,152.13,True,,152.13,False,observed,2025-06-18,2025,6,18,169,10,0,2,Wednesday,True,False,summer,weekday,38.0325
2025-06-18 10:15:00,B001,74.9,150.01,True,,150.01,False,observed,2025-06-18,2025,6,18,169,10,15,2,Wednesday,True,False,summer,weekday,37.50249999999999
2025-06-18 10:30:00,B001,75.6,144.59,True,,144.59,False,observed,2025-06-18,2025,6,18,169,10,30,2,Wednesday,True,False,summer,weekday,36.1475
2025-06-18 10:45:00,B001,76.2,160.65,True,,160.65,False,observed,2025-06-18,2025,6,18,169,10,45,2,Wednesday,True,False,summer,weekday,40.1625
2025-06-18 11:00:00,B001,76.7,156.79,True,,156.79,False,observed,2025-06-18,2025,6,18,169,11,0,2,Wednesday,True,False,summer,weekday,39.1975
2025-06-18 11:15:00,B001,77.3,182.52,True,,182.52,False,observed,2025-06-18,2025,6,18,169,11,15,2,Wednesday,True,False,summer,weekday,45.63
2025-06-18 11:30:00,B001,77.7,152.32,True,,152.32,False,observed,2025-06-18,2025,6,18,169,11,30,2,Wednesday,True,False,summer,weekday,38.08
2025-06-18 11:45:00,B001,78.1,170.21,True,,170.21,False,observed,2025-06-18,2025,6,18,169,11,45,2,Wednesday,True,False,summer,weekday,42.5525
2025-06-18 12:00:00,B001,78.4,161.56,True,,161.56,False,observed,2025-06-18,2025,6,18,169,12,0,2,Wednesday,True,False,summer,weekday,40.39
2025-06-18 12:15:00,B001,78.7,168.27,True,,168.27,False,observed,2025-06-18,2025,6,18,169,12,15,2,Wednesday,True,False,summer,weekday,42.0675
2025-06-18 12:30:00,B001,78.9,174.61,True,,174.61,False,observed,2025-06-18,2025,6,18,169,12,30,2,Wednesday,True,False,summer,weekday,43.6525
2025-06-18 12:45:00,B001,79.1,155.76,True,,155.76,False,observed,2025-06-18,2025,6,18,169,12,45,2,Wednesday,True,False,summer,weekday,38.93999999999999
2025-06-18 13:00:00,B001,79.1,176.76,True,,176.76,False,observed,2025-06-18,2025,6,18,169,13,0,2,Wednesday,True,False,summer,weekday,44.18999999999999
2025-06-18 13:15:00,B001,79.2,190.21,True,,190.21,False,observed,2025-06-18,2025,6,18,169,13,15,2,Wednesday,True,False,summer,weekday,47.5525
2025-06-18 13:30:00,B001,79.1,171.11,True,,171.11,False,observed,2025-06-18,2025,6,18,169,13,30,2,Wednesday,True,False,summer,weekday,42.7775
2025-06-18 13:45:00,B001,79.0,176.23,True,,176.23,False,observed,2025-06-18,2025,6,18,169,13,45,2,Wednesday,True,False,summer,weekday,44.0575
2025-06-18 14:00:00,B001,78.8,181.56,True,,181.56,False,observed,2025-06-18,2025,6,18,169,14,0,2,Wednesday,True,False,summer,weekday,45.39
2025-06-18 14:15:00,B001,78.6,171.33,True,,171.33,False,observed,2025-06-18,2025,6,18,169,14,15,2,Wednesday,True,False,summer,weekday,42.8325
2025-06-18 14:30:00,B001,78.3,168.06,True,,168.06,False,observed,2025-06-18,2025,6,18,169,14,30,2,Wednesday,True,False,summer,weekday,42.015
2025-06-18 14:45:00,B001,77.9,156.75,True,,156.75,False,observed,2025-06-18,2025,6,18,169,14,45,2,Wednesday,True,False,summer,weekday,39.1875
2025-06-18 15:00:00,B001,77.5,187.0,True,,187.0,False,observed,2025-06-18,2025,6,18,169,15,0,2,Wednesday,True,False,summer,weekday,46.75
2025-06-18 15:15:00,B001,77.1,196.16,True,,196.16,False,observed,2025-06-18,2025,6,18,169,15,15,2,Wednesday,True,False,summer,weekday,49.04
2025-06-18 15:30:00,B001,76.5,216.58,True,,216.58,False,observed,2025-06-18,2025,6,18,169,15,30,2,Wednesday,True,False,summer,weekday,54.145
2025-06-18 15:45:00,B001,75.9,268.79,True,,268.79,False,observed,2025-06-18,2025,6,18,169,15,45,2,Wednesday,True,False,summer,weekday,67.1975
2025-06-18 16:00:00,B001,75.3,321.18,True,,321.18,False,observed,2025-06-18,2025,6,18,169,16,0,2,Wednesday,True,False,summer,weekday,80.295
2025-06-18 16:15:00,B001,74.6,390.64,True,,390.64,False,observed,2025-06-18,2025,6,18,169,16,15,2,Wednesday,True,False,summer,weekday,97.66
2025-06-18 16:30:00,B001,73.9,467.43,True,,467.43,False,observed,2025-06-18,2025,6,18,169,16,30,2,Wednesday,True,False,summer,weekday,116.8575
2025-06-18 16:45:00,B001,73.1,501.18,True,,501.18,False,observed,2025-06-18,2025,6,18,169,16,45,2,Wednesday,True,False,summer,weekday,125.295
2025-06-18 17:00:00,B001,72.3,538.38,True,,538.38,False,observed,2025-06-18,2025,6,18,169,17,0,2,Wednesday,True,False,summer,weekday,134.595
2025-06-18 17:15:00,B001,71.5,500.71,True,,500.71,False,observed,2025-06-18,2025,6,18,169,17,15,2,Wednesday,True,False,summer,weekday,125.1775
2025-06-18 17:30:00,B001,70.6,457.28,True,,457.28,False,observed,2025-06-18,2025,6,18,169,17,30,2,Wednesday,True,False,summer,weekday,114.32
2025-06-18 17:45:00,B001,69.7,410.25,True,,410.25,False,observed,2025-06-18,2025,6,18,169,17,45,2,Wednesday,True,False,summer,weekday,102.5625
2025-06-18 18:00:00,B001,68.8,333.0,True,,333.0,False,observed,2025-06-18,2025,6,18,169,18,0,2,Wednesday,True,False,summer,weekday,83.25
2025-06-18 18:15:00,B001,67.9,262.89,True,,262.89,False,observed,2025-06-18,2025,6,18,169,18,15,2,Wednesday,True,False,summer,weekday,65.7225
2025-06-18 18:30:00,B001,66.9,208.0,True,,208.0,False,observed,2025-06-18,2025,6,18,169,18,30,2,Wednesday,True,False,summer,weekday,52.0
2025-06-18 18:45:00,B001,65.9,180.5,True,,180.5,False,observed,2025-06-18,2025,6,18,169,18,45,2,Wednesday,True,False,summer,weekday,45.125
2025-06-18 19:00:00,B001,64.9,167.28,True,,167.28,False,observed,2025-06-18,2025,6,18,169,19,0,2,Wednesday,True,False,summer,weekday,41.82
2025-06-18 19:15:00,B001,64.0,157.58,True,,157.58,False,observed,2025-06-18,2025,6,18,169,19,15,2,Wednesday,True,False,summer,weekday,39.395
2025-06-18 19:30:00,B001,63.0,152.15,True,,152.15,False,observed,2025-06-18,2025,6,18,169,19,30,2,Wednesday,True,False,summer,weekday,38.0375
2025-06-18 19:45:00,B001,62.0,150.79,True,,150.79,False,observed,2025-06-18,2025,6,18,169,19,45,2,Wednesday,True,False,summer,weekday,37.6975
2025-06-18 20:00:00,B001,61.0,148.62,True,,148.62,False,observed,2025-06-18,2025,6,18,169,20,0,2,Wednesday,True,False,summer,weekday,37.155
2025-06-18 20:15:00,B001,60.1,138.56,True,,138.56,False,observed,2025-06-18,2025,6,18,169,20,15,2,Wednesday,True,False,summer,weekday,34.64
2025-06-18 20:30:00,B001,59.2,145.89,True,,145.89,False,observed,2025-06-18,2025,6,18,169,20,30,2,Wednesday,True,False,summer,weekday,36.4725
2025-06-18 20:45:00,B001,58.2,157.32,True,,157.32,False,observed,2025-06-18,2025,6,18,169,20,45,2,Wednesday,True,False,summer,weekday,39.33
2025-06-18 21:00:00,B001,57.4,139.05,True,,139.05,False,observed,2025-06-18,2025,6,18,169,21,0,2,Wednesday,True,False,summer,weekday,34.7625
2025-06-18 21:15:00,B001,56.5,148.48,True,,148.48,False,observed,2025-06-18,2025,6,18,169,21,15,2,Wednesday,True,False,summer,weekday,37.12
2025-06-18 21:30:00,B001,55.7,143.44,True,,143.44,False,observed,2025-06-18,2025,6,18,169,21,30,2,Wednesday,True,False,summer,weekday,35.86
2025-06-18 21:45:00,B001,54.9,150.89,True,,150.89,False,observed,2025-06-18,2025,6,18,169,21,45,2,Wednesday,True,False,summer,weekday,37.7225
2025-06-18 22:00:00,B001,54.1,146.89,True,,146.89,False,observed,2025-06-18,2025,6,18,169,22,0,2,Wednesday,True,False,summer,weekday,36.7225
2025-06-18 22:15:00,B001,53.4,161.82,True,,161.82,False,observed,2025-06-18,2025,6,18,169,22,15,2,Wednesday,True,False,summer,weekday,40.455
2025-06-18 22:30:00,B001,52.8,154.05,True,,154.05,False,observed,2025-06-18,2025,6,18,169,22,30,2,Wednesday,True,False,summer,weekday,38.5125
2025-06-18 22:45:00,B001,52.1,139.51,True,,139.51,False,observed,2025-06-18,2025,6,18,169,22,45,2,Wednesday,True,False,summer,weekday,34.87749999999999
2025-06-18 23:00:00,B001,51.6,155.37,True,,155.37,False,observed,2025-06-18,2025,6,18,169,23,0,2,Wednesday,True,False,summer,weekday,38.8425
2025-06-18 23:15:00,B001,51.1,143.8,True,,143.8,False,observed,2025-06-18,2025,6,18,169,23,15,2,Wednesday,True,False,summer,weekday,35.95
2025-06-18 23:30:00,B001,50.6,145.38,True,,145.38,False,observed,2025-06-18,2025,6,18,169,23,30,2,Wednesday,True,False,summer,weekday,36.345
2025-06-18 23:45:00,B001,50.2,152.51,True,,152.51,False,observed,2025-06-18,2025,6,18,169,23,45,2,Wednesday,True,False,summer,weekday,38.12749999999999
2025-06-19 00:00:00,B001,49.9,146.07,True,,146.07,False,observed,2025-06-19,2025,6,19,170,0,0,3,Thursday,True,False,summer,holiday,36.5175
2025-06-19 00:15:00,B001,57.0,157.14,True,,157.14,False,observed,2025-06-19,2025,6,19,170,0,15,3,Thursday,True,False,summer,holiday,39.285
2025-06-19 00:30:00,B001,56.8,143.8,True,,143.8,False,observed,2025-06-19,2025,6,19,170,0,30,3,Thursday,True,False,summer,holiday,35.95
2025-06-19 00:45:00,B001,56.6,145.05,True,,145.05,False,observed,2025-06-19,2025,6,19,170,0,45,3,Thursday,True,False,summer,holiday,36.2625
2025-06-19 01:00:00,B001,56.5,144.75,True,,144.75,False,observed,2025-06-19,2025,6,19,170,1,0,3,Thursday,True,False,summer,holiday,36.1875
2025-06-19 01:15:00,B001,56.5,145.47,True,,145.47,False,observed,2025-06-19,2025,6,19,170,1,15,3,Thursday,True,False,summer,holiday,36.3675
2025-06-19 01:30:00,B001,56.6,158.79,True,,158.79,False,observed,2025-06-19,2025,6,19,170,1,30,3,Thursday,True,False,summer,holiday,39.6975
2025-06-19 01:45:00,B001,56.7,155.03,True,,155.03,False,observed,2025-06-19,2025,6,19,170,1,45,3,Thursday,True,False,summer,holiday,38.7575
2025-06-19 02:00:00,B001,56.8,163.68,True,,163.68,False,observed,2025-06-19,2025,6,19,170,2,0,3,Thursday,True,False,summer,holiday,40.92
2025-06-19 02:15:00,B001,57.1,168.14,True,,168.14,False,observed,2025-06-19,2025,6,19,170,2,15,3,Thursday,True,False,summer,holiday,42.035
2025-06-19 02:30:00,B001,57.4,141.75,True,,141.75,False,observed,2025-06-19,2025,6,19,170,2,30,3,Thursday,True,False,summer,holiday,35.4375
2025-06-19 02:45:00,B001,57.7,150.56,True,,150.56,False,observed,2025-06-19,2025,6,19,170,2,45,3,Thursday,True,False,summer,holiday,37.64
2025-06-19 03:00:00,B001,58.1,140.59,True,,140.59,False,observed,2025-06-19,2025,6,19,170,3,0,3,Thursday,True,False,summer,holiday,35.1475
2025-06-19 03:15:00,B001,58.6,143.78,True,,143.78,False,observed,2025-06-19,2025,6,19,170,3,15,3,Thursday,True,False,summer,holiday,35.945
2025-06-19 03:30:00,B001,59.2,144.96,True,,144.96,False,observed,2025-06-19,2025,6,19,170,3,30,3,Thursday,True,False,summer,holiday,36.24
2025-06-19 03:45:00,B001,59.7,141.54,True,,141.54,False,observed,2025-06-19,2025,6,19,170,3,45,3,Thursday,True,False,summer,holiday,35.385
2025-06-19 04:00:00,B001,60.4,141.58,True,,141.58,False,observed,2025-06-19,2025,6,19,170,4,0,3,Thursday,True,False,summer,holiday,35.395
2025-06-19 04:15:00,B001,61.0,148.85,True,,148.85,False,observed,2025-06-19,2025,6,19,170,4,15,3,Thursday,True,False,summer,holiday,37.2125
2025-06-19 04:30:00,B001,61.8,140.27,True,,140.27,False,observed,2025-06-19,2025,6,19,170,4,30,3,Thursday,True,False,summer,holiday,35.0675
2025-06-19 04:45:00,B001,62.5,156.74,True,,156.74,False,observed,2025-06-19,2025,6,19,170,4,45,3,Thursday,True,False,summer,holiday,39.18500000000001
2025-06-19 05:00:00,B001,63.3,142.66,True,,142.66,False,observed,2025-06-19,2025,6,19,170,5,0,3,Thursday,True,False,summer,holiday,35.665
2025-06-19 05:15:00,B001,64.2,172.48,True,,172.48,False,observed,2025-06-19,2025,6,19,170,5,15,3,Thursday,True,False,summer,holiday,43.12
2025-06-19 05:30:00,B001,65.1,146.39,True,,146.39,False,observed,2025-06-19,2025,6,19,170,5,30,3,Thursday,True,False,summer,holiday,36.5975
2025-06-19 05:45:00,B001,66.0,150.58,True,,150.58,False,observed,2025-06-19,2025,6,19,170,5,45,3,Thursday,True,False,summer,holiday,37.645
2025-06-19 06:00:00,B001,66.9,139.69,True,,139.69,False,observed,2025-06-19,2025,6,19,170,6,0,3,Thursday,True,False,summer,holiday,34.9225
2025-06-19 06:15:00,B001,67.8,163.91,True,,163.91,False,observed,2025-06-19,2025,6,19,170,6,15,3,Thursday,True,False,summer,holiday,40.9775
2025-06-19 06:30:00,B001,68.8,160.12,True,,160.12,False,observed,2025-06-19,2025,6,19,170,6,30,3,Thursday,True,False,summer,holiday,40.03
2025-06-19 06:45:00,B001,69.8,156.64,True,,156.64,False,observed,2025-06-19,2025,6,19,170,6,45,3,Thursday,True,False,summer,holiday,39.16
2025-06-19 07:00:00,B001,70.7,152.41,True,,152.41,False,observed,2025-06-19,2025,6,19,170,7,0,3,Thursday,True,False,summer,holiday,38.1025
2025-06-19 07:15:00,B001,71.7,185.93,True,,185.93,False,observed,2025-06-19,2025,6,19,170,7,15,3,Thursday,True,False,summer,holiday,46.4825
2025-06-19 07:30:00,B001,72.7,215.83,True,,215.83,False,observed,2025-06-19,2025,6,19,170,7,30,3,Thursday,True,False,summer,holiday,53.9575
2025-06-19 07:45:00,B001,73.7,299.05,True,,299.05,False,observed,2025-06-19,2025,6,19,170,7,45,3,Thursday,True,False,summer,holiday,74.7625
2025-06-19 08:00:00,B001,74.6,368.47,True,,368.47,False,observed,2025-06-19,2025,6,19,170,8,0,3,Thursday,True,False,summer,holiday,92.1175
2025-06-19 08:15:00,B001,75.6,429.33,True,,429.33,False,observed,2025-06-19,2025,6,19,170,8,15,3,Thursday,True,False,summer,holiday,107.3325
2025-06-19 08:30:00,B001,76.5,439.63,True,,439.63,False,observed,2025-06-19,2025,6,19,170,8,30,3,Thursday,True,False,summer,holiday,109.9075
2025-06-19 08:45:00,B001,77.4,431.8,True,,431.8,False,observed,2025-06-19,2025,6,19,170,8,45,3,Thursday,True,False,summer,holiday,107.95
2025-06-19 09:00:00,B001,78.3,387.44,True,,387.44,False,observed,2025-06-19,2025,6,19,170,9,0,3,Thursday,True,False,summer,holiday,96.86
2025-06-19 09:15:00,B001,79.2,322.15,True,,322.15,False,observed,2025-06-19,2025,6,19,170,9,15,3,Thursday,True,False,summer,holiday,80.5375
2025-06-19 09:30:00,B001,80.0,263.74,True,,263.74,False,observed,2025-06-19,2025,6,19,170,9,30,3,Thursday,True,False,summer,holiday,65.935
2025-06-19 09:45:00,B001,80.8,206.31,True,,206.31,False,observed,2025-06-19,2025,6,19,170,9,45,3,Thursday,True,False,summer,holiday,51.5775
2025-06-19 10:00:00,B001,81.6,204.9,True,,204.9,False,observed,2025-06-19,2025,6,19,170,10,0,3,Thursday,True,False,summer,holiday,51.225
2025-06-19 10:15:00,B001,82.3,205.94,True,,205.94,False,observed,2025-06-19,2025,6,19,170,10,15,3,Thursday,True,False,summer,holiday,51.485
2025-06-19 10:30:00,B001,82.9,185.41,True,,185.41,False,observed,2025-06-19,2025,6,19,170,10,30,3,Thursday,True,False,summer,holiday,46.3525
2025-06-19 10:45:00,B001,83.5,201.4,True,,201.4,False,observed,2025-06-19,2025,6,19,170,10,45,3,Thursday,True,False,summer,holiday,50.35
2025-06-19 11:00:00,B001,84.1,206.8,True,,206.8,False,observed,2025-06-19,2025,6,19,170,11,0,3,Thursday,True,False,summer,holiday,51.7
2025-06-19 11:15:00,B001,84.6,205.21,True,,205.21,False,observed,2025-06-19,2025,6,19,170,11,15,3,Thursday,True,False,summer,holiday,51.3025
2025-06-19 11:30:00,B001,85.1,195.5,True,,195.5,False,observed,2025-06-19,2025,6,19,170,11,30,3,Thursday,True,False,summer,holiday,48.875
2025-06-19 11:45:00,B001,85.4,210.07,True,,210.07,False,observed,2025-06-19,2025,6,19,170,11,45,3,Thursday,True,False,summer,holiday,52.5175
2025-06-19 12:00:00,B001,85.8,212.06,True,,212.06,False,observed,2025-06-19,2025,6,19,170,12,0,3,Thursday,True,False,summer,holiday,53.015
2025-06-19 12:15:00,B001,86.1,215.13,True,,215.13,False,observed,2025-06-19,2025,6,19,170,12,15,3,Thursday,True,False,summer,holiday,53.7825
2025-06-19 12:30:00,B001,86.3,213.07,True,,213.07,False,observed,2025-06-19,2025,6,19,170,12,30,3,Thursday,True,False,summer,holiday,53.2675
2025-06-19 12:45:00,B001,86.4,214.92,True,,214.92,False,observed,2025-06-19,2025,6,19,170,12,45,3,Thursday,True,False,summer,holiday,53.73
2025-06-19 13:00:00,B001,86.5,218.64,True,,218.64,False,observed,2025-06-19,2025,6,19,170,13,0,3,Thursday,True,False,summer,holiday,54.66
2025-06-19 13:15:00,B001,86.5,222.62,True,,222.62,False,observed,2025-06-19,2025,6,19,170,13,15,3,Thursday,True,False,summer,holiday,55.655
2025-06-19 13:30:00,B001,86.5,216.4,True,,216.4,False,observed,2025-06-19,2025,6,19,170,13,30,3,Thursday,True,False,summer,holiday,54.1
2025-06-19 13:45:00,B001,86.4,214.97,True,,214.97,False,observed,2025-06-19,2025,6,19,170,13,45,3,Thursday,True,False,summer,holiday,53.7425
2025-06-19 14:00:00,B001,86.2,218.19,True,,218.19,False,observed,2025-06-19,2025,6,19,170,14,0,3,Thursday,True,False,summer,holiday,54.5475
2025-06-19 14:15:00,B001,86.0,201.37,True,,201.37,False,observed,2025-06-19,2025,6,19,170,14,15,3,Thursday,True,False,summer,holiday,50.3425
2025-06-19 14:30:00,B001,85.7,220.62,True,,220.62,False,observed,2025-06-19,2025,6,19,170,14,30,3,Thursday,True,False,summer,holiday,55.155
2025-06-19 14:45:00,B001,85.3,219.05,True,,219.05,False,observed,2025-06-19,2025,6,19,170,14,45,3,Thursday,True,False,summer,holiday,54.7625
2025-06-19 15:00:00,B001,84.9,226.29,True,,226.29,False,observed,2025-06-19,2025,6,19,170,15,0,3,Thursday,True,False,summer,holiday,56.5725
2025-06-19 15:15:00,B001,84.4,248.84,True,,248.84,False,observed,2025-06-19,2025,6,19,170,15,15,3,Thursday,True,False,summer,holiday,62.21
2025-06-19 15:30:00,B001,83.9,253.15,True,,253.15,False,observed,2025-06-19,2025,6,19,170,15,30,3,Thursday,True,False,summer,holiday,63.2875
2025-06-19 15:45:00,B001,83.3,296.08,True,,296.08,False,observed,2025-06-19,2025,6,19,170,15,45,3,Thursday,True,False,summer,holiday,74.02
2025-06-19 16:00:00,B001,82.7,372.13,True,,372.13,False,observed,2025-06-19,2025,6,19,170,16,0,3,Thursday,True,False,summer,holiday,93.0325
2025-06-19 16:15:00,B001,82.0,436.69,True,,436.69,False,observed,2025-06-19,2025,6,19,170,16,15,3,Thursday,True,False,summer,holiday,109.1725
2025-06-19 16:30:00,B001,81.3,501.47,True,,501.47,False,observed,2025-06-19,2025,6,19,170,16,30,3,Thursday,True,False,summer,holiday,125.3675
2025-06-19 16:45:00,B001,80.5,541.13,True,,541.13,False,observed,2025-06-19,2025,6,19,170,16,45,3,Thursday,True,False,summer,holiday,135.2825
2025-06-19 17:00:00,B001,79.7,563.42,True,,563.42,False,observed,2025-06-19,2025,6,19,170,17,0,3,Thursday,True,False,summer,holiday,140.855
2025-06-19 17:15:00,B001,78.8,542.41,True,,542.41,False,observed,2025-06-19,2025,6,19,170,17,15,3,Thursday,True,False,summer,holiday,135.6025
2025-06-19 17:30:00,B001,78.0,484.28,True,,484.28,False,observed,2025-06-19,2025,6,19,170,17,30,3,Thursday,True,False,summer,holiday,121.07
2025-06-19 17:45:00,B001,77.1,405.21,True,,405.21,False,observed,2025-06-19,2025,6,19,170,17,45,3,Thursday,True,False,summer,holiday,101.3025
2025-06-19 18:00:00,B001,76.1,314.01,True,,314.01,False,observed,2025-06-19,2025,6,19,170,18,0,3,Thursday,True,False,summer,holiday,78.5025
2025-06-19 18:15:00,B001,75.2,269.5,True,,269.5,False,observed,2025-06-19,2025,6,19,170,18,15,3,Thursday,True,False,summer,holiday,67.375
2025-06-19 18:30:00,B001,74.2,225.29,True,,225.29,False,observed,2025-06-19,2025,6,19,170,18,30,3,Thursday,True,False,summer,holiday,56.3225
2025-06-19 18:45:00,B001,73.3,189.89,True,,189.89,False,observed,2025-06-19,2025,6,19,170,18,45,3,Thursday,True,False,summer,holiday,47.4725
2025-06-19 19:00:00,B001,72.3,159.66,True,,159.66,False,observed,2025-06-19,2025,6,19,170,19,0,3,Thursday,True,False,summer,holiday,39.915
2025-06-19 19:15:00,B001,71.3,162.67,True,,162.67,False,observed,2025-06-19,2025,6,19,170,19,15,3,Thursday,True,False,summer,holiday,40.6675
2025-06-19 19:30:00,B001,70.3,159.76,True,,159.76,False,observed,2025-06-19,2025,6,19,170,19,30,3,Thursday,True,False,summer,holiday,39.93999999999999
2025-06-19 19:45:00,B001,69.4,163.5,True,,163.5,False,observed,2025-06-19,2025,6,19,170,19,45,3,Thursday,True,False,summer,holiday,40.875
2025-06-19 20:00:00,B001,68.4,143.33,True,,143.33,False,observed,2025-06-19,2025,6,19,170,20,0,3,Thursday,True,False,summer,holiday,35.8325
2025-06-19 20:15:00,B001,67.4,148.29,True,,148.29,False,observed,2025-06-19,2025,6,19,170,20,15,3,Thursday,True,False,summer,holiday,37.0725
2025-06-19 20:30:00,B001,66.5,156.0,True,,156.0,False,observed,2025-06-19,2025,6,19,170,20,30,3,Thursday,True,False,summer,holiday,39.0
2025-06-19 20:45:00,B001,65.6,150.47,True,,150.47,False,observed,2025-06-19,2025,6,19,170,20,45,3,Thursday,True,False,summer,holiday,37.6175
2025-06-19 21:00:00,B001,64.7,141.06,True,,141.06,False,observed,2025-06-19,2025,6,19,170,21,0,3,Thursday,True,False,summer,holiday,35.265
2025-06-19 21:15:00,B001,63.8,153.32,True,,153.32,False,observed,2025-06-19,2025,6,19,170,21,15,3,Thursday,True,False,summer,holiday,38.33
2025-06-19 21:30:00,B001,63.0,154.63,True,,154.63,False,observed,2025-06-19,2025,6,19,170,21,30,3,Thursday,True,False,summer,holiday,38.6575
2025-06-19 21:45:00,B001,62.2,150.7,True,,150.7,False,observed,2025-06-19,2025,6,19,170,21,45,3,Thursday,True,False,summer,holiday,37.675
2025-06-19 22:00:00,B001,61.5,151.76,True,,151.76,False,observed,2025-06-19,2025,6,19,170,22,0,3,Thursday,True,False,summer,holiday,37.93999999999999
2025-06-19 22:15:00,B001,60.8,147.93,True,,147.93,False,observed,2025-06-19,2025,6,19,170,22,15,3,Thursday,True,False,summer,holiday,36.9825
2025-06-19 22:30:00,B001,60.1,161.83,True,,161.83,False,observed,2025-06-19,2025,6,19,170,22,30,3,Thursday,True,False,summer,holiday,40.4575
2025-06-19 22:45:00,B001,59.5,142.79,True,,142.79,False,observed,2025-06-19,2025,6,19,170,22,45,3,Thursday,True,False,summer,holiday,35.6975
2025-06-19 23:00:00,B001,58.9,145.3,True,,145.3,False,observed,2025-06-19,2025,6,19,170,23,0,3,Thursday,True,False,summer,holiday,36.325
2025-06-19 23:15:00,B001,58.4,150.09,True,,150.09,False,observed,2025-06-19,2025,6,19,170,23,15,3,Thursday,True,False,summer,holiday,37.5225
2025-06-19 23:30:00,B001,58.0,157.03,True,,157.03,False,observed,2025-06-19,2025,6,19,170,23,30,3,Thursday,True,False,summer,holiday,39.2575
2025-06-19 23:45:00,B001,57.6,138.02,True,,138.02,False,observed,2025-06-19,2025,6,19,170,23,45,3,Thursday,True,False,summer,holiday,34.505
2025-06-20 00:00:00,B001,57.2,139.52,True,,139.52,False,observed,2025-06-20,2025,6,20,171,0,0,4,Friday,True,False,summer,weekday,34.88
2025-06-20 00:15:00,B001,53.3,133.7,True,,133.7,False,observed,2025-06-20,2025,6,20,171,0,15,4,Friday,True,False,summer,weekday,33.425
2025-06-20 00:30:00,B001,53.1,150.26,True,,150.26,False,observed,2025-06-20,2025,6,20,171,0,30,4,Friday,True,False,summer,weekday,37.56499999999999
2025-06-20 00:45:00,B001,52.9,141.05,True,,141.05,False,observed,2025-06-20,2025,6,20,171,0,45,4,Friday,True,False,summer,weekday,35.2625
2025-06-20 01:00:00,B001,52.8,146.92,True,,146.92,False,observed,2025-06-20,2025,6,20,171,1,0,4,Friday,True,False,summer,weekday,36.73
2025-06-20 01:15:00,B001,52.8,155.29,True,,155.29,False,observed,2025-06-20,2025,6,20,171,1,15,4,Friday,True,False,summer,weekday,38.8225
2025-06-20 01:30:00,B001,52.8,144.87,True,,144.87,False,observed,2025-06-20,2025,6,20,171,1,30,4,Friday,True,False,summer,weekday,36.2175
2025-06-20 01:45:00,B001,53.0,151.85,True,,151.85,False,observed,2025-06-20,2025,6,20,171,1,45,4,Friday,True,False,summer,weekday,37.9625
2025-06-20 02:00:00,B001,53.1,147.61,True,,147.61,False,observed,2025-06-20,2025,6,20,171,2,0,4,Friday,True,False,summer,weekday,36.9025
2025-06-20 02:15:00,B001,53.4,155.38,True,,155.38,False,observed,2025-06-20,2025,6,20,171,2,15,4,Friday,True,False,summer,weekday,38.845
2025-06-20 02:30:00,B001,53.7,153.8,True,,153.8,False,observed,2025-06-20,2025,6,20,171,2,30,4,Friday,True,False,summer,weekday,38.45
2025-06-20 02:45:00,B001,54.0,144.46,True,,144.46,False,observed,2025-06-20,2025,6,20,171,2,45,4,Friday,True,False,summer,weekday,36.115
2025-06-20 03:00:00,B001,54.4,148.65,True,,148.65,False,observed,2025-06-20,2025,6,20,171,3,0,4,Friday,True,False,summer,weekday,37.1625
2025-06-20 03:15:00,B001,54.9,158.35,True,,158.35,False,observed,2025-06-20,2025,6,20,171,3,15,4,Friday,True,False,summer,weekday,39.5875
2025-06-20 03:30:00,B001,55.4,153.15,True,,153.15,False,observed,2025-06-20,2025,6,20,171,3,30,4,Friday,True,False,summer,weekday,38.2875
2025-06-20 03:45:00,B001,56.0,138.82,True,,138.82,False,observed,2025-06-20,2025,6,20,171,3,45,4,Friday,True,False,summer,weekday,34.705
2025-06-20 04:00:00,B001,56.7,155.24,True,,155.24,False,observed,2025-06-20,2025,6,20,171,4,0,4,Friday,True,False,summer,weekday,38.81000000000001
2025-06-20 04:15:00,B001,57.3,141.32,True,,141.32,False,observed,2025-06-20,2025,6,20,171,4,15,4,Friday,True,False,summer,weekday,35.33
2025-06-20 04:30:00,B001,58.1,161.3,True,,161.3,False,observed,2025-06-20,2025,6,20,171,4,30,4,Friday,True,False,summer,weekday,40.325
2025-06-20 04:45:00,B001,58.8,158.19,True,,158.19,False,observed,2025-06-20,2025,6,20,171,4,45,4,Friday,True,False,summer,weekday,39.5475
2025-06-20 05:00:00,B001,59.6,152.32,True,,152.32,False,observed,2025-06-20,2025,6,20,171,5,0,4,Friday,True,False,summer,weekday,38.08
2025-06-20 05:15:00,B001,60.5,151.26,True,,151.26,False,observed,2025-06-20,2025,6,20,171,5,15,4,Friday,True,False,summer,weekday,37.81499999999999
2025-06-20 05:30:00,B001,61.3,148.33,True,,148.33,False,observed,2025-06-20,2025,6,20,171,5,30,4,Friday,True,False,summer,weekday,37.0825
2025-06-20 05:45:00,B001,62.2,155.44,True,,155.44,False,observed,2025-06-20,2025,6,20,171,5,45,4,Friday,True,False,summer,weekday,38.86
2025-06-20 06:00:00,B001,63.2,147.08,True,,147.08,False,observed,2025-06-20,2025,6,20,171,6,0,4,Friday,True,False,summer,weekday,36.77
2025-06-20 06:15:00,B001,64.1,152.15,True,,152.15,False,observed,2025-06-20,2025,6,20,171,6,15,4,Friday,True,False,summer,weekday,38.0375
2025-06-20 06:30:00,B001,65.1,158.14,True,,158.14,False,observed,2025-06-20,2025,6,20,171,6,30,4,Friday,True,False,summer,weekday,39.535
2025-06-20 06:45:00,B001,66.0,149.77,True,,149.77,False,observed,2025-06-20,2025,6,20,171,6,45,4,Friday,True,False,summer,weekday,37.4425
2025-06-20 07:00:00,B001,67.0,158.25,True,,158.25,False,observed,2025-06-20,2025,6,20,171,7,0,4,Friday,True,False,summer,weekday,39.5625
2025-06-20 07:15:00,B001,68.0,174.69,True,,174.69,False,observed,2025-06-20,2025,6,20,171,7,15,4,Friday,True,False,summer,weekday,43.6725
2025-06-20 07:30:00,B001,69.0,216.29,True,,216.29,False,observed,2025-06-20,2025,6,20,171,7,30,4,Friday,True,False,summer,weekday,54.0725
2025-06-20 07:45:00,B001,70.0,272.72,True,,272.72,False,observed,2025-06-20,2025,6,20,171,7,45,4,Friday,True,False,summer,weekday,68.18
2025-06-20 08:00:00,B001,70.9,367.83,True,,367.83,False,observed,2025-06-20,2025,6,20,171,8,0,4,Friday,True,False,summer,weekday,91.9575
2025-06-20 08:15:00,B001,71.9,439.53,True,,439.53,False,observed,2025-06-20,2025,6,20,171,8,15,4,Friday,True,False,summer,weekday,109.8825
2025-06-20 08:30:00,B001,72.8,461.4,True,,461.4,False,observed,2025-06-20,2025,6,20,171,8,30,4,Friday,True,False,summer,weekday,115.35
2025-06-20 08:45:00,B001,73.7,412.05,True,,412.05,False,observed,2025-06-20,2025,6,20,171,8,45,4,Friday,True,False,summer,weekday,103.0125
2025-06-20 09:00:00,B001,74.6,367.79,True,,367.79,False,observed,2025-06-20,2025,6,20,171,9,0,4,Friday,True,False,summer,weekday,91.9475
2025-06-20 09:15:00,B001,75.5,301.55,True,,301.55,False,observed,2025-06-20,2025,6,20,171,9,15,4,Friday,True,False,summer,weekday,75.3875
2025-06-20 09:30:00,B001,76.3,228.93,True,,228.93,False,observed,2025-06-20,2025,6,20,171,9,30,4,Friday,True,False,summer,weekday,57.2325
2025-06-20 09:45:00,B001,77.1,197.58,True,,197.58,False,observed,2025-06-20,2025,6,20,171,9,45,4,Friday,True,False,summer,weekday,49.395
2025-06-20 10:00:00,B001,77.8,164.14,True,,164.14,False,observed,2025-06-20,2025,6,20,171,10,0,4,Friday,True,False,summer,weekday,41.035
2025-06-20 10:15:00,B001,78.5,177.67,True,,177.67,False,observed,2025-06-20,2025,6,20,171,10,15,4,Friday,True,False,summer,weekday,44.4175
2025-06-20 10:30:00,B001,79.2,167.89,True,,167.89,False,observed,2025-06-20,2025,6,20,171,10,30,4,Friday,True,False,summer,weekday,41.9725
2025-06-20 10:45:00,B001,79.8,180.78,True,,180.78,False,observed,2025-06-20,2025,6,20,171,10,45,4,Friday,True,False,summer,weekday,45.195
2025-06-20 11:00:00,B001,80.4,169.84,True,,169.84,False,observed,2025-06-20,2025,6,20,171,11,0,4,Friday,True,False,summer,weekday,42.46
2025-06-20 11:15:00,B001,80.9,189.68,True,,189.68,False,observed,2025-06-20,2025,6,20,171,11,15,4,Friday,True,False,summer,weekday,47.42
2025-06-20 11:30:00,B001,81.3,196.23,True,,196.23,False,observed,2025-06-20,2025,6,20,171,11,30,4,Friday,True,False,summer,weekday,49.0575
2025-06-20 11:45:00,B001,81.7,184.13,True,,184.13,False,observed,2025-06-20,2025,6,20,171,11,45,4,Friday,True,False,summer,weekday,46.0325
2025-06-20 12:00:00,B001,82.1,183.3,True,,183.3,False,observed,2025-06-20,2025,6,20,171,12,0,4,Friday,True,False,summer,weekday,45.825
2025-06-20 12:15:00,B001,82.3,176.78,True,,176.78,False,observed,2025-06-20,2025,6,20,171,12,15,4,Friday,True,False,summer,weekday,44.195
2025-06-20 12:30:00,B001,82.5,193.16,True,,193.16,False,observed,2025-06-20,2025,6,20,171,12,30,4,Friday,True,False,summer,weekday,48.29
2025-06-20 12:45:00,B001,82.7,191.53,True,,191.53,False,observed,2025-06-20,2025,6,20,171,12,45,4,Friday,True,False,summer,weekday,47.8825
2025-06-20 13:00:00,B001,82.8,184.27,True,,184.27,False,observed,2025-06-20,2025,6,20,171,13,0,4,Friday,True,False,summer,weekday,46.0675
2025-06-20 13:15:00,B001,82.8,200.42,True,,200.42,False,observed,2025-06-20,2025,6,20,171,13,15,4,Friday,True,False,summer,weekday,50.105
2025-06-20 13:30:00,B001,82.8,192.95,True,,192.95,False,observed,2025-06-20,2025,6,20,171,13,30,4,Friday,True,False,summer,weekday,48.2375
2025-06-20 13:45:00,B001,82.6,187.36,True,,187.36,False,observed,2025-06-20,2025,6,20,171,13,45,4,Friday,True,False,summer,weekday,46.84
2025-06-20 14:00:00,B001,82.5,190.73,True,,190.73,False,observed,2025-06-20,2025,6,20,171,14,0,4,Friday,True,False,summer,weekday,47.6825
2025-06-20 14:15:00,B001,82.2,203.03,True,,203.03,False,observed,2025-06-20,2025,6,20,171,14,15,4,Friday,True,False,summer,weekday,50.7575
2025-06-20 14:30:00,B001,81.9,199.34,True,,199.34,False,observed,2025-06-20,2025,6,20,171,14,30,4,Friday,True,False,summer,weekday,49.835
2025-06-20 14:45:00,B001,81.6,195.73,True,,195.73,False,observed,2025-06-20,2025,6,20,171,14,45,4,Friday,True,False,summer,weekday,48.9325
2025-06-20 15:00:00,B001,81.2,208.64,True,,208.64,False,observed,2025-06-20,2025,6,20,171,15,0,4,Friday,True,False,summer,weekday,52.16
2025-06-20 15:15:00,B001,80.7,209.59,True,,209.59,False,observed,2025-06-20,2025,6,20,171,15,15,4,Friday,True,False,summer,weekday,52.3975
2025-06-20 15:30:00,B001,80.2,246.75,True,,246.75,False,observed,2025-06-20,2025,6,20,171,15,30,4,Friday,True,False,summer,weekday,61.6875
2025-06-20 15:45:00,B001,79.6,290.77,True,,290.77,False,observed,2025-06-20,2025,6,20,171,15,45,4,Friday,True,False,summer,weekday,72.69249999999998
2025-06-20 16:00:00,B001,78.9,343.9,True,,343.9,False,observed,2025-06-20,2025,6,20,171,16,0,4,Friday,True,False,summer,weekday,85.975
2025-06-20 16:15:00,B001,78.3,417.95,True,,417.95,False,observed,2025-06-20,2025,6,20,171,16,15,4,Friday,True,False,summer,weekday,104.4875
2025-06-20 16:30:00,B001,77.5,471.59,True,,471.59,False,observed,2025-06-20,2025,6,20,171,16,30,4,Friday,True,False,summer,weekday,117.8975
2025-06-20 16:45:00,B001,76.8,526.62,True,,526.62,False,observed,2025-06-20,2025,6,20,171,16,45,4,Friday,True,False,summer,weekday,131.655
2025-06-20 17:00:00,B001,76.0,540.23,True,,540.23,False,observed,2025-06-20,2025,6,20,171,17,0,4,Friday,True,False,summer,weekday,135.0575
2025-06-20 17:15:00,B001,75.1,489.33,True,,489.33,False,observed,2025-06-20,2025,6,20,171,17,15,4,Friday,True,False,summer,weekday,122.3325
2025-06-20 17:30:00,B001,74.3,472.1,True,,472.1,False,observed,2025-06-20,2025,6,20,171,17,30,4,Friday,True,False,summer,weekday,118.025
2025-06-20 17:45:00,B001,73.4,370.49,True,,370.49,False,observed,2025-06-20,2025,6,20,171,17,45,4,Friday,True,False,summer,weekday,92.6225
2025-06-20 18:00:00,B001,72.4,319.05,True,,319.05,False,observed,2025-06-20,2025,6,20,171,18,0,4,Friday,True,False,summer,weekday,79.7625
2025-06-20 18:15:00,B001,71.5,270.31,True,,270.31,False,observed,2025-06-20,2025,6,20,171,18,15,4,Friday,True,False,summer,weekday,67.5775
2025-06-20 18:30:00,B001,70.5,212.98,True,,212.98,False,observed,2025-06-20,2025,6,20,171,18,30,4,Friday,True,False,summer,weekday,53.245
2025-06-20 18:45:00,B001,69.6,173.0,True,,173.0,False,observed,2025-06-20,2025,6,20,171,18,45,4,Friday,True,False,summer,weekday,43.25
2025-06-20 19:00:00,B001,68.6,157.95,True,,157.95,False,observed,2025-06-20,2025,6,20,171,19,0,4,Friday,True,False,summer,weekday,39.4875
2025-06-20 19:15:00,B001,67.6,165.49,True,,165.49,False,observed,2025-06-20,2025,6,20,171,19,15,4,Friday,True,False,summer,weekday,41.37250000000001
2025-06-20 19:30:00,B001,66.6,137.51,True,,137.51,False,observed,2025-06-20,2025,6,20,171,19,30,4,Friday,True,False,summer,weekday,34.37749999999999
2025-06-20 19:45:00,B001,65.6,160.06,True,,160.06,False,observed,2025-06-20,2025,6,20,171,19,45,4,Friday,True,False,summer,weekday,40.015
2025-06-20 20:00:00,B001,64.7,149.9,True,,149.9,False,observed,2025-06-20,2025,6,20,171,20,0,4,Friday,True,False,summer,weekday,37.475
2025-06-20 20:15:00,B001,63.7,140.56,True,,140.56,False,observed,2025-06-20,2025,6,20,171,20,15,4,Friday,True,False,summer,weekday,35.14
2025-06-20 20:30:00,B001,62.8,145.36,True,,145.36,False,observed,2025-06-20,2025,6,20,171,20,30,4,Friday,True,False,summer,weekday,36.34
2025-06-20 20:45:00,B001,61.9,141.87,True,,141.87,False,observed,2025-06-20,2025,6,20,171,20,45,4,Friday,True,False,summer,weekday,35.4675
2025-06-20 21:00:00,B001,61.0,156.93,True,,156.93,False,observed,2025-06-20,2025,6,20,171,21,0,4,Friday,True,False,summer,weekday,39.2325
2025-06-20 21:15:00,B001,60.1,155.86,True,,155.86,False,observed,2025-06-20,2025,6,20,171,21,15,4,Friday,True,False,summer,weekday,38.965
2025-06-20 21:30:00,B001,59.3,136.25,True,,136.25,False,observed,2025-06-20,2025,6,20,171,21,30,4,Friday,True,False,summer,weekday,34.0625
2025-06-20 21:45:00,B001,58.5,146.77,True,,146.77,False,observed,2025-06-20,2025,6,20,171,21,45,4,Friday,True,False,summer,weekday,36.6925
2025-06-20 22:00:00,B001,57.8,143.09,True,,143.09,False,observed,2025-06-20,2025,6,20,171,22,0,4,Friday,True,False,summer,weekday,35.7725
2025-06-20 22:15:00,B001,57.1,160.35,True,,160.35,False,observed,2025-06-20,2025,6,20,171,22,15,4,Friday,True,False,summer,weekday,40.0875
2025-06-20 22:30:00,B001,56.4,139.2,True,,139.2,False,observed,2025-06-20,2025,6,20,171,22,30,4,Friday,True,False,summer,weekday,34.8
2025-06-20 22:45:00,B001,55.8,162.83,True,,162.83,False,observed,2025-06-20,2025,6,20,171,22,45,4,Friday,True,False,summer,weekday,40.7075
2025-06-20 23:00:00,B001,55.2,149.73,True,,149.73,False,observed,2025-06-20,2025,6,20,171,23,0,4,Friday,True,False,summer,weekday,37.4325
2025-06-20 23:15:00,B001,54.7,140.7,True,,140.7,False,observed,2025-06-20,2025,6,20,171,23,15,4,Friday,True,False,summer,weekday,35.175
2025-06-20 23:30:00,B001,54.3,144.58,True,,144.58,False,observed,2025-06-20,2025,6,20,171,23,30,4,Friday,True,False,summer,weekday,36.145
2025-06-20 23:45:00,B001,53.9,143.59,True,,143.59,False,observed,2025-06-20,2025,6,20,171,23,45,4,Friday,True,False,summer,weekday,35.8975
2025-06-21 00:00:00,B001,53.5,42.3,True,,42.3,False,observed,2025-06-21,2025,6,21,172,0,0,5,Saturday,False,True,summer,weekend,10.575
2025-06-21 00:15:00,B001,52.7,53.26,True,,53.26,False,observed,2025-06-21,2025,6,21,172,0,15,5,Saturday,False,True,summer,weekend,13.315
2025-06-21 00:30:00,B001,52.5,42.68,True,,42.68,False,observed,2025-06-21,2025,6,21,172,0,30,5,Saturday,False,True,summer,weekend,10.67
2025-06-21 00:45:00,B001,52.4,35.06,True,,35.06,False,observed,2025-06-21,2025,6,21,172,0,45,5,Saturday,False,True,summer,weekend,8.765000000000002
2025-06-21 01:00:00,B001,52.3,49.46,True,,49.46,False,observed,2025-06-21,2025,6,21,172,1,0,5,Saturday,False,True,summer,weekend,12.365
2025-06-21 01:15:00,B001,52.3,38.08,True,,38.08,False,observed,2025-06-21,2025,6,21,172,1,15,5,Saturday,False,True,summer,weekend,9.52
2025-06-21 01:30:00,B001,52.3,46.48,True,,46.48,False,observed,2025-06-21,2025,6,21,172,1,30,5,Saturday,False,True,summer,weekend,11.62
2025-06-21 01:45:00,B001,52.4,45.23,True,,45.23,False,observed,2025-06-21,2025,6,21,172,1,45,5,Saturday,False,True,summer,weekend,11.3075
2025-06-21 02:00:00,B001,52.6,45.53,True,,45.53,False,observed,2025-06-21,2025,6,21,172,2,0,5,Saturday,False,True,summer,weekend,11.3825
2025-06-21 02:15:00,B001,52.8,68.51,True,,68.51,False,observed,2025-06-21,2025,6,21,172,2,15,5,Saturday,False,True,summer,weekend,17.1275
2025-06-21 02:30:00,B001,53.1,52.95,True,,52.95,False,observed,2025-06-21,2025,6,21,172,2,30,5,Saturday,False,True,summer,weekend,13.2375
2025-06-21 02:45:00,B001,53.5,54.46,True,,54.46,False,observed,2025-06-21,2025,6,21,172,2,45,5,Saturday,False,True,summer,weekend,13.615
2025-06-21 03:00:00,B001,53.9,38.29,True,,38.29,False,observed,2025-06-21,2025,6,21,172,3,0,5,Saturday,False,True,summer,weekend,9.5725
2025-06-21 03:15:00,B001,54.4,47.27,True,,47.27,False,observed,2025-06-21,2025,6,21,172,3,15,5,Saturday,False,True,summer,weekend,11.8175
2025-06-21 03:30:00,B001,54.9,54.22,True,,54.22,False,observed,2025-06-21,2025,6,21,172,3,30,5,Saturday,False,True,summer,weekend,13.555
2025-06-21 03:45:00,B001,55.5,44.3,True,,44.3,False,observed,2025-06-21,2025,6,21,172,3,45,5,Saturday,False,True,summer,weekend,11.075
2025-06-21 04:00:00,B001,56.1,59.76,True,,59.76,False,observed,2025-06-21,2025,6,21,172,4,0,5,Saturday,False,True,summer,weekend,14.94
2025-06-21 04:15:00,B001,56.8,42.88,True,,42.88,False,observed,2025-06-21,2025,6,21,172,4,15,5,Saturday,False,True,summer,weekend,10.72
2025-06-21 04:30:00,B001,57.5,50.21,True,,50.21,False,observed,2025-06-21,2025,6,21,172,4,30,5,Saturday,False,True,summer,weekend,12.5525
2025-06-21 04:45:00,B001,58.3,47.81,True,,47.81,False,observed,2025-06-21,2025,6,21,172,4,45,5,Saturday,False,True,summer,weekend,11.952500000000002
2025-06-21 05:00:00,B001,59.1,53.81,True,,53.81,False,observed,2025-06-21,2025,6,21,172,5,0,5,Saturday,False,True,summer,weekend,13.452500000000002
2025-06-21 05:15:00,B001,59.9,47.38,True,,47.38,False,observed,2025-06-21,2025,6,21,172,5,15,5,Saturday,False,True,summer,weekend,11.845
2025-06-21 05:30:00,B001,60.8,50.33,True,,50.33,False,observed,2025-06-21,2025,6,21,172,5,30,5,Saturday,False,True,summer,weekend,12.5825
2025-06-21 05:45:00,B001,61.7,50.61,True,,50.61,False,observed,2025-06-21,2025,6,21,172,5,45,5,Saturday,False,True,summer,weekend,12.6525
2025-06-21 06:00:00,B001,62.6,46.62,True,,46.62,False,observed,2025-06-21,2025,6,21,172,6,0,5,Saturday,False,True,summer,weekend,11.655
2025-06-21 06:15:00,B001,63.6,56.38,True,,56.38,False,observed,2025-06-21,2025,6,21,172,6,15,5,Saturday,False,True,summer,weekend,14.095
2025-06-21 06:30:00,B001,64.5,54.41,True,,54.41,False,observed,2025-06-21,2025,6,21,172,6,30,5,Saturday,False,True,summer,weekend,13.6025
2025-06-21 06:45:00,B001,65.5,51.79,True,,51.79,False,observed,2025-06-21,2025,6,21,172,6,45,5,Saturday,False,True,summer,weekend,12.9475
2025-06-21 07:00:00,B001,66.5,49.06,True,,49.06,False,observed,2025-06-21,2025,6,21,172,7,0,5,Saturday,False,True,summer,weekend,12.265000000000002
2025-06-21 07:15:00,B001,67.5,58.87,True,,58.87,False,observed,2025-06-21,2025,6,21,172,7,15,5,Saturday,False,True,summer,weekend,14.7175
2025-06-21 07:30:00,B001,68.4,50.61,True,,50.61,False,observed,2025-06-21,2025,6,21,172,7,30,5,Saturday,False,True,summer,weekend,12.6525
2025-06-21 07:45:00,B001,69.4,50.05,True,,50.05,False,observed,2025-06-21,2025,6,21,172,7,45,5,Saturday,False,True,summer,weekend,12.5125
2025-06-21 08:00:00,B001,70.4,53.34,True,,53.34,False,observed,2025-06-21,2025,6,21,172,8,0,5,Saturday,False,True,summer,weekend,13.335
2025-06-21 08:15:00,B001,71.3,66.07,True,,66.07,False,observed,2025-06-21,2025,6,21,172,8,15,5,Saturday,False,True,summer,weekend,16.5175
2025-06-21 08:30:00,B001,72.3,41.78,True,,41.78,False,observed,2025-06-21,2025,6,21,172,8,30,5,Saturday,False,True,summer,weekend,10.445
2025-06-21 08:45:00,B001,73.2,58.66,True,,58.66,False,observed,2025-06-21,2025,6,21,172,8,45,5,Saturday,False,True,summer,weekend,14.665
2025-06-21 09:00:00,B001,74.1,37.35,True,,37.35,False,observed,2025-06-21,2025,6,21,172,9,0,5,Saturday,False,True,summer,weekend,9.3375
2025-06-21 09:15:00,B001,74.9,54.24,True,,54.24,False,observed,2025-06-21,2025,6,21,172,9,15,5,Saturday,False,True,summer,weekend,13.56
2025-06-21 09:30:00,B001,75.8,69.64,True,,69.64,False,observed,2025-06-21,2025,6,21,172,9,30,5,Saturday,False,True,summer,weekend,17.41
2025-06-21 09:45:00,B001,76.5,65.69,True,,65.69,False,observed,2025-06-21,2025,6,21,172,9,45,5,Saturday,False,True,summer,weekend,16.4225
2025-06-21 10:00:00,B001,77.3,67.65,True,,67.65,False,observed,2025-06-21,2025,6,21,172,10,0,5,Saturday,False,True,summer,weekend,16.9125
2025-06-21 10:15:00,B001,78.0,66.05,True,,66.05,False,observed,2025-06-21,2025,6,21,172,10,15,5,Saturday,False,True,summer,weekend,16.5125
2025-06-21 10:30:00,B001,78.7,74.75,True,,74.75,False,observed,2025-06-21,2025,6,21,172,10,30,5,Saturday,False,True,summer,weekend,18.6875
2025-06-21 10:45:00,B001,79.3,76.16,True,,76.16,False,observed,2025-06-21,2025,6,21,172,10,45,5,Saturday,False,True,summer,weekend,19.04
2025-06-21 11:00:00,B001,79.8,75.26,True,,75.26,False,observed,2025-06-21,2025,6,21,172,11,0,5,Saturday,False,True,summer,weekend,18.815
2025-06-21 11:15:00,B001,80.3,82.27,True,,82.27,False,observed,2025-06-21,2025,6,21,172,11,15,5,Saturday,False,True,summer,weekend,20.5675
2025-06-21 11:30:00,B001,80.8,88.88,True,,88.88,False,observed,2025-06-21,2025,6,21,172,11,30,5,Saturday,False,True,summer,weekend,22.219999999999995
2025-06-21 11:45:00,B001,81.2,83.52,True,,83.52,False,observed,2025-06-21,2025,6,21,172,11,45,5,Saturday,False,True,summer,weekend,20.88
2025-06-21 12:00:00,B001,81.5,85.21,True,,85.21,False,observed,2025-06-21,2025,6,21,172,12,0,5,Saturday,False,True,summer,weekend,21.3025
2025-06-21 12:15:00,B001,81.8,82.41,True,,82.41,False,observed,2025-06-21,2025,6,21,172,12,15,5,Saturday,False,True,summer,weekend,20.6025
2025-06-21 12:30:00,B001,82.0,97.68,True,,97.68,False,observed,2025-06-21,2025,6,21,172,12,30,5,Saturday,False,True,summer,weekend,24.42
2025-06-21 12:45:00,B001,82.2,99.8,True,,99.8,False,observed,2025-06-21,2025,6,21,172,12,45,5,Saturday,False,True,summer,weekend,24.95
2025-06-21 13:00:00,B001,82.2,97.79,True,,97.79,False,observed,2025-06-21,2025,6,21,172,13,0,5,Saturday,False,True,summer,weekend,24.4475
2025-06-21 13:15:00,B001,82.3,103.78,True,,103.78,False,observed,2025-06-21,2025,6,21,172,13,15,5,Saturday,False,True,summer,weekend,25.945
2025-06-21 13:30:00,B001,82.2,96.49,True,,96.49,False,observed,2025-06-21,2025,6,21,172,13,30,5,Saturday,False,True,summer,weekend,24.1225
2025-06-21 13:45:00,B001,82.1,98.27,True,,98.27,False,observed,2025-06-21,2025,6,21,172,13,45,5,Saturday,False,True,summer,weekend,24.5675
2025-06-21 14:00:00,B001,81.9,96.53,True,,96.53,False,observed,2025-06-21,2025,6,21,172,14,0,5,Saturday,False,True,summer,weekend,24.1325
2025-06-21 14:15:00,B001,81.7,91.95,True,,91.95,False,observed,2025-06-21,2025,6,21,172,14,15,5,Saturday,False,True,summer,weekend,22.9875
2025-06-21 14:30:00,B001,81.4,86.65,True,,86.65,False,observed,2025-06-21,2025,6,21,172,14,30,5,Saturday,False,True,summer,weekend,21.6625
2025-06-21 14:45:00,B001,81.0,106.47,True,,106.47,False,observed,2025-06-21,2025,6,21,172,14,45,5,Saturday,False,True,summer,weekend,26.6175
2025-06-21 15:00:00,B001,80.6,82.64,True,,82.64,False,observed,2025-06-21,2025,6,21,172,15,0,5,Saturday,False,True,summer,weekend,20.66
2025-06-21 15:15:00,B001,80.2,78.08,True,,78.08,False,observed,2025-06-21,2025,6,21,172,15,15,5,Saturday,False,True,summer,weekend,19.52
2025-06-21 15:30:00,B001,79.6,83.71,True,,83.71,False,observed,2025-06-21,2025,6,21,172,15,30,5,Saturday,False,True,summer,weekend,20.9275
2025-06-21 15:45:00,B001,79.0,78.76,True,,78.76,False,observed,2025-06-21,2025,6,21,172,15,45,5,Saturday,False,True,summer,weekend,19.69
2025-06-21 16:00:00,B001,78.4,61.71,True,,61.71,False,observed,2025-06-21,2025,6,21,172,16,0,5,Saturday,False,True,summer,weekend,15.4275
2025-06-21 16:15:00,B001,77.7,77.85,True,,77.85,False,observed,2025-06-21,2025,6,21,172,16,15,5,Saturday,False,True,summer,weekend,19.4625
2025-06-21 16:30:00,B001,77.0,63.76,True,,63.76,False,observed,2025-06-21,2025,6,21,172,16,30,5,Saturday,False,True,summer,weekend,15.94
2025-06-21 16:45:00,B001,76.2,51.03,True,,51.03,False,observed,2025-06-21,2025,6,21,172,16,45,5,Saturday,False,True,summer,weekend,12.7575
2025-06-21 17:00:00,B001,75.4,64.59,True,,64.59,False,observed,2025-06-21,2025,6,21,172,17,0,5,Saturday,False,True,summer,weekend,16.1475
2025-06-21 17:15:00,B001,74.6,57.51,True,,57.51,False,observed,2025-06-21,2025,6,21,172,17,15,5,Saturday,False,True,summer,weekend,14.3775
2025-06-21 17:30:00,B001,73.7,42.38,True,,42.38,False,observed,2025-06-21,2025,6,21,172,17,30,5,Saturday,False,True,summer,weekend,10.595
2025-06-21 17:45:00,B001,72.8,66.72,True,,66.72,False,observed,2025-06-21,2025,6,21,172,17,45,5,Saturday,False,True,summer,weekend,16.68
2025-06-21 18:00:00,B001,71.9,57.77,True,,57.77,False,observed,2025-06-21,2025,6,21,172,18,0,5,Saturday,False,True,summer,weekend,14.4425
2025-06-21 18:15:00,B001,71.0,52.42,True,,52.42,False,observed,2025-06-21,2025,6,21,172,18,15,5,Saturday,False,True,summer,weekend,13.105
2025-06-21 18:30:00,B001,70.0,65.22,True,,65.22,False,observed,2025-06-21,2025,6,21,172,18,30,5,Saturday,False,True,summer,weekend,16.305
2025-06-21 18:45:00,B001,69.0,53.77,True,,53.77,False,observed,2025-06-21,2025,6,21,172,18,45,5,Saturday,False,True,summer,weekend,13.4425
2025-06-21 19:00:00,B001,68.0,52.28,True,,52.28,False,observed,2025-06-21,2025,6,21,172,19,0,5,Saturday,False,True,summer,weekend,13.07
2025-06-21 19:15:00,B001,67.1,47.22,True,,47.22,False,observed,2025-06-21,2025,6,21,172,19,15,5,Saturday,False,True,summer,weekend,11.805
2025-06-21 19:30:00,B001,66.1,57.15,True,,57.15,False,observed,2025-06-21,2025,6,21,172,19,30,5,Saturday,False,True,summer,weekend,14.2875
2025-06-21 19:45:00,B001,65.1,56.31,True,,56.31,False,observed,2025-06-21,2025,6,21,172,19,45,5,Saturday,False,True,summer,weekend,14.077500000000002
2025-06-21 20:00:00,B001,64.1,52.62,True,,52.62,False,observed,2025-06-21,2025,6,21,172,20,0,5,Saturday,False,True,summer,weekend,13.155
2025-06-21 20:15:00,B001,63.2,46.18,True,,46.18,False,observed,2025-06-21,2025,6,21,172,20,15,5,Saturday,False,True,summer,weekend,11.545
2025-06-21 20:30:00,B001,62.3,53.54,True,,53.54,False,observed,2025-06-21,2025,6,21,172,20,30,5,Saturday,False,True,summer,weekend,13.385
2025-06-21 20:45:00,B001,61.3,51.94,True,,51.94,False,observed,2025-06-21,2025,6,21,172,20,45,5,Saturday,False,True,summer,weekend,12.984999999999998
2025-06-21 21:00:00,B001,60.5,41.83,True,,41.83,False,observed,2025-06-21,2025,6,21,172,21,0,5,Saturday,False,True,summer,weekend,10.4575
2025-06-21 21:15:00,B001,59.6,40.73,True,,40.73,False,observed,2025-06-21,2025,6,21,172,21,15,5,Saturday,False,True,summer,weekend,10.1825
2025-06-21 21:30:00,B001,58.8,57.02,True,,57.02,False,observed,2025-06-21,2025,6,21,172,21,30,5,Saturday,False,True,summer,weekend,14.255
2025-06-21 21:45:00,B001,58.0,31.68,True,,31.68,False,observed,2025-06-21,2025,6,21,172,21,45,5,Saturday,False,True,summer,weekend,7.92
2025-06-21 22:00:00,B001,57.2,54.14,True,,54.14,False,observed,2025-06-21,2025,6,21,172,22,0,5,Saturday,False,True,summer,weekend,13.535
2025-06-21 22:15:00,B001,56.5,48.68,True,,48.68,False,observed,2025-06-21,2025,6,21,172,22,15,5,Saturday,False,True,summer,weekend,12.17
2025-06-21 22:30:00,B001,55.9,62.97,True,,62.97,False,observed,2025-06-21,2025,6,21,172,22,30,5,Saturday,False,True,summer,weekend,15.7425
2025-06-21 22:45:00,B001,55.2,48.55,True,,48.55,False,observed,2025-06-21,2025,6,21,172,22,45,5,Saturday,False,True,summer,weekend,12.1375
2025-06-21 23:00:00,B001,54.7,57.78,True,,57.78,False,observed,2025-06-21,2025,6,21,172,23,0,5,Saturday,False,True,summer,weekend,14.445
2025-06-21 23:15:00,B001,54.2,49.32,True,,49.32,False,observed,2025-06-21,2025,6,21,172,23,15,5,Saturday,False,True,summer,weekend,12.33
2025-06-21 23:30:00,B001,53.7,53.41,True,,53.41,False,observed,2025-06-21,2025,6,21,172,23,30,5,Saturday,False,True,summer,weekend,13.3525
2025-06-21 23:45:00,B001,53.3,58.39,True,,58.39,False,observed,2025-06-21,2025,6,21,172,23,45,5,Saturday,False,True,summer,weekend,14.5975
2025-06-22 00:00:00,B001,53.0,48.8,True,,48.8,False,observed,2025-06-22,2025,6,22,173,0,0,6,Sunday,False,True,summer,weekend,12.2
2025-06-01 00:15:00,B002,54.7,45.98,True,,45.98,False,observed,2025-06-01,2025,6,1,152,0,15,6,Sunday,False,True,summer,weekend,11.495
2025-06-01 00:30:00,B002,54.5,34.04,True,,34.04,False,observed,2025-06-01,2025,6,1,152,0,30,6,Sunday,False,True,summer,weekend,8.51
2025-06-01 00:45:00,B002,54.3,41.77,True,,41.77,False,observed,2025-06-01,2025,6,1,152,0,45,6,Sunday,False,True,summer,weekend,10.4425
2025-06-01 01:00:00,B002,54.2,45.54,True,,45.54,False,observed,2025-06-01,2025,6,1,152,1,0,6,Sunday,False,True,summer,weekend,11.385
2025-06-01 01:15:00,B002,54.2,43.96,True,,43.96,False,observed,2025-06-01,2025,6,1,152,1,15,6,Sunday,False,True,summer,weekend,10.99
2025-06-01 01:30:00,B002,54.3,51.5,True,,51.5,False,observed,2025-06-01,2025,6,1,152,1,30,6,Sunday,False,True,summer,weekend,12.875
2025-06-01 01:45:00,B002,54.4,35.42,True,,35.42,False,observed,2025-06-01,2025,6,1,152,1,45,6,Sunday,False,True,summer,weekend,8.855
2025-06-01 02:00:00,B002,54.5,31.73,True,,31.73,False,observed,2025-06-01,2025,6,1,152,2,0,6,Sunday,False,True,summer,weekend,7.9325
2025-06-01 02:15:00,B002,54.8,34.03,True,,34.03,False,observed,2025-06-01,2025,6,1,152,2,15,6,Sunday,False,True,summer,weekend,8.5075
2025-06-01 02:30:00,B002,55.1,43.96,True,,43.96,False,observed,2025-06-01,2025,6,1,152,2,30,6,Sunday,False,True,summer,weekend,10.99
2025-06-01 02:45:00,B002,55.4,42.99,True,,42.99,False,observed,2025-06-01,2025,6,1,152,2,45,6,Sunday,False,True,summer,weekend,10.7475
2025-06-01 03:00:00,B002,55.9,40.61,True,,40.61,False,observed,2025-06-01,2025,6,1,152,3,0,6,Sunday,False,True,summer,weekend,10.1525
2025-06-01 03:15:00,B002,56.3,33.26,True,,33.26,False,observed,2025-06-01,2025,6,1,152,3,15,6,Sunday,False,True,summer,weekend,8.315
2025-06-01 03:30:00,B002,56.9,44.6,True,,44.6,False,observed,2025-06-01,2025,6,1,152,3,30,6,Sunday,False,True,summer,weekend,11.15
2025-06-01 03:45:00,B002,57.4,32.65,True,,32.65,False,observed,2025-06-01,2025,6,1,152,3,45,6,Sunday,False,True,summer,weekend,8.1625
2025-06-01 04:00:00,B002,58.1,46.95,True,,46.95,False,observed,2025-06-01,2025,6,1,152,4,0,6,Sunday,False,True,summer,weekend,11.7375
2025-06-01 04:15:00,B002,58.8,57.14,True,,57.14,False,observed,2025-06-01,2025,6,1,152,4,15,6,Sunday,False,True,summer,weekend,14.285
2025-06-01 04:30:00,B002,59.5,42.2,True,,42.2,False,observed,2025-06-01,2025,6,1,152,4,30,6,Sunday,False,True,summer,weekend,10.55
2025-06-01 04:45:00,B002,60.2,43.5,True,,43.5,False,observed,2025-06-01,2025,6,1,152,4,45,6,Sunday,False,True,summer,weekend,10.875
2025-06-01 05:00:00,B002,61.0,37.04,True,,37.04,False,observed,2025-06-01,2025,6,1,152,5,0,6,Sunday,False,True,summer,weekend,9.26
2025-06-01 05:15:00,B002,61.9,29.14,True,,29.14,False,observed,2025-06-01,2025,6,1,152,5,15,6,Sunday,False,True,summer,weekend,7.285
2025-06-01 05:30:00,B002,62.8,36.38,True,,36.38,False,observed,2025-06-01,2025,6,1,152,5,30,6,Sunday,False,True,summer,weekend,9.095
2025-06-01 05:45:00,B002,63.7,33.44,True,,33.44,False,observed,2025-06-01,2025,6,1,152,5,45,6,Sunday,False,True,summer,weekend,8.36
2025-06-01 06:00:00,B002,64.6,31.32,True,,31.32,False,observed,2025-06-01,2025,6,1,152,6,0,6,Sunday,False,True,summer,weekend,7.83
2025-06-01 06:15:00,B002,65.5,50.33,True,,50.33,False,observed,2025-06-01,2025,6,1,152,6,15,6,Sunday,False,True,summer,weekend,12.5825
2025-06-01 06:30:00,B002,66.5,41.64,True,,41.64,False,observed,2025-06-01,2025,6,1,152,6,30,6,Sunday,False,True,summer,weekend,10.41
2025-06-01 06:45:00,B002,67.5,42.28,True,,42.28,False,observed,2025-06-01,2025,6,1,152,6,45,6,Sunday,False,True,summer,weekend,10.57
2025-06-01 07:00:00,B002,68.4,38.15,True,,38.15,False,observed,2025-06-01,2025,6,1,152,7,0,6,Sunday,False,True,summer,weekend,9.5375
2025-06-01 07:15:00,B002,69.4,38.96,True,,38.96,False,observed,2025-06-01,2025,6,1,152,7,15,6,Sunday,False,True,summer,weekend,9.74
2025-06-01 07:30:00,B002,70.4,45.79,True,,45.79,False,observed,2025-06-01,2025,6,1,152,7,30,6,Sunday,False,True,summer,weekend,11.4475
2025-06-01 07:45:00,B002,71.4,39.81,True,,39.81,False,observed,2025-06-01,2025,6,1,152,7,45,6,Sunday,False,True,summer,weekend,9.952500000000002
2025-06-01 08:00:00,B002,72.3,43.18,True,,43.18,False,observed,2025-06-01,2025,6,1,152,8,0,6,Sunday,False,True,summer,weekend,10.795
2025-06-01 08:15:00,B002,73.3,38.82,True,,38.82,False,observed,2025-06-01,2025,6,1,152,8,15,6,Sunday,False,True,summer,weekend,9.705
2025-06-01 08:30:00,B002,74.2,37.95,True,,37.95,False,observed,2025-06-01,2025,6,1,152,8,30,6,Sunday,False,True,summer,weekend,9.4875
2025-06-01 08:45:00,B002,75.1,32.12,True,,32.12,False,observed,2025-06-01,2025,6,1,152,8,45,6,Sunday,False,True,summer,weekend,8.03
2025-06-01 09:00:00,B002,76.0,32.25,True,,32.25,False,observed,2025-06-01,2025,6,1,152,9,0,6,Sunday,False,True,summer,weekend,8.0625
2025-06-01 09:15:00,B002,76.9,45.98,True,,45.98,False,observed,2025-06-01,2025,6,1,152,9,15,6,Sunday,False,True,summer,weekend,11.495
2025-06-01 09:30:00,B002,77.7,51.2,True,,51.2,False,observed,2025-06-01,2025,6,1,152,9,30,6,Sunday,False,True,summer,weekend,12.8
2025-06-01 09:45:00,B002,78.5,46.3,True,,46.3,False,observed,2025-06-01,2025,6,1,152,9,45,6,Sunday,False,True,summer,weekend,11.575
2025-06-01 10:00:00,B002,79.3,56.82,True,,56.82,False,observed,2025-06-01,2025,6,1,152,10,0,6,Sunday,False,True,summer,weekend,14.205
2025-06-01 10:15:00,B002,80.0,60.18,True,,60.18,False,observed,2025-06-01,2025,6,1,152,10,15,6,Sunday,False,True,summer,weekend,15.045
2025-06-01 10:30:00,B002,80.6,49.56,True,,49.56,False,observed,2025-06-01,2025,6,1,152,10,30,6,Sunday,False,True,summer,weekend,12.390000000000002
2025-06-01 10:45:00,B002,81.2,59.46,True,,59.46,False,observed,2025-06-01,2025,6,1,152,10,45,6,Sunday,False,True,summer,weekend,14.865
2025-06-01 11:00:00,B002,81.8,69.64,True,,69.64,False,observed,2025-06-01,2025,6,1,152,11,0,6,Sunday,False,True,summer,weekend,17.41
2025-06-01 11:15:00,B002,82.3,71.55,True,,71.55,False,observed,2025-06-01,2025,6,1,152,11,15,6,Sunday,False,True,summer,weekend,17.8875
2025-06-01 11:30:00,B002,82.8,64.11,True,,64.11,False,observed,2025-06-01,2025,6,1,152,11,30,6,Sunday,False,True,summer,weekend,16.0275
2025-06-01 11:45:00,B002,83.2,73.55,True,,73.55,False,observed,2025-06-01,2025,6,1,152,11,45,6,Sunday,False,True,summer,weekend,18.3875
2025-06-01 12:00:00,B002,83.5,80.07,True,,80.07,False,observed,2025-06-01,2025,6,1,152,12,0,6,Sunday,False,True,summer,weekend,20.0175
2025-06-01 12:15:00,B002,83.8,79.69,True,,79.69,False,observed,2025-06-01,2025,6,1,152,12,15,6,Sunday,False,True,summer,weekend,19.9225
2025-06-01 12:30:00,B002,84.0,75.3,True,,75.3,False,observed,2025-06-01,2025,6,1,152,12,30,6,Sunday,False,True,summer,weekend,18.825
2025-06-01 12:45:00,B002,84.1,73.65,True,,73.65,False,observed,2025-06-01,2025,6,1,152,12,45,6,Sunday,False,True,summer,weekend,18.4125
2025-06-01 13:00:00,B002,84.2,73.02,True,,73.02,False,observed,2025-06-01,2025,6,1,152,13,0,6,Sunday,False,True,summer,weekend,18.255
2025-06-01 13:15:00,B002,84.2,79.68,True,,79.68,False,observed,2025-06-01,2025,6,1,152,13,15,6,Sunday,False,True,summer,weekend,19.92
2025-06-01 13:30:00,B002,84.2,77.86,True,,77.86,False,observed,2025-06-01,2025,6,1,152,13,30,6,Sunday,False,True,summer,weekend,19.465
2025-06-01 13:45:00,B002,84.1,80.03,True,,80.03,False,observed,2025-06-01,2025,6,1,152,13,45,6,Sunday,False,True,summer,weekend,20.0075
2025-06-01 14:00:00,B002,83.9,76.36,True,,76.36,False,observed,2025-06-01,2025,6,1,152,14,0,6,Sunday,False,True,summer,weekend,19.09
2025-06-01 14:15:00,B002,83.7,79.54,True,,79.54,False,observed,2025-06-01,2025,6,1,152,14,15,6,Sunday,False,True,summer,weekend,19.885
2025-06-01 14:30:00,B002,83.4,74.0,True,,74.0,False,observed,2025-06-01,2025,6,1,152,14,30,6,Sunday,False,True,summer,weekend,18.5
2025-06-01 14:45:00,B002,83.0,76.71,True,,76.71,False,observed,2025-06-01,2025,6,1,152,14,45,6,Sunday,False,True,summer,weekend,19.1775
2025-06-01 15:00:00,B002,82.6,75.56,True,,75.56,False,observed,2025-06-01,2025,6,1,152,15,0,6,Sunday,False,True,summer,weekend,18.89
2025-06-01 15:15:00,B002,82.1,63.61,True,,63.61,False,observed,2025-06-01,2025,6,1,152,15,15,6,Sunday,False,True,summer,weekend,15.9025
2025-06-01 15:30:00,B002,81.6,55.47,True,,55.47,False,observed,2025-06-01,2025,6,1,152,15,30,6,Sunday,False,True,summer,weekend,13.8675
2025-06-01 15:45:00,B002,81.0,73.26,True,,73.26,False,observed,2025-06-01,2025,6,1,152,15,45,6,Sunday,False,True,summer,weekend,18.315
2025-06-01 16:00:00,B002,80.4,63.0,True,,63.0,False,observed,2025-06-01,2025,6,1,152,16,0,6,Sunday,False,True,summer,weekend,15.75
2025-06-01 16:15:00,B002,79.7,48.46,True,,48.46,False,observed,2025-06-01,2025,6,1,152,16,15,6,Sunday,False,True,summer,weekend,12.115
2025-06-01 16:30:00,B002,79.0,51.56,True,,51.56,False,observed,2025-06-01,2025,6,1,152,16,30,6,Sunday,False,True,summer,weekend,12.890000000000002
2025-06-01 16:45:00,B002,78.2,57.41,True,,57.41,False,observed,2025-06-01,2025,6,1,152,16,45,6,Sunday,False,True,summer,weekend,14.3525
2025-06-01 17:00:00,B002,77.4,47.88,True,,47.88,False,observed,2025-06-01,2025,6,1,152,17,0,6,Sunday,False,True,summer,weekend,11.97
2025-06-01 17:15:00,B002,76.5,43.12,True,,43.12,False,observed,2025-06-01,2025,6,1,152,17,15,6,Sunday,False,True,summer,weekend,10.78
2025-06-01 17:30:00,B002,75.7,51.11,True,,51.11,False,observed,2025-06-01,2025,6,1,152,17,30,6,Sunday,False,True,summer,weekend,12.7775
2025-06-01 17:45:00,B002,74.8,33.72,True,,33.72,False,observed,2025-06-01,2025,6,1,152,17,45,6,Sunday,False,True,summer,weekend,8.43
2025-06-01 18:00:00,B002,73.9,35.21,True,,35.21,False,observed,2025-06-01,2025,6,1,152,18,0,6,Sunday,False,True,summer,weekend,8.8025
2025-06-01 18:15:00,B002,72.9,41.27,True,,41.27,False,observed,2025-06-01,2025,6,1,152,18,15,6,Sunday,False,True,summer,weekend,10.3175
2025-06-01 18:30:00,B002,72.0,42.34,True,,42.34,False,observed,2025-06-01,2025,6,1,152,18,30,6,Sunday,False,True,summer,weekend,10.585
2025-06-01 18:45:00,B002,71.0,42.98,True,,42.98,False,observed,2025-06-01,2025,6,1,152,18,45,6,Sunday,False,True,summer,weekend,10.745
2025-06-01 19:00:00,B002,70.0,45.47,True,,45.47,False,observed,2025-06-01,2025,6,1,152,19,0,6,Sunday,False,True,summer,weekend,11.3675
2025-06-01 19:15:00,B002,69.0,41.19,True,,41.19,False,observed,2025-06-01,2025,6,1,152,19,15,6,Sunday,False,True,summer,weekend,10.297499999999998
2025-06-01 19:30:00,B002,68.0,42.94,True,,42.94,False,observed,2025-06-01,2025,6,1,152,19,30,6,Sunday,False,True,summer,weekend,10.734999999999998
2025-06-01 19:45:00,B002,67.1,38.44,True,,38.44,False,observed,2025-06-01,2025,6,1,152,19,45,6,Sunday,False,True,summer,weekend,9.609999999999998
2025-06-01 20:00:00,B002,66.1,40.38,True,,40.38,False,observed,2025-06-01,2025,6,1,152,20,0,6,Sunday,False,True,summer,weekend,10.095
2025-06-01 20:15:00,B002,65.1,40.65,True,,40.65,False,observed,2025-06-01,2025,6,1,152,20,15,6,Sunday,False,True,summer,weekend,10.1625
2025-06-01 20:30:00,B002,64.2,41.29,True,,41.29,False,observed,2025-06-01,2025,6,1,152,20,30,6,Sunday,False,True,summer,weekend,10.3225
2025-06-01 20:45:00,B002,63.3,44.64,True,,44.64,False,observed,2025-06-01,2025,6,1,152,20,45,6,Sunday,False,True,summer,weekend,11.16
2025-06-01 21:00:00,B002,62.4,43.33,True,,43.33,False,observed,2025-06-01,2025,6,1,152,21,0,6,Sunday,False,True,summer,weekend,10.8325
2025-06-01 21:15:00,B002,61.5,40.27,True,,40.27,False,observed,2025-06-01,2025,6,1,152,21,15,6,Sunday,False,True,summer,weekend,10.0675
2025-06-01 21:30:00,B002,60.7,35.15,True,,35.15,False,observed,2025-06-01,2025,6,1,152,21,30,6,Sunday,False,True,summer,weekend,8.7875
2025-06-01 21:45:00,B002,59.9,40.41,True,,40.41,False,observed,2025-06-01,2025,6,1,152,21,45,6,Sunday,False,True,summer,weekend,10.1025
2025-06-01 22:00:00,B002,59.2,39.83,True,,39.83,False,observed,2025-06-01,2025,6,1,152,22,0,6,Sunday,False,True,summer,weekend,9.9575
2025-06-01 22:15:00,B002,58.5,41.16,True,,41.16,False,observed,2025-06-01,2025,6,1,152,22,15,6,Sunday,False,True,summer,weekend,10.29
2025-06-01 22:30:00,B002,57.8,53.24,True,,53.24,False,observed,2025-06-01,2025,6,1,152,22,30,6,Sunday,False,True,summer,weekend,13.31
2025-06-01 22:45:00,B002,57.2,36.86,True,,36.86,False,observed,2025-06-01,2025,6,1,152,22,45,6,Sunday,False,True,summer,weekend,9.215
2025-06-01 23:00:00,B002,56.6,42.53,True,,42.53,False,observed,2025-06-01,2025,6,1,152,23,0,6,Sunday,False,True,summer,weekend,10.6325
2025-06-01 23:15:00,B002,56.1,46.41,True,,46.41,False,observed,2025-06-01,2025,6,1,152,23,15,6,Sunday,False,True,summer,weekend,11.6025
2025-06-01 23:30:00,B002,55.7,40.59,True,,40.59,False,observed,2025-06-01,2025,6,1,152,23,30,6,Sunday,False,True,summer,weekend,10.1475
2025-06-01 23:45:00,B002,55.3,54.03,True,,54.03,False,observed,2025-06-01,2025,6,1,152,23,45,6,Sunday,False,True,summer,weekend,13.5075
2025-06-02 00:00:00,B002,55.0,97.73,True,,97.73,False,observed,2025-06-02,2025,6,2,153,0,0,0,Monday,True,False,summer,weekday,24.4325
2025-06-02 00:15:00,B002,49.3,101.94,True,,101.94,False,observed,2025-06-02,2025,6,2,153,0,15,0,Monday,True,False,summer,weekday,25.485
2025-06-02 00:30:00,B002,49.1,95.21,True,,95.21,False,observed,2025-06-02,2025,6,2,153,0,30,0,Monday,True,False,summer,weekday,23.8025
2025-06-02 00:45:00,B002,48.9,97.89,True,,97.89,False,observed,2025-06-02,2025,6,2,153,0,45,0,Monday,True,False,summer,weekday,24.4725
2025-06-02 01:00:00,B002,48.9,101.49,True,,101.49,False,observed,2025-06-02,2025,6,2,153,1,0,0,Monday,True,False,summer,weekday,25.3725
2025-06-02 01:15:00,B002,48.8,105.08,True,,105.08,False,observed,2025-06-02,2025,6,2,153,1,15,0,Monday,True,False,summer,weekday,26.27
2025-06-02 01:30:00,B002,48.9,101.91,True,,101.91,False,observed,2025-06-02,2025,6,2,153,1,30,0,Monday,True,False,summer,weekday,25.4775
2025-06-02 01:45:00,B002,49.0,107.55,True,,107.55,False,observed,2025-06-02,2025,6,2,153,1,45,0,Monday,True,False,summer,weekday,26.8875
2025-06-02 02:00:00,B002,49.2,99.43,True,,99.43,False,observed,2025-06-02,2025,6,2,153,2,0,0,Monday,True,False,summer,weekday,24.8575
2025-06-02 02:15:00,B002,49.4,98.01,True,,98.01,False,observed,2025-06-02,2025,6,2,153,2,15,0,Monday,True,False,summer,weekday,24.5025
2025-06-02 02:30:00,B002,49.7,116.22,True,,116.22,False,observed,2025-06-02,2025,6,2,153,2,30,0,Monday,True,False,summer,weekday,29.055
2025-06-02 02:45:00,B002,50.1,102.37,True,,102.37,False,observed,2025-06-02,2025,6,2,153,2,45,0,Monday,True,False,summer,weekday,25.592500000000005
2025-06-02 03:00:00,B002,50.5,95.68,True,,95.68,False,observed,2025-06-02,2025,6,2,153,3,0,0,Monday,True,False,summer,weekday,23.92
2025-06-02 03:15:00,B002,50.9,95.83,True,,95.83,False,observed,2025-06-02,2025,6,2,153,3,15,0,Monday,True,False,summer,weekday,23.9575
2025-06-02 03:30:00,B002,51.5,94.34,True,,94.34,False,observed,2025-06-02,2025,6,2,153,3,30,0,Monday,True,False,summer,weekday,23.585
2025-06-02 03:45:00,B002,52.1,105.62,True,,105.62,False,observed,2025-06-02,2025,6,2,153,3,45,0,Monday,True,False,summer,weekday,26.405000000000005
2025-06-02 04:00:00,B002,52.7,97.81,True,,97.81,False,observed,2025-06-02,2025,6,2,153,4,0,0,Monday,True,False,summer,weekday,24.4525
2025-06-02 04:15:00,B002,53.4,100.76,True,,100.76,False,observed,2025-06-02,2025,6,2,153,4,15,0,Monday,True,False,summer,weekday,25.19
2025-06-02 04:30:00,B002,54.1,99.62,True,,99.62,False,observed,2025-06-02,2025,6,2,153,4,30,0,Monday,True,False,summer,weekday,24.905000000000005
2025-06-02 04:45:00,B002,54.9,104.39,True,,104.39,False,observed,2025-06-02,2025,6,2,153,4,45,0,Monday,True,False,summer,weekday,26.0975
2025-06-02 05:00:00,B002,55.7,94.92,True,,94.92,False,observed,2025-06-02,2025,6,2,153,5,0,0,Monday,True,False,summer,weekday,23.73
2025-06-02 05:15:00,B002,56.5,93.55,True,,93.55,False,observed,2025-06-02,2025,6,2,153,5,15,0,Monday,True,False,summer,weekday,23.3875
2025-06-02 05:30:00,B002,57.4,101.35,True,,101.35,False,observed,2025-06-02,2025,6,2,153,5,30,0,Monday,True,False,summer,weekday,25.3375
2025-06-02 05:45:00,B002,58.3,103.61,True,,103.61,False,observed,2025-06-02,2025,6,2,153,5,45,0,Monday,True,False,summer,weekday,25.9025
2025-06-02 06:00:00,B002,59.2,102.01,True,,102.01,False,observed,2025-06-02,2025,6,2,153,6,0,0,Monday,True,False,summer,weekday,25.5025
2025-06-02 06:15:00,B002,60.1,95.18,True,,95.18,False,observed,2025-06-02,2025,6,2,153,6,15,0,Monday,True,False,summer,weekday,23.795
2025-06-02 06:30:00,B002,61.1,104.13,True,,104.13,False,observed,2025-06-02,2025,6,2,153,6,30,0,Monday,True,False,summer,weekday,26.032499999999995
2025-06-02 06:45:00,B002,62.1,95.66,True,,95.66,False,observed,2025-06-02,2025,6,2,153,6,45,0,Monday,True,False,summer,weekday,23.915
2025-06-02 07:00:00,B002,63.1,97.09,True,,97.09,False,observed,2025-06-02,2025,6,2,153,7,0,0,Monday,True,False,summer,weekday,24.2725
2025-06-02 07:15:00,B002,64.0,94.73,True,,94.73,False,observed,2025-06-02,2025,6,2,153,7,15,0,Monday,True,False,summer,weekday,23.6825
2025-06-02 07:30:00,B002,65.0,108.49,True,,108.49,False,observed,2025-06-02,2025,6,2,153,7,30,0,Monday,True,False,summer,weekday,27.1225
2025-06-02 07:45:00,B002,66.0,104.95,True,,104.95,False,observed,2025-06-02,2025,6,2,153,7,45,0,Monday,True,False,summer,weekday,26.2375
2025-06-02 08:00:00,B002,67.0,105.52,True,,105.52,False,observed,2025-06-02,2025,6,2,153,8,0,0,Monday,True,False,summer,weekday,26.38
2025-06-02 08:15:00,B002,67.9,110.53,True,,110.53,False,observed,2025-06-02,2025,6,2,153,8,15,0,Monday,True,False,summer,weekday,27.6325
2025-06-02 08:30:00,B002,68.8,121.67,True,,121.67,False,observed,2025-06-02,2025,6,2,153,8,30,0,Monday,True,False,summer,weekday,30.4175
2025-06-02 08:45:00,B002,69.8,97.09,True,,97.09,False,observed,2025-06-02,2025,6,2,153,8,45,0,Monday,True,False,summer,weekday,24.2725
2025-06-02 09:00:00,B002,70.6,106.55,True,,106.55,False,observed,2025-06-02,2025,6,2,153,9,0,0,Monday,True,False,summer,weekday,26.6375
2025-06-02 09:15:00,B002,71.5,112.34,True,,112.34,False,observed,2025-06-02,2025,6,2,153,9,15,0,Monday,True,False,summer,weekday,28.085
2025-06-02 09:30:00,B002,72.3,117.74,True,,117.74,False,observed,2025-06-02,2025,6,2,153,9,30,0,Monday,True,False,summer,weekday,29.435
2025-06-02 09:45:00,B002,73.1,125.3,True,,125.3,False,observed,2025-06-02,2025,6,2,153,9,45,0,Monday,True,False,summer,weekday,31.325
2025-06-02 10:00:00,B002,73.9,141.31,True,,141.31,False,observed,2025-06-02,2025,6,2,153,10,0,0,Monday,True,False,summer,weekday,35.3275
2025-06-02 10:15:00,B002,74.6,149.78,True,,149.78,False,observed,2025-06-02,2025,6,2,153,10,15,0,Monday,True,False,summer,weekday,37.445
2025-06-02 10:30:00,B002,75.2,176.75,True,,176.75,False,observed,2025-06-02,2025,6,2,153,10,30,0,Monday,True,False,summer,weekday,44.1875
2025-06-02 10:45:00,B002,75.9,196.75,True,,196.75,False,observed,2025-06-02,2025,6,2,153,10,45,0,Monday,True,False,summer,weekday,49.1875
2025-06-02 11:00:00,B002,76.4,223.03,True,,223.03,False,observed,2025-06-02,2025,6,2,153,11,0,0,Monday,True,False,summer,weekday,55.7575
2025-06-02 11:15:00,B002,76.9,248.21,True,,248.21,False,observed,2025-06-02,2025,6,2,153,11,15,0,Monday,True,False,summer,weekday,62.0525
2025-06-02 11:30:00,B002,77.4,274.23,True,,274.23,False,observed,2025-06-02,2025,6,2,153,11,30,0,Monday,True,False,summer,weekday,68.55750000000002
2025-06-02 11:45:00,B002,77.8,293.1,True,,293.1,False,observed,2025-06-02,2025,6,2,153,11,45,0,Monday,True,False,summer,weekday,73.275
2025-06-02 12:00:00,B002,78.1,330.79,True,,330.79,False,observed,2025-06-02,2025,6,2,153,12,0,0,Monday,True,False,summer,weekday,82.6975
2025-06-02 12:15:00,B002,78.4,338.91,True,,338.91,False,observed,2025-06-02,2025,6,2,153,12,15,0,Monday,True,False,summer,weekday,84.7275
2025-06-02 12:30:00,B002,78.6,341.27,True,,341.27,False,observed,2025-06-02,2025,6,2,153,12,30,0,Monday,True,False,summer,weekday,85.31749999999998
2025-06-02 12:45:00,B002,78.7,355.9,True,,355.9,False,observed,2025-06-02,2025,6,2,153,12,45,0,Monday,True,False,summer,weekday,88.975
2025-06-02 13:00:00,B002,78.8,354.84,True,,354.84,False,observed,2025-06-02,2025,6,2,153,13,0,0,Monday,True,False,summer,weekday,88.71
2025-06-02 13:15:00,B002,78.8,362.43,True,,362.43,False,observed,2025-06-02,2025,6,2,153,13,15,0,Monday,True,False,summer,weekday,90.6075
2025-06-02 13:30:00,B002,78.8,352.53,True,,352.53,False,observed,2025-06-02,2025,6,2,153,13,30,0,Monday,True,False,summer,weekday,88.1325
2025-06-02 13:45:00,B002,78.7,335.92,True,,335.92,False,observed,2025-06-02,2025,6,2,153,13,45,0,Monday,True,False,summer,weekday,83.98
2025-06-02 14:00:00,B002,78.5,331.76,True,,331.76,False,observed,2025-06-02,2025,6,2,153,14,0,0,Monday,True,False,summer,weekday,82.94
2025-06-02 14:15:00,B002,78.3,300.65,True,,300.65,False,observed,2025-06-02,2025,6,2,153,14,15,0,Monday,True,False,summer,weekday,75.1625
2025-06-02 14:30:00,B002,78.0,277.37,True,,277.37,False,observed,2025-06-02,2025,6,2,153,14,30,0,Monday,True,False,summer,weekday,69.3425
2025-06-02 14:45:00,B002,77.6,242.36,True,,242.36,False,observed,2025-06-02,2025,6,2,153,14,45,0,Monday,True,False,summer,weekday,60.59
2025-06-02 15:00:00,B002,77.2,217.28,True,,217.28,False,observed,2025-06-02,2025,6,2,153,15,0,0,Monday,True,False,summer,weekday,54.32
2025-06-02 15:15:00,B002,76.7,200.15,True,,200.15,False,observed,2025-06-02,2025,6,2,153,15,15,0,Monday,True,False,summer,weekday,50.0375
2025-06-02 15:30:00,B002,76.2,179.6,True,,179.6,False,observed,2025-06-02,2025,6,2,153,15,30,0,Monday,True,False,summer,weekday,44.9
2025-06-02 15:45:00,B002,75.6,148.42,True,,148.42,False,observed,2025-06-02,2025,6,2,153,15,45,0,Monday,True,False,summer,weekday,37.105
2025-06-02 16:00:00,B002,75.0,142.02,True,,142.02,False,observed,2025-06-02,2025,6,2,153,16,0,0,Monday,True,False,summer,weekday,35.505
2025-06-02 16:15:00,B002,74.3,131.85,True,,131.85,False,observed,2025-06-02,2025,6,2,153,16,15,0,Monday,True,False,summer,weekday,32.9625
2025-06-02 16:30:00,B002,73.6,121.56,True,,121.56,False,observed,2025-06-02,2025,6,2,153,16,30,0,Monday,True,False,summer,weekday,30.39
2025-06-02 16:45:00,B002,72.8,111.16,True,,111.16,False,observed,2025-06-02,2025,6,2,153,16,45,0,Monday,True,False,summer,weekday,27.79
2025-06-02 17:00:00,B002,72.0,107.75,True,,107.75,False,observed,2025-06-02,2025,6,2,153,17,0,0,Monday,True,False,summer,weekday,26.9375
2025-06-02 17:15:00,B002,71.2,106.28,True,,106.28,False,observed,2025-06-02,2025,6,2,153,17,15,0,Monday,True,False,summer,weekday,26.57
2025-06-02 17:30:00,B002,70.3,105.33,True,,105.33,False,observed,2025-06-02,2025,6,2,153,17,30,0,Monday,True,False,summer,weekday,26.3325
2025-06-02 17:45:00,B002,69.4,106.68,True,,106.68,False,observed,2025-06-02,2025,6,2,153,17,45,0,Monday,True,False,summer,weekday,26.67
2025-06-02 18:00:00,B002,68.5,108.38,True,,108.38,False,observed,2025-06-02,2025,6,2,153,18,0,0,Monday,True,False,summer,weekday,27.094999999999995
2025-06-02 18:15:00,B002,67.5,99.38,True,,99.38,False,observed,2025-06-02,2025,6,2,153,18,15,0,Monday,True,False,summer,weekday,24.844999999999995
2025-06-02 18:30:00,B002,66.6,97.94,True,,97.94,False,observed,2025-06-02,2025,6,2,153,18,30,0,Monday,True,False,summer,weekday,24.485
2025-06-02 18:45:00,B002,65.6,103.02,True,,103.02,False,observed,2025-06-02,2025,6,2,153,18,45,0,Monday,True,False,summer,weekday,25.755
2025-06-02 19:00:00,B002,64.6,103.89,True,,103.89,False,observed,2025-06-02,2025,6,2,153,19,0,0,Monday,True,False,summer,weekday,25.9725
2025-06-02 19:15:00,B002,63.6,97.52,True,,97.52,False,observed,2025-06-02,2025,6,2,153,19,15,0,Monday,True,False,summer,weekday,24.38
2025-06-02 19:30:00,B002,62.7,104.81,True,,104.81,False,observed,2025-06-02,2025,6,2,153,19,30,0,Monday,True,False,summer,weekday,26.2025
2025-06-02 19:45:00,B002,61.7,105.91,True,,105.91,False,observed,2025-06-02,2025,6,2,153,19,45,0,Monday,True,False,summer,weekday,26.4775
2025-06-02 20:00:00,B002,60.7,107.77,True,,107.77,False,observed,2025-06-02,2025,6,2,153,20,0,0,Monday,True,False,summer,weekday,26.9425
2025-06-02 20:15:00,B002,59.8,110.68,True,,110.68,False,observed,2025-06-02,2025,6,2,153,20,15,0,Monday,True,False,summer,weekday,27.67
2025-06-02 20:30:00,B002,58.8,94.81,True,,94.81,False,observed,2025-06-02,2025,6,2,153,20,30,0,Monday,True,False,summer,weekday,23.7025
2025-06-02 20:45:00,B002,57.9,100.09,True,,100.09,False,observed,2025-06-02,2025,6,2,153,20,45,0,Monday,True,False,summer,weekday,25.0225
2025-06-02 21:00:00,B002,57.0,100.07,True,,100.07,False,observed,2025-06-02,2025,6,2,153,21,0,0,Monday,True,False,summer,weekday,25.0175
2025-06-02 21:15:00,B002,56.2,99.41,True,,99.41,False,observed,2025-06-02,2025,6,2,153,21,15,0,Monday,True,False,summer,weekday,24.8525
2025-06-02 21:30:00,B002,55.3,96.1,True,,96.1,False,observed,2025-06-02,2025,6,2,153,21,30,0,Monday,True,False,summer,weekday,24.025
2025-06-02 21:45:00,B002,54.6,91.09,True,,91.09,False,observed,2025-06-02,2025,6,2,153,21,45,0,Monday,True,False,summer,weekday,22.7725
2025-06-02 22:00:00,B002,53.8,100.56,True,,100.56,False,observed,2025-06-02,2025,6,2,153,22,0,0,Monday,True,False,summer,weekday,25.14
2025-06-02 22:15:00,B002,53.1,95.39,True,,95.39,False,observed,2025-06-02,2025,6,2,153,22,15,0,Monday,True,False,summer,weekday,23.8475
2025-06-02 22:30:00,B002,52.4,100.52,True,,100.52,False,observed,2025-06-02,2025,6,2,153,22,30,0,Monday,True,False,summer,weekday,25.13
2025-06-02 22:45:00,B002,51.8,95.24,True,,95.24,False,observed,2025-06-02,2025,6,2,153,22,45,0,Monday,True,False,summer,weekday,23.81
2025-06-02 23:00:00,B002,51.3,93.4,True,,93.4,False,observed,2025-06-02,2025,6,2,153,23,0,0,Monday,True,False,summer,weekday,23.35
2025-06-02 23:15:00,B002,50.8,101.41,True,,101.41,False,observed,2025-06-02,2025,6,2,153,23,15,0,Monday,True,False,summer,weekday,25.3525
2025-06-02 23:30:00,B002,50.3,100.91,True,,100.91,False,observed,2025-06-02,2025,6,2,153,23,30,0,Monday,True,False,summer,weekday,25.2275
2025-06-02 23:45:00,B002,49.9,103.48,True,,103.48,False,observed,2025-06-02,2025,6,2,153,23,45,0,Monday,True,False,summer,weekday,25.87
2025-06-03 00:00:00,B002,49.6,113.12,True,,113.12,False,observed,2025-06-03,2025,6,3,154,0,0,1,Tuesday,True,False,summer,weekday,28.280000000000005
2025-06-03 00:15:00,B002,56.5,101.66,True,,101.66,False,observed,2025-06-03,2025,6,3,154,0,15,1,Tuesday,True,False,summer,weekday,25.415
2025-06-03 00:30:00,B002,56.3,102.91,True,,102.91,False,observed,2025-06-03,2025,6,3,154,0,30,1,Tuesday,True,False,summer,weekday,25.7275
2025-06-03 00:45:00,B002,56.1,93.53,True,,93.53,False,observed,2025-06-03,2025,6,3,154,0,45,1,Tuesday,True,False,summer,weekday,23.3825
2025-06-03 01:00:00,B002,56.0,92.28,True,,92.28,False,observed,2025-06-03,2025,6,3,154,1,0,1,Tuesday,True,False,summer,weekday,23.07
2025-06-03 01:15:00,B002,56.0,109.5,True,,109.5,False,observed,2025-06-03,2025,6,3,154,1,15,1,Tuesday,True,False,summer,weekday,27.375
2025-06-03 01:30:00,B002,56.0,94.46,True,,94.46,False,observed,2025-06-03,2025,6,3,154,1,30,1,Tuesday,True,False,summer,weekday,23.615
2025-06-03 01:45:00,B002,56.2,93.74,True,,93.74,False,observed,2025-06-03,2025,6,3,154,1,45,1,Tuesday,True,False,summer,weekday,23.435
2025-06-03 02:00:00,B002,56.3,99.77,True,,99.77,False,observed,2025-06-03,2025,6,3,154,2,0,1,Tuesday,True,False,summer,weekday,24.9425
2025-06-03 02:15:00,B002,56.6,99.46,True,,99.46,False,observed,2025-06-03,2025,6,3,154,2,15,1,Tuesday,True,False,summer,weekday,24.865
2025-06-03 02:30:00,B002,56.9,94.58,True,,94.58,False,observed,2025-06-03,2025,6,3,154,2,30,1,Tuesday,True,False,summer,weekday,23.645
2025-06-03 02:45:00,B002,57.2,98.17,True,,98.17,False,observed,2025-06-03,2025,6,3,154,2,45,1,Tuesday,True,False,summer,weekday,24.5425
2025-06-03 03:00:00,B002,57.6,107.38,True,,107.38,False,observed,2025-06-03,2025,6,3,154,3,0,1,Tuesday,True,False,summer,weekday,26.844999999999995
2025-06-03 03:15:00,B002,58.1,95.16,True,,95.16,False,observed,2025-06-03,2025,6,3,154,3,15,1,Tuesday,True,False,summer,weekday,23.79
2025-06-03 03:30:00,B002,58.6,91.64,True,,91.64,False,observed,2025-06-03,2025,6,3,154,3,30,1,Tuesday,True,False,summer,weekday,22.91
2025-06-03 03:45:00,B002,59.2,105.66,True,,105.66,False,observed,2025-06-03,2025,6,3,154,3,45,1,Tuesday,True,False,summer,weekday,26.415
2025-06-03 04:00:00,B002,59.9,102.95,True,,102.95,False,observed,2025-06-03,2025,6,3,154,4,0,1,Tuesday,True,False,summer,weekday,25.7375
2025-06-03 04:15:00,B002,60.5,96.28,True,,96.28,False,observed,2025-06-03,2025,6,3,154,4,15,1,Tuesday,True,False,summer,weekday,24.07
2025-06-03 04:30:00,B002,61.3,90.51,True,,90.51,False,observed,2025-06-03,2025,6,3,154,4,30,1,Tuesday,True,False,summer,weekday,22.6275
2025-06-03 04:45:00,B002,62.0,95.53,True,,95.53,False,observed,2025-06-03,2025,6,3,154,4,45,1,Tuesday,True,False,summer,weekday,23.8825
2025-06-03 05:00:00,B002,62.8,99.67,True,,99.67,False,observed,2025-06-03,2025,6,3,154,5,0,1,Tuesday,True,False,summer,weekday,24.9175
2025-06-03 05:15:00,B002,63.7,107.0,True,,107.0,False,observed,2025-06-03,2025,6,3,154,5,15,1,Tuesday,True,False,summer,weekday,26.75
2025-06-03 05:30:00,B002,64.5,93.78,True,,93.78,False,observed,2025-06-03,2025,6,3,154,5,30,1,Tuesday,True,False,summer,weekday,23.445
2025-06-03 05:45:00,B002,65.4,99.5,True,,99.5,False,observed,2025-06-03,2025,6,3,154,5,45,1,Tuesday,True,False,summer,weekday,24.875
2025-06-03 06:00:00,B002,66.4,104.07,True,,104.07,False,observed,2025-06-03,2025,6,3,154,6,0,1,Tuesday,True,False,summer,weekday,26.0175
2025-06-03 06:15:00,B002,67.3,85.75,True,,85.75,False,observed,2025-06-03,2025,6,3,154,6,15,1,Tuesday,True,False,summer,weekday,21.4375
2025-06-03 06:30:00,B002,68.3,106.27,True,,106.27,False,observed,2025-06-03,2025,6,3,154,6,30,1,Tuesday,True,False,summer,weekday,26.5675
2025-06-03 06:45:00,B002,69.2,93.03,True,,93.03,False,observed,2025-06-03,2025,6,3,154,6,45,1,Tuesday,True,False,summer,weekday,23.2575
2025-06-03 07:00:00,B002,70.2,102.21,True,,102.21,False,observed,2025-06-03,2025,6,3,154,7,0,1,Tuesday,True,False,summer,weekday,25.5525
2025-06-03 07:15:00,B002,71.2,101.87,True,,101.87,False,observed,2025-06-03,2025,6,3,154,7,15,1,Tuesday,True,False,summer,weekday,25.467500000000005
2025-06-03 07:30:00,B002,72.2,107.19,True,,107.19,False,observed,2025-06-03,2025,6,3,154,7,30,1,Tuesday,True,False,summer,weekday,26.7975
2025-06-03 07:45:00,B002,73.2,104.45,True,,104.45,False,observed,2025-06-03,2025,6,3,154,7,45,1,Tuesday,True,False,summer,weekday,26.1125
2025-06-03 08:00:00,B002,74.1,87.63,True,,87.63,False,observed,2025-06-03,2025,6,3,154,8,0,1,Tuesday,True,False,summer,weekday,21.907499999999995
2025-06-03 08:15:00,B002,75.1,98.63,True,,98.63,False,observed,2025-06-03,2025,6,3,154,8,15,1,Tuesday,True,False,summer,weekday,24.657499999999995
2025-06-03 08:30:00,B002,76.0,109.65,True,,109.65,False,observed,2025-06-03,2025,6,3,154,8,30,1,Tuesday,True,False,summer,weekday,27.4125
2025-06-03 08:45:00,B002,76.9,113.86,True,,113.86,False,observed,2025-06-03,2025,6,3,154,8,45,1,Tuesday,True,False,summer,weekday,28.465
2025-06-03 09:00:00,B002,77.8,125.1,True,,125.1,False,observed,2025-06-03,2025,6,3,154,9,0,1,Tuesday,True,False,summer,weekday,31.275
2025-06-03 09:15:00,B002,78.7,135.46,True,,135.46,False,observed,2025-06-03,2025,6,3,154,9,15,1,Tuesday,True,False,summer,weekday,33.865
2025-06-03 09:30:00,B002,79.5,144.49,True,,144.49,False,observed,2025-06-03,2025,6,3,154,9,30,1,Tuesday,True,False,summer,weekday,36.12250000000001
2025-06-03 09:45:00,B002,80.3,151.64,True,,151.64,False,observed,2025-06-03,2025,6,3,154,9,45,1,Tuesday,True,False,summer,weekday,37.91
2025-06-03 10:00:00,B002,81.0,156.18,True,,156.18,False,observed,2025-06-03,2025,6,3,154,10,0,1,Tuesday,True,False,summer,weekday,39.045
2025-06-03 10:15:00,B002,81.7,181.33,True,,181.33,False,observed,2025-06-03,2025,6,3,154,10,15,1,Tuesday,True,False,summer,weekday,45.3325
2025-06-03 10:30:00,B002,82.4,205.89,True,,205.89,False,observed,2025-06-03,2025,6,3,154,10,30,1,Tuesday,True,False,summer,weekday,51.4725
2025-06-03 10:45:00,B002,83.0,218.55,True,,218.55,False,observed,2025-06-03,2025,6,3,154,10,45,1,Tuesday,True,False,summer,weekday,54.6375
2025-06-03 11:00:00,B002,83.6,252.57,True,,252.57,False,observed,2025-06-03,2025,6,3,154,11,0,1,Tuesday,True,False,summer,weekday,63.1425
2025-06-03 11:15:00,B002,84.1,279.27,True,,279.27,False,observed,2025-06-03,2025,6,3,154,11,15,1,Tuesday,True,False,summer,weekday,69.81749999999998
2025-06-03 11:30:00,B002,84.5,300.02,True,,300.02,False,observed,2025-06-03,2025,6,3,154,11,30,1,Tuesday,True,False,summer,weekday,75.00499999999998
2025-06-03 11:45:00,B002,84.9,305.6,True,,305.6,False,observed,2025-06-03,2025,6,3,154,11,45,1,Tuesday,True,False,summer,weekday,76.4
2025-06-03 12:00:00,B002,85.3,339.05,True,,339.05,False,observed,2025-06-03,2025,6,3,154,12,0,1,Tuesday,True,False,summer,weekday,84.7625
2025-06-03 12:15:00,B002,85.5,377.47,True,,377.47,False,observed,2025-06-03,2025,6,3,154,12,15,1,Tuesday,True,False,summer,weekday,94.3675
2025-06-03 12:30:00,B002,85.8,377.81,True,,377.81,False,observed,2025-06-03,2025,6,3,154,12,30,1,Tuesday,True,False,summer,weekday,94.4525
2025-06-03 12:45:00,B002,85.9,378.65,True,,378.65,False,observed,2025-06-03,2025,6,3,154,12,45,1,Tuesday,True,False,summer,weekday,94.6625
2025-06-03 13:00:00,B002,86.0,401.34,True,,401.34,False,observed,2025-06-03,2025,6,3,154,13,0,1,Tuesday,True,False,summer,weekday,100.335
2025-06-03 13:15:00,B002,86.0,391.05,True,,391.05,False,observed,2025-06-03,2025,6,3,154,13,15,1,Tuesday,True,False,summer,weekday,97.7625
2025-06-03 13:30:00,B002,86.0,388.54,True,,388.54,False,observed,2025-06-03,2025,6,3,154,13,30,1,Tuesday,True,False,summer,weekday,97.135
2025-06-03 13:45:00,B002,85.8,369.04,True,,369.04,False,observed,2025-06-03,2025,6,3,154,13,45,1,Tuesday,True,False,summer,weekday,92.26
2025-06-03 14:00:00,B002,85.7,351.09,True,,351.09,False,observed,2025-06-03,2025,6,3,154,14,0,1,Tuesday,True,False,summer,weekday,87.7725
2025-06-03 14:15:00,B002,85.4,328.18,True,,328.18,False,observed,2025-06-03,2025,6,3,154,14,15,1,Tuesday,True,False,summer,weekday,82.045
2025-06-03 14:30:00,B002,85.1,305.85,True,,305.85,False,observed,2025-06-03,2025,6,3,154,14,30,1,Tuesday,True,False,summer,weekday,76.4625
2025-06-03 14:45:00,B002,84.8,290.26,True,,290.26,False,observed,2025-06-03,2025,6,3,154,14,45,1,Tuesday,True,False,summer,weekday,72.565
2025-06-03 15:00:00,B002,84.4,257.75,True,,257.75,False,observed,2025-06-03,2025,6,3,154,15,0,1,Tuesday,True,False,summer,weekday,64.4375
2025-06-03 15:15:00,B002,83.9,219.1,True,,219.1,False,observed,2025-06-03,2025,6,3,154,15,15,1,Tuesday,True,False,summer,weekday,54.775
2025-06-03 15:30:00,B002,83.4,209.89,True,,209.89,False,observed,2025-06-03,2025,6,3,154,15,30,1,Tuesday,True,False,summer,weekday,52.4725
2025-06-03 15:45:00,B002,82.8,195.05,True,,195.05,False,observed,2025-06-03,2025,6,3,154,15,45,1,Tuesday,True,False,summer,weekday,48.7625
2025-06-03 16:00:00,B002,82.1,178.92,True,,178.92,False,observed,2025-06-03,2025,6,3,154,16,0,1,Tuesday,True,False,summer,weekday,44.73
2025-06-03 16:15:00,B002,81.5,155.08,True,,155.08,False,observed,2025-06-03,2025,6,3,154,16,15,1,Tuesday,True,False,summer,weekday,38.77
2025-06-03 16:30:00,B002,80.7,152.81,True,,152.81,False,observed,2025-06-03,2025,6,3,154,16,30,1,Tuesday,True,False,summer,weekday,38.2025
2025-06-03 16:45:00,B002,80.0,141.51,True,,141.51,False,observed,2025-06-03,2025,6,3,154,16,45,1,Tuesday,True,False,summer,weekday,35.37749999999999
2025-06-03 17:00:00,B002,79.2,143.1,True,,143.1,False,observed,2025-06-03,2025,6,3,154,17,0,1,Tuesday,True,False,summer,weekday,35.775
2025-06-03 17:15:00,B002,78.3,116.17,True,,116.17,False,observed,2025-06-03,2025,6,3,154,17,15,1,Tuesday,True,False,summer,weekday,29.0425
2025-06-03 17:30:00,B002,77.5,111.58,True,,111.58,False,observed,2025-06-03,2025,6,3,154,17,30,1,Tuesday,True,False,summer,weekday,27.895
2025-06-03 17:45:00,B002,76.6,107.45,True,,107.45,False,observed,2025-06-03,2025,6,3,154,17,45,1,Tuesday,True,False,summer,weekday,26.8625
2025-06-03 18:00:00,B002,75.6,101.5,True,,101.5,False,observed,2025-06-03,2025,6,3,154,18,0,1,Tuesday,True,False,summer,weekday,25.375
2025-06-03 18:15:00,B002,74.7,95.81,True,,95.81,False,observed,2025-06-03,2025,6,3,154,18,15,1,Tuesday,True,False,summer,weekday,23.9525
2025-06-03 18:30:00,B002,73.7,84.1,True,,84.1,False,observed,2025-06-03,2025,6,3,154,18,30,1,Tuesday,True,False,summer,weekday,21.025
2025-06-03 18:45:00,B002,72.8,97.78,True,,97.78,False,observed,2025-06-03,2025,6,3,154,18,45,1,Tuesday,True,False,summer,weekday,24.445
2025-06-03 19:00:00,B002,71.8,102.44,True,,102.44,False,observed,2025-06-03,2025,6,3,154,19,0,1,Tuesday,True,False,summer,weekday,25.61
2025-06-03 19:15:00,B002,70.8,97.16,True,,97.16,False,observed,2025-06-03,2025,6,3,154,19,15,1,Tuesday,True,False,summer,weekday,24.29
2025-06-03 19:30:00,B002,69.8,111.68,True,,111.68,False,observed,2025-06-03,2025,6,3,154,19,30,1,Tuesday,True,False,summer,weekday,27.92
2025-06-03 19:45:00,B002,68.8,100.11,True,,100.11,False,observed,2025-06-03,2025,6,3,154,19,45,1,Tuesday,True,False,summer,weekday,25.0275
2025-06-03 20:00:00,B002,67.9,107.76,True,,107.76,False,observed,2025-06-03,2025,6,3,154,20,0,1,Tuesday,True,False,summer,weekday,26.94
2025-06-03 20:15:00,B002,66.9,101.58,True,,101.58,False,observed,2025-06-03,2025,6,3,154,20,15,1,Tuesday,True,False,summer,weekday,25.395
2025-06-03 20:30:00,B002,66.0,104.96,True,,104.96,False,observed,2025-06-03,2025,6,3,154,20,30,1,Tuesday,True,False,summer,weekday,26.24
2025-06-03 20:45:00,B002,65.1,101.68,True,,101.68,False,observed,2025-06-03,2025,6,3,154,20,45,1,Tuesday,True,False,summer,weekday,25.42
2025-06-03 21:00:00,B002,64.2,108.21,True,,108.21,False,observed,2025-06-03,2025,6,3,154,21,0,1,Tuesday,True,False,summer,weekday,27.0525
2025-06-03 21:15:00,B002,63.3,100.34,True,,100.34,False,observed,2025-06-03,2025,6,3,154,21,15,1,Tuesday,True,False,summer,weekday,25.085
2025-06-03 21:30:00,B002,62.5,102.98,True,,102.98,False,observed,2025-06-03,2025,6,3,154,21,30,1,Tuesday,True,False,summer,weekday,25.745
2025-06-03 21:45:00,B002,61.7,102.2,True,,102.2,False,observed,2025-06-03,2025,6,3,154,21,45,1,Tuesday,True,False,summer,weekday,25.55
2025-06-03 22:00:00,B002,61.0,98.27,True,,98.27,False,observed,2025-06-03,2025,6,3,154,22,0,1,Tuesday,True,False,summer,weekday,24.5675
2025-06-03 22:15:00,B002,60.3,102.43,True,,102.43,False,observed,2025-06-03,2025,6,3,154,22,15,1,Tuesday,True,False,summer,weekday,25.6075
2025-06-03 22:30:00,B002,59.6,113.41,True,,113.41,False,observed,2025-06-03,2025,6,3,154,22,30,1,Tuesday,True,False,summer,weekday,28.3525
2025-06-03 22:45:00,B002,59.0,98.38,True,,98.38,False,observed,2025-06-03,2025,6,3,154,22,45,1,Tuesday,True,False,summer,weekday,24.594999999999995
2025-06-03 23:00:00,B002,58.4,102.52,True,,102.52,False,observed,2025-06-03,2025,6,3,154,23,0,1,Tuesday,True,False,summer,weekday,25.63
2025-06-03 23:15:00,B002,57.9,107.55,True,,107.55,False,observed,2025-06-03,2025,6,3,154,23,15,1,Tuesday,True,False,summer,weekday,26.8875
2025-06-03 23:30:00,B002,57.5,106.84,True,,106.84,False,observed,2025-06-03,2025,6,3,154,23,30,1,Tuesday,True,False,summer,weekday,26.71
2025-06-03 23:45:00,B002,57.1,100.07,True,,100.07,False,observed,2025-06-03,2025,6,3,154,23,45,1,Tuesday,True,False,summer,weekday,25.0175
2025-06-04 00:00:00,B002,56.7,85.7,True,,85.7,False,observed,2025-06-04,2025,6,4,155,0,0,2,Wednesday,True,False,summer,weekday,21.425
2025-06-04 00:15:00,B002,57.2,103.1,True,,103.1,False,observed,2025-06-04,2025,6,4,155,0,15,2,Wednesday,True,False,summer,weekday,25.775
2025-06-04 00:30:00,B002,57.0,86.68,True,,86.68,False,observed,2025-06-04,2025,6,4,155,0,30,2,Wednesday,True,False,summer,weekday,21.67
2025-06-04 00:45:00,B002,56.9,108.82,True,,108.82,False,observed,2025-06-04,2025,6,4,155,0,45,2,Wednesday,True,False,summer,weekday,27.205
2025-06-04 01:00:00,B002,56.8,101.02,True,,101.02,False,observed,2025-06-04,2025,6,4,155,1,0,2,Wednesday,True,False,summer,weekday,25.255
2025-06-04 01:15:00,B002,56.8,106.0,True,,106.0,False,observed,2025-06-04,2025,6,4,155,1,15,2,Wednesday,True,False,summer,weekday,26.5
2025-06-04 01:30:00,B002,56.8,94.59,True,,94.59,False,observed,2025-06-04,2025,6,4,155,1,30,2,Wednesday,True,False,summer,weekday,23.6475
2025-06-04 01:45:00,B002,56.9,90.68,True,,90.68,False,observed,2025-06-04,2025,6,4,155,1,45,2,Wednesday,True,False,summer,weekday,22.67
2025-06-04 02:00:00,B002,57.1,101.56,True,,101.56,False,observed,2025-06-04,2025,6,4,155,2,0,2,Wednesday,True,False,summer,weekday,25.39
2025-06-04 02:15:00,B002,57.3,99.8,True,,99.8,False,observed,2025-06-04,2025,6,4,155,2,15,2,Wednesday,True,False,summer,weekday,24.95
2025-06-04 02:30:00,B002,57.6,97.05,True,,97.05,False,observed,2025-06-04,2025,6,4,155,2,30,2,Wednesday,True,False,summer,weekday,24.2625
2025-06-04 02:45:00,B002,58.0,100.51,True,,100.51,False,observed,2025-06-04,2025,6,4,155,2,45,2,Wednesday,True,False,summer,weekday,25.1275
2025-06-04 03:00:00,B002,58.4,116.6,True,,116.6,False,observed,2025-06-04,2025,6,4,155,3,0,2,Wednesday,True,False,summer,weekday,29.15
2025-06-04 03:15:00,B002,58.9,105.01,True,,105.01,False,observed,2025-06-04,2025,6,4,155,3,15,2,Wednesday,True,False,summer,weekday,26.2525
2025-06-04 03:30:00,B002,59.4,106.3,True,,106.3,False,observed,2025-06-04,2025,6,4,155,3,30,2,Wednesday,True,False,summer,weekday,26.575
2025-06-04 03:45:00,B002,60.0,105.06,True,,105.06,False,observed,2025-06-04,2025,6,4,155,3,45,2,Wednesday,True,False,summer,weekday,26.265
2025-06-04 04:00:00,B002,60.6,108.88,True,,108.88,False,observed,2025-06-04,2025,6,4,155,4,0,2,Wednesday,True,False,summer,weekday,27.219999999999995
2025-06-04 04:15:00,B002,61.3,98.86,True,,98.86,False,observed,2025-06-04,2025,6,4,155,4,15,2,Wednesday,True,False,summer,weekday,24.715
2025-06-04 04:30:00,B002,62.0,87.67,True,,87.67,False,observed,2025-06-04,2025,6,4,155,4,30,2,Wednesday,True,False,summer,weekday,21.9175
2025-06-04 04:45:00,B002,62.8,98.87,True,,98.87,False,observed,2025-06-04,2025,6,4,155,4,45,2,Wednesday,True,False,summer,weekday,24.717500000000005
2025-06-04 05:00:00,B002,63.6,104.87,True,,104.87,False,observed,2025-06-04,2025,6,4,155,5,0,2,Wednesday,True,False,summer,weekday,26.217500000000005
2025-06-04 05:15:00,B002,64.4,94.18,True,,94.18,False,observed,2025-06-04,2025,6,4,155,5,15,2,Wednesday,True,False,summer,weekday,23.545
2025-06-04 05:30:00,B002,65.3,98.95,True,,98.95,False,observed,2025-06-04,2025,6,4,155,5,30,2,Wednesday,True,False,summer,weekday,24.7375
2025-06-04 05:45:00,B002,66.2,95.86,True,,95.86,False,observed,2025-06-04,2025,6,4,155,5,45,2,Wednesday,True,False,summer,weekday,23.965
2025-06-04 06:00:00,B002,67.1,109.03,True,,109.03,False,observed,2025-06-04,2025,6,4,155,6,0,2,Wednesday,True,False,summer,weekday,27.2575
2025-06-04 06:15:00,B002,68.1,104.53,True,,104.53,False,observed,2025-06-04,2025,6,4,155,6,15,2,Wednesday,True,False,summer,weekday,26.1325
2025-06-04 06:30:00,B002,69.0,103.97,True,,103.97,False,observed,2025-06-04,2025,6,4,155,6,30,2,Wednesday,True,False,summer,weekday,25.9925
2025-06-04 06:45:00,B002,70.0,103.85,True,,103.85,False,observed,2025-06-04,2025,6,4,155,6,45,2,Wednesday,True,False,summer,weekday,25.9625
2025-06-04 07:00:00,B002,71.0,100.0,True,,100.0,False,observed,2025-06-04,2025,6,4,155,7,0,2,Wednesday,True,False,summer,weekday,25.0
2025-06-04 07:15:00,B002,72.0,101.58,True,,101.58,False,observed,2025-06-04,2025,6,4,155,7,15,2,Wednesday,True,False,summer,weekday,25.395
2025-06-04 07:30:00,B002,72.9,93.57,True,,93.57,False,observed,2025-06-04,2025,6,4,155,7,30,2,Wednesday,True,False,summer,weekday,23.3925
2025-06-04 07:45:00,B002,73.9,88.03,True,,88.03,False,observed,2025-06-04,2025,6,4,155,7,45,2,Wednesday,True,False,summer,weekday,22.0075
2025-06-04 08:00:00,B002,74.9,102.79,True,,102.79,False,observed,2025-06-04,2025,6,4,155,8,0,2,Wednesday,True,False,summer,weekday,25.6975
2025-06-04 08:15:00,B002,75.8,108.33,True,,108.33,False,observed,2025-06-04,2025,6,4,155,8,15,2,Wednesday,True,False,summer,weekday,27.0825
2025-06-04 08:30:00,B002,76.8,119.12,True,,119.12,False,observed,2025-06-04,2025,6,4,155,8,30,2,Wednesday,True,False,summer,weekday,29.780000000000005
2025-06-04 08:45:00,B002,77.7,127.5,True,,127.5,False,observed,2025-06-04,2025,6,4,155,8,45,2,Wednesday,True,False,summer,weekday,31.875
2025-06-04 09:00:00,B002,78.6,134.69,True,,134.69,False,observed,2025-06-04,2025,6,4,155,9,0,2,Wednesday,True,False,summer,weekday,33.6725
2025-06-04 09:15:00,B002,79.4,127.78,True,,127.78,False,observed,2025-06-04,2025,6,4,155,9,15,2,Wednesday,True,False,summer,weekday,31.945
2025-06-04 09:30:00,B002,80.3,141.77,True,,141.77,False,observed,2025-06-04,2025,6,4,155,9,30,2,Wednesday,True,False,summer,weekday,35.4425
2025-06-04 09:45:00,B002,81.0,158.85,True,,158.85,False,observed,2025-06-04,2025,6,4,155,9,45,2,Wednesday,True,False,summer,weekday,39.7125
2025-06-04 10:00:00,B002,81.8,185.49,True,,185.49,False,observed,2025-06-04,2025,6,4,155,10,0,2,Wednesday,True,False,summer,weekday,46.37250000000001
2025-06-04 10:15:00,B002,82.5,195.99,True,,195.99,False,observed,2025-06-04,2025,6,4,155,10,15,2,Wednesday,True,False,summer,weekday,48.99750000000001
2025-06-04 10:30:00,B002,83.2,213.15,True,,213.15,False,observed,2025-06-04,2025,6,4,155,10,30,2,Wednesday,True,False,summer,weekday,53.2875
2025-06-04 10:45:00,B002,83.8,225.81,True,,225.81,False,observed,2025-06-04,2025,6,4,155,10,45,2,Wednesday,True,False,summer,weekday,56.4525
2025-06-04 11:00:00,B002,84.3,246.53,True,,246.53,False,observed,2025-06-04,2025,6,4,155,11,0,2,Wednesday,True,False,summer,weekday,61.6325
2025-06-04 11:15:00,B002,84.8,281.59,True,,281.59,False,observed,2025-06-04,2025,6,4,155,11,15,2,Wednesday,True,False,summer,weekday,70.3975
2025-06-04 11:30:00,B002,85.3,295.7,True,,295.7,False,observed,2025-06-04,2025,6,4,155,11,30,2,Wednesday,True,False,summer,weekday,73.925
2025-06-04 11:45:00,B002,85.7,325.6,True,,325.6,False,observed,2025-06-04,2025,6,4,155,11,45,2,Wednesday,True,False,summer,weekday,81.4
2025-06-04 12:00:00,B002,86.0,349.07,True,,349.07,False,observed,2025-06-04,2025,6,4,155,12,0,2,Wednesday,True,False,summer,weekday,87.2675
2025-06-04 12:15:00,B002,86.3,378.75,True,,378.75,False,observed,2025-06-04,2025,6,4,155,12,15,2,Wednesday,True,False,summer,weekday,94.6875
2025-06-04 12:30:00,B002,86.5,382.0,True,,382.0,False,observed,2025-06-04,2025,6,4,155,12,30,2,Wednesday,True,False,summer,weekday,95.5
2025-06-04 12:45:00,B002,86.7,378.96,True,,378.96,False,observed,2025-06-04,2025,6,4,155,12,45,2,Wednesday,True,False,summer,weekday,94.74
2025-06-04 13:00:00,B002,86.7,399.99,True,,399.99,False,observed,2025-06-04,2025,6,4,155,13,0,2,Wednesday,True,False,summer,weekday,99.9975
2025-06-04 13:15:00,B002,86.8,389.82,True,,389.82,False,observed,2025-06-04,2025,6,4,155,13,15,2,Wednesday,True,False,summer,weekday,97.455
2025-06-04 13:30:00,B002,86.7,385.21,True,,385.21,False,observed,2025-06-04,2025,6,4,155,13,30,2,Wednesday,True,False,summer,weekday,96.3025
2025-06-04 13:45:00,B002,86.6,369.9,True,,369.9,False,observed,2025-06-04,2025,6,4,155,13,45,2,Wednesday,True,False,summer,weekday,92.475
2025-06-04 14:00:00,B002,86.4,349.74,True,,349.74,False,observed,2025-06-04,2025,6,4,155,14,0,2,Wednesday,True,False,summer,weekday,87.435
2025-06-04 14:15:00,B002,86.2,333.79,True,,333.79,False,observed,2025-06-04,2025,6,4,155,14,15,2,Wednesday,True,False,summer,weekday,83.4475
2025-06-04 14:30:00,B002,85.9,295.51,True,,295.51,False,observed,2025-06-04,2025,6,4,155,14,30,2,Wednesday,True,False,summer,weekday,73.8775
2025-06-04 14:45:00,B002,85.5,276.53,True,,276.53,False,observed,2025-06-04,2025,6,4,155,14,45,2,Wednesday,True,False,summer,weekday,69.1325
2025-06-04 15:00:00,B002,85.1,259.07,True,,259.07,False,observed,2025-06-04,2025,6,4,155,15,0,2,Wednesday,True,False,summer,weekday,64.7675
2025-06-04 15:15:00,B002,84.7,227.94,True,,227.94,False,observed,2025-06-04,2025,6,4,155,15,15,2,Wednesday,True,False,summer,weekday,56.985
2025-06-04 15:30:00,B002,84.1,200.6,True,,200.6,False,observed,2025-06-04,2025,6,4,155,15,30,2,Wednesday,True,False,summer,weekday,50.15
2025-06-04 15:45:00,B002,83.5,195.26,True,,195.26,False,observed,2025-06-04,2025,6,4,155,15,45,2,Wednesday,True,False,summer,weekday,48.81499999999999
2025-06-04 16:00:00,B002,82.9,181.48,True,,181.48,False,observed,2025-06-04,2025,6,4,155,16,0,2,Wednesday,True,False,summer,weekday,45.37
2025-06-04 16:15:00,B002,82.2,160.41,True,,160.41,False,observed,2025-06-04,2025,6,4,155,16,15,2,Wednesday,True,False,summer,weekday,40.1025
2025-06-04 16:30:00,B002,81.5,137.1,True,,137.1,False,observed,2025-06-04,2025,6,4,155,16,30,2,Wednesday,True,False,summer,weekday,34.275
2025-06-04 16:45:00,B002,80.7,143.22,True,,143.22,False,observed,2025-06-04,2025,6,4,155,16,45,2,Wednesday,True,False,summer,weekday,35.805
2025-06-04 17:00:00,B002,79.9,120.75,True,,120.75,False,observed,2025-06-04,2025,6,4,155,17,0,2,Wednesday,True,False,summer,weekday,30.1875
2025-06-04 17:15:00,B002,79.1,125.56,True,,125.56,False,observed,2025-06-04,2025,6,4,155,17,15,2,Wednesday,True,False,summer,weekday,31.39
2025-06-04 17:30:00,B002,78.2,112.34,True,,112.34,False,observed,2025-06-04,2025,6,4,155,17,30,2,Wednesday,True,False,summer,weekday,28.085
2025-06-04 17:45:00,B002,77.3,105.37,True,,105.37,False,observed,2025-06-04,2025,6,4,155,17,45,2,Wednesday,True,False,summer,weekday,26.342500000000005
2025-06-04 18:00:00,B002,76.4,104.83,True,,104.83,False,observed,2025-06-04,2025,6,4,155,18,0,2,Wednesday,True,False,summer,weekday,26.2075
2025-06-04 18:15:00,B002,75.5,101.87,True,,101.87,False,observed,2025-06-04,2025,6,4,155,18,15,2,Wednesday,True,False,summer,weekday,25.467500000000005
2025-06-04 18:30:00,B002,74.5,96.81,True,,96.81,False,observed,2025-06-04,2025,6,4,155,18,30,2,Wednesday,True,False,summer,weekday,24.2025
2025-06-04 18:45:00,B002,73.5,103.92,True,,103.92,False,observed,2025-06-04,2025,6,4,155,18,45,2,Wednesday,True,False,summer,weekday,25.98
2025-06-04 19:00:00,B002,72.5,97.54,True,,97.54,False,observed,2025-06-04,2025,6,4,155,19,0,2,Wednesday,True,False,summer,weekday,24.385
2025-06-04 19:15:00,B002,71.6,106.0,True,,106.0,False,observed,2025-06-04,2025,6,4,155,19,15,2,Wednesday,True,False,summer,weekday,26.5
2025-06-04 19:30:00,B002,70.6,101.75,True,,101.75,False,observed,2025-06-04,2025,6,4,155,19,30,2,Wednesday,True,False,summer,weekday,25.4375
2025-06-04 19:45:00,B002,69.6,95.85,True,,95.85,False,observed,2025-06-04,2025,6,4,155,19,45,2,Wednesday,True,False,summer,weekday,23.9625
2025-06-04 20:00:00,B002,68.6,94.82,True,,94.82,False,observed,2025-06-04,2025,6,4,155,20,0,2,Wednesday,True,False,summer,weekday,23.705
2025-06-04 20:15:00,B002,67.7,90.12,True,,90.12,False,observed,2025-06-04,2025,6,4,155,20,15,2,Wednesday,True,False,summer,weekday,22.530000000000005
2025-06-04 20:30:00,B002,66.8,101.75,True,,101.75,False,observed,2025-06-04,2025,6,4,155,20,30,2,Wednesday,True,False,summer,weekday,25.4375
2025-06-04 20:45:00,B002,65.8,97.87,True,,97.87,False,observed,2025-06-04,2025,6,4,155,20,45,2,Wednesday,True,False,summer,weekday,24.467500000000005
2025-06-04 21:00:00,B002,65.0,85.77,True,,85.77,False,observed,2025-06-04,2025,6,4,155,21,0,2,Wednesday,True,False,summer,weekday,21.4425
2025-06-04 21:15:00,B002,64.1,96.79,True,,96.79,False,observed,2025-06-04,2025,6,4,155,21,15,2,Wednesday,True,False,summer,weekday,24.1975
2025-06-04 21:30:00,B002,63.3,94.59,True,,94.59,False,observed,2025-06-04,2025,6,4,155,21,30,2,Wednesday,True,False,summer,weekday,23.6475
2025-06-04 21:45:00,B002,62.5,109.45,True,,109.45,False,observed,2025-06-04,2025,6,4,155,21,45,2,Wednesday,True,False,summer,weekday,27.3625
2025-06-04 22:00:00,B002,61.7,89.78,True,,89.78,False,observed,2025-06-04,2025,6,4,155,22,0,2,Wednesday,True,False,summer,weekday,22.445
2025-06-04 22:15:00,B002,61.0,91.35,True,,91.35,False,observed,2025-06-04,2025,6,4,155,22,15,2,Wednesday,True,False,summer,weekday,22.8375
2025-06-04 22:30:00,B002,60.4,106.66,True,,106.66,False,observed,2025-06-04,2025,6,4,155,22,30,2,Wednesday,True,False,summer,weekday,26.665
2025-06-04 22:45:00,B002,59.7,108.14,True,,108.14,False,observed,2025-06-04,2025,6,4,155,22,45,2,Wednesday,True,False,summer,weekday,27.035
2025-06-04 23:00:00,B002,59.2,95.53,True,,95.53,False,observed,2025-06-04,2025,6,4,155,23,0,2,Wednesday,True,False,summer,weekday,23.8825
2025-06-04 23:15:00,B002,58.7,96.21,True,,96.21,False,observed,2025-06-04,2025,6,4,155,23,15,2,Wednesday,True,False,summer,weekday,24.0525
2025-06-04 23:30:00,B002,58.2,103.7,True,,103.7,False,observed,2025-06-04,2025,6,4,155,23,30,2,Wednesday,True,False,summer,weekday,25.925
2025-06-04 23:45:00,B002,57.8,86.04,True,,86.04,False,observed,2025-06-04,2025,6,4,155,23,45,2,Wednesday,True,False,summer,weekday,21.51
2025-06-05 00:00:00,B002,57.5,88.83,True,,88.83,False,observed,2025-06-05,2025,6,5,156,0,0,3,Thursday,True,False,summer,weekday,22.2075
2025-06-05 00:15:00,B002,45.7,98.32,True,,98.32,False,observed,2025-06-05,2025,6,5,156,0,15,3,Thursday,True,False,summer,weekday,24.58
2025-06-05 00:30:00,B002,45.4,109.3,True,,109.3,False,observed,2025-06-05,2025,6,5,156,0,30,3,Thursday,True,False,summer,weekday,27.325
2025-06-05 00:45:00,B002,45.3,97.39,True,,97.39,False,observed,2025-06-05,2025,6,5,156,0,45,3,Thursday,True,False,summer,weekday,24.3475
2025-06-05 01:00:00,B002,45.2,100.61,True,,100.61,False,observed,2025-06-05,2025,6,5,156,1,0,3,Thursday,True,False,summer,weekday,25.1525
2025-06-05 01:15:00,B002,45.2,106.8,True,,106.8,False,observed,2025-06-05,2025,6,5,156,1,15,3,Thursday,True,False,summer,weekday,26.7
2025-06-05 01:30:00,B002,45.2,112.64,True,,112.64,False,observed,2025-06-05,2025,6,5,156,1,30,3,Thursday,True,False,summer,weekday,28.16
2025-06-05 01:45:00,B002,45.4,96.54,True,,96.54,False,observed,2025-06-05,2025,6,5,156,1,45,3,Thursday,True,False,summer,weekday,24.135
2025-06-05 02:00:00,B002,45.5,99.9,True,,99.9,False,observed,2025-06-05,2025,6,5,156,2,0,3,Thursday,True,False,summer,weekday,24.975
2025-06-05 02:15:00,B002,45.8,110.93,True,,110.93,False,observed,2025-06-05,2025,6,5,156,2,15,3,Thursday,True,False,summer,weekday,27.7325
2025-06-05 02:30:00,B002,46.1,90.87,True,,90.87,False,observed,2025-06-05,2025,6,5,156,2,30,3,Thursday,True,False,summer,weekday,22.717500000000005
2025-06-05 02:45:00,B002,46.4,106.17,True,,106.17,False,observed,2025-06-05,2025,6,5,156,2,45,3,Thursday,True,False,summer,weekday,26.5425
2025-06-05 03:00:00,B002,46.8,93.89,True,,93.89,False,observed,2025-06-05,2025,6,5,156,3,0,3,Thursday,True,False,summer,weekday,23.4725
2025-06-05 03:15:00,B002,47.3,100.61,True,,100.61,False,observed,2025-06-05,2025,6,5,156,3,15,3,Thursday,True,False,summer,weekday,25.1525
2025-06-05 03:30:00,B002,47.8,98.54,True,,98.54,False,observed,2025-06-05,2025,6,5,156,3,30,3,Thursday,True,False,summer,weekday,24.635
2025-06-05 03:45:00,B002,48.4,94.25,True,,94.25,False,observed,2025-06-05,2025,6,5,156,3,45,3,Thursday,True,False,summer,weekday,23.5625
2025-06-05 04:00:00,B002,49.0,94.1,True,,94.1,False,observed,2025-06-05,2025,6,5,156,4,0,3,Thursday,True,False,summer,weekday,23.525
2025-06-05 04:15:00,B002,49.7,101.66,True,,101.66,False,observed,2025-06-05,2025,6,5,156,4,15,3,Thursday,True,False,summer,weekday,25.415
2025-06-05 04:30:00,B002,50.5,105.97,True,,105.97,False,observed,2025-06-05,2025,6,5,156,4,30,3,Thursday,True,False,summer,weekday,26.4925
2025-06-05 04:45:00,B002,51.2,99.22,True,,99.22,False,observed,2025-06-05,2025,6,5,156,4,45,3,Thursday,True,False,summer,weekday,24.805
2025-06-05 05:00:00,B002,52.0,100.42,True,,100.42,False,observed,2025-06-05,2025,6,5,156,5,0,3,Thursday,True,False,summer,weekday,25.105
2025-06-05 05:15:00,B002,52.9,103.43,True,,103.43,False,observed,2025-06-05,2025,6,5,156,5,15,3,Thursday,True,False,summer,weekday,25.8575
2025-06-05 05:30:00,B002,53.7,94.17,True,,94.17,False,observed,2025-06-05,2025,6,5,156,5,30,3,Thursday,True,False,summer,weekday,23.5425
2025-06-05 05:45:00,B002,54.6,104.45,True,,104.45,False,observed,2025-06-05,2025,6,5,156,5,45,3,Thursday,True,False,summer,weekday,26.1125
2025-06-05 06:00:00,B002,55.6,104.93,True,,104.93,False,observed,2025-06-05,2025,6,5,156,6,0,3,Thursday,True,False,summer,weekday,26.2325
2025-06-05 06:15:00,B002,56.5,115.66,True,,115.66,False,observed,2025-06-05,2025,6,5,156,6,15,3,Thursday,True,False,summer,weekday,28.915
2025-06-05 06:30:00,B002,57.5,97.81,True,,97.81,False,observed,2025-06-05,2025,6,5,156,6,30,3,Thursday,True,False,summer,weekday,24.4525
2025-06-05 06:45:00,B002,58.4,97.37,True,,97.37,False,observed,2025-06-05,2025,6,5,156,6,45,3,Thursday,True,False,summer,weekday,24.342500000000005
2025-06-05 07:00:00,B002,59.4,104.83,True,,104.83,False,observed,2025-06-05,2025,6,5,156,7,0,3,Thursday,True,False,summer,weekday,26.2075
2025-06-05 07:15:00,B002,60.4,105.31,True,,105.31,False,observed,2025-06-05,2025,6,5,156,7,15,3,Thursday,True,False,summer,weekday,26.3275
2025-06-05 07:30:00,B002,61.4,97.47,True,,97.47,False,observed,2025-06-05,2025,6,5,156,7,30,3,Thursday,True,False,summer,weekday,24.3675
2025-06-05 07:45:00,B002,62.3,98.73,True,,98.73,False,observed,2025-06-05,2025,6,5,156,7,45,3,Thursday,True,False,summer,weekday,24.6825
2025-06-05 08:00:00,B002,63.3,105.14,True,,105.14,False,observed,2025-06-05,2025,6,5,156,8,0,3,Thursday,True,False,summer,weekday,26.285
2025-06-05 08:15:00,B002,64.3,98.08,True,,98.08,False,observed,2025-06-05,2025,6,5,156,8,15,3,Thursday,True,False,summer,weekday,24.52
2025-06-05 08:30:00,B002,65.2,102.33,True,,102.33,False,observed,2025-06-05,2025,6,5,156,8,30,3,Thursday,True,False,summer,weekday,25.5825
2025-06-05 08:45:00,B002,66.1,107.88,True,,107.88,False,observed,2025-06-05,2025,6,5,156,8,45,3,Thursday,True,False,summer,weekday,26.969999999999995
2025-06-05 09:00:00,B002,67.0,116.96,True,,116.96,False,observed,2025-06-05,2025,6,5,156,9,0,3,Thursday,True,False,summer,weekday,29.24
2025-06-05 09:15:00,B002,67.9,112.41,True,,112.41,False,observed,2025-06-05,2025,6,5,156,9,15,3,Thursday,True,False,summer,weekday,28.1025
2025-06-05 09:30:00,B002,68.7,111.79,True,,111.79,False,observed,2025-06-05,2025,6,5,156,9,30,3,Thursday,True,False,summer,weekday,27.9475
2025-06-05 09:45:00,B002,69.5,120.27,True,,120.27,False,observed,2025-06-05,2025,6,5,156,9,45,3,Thursday,True,False,summer,weekday,30.0675
2025-06-05 10:00:00,B002,70.2,135.55,True,,135.55,False,observed,2025-06-05,2025,6,5,156,10,0,3,Thursday,True,False,summer,weekday,33.8875
2025-06-05 10:15:00,B002,70.9,149.2,True,,149.2,False,observed,2025-06-05,2025,6,5,156,10,15,3,Thursday,True,False,summer,weekday,37.3
2025-06-05 10:30:00,B002,71.6,172.83,True,,172.83,False,observed,2025-06-05,2025,6,5,156,10,30,3,Thursday,True,False,summer,weekday,43.2075
2025-06-05 10:45:00,B002,72.2,185.88,True,,185.88,False,observed,2025-06-05,2025,6,5,156,10,45,3,Thursday,True,False,summer,weekday,46.47
2025-06-05 11:00:00,B002,72.8,210.24,True,,210.24,False,observed,2025-06-05,2025,6,5,156,11,0,3,Thursday,True,False,summer,weekday,52.56000000000001
2025-06-05 11:15:00,B002,73.3,232.81,True,,232.81,False,observed,2025-06-05,2025,6,5,156,11,15,3,Thursday,True,False,summer,weekday,58.2025
2025-06-05 11:30:00,B002,73.7,258.45,True,,258.45,False,observed,2025-06-05,2025,6,5,156,11,30,3,Thursday,True,False,summer,weekday,64.6125
2025-06-05 11:45:00,B002,74.1,292.18,True,,292.18,False,observed,2025-06-05,2025,6,5,156,11,45,3,Thursday,True,False,summer,weekday,73.045
2025-06-05 12:00:00,B002,74.5,309.62,True,,309.62,False,observed,2025-06-05,2025,6,5,156,12,0,3,Thursday,True,False,summer,weekday,77.405
2025-06-05 12:15:00,B002,74.7,324.09,True,,324.09,False,observed,2025-06-05,2025,6,5,156,12,15,3,Thursday,True,False,summer,weekday,81.0225
2025-06-05 12:30:00,B002,74.9,335.32,True,,335.32,False,observed,2025-06-05,2025,6,5,156,12,30,3,Thursday,True,False,summer,weekday,83.83
2025-06-05 12:45:00,B002,75.1,344.73,True,,344.73,False,observed,2025-06-05,2025,6,5,156,12,45,3,Thursday,True,False,summer,weekday,86.18250000000002
2025-06-05 13:00:00,B002,75.2,352.67,True,,352.67,False,observed,2025-06-05,2025,6,5,156,13,0,3,Thursday,True,False,summer,weekday,88.1675
2025-06-05 13:15:00,B002,75.2,351.25,True,,351.25,False,observed,2025-06-05,2025,6,5,156,13,15,3,Thursday,True,False,summer,weekday,87.8125
2025-06-05 13:30:00,B002,75.1,333.24,True,,333.24,False,observed,2025-06-05,2025,6,5,156,13,30,3,Thursday,True,False,summer,weekday,83.31
2025-06-05 13:45:00,B002,75.0,324.37,True,,324.37,False,observed,2025-06-05,2025,6,5,156,13,45,3,Thursday,True,False,summer,weekday,81.0925
2025-06-05 14:00:00,B002,74.9,293.45,True,,293.45,False,observed,2025-06-05,2025,6,5,156,14,0,3,Thursday,True,False,summer,weekday,73.3625
2025-06-05 14:15:00,B002,74.6,285.52,True,,285.52,False,observed,2025-06-05,2025,6,5,156,14,15,3,Thursday,True,False,summer,weekday,71.37999999999998
2025-06-05 14:30:00,B002,74.3,265.67,True,,265.67,False,observed,2025-06-05,2025,6,5,156,14,30,3,Thursday,True,False,summer,weekday,66.4175
2025-06-05 14:45:00,B002,74.0,235.78,True,,235.78,False,observed,2025-06-05,2025,6,5,156,14,45,3,Thursday,True,False,summer,weekday,58.945
2025-06-05 15:00:00,B002,73.6,225.36,True,,225.36,False,observed,2025-06-05,2025,6,5,156,15,0,3,Thursday,True,False,summer,weekday,56.34
2025-06-05 15:15:00,B002,73.1,187.72,True,,187.72,False,observed,2025-06-05,2025,6,5,156,15,15,3,Thursday,True,False,summer,weekday,46.93
2025-06-05 15:30:00,B002,72.6,175.06,True,,175.06,False,observed,2025-06-05,2025,6,5,156,15,30,3,Thursday,True,False,summer,weekday,43.765
2025-06-05 15:45:00,B002,72.0,156.86,True,,156.86,False,observed,2025-06-05,2025,6,5,156,15,45,3,Thursday,True,False,summer,weekday,39.215
2025-06-05 16:00:00,B002,71.3,142.5,True,,142.5,False,observed,2025-06-05,2025,6,5,156,16,0,3,Thursday,True,False,summer,weekday,35.625
2025-06-05 16:15:00,B002,70.7,131.08,True,,131.08,False,observed,2025-06-05,2025,6,5,156,16,15,3,Thursday,True,False,summer,weekday,32.77
2025-06-05 16:30:00,B002,69.9,123.49,True,,123.49,False,observed,2025-06-05,2025,6,5,156,16,30,3,Thursday,True,False,summer,weekday,30.8725
2025-06-05 16:45:00,B002,69.2,121.12,True,,121.12,False,observed,2025-06-05,2025,6,5,156,16,45,3,Thursday,True,False,summer,weekday,30.280000000000005
2025-06-05 17:00:00,B002,68.4,119.25,True,,119.25,False,observed,2025-06-05,2025,6,5,156,17,0,3,Thursday,True,False,summer,weekday,29.8125
2025-06-05 17:15:00,B002,67.5,107.33,True,,107.33,False,observed,2025-06-05,2025,6,5,156,17,15,3,Thursday,True,False,summer,weekday,26.8325
2025-06-05 17:30:00,B002,66.7,109.68,True,,109.68,False,observed,2025-06-05,2025,6,5,156,17,30,3,Thursday,True,False,summer,weekday,27.42
2025-06-05 17:45:00,B002,65.8,98.84,True,,98.84,False,observed,2025-06-05,2025,6,5,156,17,45,3,Thursday,True,False,summer,weekday,24.71
2025-06-05 18:00:00,B002,64.8,106.49,True,,106.49,False,observed,2025-06-05,2025,6,5,156,18,0,3,Thursday,True,False,summer,weekday,26.6225
2025-06-05 18:15:00,B002,63.9,96.58,True,,96.58,False,observed,2025-06-05,2025,6,5,156,18,15,3,Thursday,True,False,summer,weekday,24.145
2025-06-05 18:30:00,B002,62.9,107.22,True,,107.22,False,observed,2025-06-05,2025,6,5,156,18,30,3,Thursday,True,False,summer,weekday,26.805
2025-06-05 18:45:00,B002,62.0,113.66,True,,113.66,False,observed,2025-06-05,2025,6,5,156,18,45,3,Thursday,True,False,summer,weekday,28.415
2025-06-05 19:00:00,B002,61.0,99.49,True,,99.49,False,observed,2025-06-05,2025,6,5,156,19,0,3,Thursday,True,False,summer,weekday,24.8725
2025-06-05 19:15:00,B002,60.0,86.97,True,,86.97,False,observed,2025-06-05,2025,6,5,156,19,15,3,Thursday,True,False,summer,weekday,21.7425
2025-06-05 19:30:00,B002,59.0,96.78,True,,96.78,False,observed,2025-06-05,2025,6,5,156,19,30,3,Thursday,True,False,summer,weekday,24.195
2025-06-05 19:45:00,B002,58.0,107.43,True,,107.43,False,observed,2025-06-05,2025,6,5,156,19,45,3,Thursday,True,False,summer,weekday,26.8575
2025-06-05 20:00:00,B002,57.1,103.34,True,,103.34,False,observed,2025-06-05,2025,6,5,156,20,0,3,Thursday,True,False,summer,weekday,25.835
2025-06-05 20:15:00,B002,56.1,101.5,True,,101.5,False,observed,2025-06-05,2025,6,5,156,20,15,3,Thursday,True,False,summer,weekday,25.375
2025-06-05 20:30:00,B002,55.2,106.06,True,,106.06,False,observed,2025-06-05,2025,6,5,156,20,30,3,Thursday,True,False,summer,weekday,26.515
2025-06-05 20:45:00,B002,54.3,102.91,True,,102.91,False,observed,2025-06-05,2025,6,5,156,20,45,3,Thursday,True,False,summer,weekday,25.7275
2025-06-05 21:00:00,B002,53.4,107.31,True,,107.31,False,observed,2025-06-05,2025,6,5,156,21,0,3,Thursday,True,False,summer,weekday,26.8275
2025-06-05 21:15:00,B002,52.5,105.52,True,,105.52,False,observed,2025-06-05,2025,6,5,156,21,15,3,Thursday,True,False,summer,weekday,26.38
2025-06-05 21:30:00,B002,51.7,109.13,True,,109.13,False,observed,2025-06-05,2025,6,5,156,21,30,3,Thursday,True,False,summer,weekday,27.282499999999995
2025-06-05 21:45:00,B002,50.9,102.15,True,,102.15,False,observed,2025-06-05,2025,6,5,156,21,45,3,Thursday,True,False,summer,weekday,25.5375
2025-06-05 22:00:00,B002,50.2,105.43,True,,105.43,False,observed,2025-06-05,2025,6,5,156,22,0,3,Thursday,True,False,summer,weekday,26.3575
2025-06-05 22:15:00,B002,49.5,98.16,True,,98.16,False,observed,2025-06-05,2025,6,5,156,22,15,3,Thursday,True,False,summer,weekday,24.54
2025-06-05 22:30:00,B002,48.8,96.39,True,,96.39,False,observed,2025-06-05,2025,6,5,156,22,30,3,Thursday,True,False,summer,weekday,24.0975
2025-06-05 22:45:00,B002,48.2,110.24,True,,110.24,False,observed,2025-06-05,2025,6,5,156,22,45,3,Thursday,True,False,summer,weekday,27.56
2025-06-05 23:00:00,B002,47.6,101.3,True,,101.3,False,observed,2025-06-05,2025,6,5,156,23,0,3,Thursday,True,False,summer,weekday,25.325
2025-06-05 23:15:00,B002,47.1,104.83,True,,104.83,False,observed,2025-06-05,2025,6,5,156,23,15,3,Thursday,True,False,summer,weekday,26.2075
2025-06-05 23:30:00,B002,46.7,100.74,True,,100.74,False,observed,2025-06-05,2025,6,5,156,23,30,3,Thursday,True,False,summer,weekday,25.185
2025-06-05 23:45:00,B002,46.3,96.48,True,,96.48,False,observed,2025-06-05,2025,6,5,156,23,45,3,Thursday,True,False,summer,weekday,24.12
2025-06-06 00:00:00,B002,45.9,100.07,True,,100.07,False,observed,2025-06-06,2025,6,6,157,0,0,4,Friday,True,False,summer,weekday,25.0175
2025-06-06 00:15:00,B002,48.3,108.62,True,,108.62,False,observed,2025-06-06,2025,6,6,157,0,15,4,Friday,True,False,summer,weekday,27.155000000000005
2025-06-06 00:30:00,B002,48.0,103.33,True,,103.33,False,observed,2025-06-06,2025,6,6,157,0,30,4,Friday,True,False,summer,weekday,25.8325
2025-06-06 00:45:00,B002,47.9,89.73,True,,89.73,False,observed,2025-06-06,2025,6,6,157,0,45,4,Friday,True,False,summer,weekday,22.4325
2025-06-06 01:00:00,B002,47.8,98.71,True,,98.71,False,observed,2025-06-06,2025,6,6,157,1,0,4,Friday,True,False,summer,weekday,24.6775
2025-06-06 01:15:00,B002,47.8,110.69,True,,110.69,False,observed,2025-06-06,2025,6,6,157,1,15,4,Friday,True,False,summer,weekday,27.6725
2025-06-06 01:30:00,B002,47.8,98.72,True,,98.72,False,observed,2025-06-06,2025,6,6,157,1,30,4,Friday,True,False,summer,weekday,24.68
2025-06-06 01:45:00,B002,47.9,89.2,True,,89.2,False,observed,2025-06-06,2025,6,6,157,1,45,4,Friday,True,False,summer,weekday,22.3
2025-06-06 02:00:00,B002,48.1,111.36,True,,111.36,False,observed,2025-06-06,2025,6,6,157,2,0,4,Friday,True,False,summer,weekday,27.84
2025-06-06 02:15:00,B002,48.4,104.09,True,,104.09,False,observed,2025-06-06,2025,6,6,157,2,15,4,Friday,True,False,summer,weekday,26.0225
2025-06-06 02:30:00,B002,48.7,99.58,True,,99.58,False,observed,2025-06-06,2025,6,6,157,2,30,4,Friday,True,False,summer,weekday,24.895
2025-06-06 02:45:00,B002,49.0,97.77,True,,97.77,False,observed,2025-06-06,2025,6,6,157,2,45,4,Friday,True,False,summer,weekday,24.4425
2025-06-06 03:00:00,B002,49.4,106.49,True,,106.49,False,observed,2025-06-06,2025,6,6,157,3,0,4,Friday,True,False,summer,weekday,26.6225
2025-06-06 03:15:00,B002,49.9,96.75,True,,96.75,False,observed,2025-06-06,2025,6,6,157,3,15,4,Friday,True,False,summer,weekday,24.1875
2025-06-06 03:30:00,B002,50.4,106.89,True,,106.89,False,observed,2025-06-06,2025,6,6,157,3,30,4,Friday,True,False,summer,weekday,26.7225
2025-06-06 03:45:00,B002,51.0,103.25,True,,103.25,False,observed,2025-06-06,2025,6,6,157,3,45,4,Friday,True,False,summer,weekday,25.8125
2025-06-06 04:00:00,B002,51.6,101.47,True,,101.47,False,observed,2025-06-06,2025,6,6,157,4,0,4,Friday,True,False,summer,weekday,25.3675
2025-06-06 04:15:00,B002,52.3,100.87,True,,100.87,False,observed,2025-06-06,2025,6,6,157,4,15,4,Friday,True,False,summer,weekday,25.217500000000005
2025-06-06 04:30:00,B002,53.0,98.95,True,,98.95,False,observed,2025-06-06,2025,6,6,157,4,30,4,Friday,True,False,summer,weekday,24.7375
2025-06-06 04:45:00,B002,53.8,106.27,True,,106.27,False,observed,2025-06-06,2025,6,6,157,4,45,4,Friday,True,False,summer,weekday,26.5675
2025-06-06 05:00:00,B002,54.6,94.81,True,,94.81,False,observed,2025-06-06,2025,6,6,157,5,0,4,Friday,True,False,summer,weekday,23.7025
2025-06-06 05:15:00,B002,55.5,90.27,True,,90.27,False,observed,2025-06-06,2025,6,6,157,5,15,4,Friday,True,False,summer,weekday,22.5675
2025-06-06 05:30:00,B002,56.3,103.69,True,,103.69,False,observed,2025-06-06,2025,6,6,157,5,30,4,Friday,True,False,summer,weekday,25.9225
2025-06-06 05:45:00,B002,57.2,103.8,True,,103.8,False,observed,2025-06-06,2025,6,6,157,5,45,4,Friday,True,False,summer,weekday,25.95
2025-06-06 06:00:00,B002,58.2,102.9,True,,102.9,False,observed,2025-06-06,2025,6,6,157,6,0,4,Friday,True,False,summer,weekday,25.725
2025-06-06 06:15:00,B002,59.1,102.48,True,,102.48,False,observed,2025-06-06,2025,6,6,157,6,15,4,Friday,True,False,summer,weekday,25.62
2025-06-06 06:30:00,B002,60.1,98.14,True,,98.14,False,observed,2025-06-06,2025,6,6,157,6,30,4,Friday,True,False,summer,weekday,24.535
2025-06-06 06:45:00,B002,61.0,104.85,True,,104.85,False,observed,2025-06-06,2025,6,6,157,6,45,4,Friday,True,False,summer,weekday,26.2125
2025-06-06 07:00:00,B002,62.0,99.95,True,,99.95,False,observed,2025-06-06,2025,6,6,157,7,0,4,Friday,True,False,summer,weekday,24.9875
2025-06-06 07:15:00,B002,63.0,97.47,True,,97.47,False,observed,2025-06-06,2025,6,6,157,7,15,4,Friday,True,False,summer,weekday,24.3675
2025-06-06 07:30:00,B002,64.0,98.81,True,,98.81,False,observed,2025-06-06,2025,6,6,157,7,30,4,Friday,True,False,summer,weekday,24.7025
2025-06-06 07:45:00,B002,64.9,113.27,True,,113.27,False,observed,2025-06-06,2025,6,6,157,7,45,4,Friday,True,False,summer,weekday,28.3175
2025-06-06 08:00:00,B002,65.9,91.48,True,,91.48,False,observed,2025-06-06,2025,6,6,157,8,0,4,Friday,True,False,summer,weekday,22.87
2025-06-06 08:15:00,B002,66.9,106.05,True,,106.05,False,observed,2025-06-06,2025,6,6,157,8,15,4,Friday,True,False,summer,weekday,26.5125
2025-06-06 08:30:00,B002,67.8,94.71,True,,94.71,False,observed,2025-06-06,2025,6,6,157,8,30,4,Friday,True,False,summer,weekday,23.6775
2025-06-06 08:45:00,B002,68.7,106.69,True,,106.69,False,observed,2025-06-06,2025,6,6,157,8,45,4,Friday,True,False,summer,weekday,26.6725
2025-06-06 09:00:00,B002,69.6,108.38,True,,108.38,False,observed,2025-06-06,2025,6,6,157,9,0,4,Friday,True,False,summer,weekday,27.094999999999995
2025-06-06 09:15:00,B002,70.5,103.53,True,,103.53,False,observed,2025-06-06,2025,6,6,157,9,15,4,Friday,True,False,summer,weekday,25.8825
2025-06-06 09:30:00,B002,71.3,125.18,True,,125.18,False,observed,2025-06-06,2025,6,6,157,9,30,4,Friday,True,False,summer,weekday,31.295
2025-06-06 09:45:00,B002,72.1,129.49,True,,129.49,False,observed,2025-06-06,2025,6,6,157,9,45,4,Friday,True,False,summer,weekday,32.3725
2025-06-06 10:00:00,B002,72.8,130.51,True,,130.51,False,observed,2025-06-06,2025,6,6,157,10,0,4,Friday,True,False,summer,weekday,32.6275
2025-06-06 10:15:00,B002,73.5,162.11,True,,162.11,False,observed,2025-06-06,2025,6,6,157,10,15,4,Friday,True,False,summer,weekday,40.5275
2025-06-06 10:30:00,B002,74.2,182.37,True,,182.37,False,observed,2025-06-06,2025,6,6,157,10,30,4,Friday,True,False,summer,weekday,45.5925
2025-06-06 10:45:00,B002,74.8,201.95,True,,201.95,False,observed,2025-06-06,2025,6,6,157,10,45,4,Friday,True,False,summer,weekday,50.4875
2025-06-06 11:00:00,B002,75.4,218.1,True,,218.1,False,observed,2025-06-06,2025,6,6,157,11,0,4,Friday,True,False,summer,weekday,54.525
2025-06-06 11:15:00,B002,75.9,241.25,True,,241.25,False,observed,2025-06-06,2025,6,6,157,11,15,4,Friday,True,False,summer,weekday,60.3125
2025-06-06 11:30:00,B002,76.3,274.39,True,,274.39,False,observed,2025-06-06,2025,6,6,157,11,30,4,Friday,True,False,summer,weekday,68.5975
2025-06-06 11:45:00,B002,76.7,301.24,True,,301.24,False,observed,2025-06-06,2025,6,6,157,11,45,4,Friday,True,False,summer,weekday,75.31
2025-06-06 12:00:00,B002,77.1,320.67,True,,320.67,False,observed,2025-06-06,2025,6,6,157,12,0,4,Friday,True,False,summer,weekday,80.1675
2025-06-06 12:15:00,B002,77.3,327.66,True,,327.66,False,observed,2025-06-06,2025,6,6,157,12,15,4,Friday,True,False,summer,weekday,81.915
2025-06-06 12:30:00,B002,77.5,349.45,True,,349.45,False,observed,2025-06-06,2025,6,6,157,12,30,4,Friday,True,False,summer,weekday,87.3625
2025-06-06 12:45:00,B002,77.7,360.35,True,,360.35,False,observed,2025-06-06,2025,6,6,157,12,45,4,Friday,True,False,summer,weekday,90.0875
2025-06-06 13:00:00,B002,77.8,350.23,True,,350.23,False,observed,2025-06-06,2025,6,6,157,13,0,4,Friday,True,False,summer,weekday,87.55750000000002
2025-06-06 13:15:00,B002,77.8,360.94,True,,360.94,False,observed,2025-06-06,2025,6,6,157,13,15,4,Friday,True,False,summer,weekday,90.235
2025-06-06 13:30:00,B002,77.7,362.7,True,,362.7,False,observed,2025-06-06,2025,6,6,157,13,30,4,Friday,True,False,summer,weekday,90.675
2025-06-06 13:45:00,B002,77.6,338.37,True,,338.37,False,observed,2025-06-06,2025,6,6,157,13,45,4,Friday,True,False,summer,weekday,84.5925
2025-06-06 14:00:00,B002,77.5,324.34,True,,324.34,False,observed,2025-06-06,2025,6,6,157,14,0,4,Friday,True,False,summer,weekday,81.085
2025-06-06 14:15:00,B002,77.2,294.26,True,,294.26,False,observed,2025-06-06,2025,6,6,157,14,15,4,Friday,True,False,summer,weekday,73.565
2025-06-06 14:30:00,B002,76.9,268.38,True,,268.38,False,observed,2025-06-06,2025,6,6,157,14,30,4,Friday,True,False,summer,weekday,67.095
2025-06-06 14:45:00,B002,76.6,246.04,True,,246.04,False,observed,2025-06-06,2025,6,6,157,14,45,4,Friday,True,False,summer,weekday,61.51
2025-06-06 15:00:00,B002,76.2,214.19,True,,214.19,False,observed,2025-06-06,2025,6,6,157,15,0,4,Friday,True,False,summer,weekday,53.5475
2025-06-06 15:15:00,B002,75.7,189.96,True,,189.96,False,observed,2025-06-06,2025,6,6,157,15,15,4,Friday,True,False,summer,weekday,47.49
2025-06-06 15:30:00,B002,75.2,181.97,True,,181.97,False,observed,2025-06-06,2025,6,6,157,15,30,4,Friday,True,False,summer,weekday,45.4925
2025-06-06 15:45:00,B002,74.6,165.31,True,,165.31,False,observed,2025-06-06,2025,6,6,157,15,45,4,Friday,True,False,summer,weekday,41.3275
2025-06-06 16:00:00,B002,73.9,137.16,True,,137.16,False,observed,2025-06-06,2025,6,6,157,16,0,4,Friday,True,False,summer,weekday,34.29
2025-06-06 16:15:00,B002,73.3,137.58,True,,137.58,False,observed,2025-06-06,2025,6,6,157,16,15,4,Friday,True,False,summer,weekday,34.395
2025-06-06 16:30:00,B002,72.5,122.33,True,,122.33,False,observed,2025-06-06,2025,6,6,157,16,30,4,Friday,True,False,summer,weekday,30.5825
2025-06-06 16:45:00,B002,71.8,118.08,True,,118.08,False,observed,2025-06-06,2025,6,6,157,16,45,4,Friday,True,False,summer,weekday,29.52
2025-06-06 17:00:00,B002,71.0,113.75,True,,113.75,False,observed,2025-06-06,2025,6,6,157,17,0,4,Friday,True,False,summer,weekday,28.4375
2025-06-06 17:15:00,B002,70.1,113.31,True,,113.31,False,observed,2025-06-06,2025,6,6,157,17,15,4,Friday,True,False,summer,weekday,28.3275
2025-06-06 17:30:00,B002,69.2,105.29,True,,105.29,False,observed,2025-06-06,2025,6,6,157,17,30,4,Friday,True,False,summer,weekday,26.3225
2025-06-06 17:45:00,B002,68.3,111.51,True,,111.51,False,observed,2025-06-06,2025,6,6,157,17,45,4,Friday,True,False,summer,weekday,27.8775
2025-06-06 18:00:00,B002,67.4,103.75,True,,103.75,False,observed,2025-06-06,2025,6,6,157,18,0,4,Friday,True,False,summer,weekday,25.9375
2025-06-06 18:15:00,B002,66.5,104.89,True,,104.89,False,observed,2025-06-06,2025,6,6,157,18,15,4,Friday,True,False,summer,weekday,26.2225
2025-06-06 18:30:00,B002,65.5,95.68,True,,95.68,False,observed,2025-06-06,2025,6,6,157,18,30,4,Friday,True,False,summer,weekday,23.92
2025-06-06 18:45:00,B002,64.6,113.34,True,,113.34,False,observed,2025-06-06,2025,6,6,157,18,45,4,Friday,True,False,summer,weekday,28.335
2025-06-06 19:00:00,B002,63.6,103.04,True,,103.04,False,observed,2025-06-06,2025,6,6,157,19,0,4,Friday,True,False,summer,weekday,25.76
2025-06-06 19:15:00,B002,62.6,104.4,True,,104.4,False,observed,2025-06-06,2025,6,6,157,19,15,4,Friday,True,False,summer,weekday,26.1
2025-06-06 19:30:00,B002,61.6,90.42,True,,90.42,False,observed,2025-06-06,2025,6,6,157,19,30,4,Friday,True,False,summer,weekday,22.605
2025-06-06 19:45:00,B002,60.6,95.1,True,,95.1,False,observed,2025-06-06,2025,6,6,157,19,45,4,Friday,True,False,summer,weekday,23.775
2025-06-06 20:00:00,B002,59.7,107.44,True,,107.44,False,observed,2025-06-06,2025,6,6,157,20,0,4,Friday,True,False,summer,weekday,26.86
2025-06-06 20:15:00,B002,58.7,101.73,True,,101.73,False,observed,2025-06-06,2025,6,6,157,20,15,4,Friday,True,False,summer,weekday,25.4325
2025-06-06 20:30:00,B002,57.8,88.52,True,,88.52,False,observed,2025-06-06,2025,6,6,157,20,30,4,Friday,True,False,summer,weekday,22.13
2025-06-06 20:45:00,B002,56.9,106.23,True,,106.23,False,observed,2025-06-06,2025,6,6,157,20,45,4,Friday,True,False,summer,weekday,26.5575
2025-06-06 21:00:00,B002,56.0,96.74,True,,96.74,False,observed,2025-06-06,2025,6,6,157,21,0,4,Friday,True,False,summer,weekday,24.185
2025-06-06 21:15:00,B002,55.1,108.47,True,,108.47,False,observed,2025-06-06,2025,6,6,157,21,15,4,Friday,True,False,summer,weekday,27.1175
2025-06-06 21:30:00,B002,54.3,99.47,True,,99.47,False,observed,2025-06-06,2025,6,6,157,21,30,4,Friday,True,False,summer,weekday,24.8675
2025-06-06 21:45:00,B002,53.5,101.23,True,,101.23,False,observed,2025-06-06,2025,6,6,157,21,45,4,Friday,True,False,summer,weekday,25.3075
2025-06-06 22:00:00,B002,52.8,107.07,True,,107.07,False,observed,2025-06-06,2025,6,6,157,22,0,4,Friday,True,False,summer,weekday,26.7675
2025-06-06 22:15:00,B002,52.0,94.62,True,,94.62,False,observed,2025-06-06,2025,6,6,157,22,15,4,Friday,True,False,summer,weekday,23.655000000000005
2025-06-06 22:30:00,B002,51.4,94.04,True,,94.04,False,observed,2025-06-06,2025,6,6,157,22,30,4,Friday,True,False,summer,weekday,23.51
2025-06-06 22:45:00,B002,50.8,98.82,True,,98.82,False,observed,2025-06-06,2025,6,6,157,22,45,4,Friday,True,False,summer,weekday,24.705
2025-06-06 23:00:00,B002,50.2,104.96,True,,104.96,False,observed,2025-06-06,2025,6,6,157,23,0,4,Friday,True,False,summer,weekday,26.24
2025-06-06 23:15:00,B002,49.7,92.01,True,,92.01,False,observed,2025-06-06,2025,6,6,157,23,15,4,Friday,True,False,summer,weekday,23.0025
2025-06-06 23:30:00,B002,49.3,89.99,True,,89.99,False,observed,2025-06-06,2025,6,6,157,23,30,4,Friday,True,False,summer,weekday,22.4975
2025-06-06 23:45:00,B002,48.9,104.94,True,,104.94,False,observed,2025-06-06,2025,6,6,157,23,45,4,Friday,True,False,summer,weekday,26.235
2025-06-07 00:00:00,B002,48.5,36.38,True,,36.38,False,observed,2025-06-07,2025,6,7,158,0,0,5,Saturday,False,True,summer,weekend,9.095
2025-06-07 00:15:00,B002,54.0,37.65,True,,37.65,False,observed,2025-06-07,2025,6,7,158,0,15,5,Saturday,False,True,summer,weekend,9.4125
2025-06-07 00:30:00,B002,53.8,28.86,True,,28.86,False,observed,2025-06-07,2025,6,7,158,0,30,5,Saturday,False,True,summer,weekend,7.215
2025-06-07 00:45:00,B002,53.6,35.93,True,,35.93,False,observed,2025-06-07,2025,6,7,158,0,45,5,Saturday,False,True,summer,weekend,8.9825
2025-06-07 01:00:00,B002,53.5,39.95,True,,39.95,False,observed,2025-06-07,2025,6,7,158,1,0,5,Saturday,False,True,summer,weekend,9.9875
2025-06-07 01:15:00,B002,53.5,45.58,True,,45.58,False,observed,2025-06-07,2025,6,7,158,1,15,5,Saturday,False,True,summer,weekend,11.395
2025-06-07 01:30:00,B002,53.6,35.37,True,,35.37,False,observed,2025-06-07,2025,6,7,158,1,30,5,Saturday,False,True,summer,weekend,8.8425
2025-06-07 01:45:00,B002,53.7,49.94,True,,49.94,False,observed,2025-06-07,2025,6,7,158,1,45,5,Saturday,False,True,summer,weekend,12.484999999999998
2025-06-07 02:00:00,B002,53.8,35.89,True,,35.89,False,observed,2025-06-07,2025,6,7,158,2,0,5,Saturday,False,True,summer,weekend,8.9725
2025-06-07 02:15:00,B002,54.1,35.9,True,,35.9,False,observed,2025-06-07,2025,6,7,158,2,15,5,Saturday,False,True,summer,weekend,8.975
2025-06-07 02:30:00,B002,54.4,49.22,True,,49.22,False,observed,2025-06-07,2025,6,7,158,2,30,5,Saturday,False,True,summer,weekend,12.305
2025-06-07 02:45:00,B002,54.7,41.27,True,,41.27,False,observed,2025-06-07,2025,6,7,158,2,45,5,Saturday,False,True,summer,weekend,10.3175
2025-06-07 03:00:00,B002,55.1,36.69,True,,36.69,False,observed,2025-06-07,2025,6,7,158,3,0,5,Saturday,False,True,summer,weekend,9.172499999999998
2025-06-07 03:15:00,B002,55.6,39.07,True,,39.07,False,observed,2025-06-07,2025,6,7,158,3,15,5,Saturday,False,True,summer,weekend,9.7675
2025-06-07 03:30:00,B002,56.1,48.12,True,,48.12,False,observed,2025-06-07,2025,6,7,158,3,30,5,Saturday,False,True,summer,weekend,12.03
2025-06-07 03:45:00,B002,56.7,48.8,True,,48.8,False,observed,2025-06-07,2025,6,7,158,3,45,5,Saturday,False,True,summer,weekend,12.2
2025-06-07 04:00:00,B002,57.4,35.1,True,,35.1,False,observed,2025-06-07,2025,6,7,158,4,0,5,Saturday,False,True,summer,weekend,8.775
2025-06-07 04:15:00,B002,58.0,39.75,True,,39.75,False,observed,2025-06-07,2025,6,7,158,4,15,5,Saturday,False,True,summer,weekend,9.9375
2025-06-07 04:30:00,B002,58.8,40.54,True,,40.54,False,observed,2025-06-07,2025,6,7,158,4,30,5,Saturday,False,True,summer,weekend,10.135
2025-06-07 04:45:00,B002,59.5,34.08,True,,34.08,False,observed,2025-06-07,2025,6,7,158,4,45,5,Saturday,False,True,summer,weekend,8.52
2025-06-07 05:00:00,B002,60.3,39.67,True,,39.67,False,observed,2025-06-07,2025,6,7,158,5,0,5,Saturday,False,True,summer,weekend,9.9175
2025-06-07 05:15:00,B002,61.2,40.03,True,,40.03,False,observed,2025-06-07,2025,6,7,158,5,15,5,Saturday,False,True,summer,weekend,10.0075
2025-06-07 05:30:00,B002,62.1,46.84,True,,46.84,False,observed,2025-06-07,2025,6,7,158,5,30,5,Saturday,False,True,summer,weekend,11.71
2025-06-07 05:45:00,B002,63.0,47.24,True,,47.24,False,observed,2025-06-07,2025,6,7,158,5,45,5,Saturday,False,True,summer,weekend,11.81
2025-06-07 06:00:00,B002,63.9,38.02,True,,38.02,False,observed,2025-06-07,2025,6,7,158,6,0,5,Saturday,False,True,summer,weekend,9.505
2025-06-07 06:15:00,B002,64.8,38.72,True,,38.72,False,observed,2025-06-07,2025,6,7,158,6,15,5,Saturday,False,True,summer,weekend,9.68
2025-06-07 06:30:00,B002,65.8,43.99,True,,43.99,False,observed,2025-06-07,2025,6,7,158,6,30,5,Saturday,False,True,summer,weekend,10.9975
2025-06-07 06:45:00,B002,66.7,36.49,True,,36.49,False,observed,2025-06-07,2025,6,7,158,6,45,5,Saturday,False,True,summer,weekend,9.1225
2025-06-07 07:00:00,B002,67.7,43.53,True,,43.53,False,observed,2025-06-07,2025,6,7,158,7,0,5,Saturday,False,True,summer,weekend,10.8825
2025-06-07 07:15:00,B002,68.7,39.47,True,,39.47,False,observed,2025-06-07,2025,6,7,158,7,15,5,Saturday,False,True,summer,weekend,9.8675
2025-06-07 07:30:00,B002,69.7,34.18,True,,34.18,False,observed,2025-06-07,2025,6,7,158,7,30,5,Saturday,False,True,summer,weekend,8.545
2025-06-07 07:45:00,B002,70.7,34.26,True,,34.26,False,observed,2025-06-07,2025,6,7,158,7,45,5,Saturday,False,True,summer,weekend,8.565
2025-06-07 08:00:00,B002,71.6,48.68,True,,48.68,False,observed,2025-06-07,2025,6,7,158,8,0,5,Saturday,False,True,summer,weekend,12.17
2025-06-07 08:15:00,B002,72.6,39.06,True,,39.06,False,observed,2025-06-07,2025,6,7,158,8,15,5,Saturday,False,True,summer,weekend,9.765000000000002
2025-06-07 08:30:00,B002,73.5,49.84,True,,49.84,False,observed,2025-06-07,2025,6,7,158,8,30,5,Saturday,False,True,summer,weekend,12.46
2025-06-07 08:45:00,B002,74.4,36.92,True,,36.92,False,observed,2025-06-07,2025,6,7,158,8,45,5,Saturday,False,True,summer,weekend,9.23
2025-06-07 09:00:00,B002,75.3,43.03,True,,43.03,False,observed,2025-06-07,2025,6,7,158,9,0,5,Saturday,False,True,summer,weekend,10.7575
2025-06-07 09:15:00,B002,76.2,59.08,True,,59.08,False,observed,2025-06-07,2025,6,7,158,9,15,5,Saturday,False,True,summer,weekend,14.77
2025-06-07 09:30:00,B002,77.0,41.69,True,,41.69,False,observed,2025-06-07,2025,6,7,158,9,30,5,Saturday,False,True,summer,weekend,10.422499999999998
2025-06-07 09:45:00,B002,77.8,39.8,True,,39.8,False,observed,2025-06-07,2025,6,7,158,9,45,5,Saturday,False,True,summer,weekend,9.95
2025-06-07 10:00:00,B002,78.5,61.91,True,,61.91,False,observed,2025-06-07,2025,6,7,158,10,0,5,Saturday,False,True,summer,weekend,15.4775
2025-06-07 10:15:00,B002,79.3,52.06,True,,52.06,False,observed,2025-06-07,2025,6,7,158,10,15,5,Saturday,False,True,summer,weekend,13.015000000000002
2025-06-07 10:30:00,B002,79.9,59.55,True,,59.55,False,observed,2025-06-07,2025,6,7,158,10,30,5,Saturday,False,True,summer,weekend,14.8875
2025-06-07 10:45:00,B002,80.5,58.61,True,,58.61,False,observed,2025-06-07,2025,6,7,158,10,45,5,Saturday,False,True,summer,weekend,14.6525
2025-06-07 11:00:00,B002,81.1,65.97,True,,65.97,False,observed,2025-06-07,2025,6,7,158,11,0,5,Saturday,False,True,summer,weekend,16.4925
2025-06-07 11:15:00,B002,81.6,60.69,True,,60.69,False,observed,2025-06-07,2025,6,7,158,11,15,5,Saturday,False,True,summer,weekend,15.172499999999998
2025-06-07 11:30:00,B002,82.1,67.12,True,,67.12,False,observed,2025-06-07,2025,6,7,158,11,30,5,Saturday,False,True,summer,weekend,16.78
2025-06-07 11:45:00,B002,82.4,72.47,True,,72.47,False,observed,2025-06-07,2025,6,7,158,11,45,5,Saturday,False,True,summer,weekend,18.1175
2025-06-07 12:00:00,B002,82.8,65.06,True,,65.06,False,observed,2025-06-07,2025,6,7,158,12,0,5,Saturday,False,True,summer,weekend,16.265
2025-06-07 12:15:00,B002,83.0,68.0,True,,68.0,False,observed,2025-06-07,2025,6,7,158,12,15,5,Saturday,False,True,summer,weekend,17.0
2025-06-07 12:30:00,B002,83.3,70.96,True,,70.96,False,observed,2025-06-07,2025,6,7,158,12,30,5,Saturday,False,True,summer,weekend,17.74
2025-06-07 12:45:00,B002,83.4,65.06,True,,65.06,False,observed,2025-06-07,2025,6,7,158,12,45,5,Saturday,False,True,summer,weekend,16.265
2025-06-07 13:00:00,B002,83.5,71.43,True,,71.43,False,observed,2025-06-07,2025,6,7,158,13,0,5,Saturday,False,True,summer,weekend,17.8575
2025-06-07 13:15:00,B002,83.5,74.75,True,,74.75,False,observed,2025-06-07,2025,6,7,158,13,15,5,Saturday,False,True,summer,weekend,18.6875
2025-06-07 13:30:00,B002,83.5,71.46,True,,71.46,False,observed,2025-06-07,2025,6,7,158,13,30,5,Saturday,False,True,summer,weekend,17.865
2025-06-07 13:45:00,B002,83.4,71.8,True,,71.8,False,observed,2025-06-07,2025,6,7,158,13,45,5,Saturday,False,True,summer,weekend,17.95
2025-06-07 14:00:00,B002,83.2,72.61,True,,72.61,False,observed,2025-06-07,2025,6,7,158,14,0,5,Saturday,False,True,summer,weekend,18.1525
2025-06-07 14:15:00,B002,82.9,67.86,True,,67.86,False,observed,2025-06-07,2025,6,7,158,14,15,5,Saturday,False,True,summer,weekend,16.965
2025-06-07 14:30:00,B002,82.7,74.75,True,,74.75,False,observed,2025-06-07,2025,6,7,158,14,30,5,Saturday,False,True,summer,weekend,18.6875
2025-06-07 14:45:00,B002,82.3,77.79,True,,77.79,False,observed,2025-06-07,2025,6,7,158,14,45,5,Saturday,False,True,summer,weekend,19.4475
2025-06-07 15:00:00,B002,81.9,64.72,True,,64.72,False,observed,2025-06-07,2025,6,7,158,15,0,5,Saturday,False,True,summer,weekend,16.18
2025-06-07 15:15:00,B002,81.4,68.52,True,,68.52,False,observed,2025-06-07,2025,6,7,158,15,15,5,Saturday,False,True,summer,weekend,17.13
2025-06-07 15:30:00,B002,80.9,62.06,True,,62.06,False,observed,2025-06-07,2025,6,7,158,15,30,5,Saturday,False,True,summer,weekend,15.515000000000002
2025-06-07 15:45:00,B002,80.3,63.36,True,,63.36,False,observed,2025-06-07,2025,6,7,158,15,45,5,Saturday,False,True,summer,weekend,15.84
2025-06-07 16:00:00,B002,79.7,68.03,True,,68.03,False,observed,2025-06-07,2025,6,7,158,16,0,5,Saturday,False,True,summer,weekend,17.0075
2025-06-07 16:15:00,B002,79.0,58.96,True,,58.96,False,observed,2025-06-07,2025,6,7,158,16,15,5,Saturday,False,True,summer,weekend,14.74
2025-06-07 16:30:00,B002,78.3,42.37,True,,42.37,False,observed,2025-06-07,2025,6,7,158,16,30,5,Saturday,False,True,summer,weekend,10.5925
2025-06-07 16:45:00,B002,77.5,52.67,True,,52.67,False,observed,2025-06-07,2025,6,7,158,16,45,5,Saturday,False,True,summer,weekend,13.1675
2025-06-07 17:00:00,B002,76.7,54.12,True,,54.12,False,observed,2025-06-07,2025,6,7,158,17,0,5,Saturday,False,True,summer,weekend,13.53
2025-06-07 17:15:00,B002,75.8,42.03,True,,42.03,False,observed,2025-06-07,2025,6,7,158,17,15,5,Saturday,False,True,summer,weekend,10.5075
2025-06-07 17:30:00,B002,75.0,45.97,True,,45.97,False,observed,2025-06-07,2025,6,7,158,17,30,5,Saturday,False,True,summer,weekend,11.4925
2025-06-07 17:45:00,B002,74.1,35.86,True,,35.86,False,observed,2025-06-07,2025,6,7,158,17,45,5,Saturday,False,True,summer,weekend,8.965
2025-06-07 18:00:00,B002,73.1,31.09,True,,31.09,False,observed,2025-06-07,2025,6,7,158,18,0,5,Saturday,False,True,summer,weekend,7.7725
2025-06-07 18:15:00,B002,72.2,40.85,True,,40.85,False,observed,2025-06-07,2025,6,7,158,18,15,5,Saturday,False,True,summer,weekend,10.2125
2025-06-07 18:30:00,B002,71.2,29.46,True,,29.46,False,observed,2025-06-07,2025,6,7,158,18,30,5,Saturday,False,True,summer,weekend,7.365
2025-06-07 18:45:00,B002,70.3,38.56,True,,38.56,False,observed,2025-06-07,2025,6,7,158,18,45,5,Saturday,False,True,summer,weekend,9.640000000000002
2025-06-07 19:00:00,B002,69.3,47.72,True,,47.72,False,observed,2025-06-07,2025,6,7,158,19,0,5,Saturday,False,True,summer,weekend,11.93
2025-06-07 19:15:00,B002,68.3,28.54,True,,28.54,False,observed,2025-06-07,2025,6,7,158,19,15,5,Saturday,False,True,summer,weekend,7.135
2025-06-07 19:30:00,B002,67.3,32.32,True,,32.32,False,observed,2025-06-07,2025,6,7,158,19,30,5,Saturday,False,True,summer,weekend,8.08
2025-06-07 19:45:00,B002,66.4,33.81,True,,33.81,False,observed,2025-06-07,2025,6,7,158,19,45,5,Saturday,False,True,summer,weekend,8.4525
2025-06-07 20:00:00,B002,65.4,39.62,True,,39.62,False,observed,2025-06-07,2025,6,7,158,20,0,5,Saturday,False,True,summer,weekend,9.905
2025-06-07 20:15:00,B002,64.4,37.81,True,,37.81,False,observed,2025-06-07,2025,6,7,158,20,15,5,Saturday,False,True,summer,weekend,9.452500000000002
2025-06-07 20:30:00,B002,63.5,48.39,True,,48.39,False,observed,2025-06-07,2025,6,7,158,20,30,5,Saturday,False,True,summer,weekend,12.0975
2025-06-07 20:45:00,B002,62.6,45.73,True,,45.73,False,observed,2025-06-07,2025,6,7,158,20,45,5,Saturday,False,True,summer,weekend,11.4325
2025-06-07 21:00:00,B002,61.7,42.97,True,,42.97,False,observed,2025-06-07,2025,6,7,158,21,0,5,Saturday,False,True,summer,weekend,10.7425
2025-06-07 21:15:00,B002,60.8,40.87,True,,40.87,False,observed,2025-06-07,2025,6,7,158,21,15,5,Saturday,False,True,summer,weekend,10.2175
2025-06-07 21:30:00,B002,60.0,42.36,True,,42.36,False,observed,2025-06-07,2025,6,7,158,21,30,5,Saturday,False,True,summer,weekend,10.59
2025-06-07 21:45:00,B002,59.2,34.83,True,,34.83,False,observed,2025-06-07,2025,6,7,158,21,45,5,Saturday,False,True,summer,weekend,8.7075
2025-06-07 22:00:00,B002,58.5,45.14,True,,45.14,False,observed,2025-06-07,2025,6,7,158,22,0,5,Saturday,False,True,summer,weekend,11.285
2025-06-07 22:15:00,B002,57.8,33.33,True,,33.33,False,observed,2025-06-07,2025,6,7,158,22,15,5,Saturday,False,True,summer,weekend,8.3325
2025-06-07 22:30:00,B002,57.1,45.01,True,,45.01,False,observed,2025-06-07,2025,6,7,158,22,30,5,Saturday,False,True,summer,weekend,11.2525
2025-06-07 22:45:00,B002,56.5,47.12,True,,47.12,False,observed,2025-06-07,2025,6,7,158,22,45,5,Saturday,False,True,summer,weekend,11.78
2025-06-07 23:00:00,B002,55.9,41.27,True,,41.27,False,observed,2025-06-07,2025,6,7,158,23,0,5,Saturday,False,True,summer,weekend,10.3175
2025-06-07 23:15:00,B002,55.4,38.94,True,,38.94,False,observed,2025-06-07,2025,6,7,158,23,15,5,Saturday,False,True,summer,weekend,9.734999999999998
2025-06-07 23:30:00,B002,55.0,42.4,True,,42.4,False,observed,2025-06-07,2025,6,7,158,23,30,5,Saturday,False,True,summer,weekend,10.6
2025-06-07 23:45:00,B002,54.6,22.83,True,,22.83,False,observed,2025-06-07,2025,6,7,158,23,45,5,Saturday,False,True,summer,weekend,5.7075
2025-06-08 00:00:00,B002,54.2,41.81,True,,41.81,False,observed,2025-06-08,2025,6,8,159,0,0,6,Sunday,False,True,summer,weekend,10.452500000000002
2025-06-08 00:15:00,B002,52.2,39.32,True,,39.32,False,observed,2025-06-08,2025,6,8,159,0,15,6,Sunday,False,True,summer,weekend,9.83
2025-06-08 00:30:00,B002,52.0,39.7,True,,39.7,False,observed,2025-06-08,2025,6,8,159,0,30,6,Sunday,False,True,summer,weekend,9.925
2025-06-08 00:45:00,B002,51.8,44.24,True,,44.24,False,observed,2025-06-08,2025,6,8,159,0,45,6,Sunday,False,True,summer,weekend,11.06
2025-06-08 01:00:00,B002,51.8,39.55,True,,39.55,False,observed,2025-06-08,2025,6,8,159,1,0,6,Sunday,False,True,summer,weekend,9.8875
2025-06-08 01:15:00,B002,51.7,33.16,True,,33.16,False,observed,2025-06-08,2025,6,8,159,1,15,6,Sunday,False,True,summer,weekend,8.29
2025-06-08 01:30:00,B002,51.8,39.15,True,,39.15,False,observed,2025-06-08,2025,6,8,159,1,30,6,Sunday,False,True,summer,weekend,9.7875
2025-06-08 01:45:00,B002,51.9,40.41,True,,40.41,False,observed,2025-06-08,2025,6,8,159,1,45,6,Sunday,False,True,summer,weekend,10.1025
2025-06-08 02:00:00,B002,52.1,40.69,True,,40.69,False,observed,2025-06-08,2025,6,8,159,2,0,6,Sunday,False,True,summer,weekend,10.172499999999998
2025-06-08 02:15:00,B002,52.3,40.97,True,,40.97,False,observed,2025-06-08,2025,6,8,159,2,15,6,Sunday,False,True,summer,weekend,10.2425
2025-06-08 02:30:00,B002,52.6,46.24,True,,46.24,False,observed,2025-06-08,2025,6,8,159,2,30,6,Sunday,False,True,summer,weekend,11.56
2025-06-08 02:45:00,B002,53.0,33.48,True,,33.48,False,observed,2025-06-08,2025,6,8,159,2,45,6,Sunday,False,True,summer,weekend,8.37
2025-06-08 03:00:00,B002,53.4,41.05,True,,41.05,False,observed,2025-06-08,2025,6,8,159,3,0,6,Sunday,False,True,summer,weekend,10.2625
2025-06-08 03:15:00,B002,53.8,47.74,True,,47.74,False,observed,2025-06-08,2025,6,8,159,3,15,6,Sunday,False,True,summer,weekend,11.935
2025-06-08 03:30:00,B002,54.4,29.59,True,,29.59,False,observed,2025-06-08,2025,6,8,159,3,30,6,Sunday,False,True,summer,weekend,7.3975
2025-06-08 03:45:00,B002,55.0,41.08,True,,41.08,False,observed,2025-06-08,2025,6,8,159,3,45,6,Sunday,False,True,summer,weekend,10.27
2025-06-08 04:00:00,B002,55.6,36.49,True,,36.49,False,observed,2025-06-08,2025,6,8,159,4,0,6,Sunday,False,True,summer,weekend,9.1225
2025-06-08 04:15:00,B002,56.3,37.78,True,,37.78,False,observed,2025-06-08,2025,6,8,159,4,15,6,Sunday,False,True,summer,weekend,9.445
2025-06-08 04:30:00,B002,57.0,34.57,True,,34.57,False,observed,2025-06-08,2025,6,8,159,4,30,6,Sunday,False,True,summer,weekend,8.6425
2025-06-08 04:45:00,B002,57.8,38.98,True,,38.98,False,observed,2025-06-08,2025,6,8,159,4,45,6,Sunday,False,True,summer,weekend,9.745
2025-06-08 05:00:00,B002,58.6,51.05,True,,51.05,False,observed,2025-06-08,2025,6,8,159,5,0,6,Sunday,False,True,summer,weekend,12.7625
2025-06-08 05:15:00,B002,59.4,32.41,True,,32.41,False,observed,2025-06-08,2025,6,8,159,5,15,6,Sunday,False,True,summer,weekend,8.1025
2025-06-08 05:30:00,B002,60.3,32.98,True,,32.98,False,observed,2025-06-08,2025,6,8,159,5,30,6,Sunday,False,True,summer,weekend,8.245
2025-06-08 05:45:00,B002,61.2,32.19,True,,32.19,False,observed,2025-06-08,2025,6,8,159,5,45,6,Sunday,False,True,summer,weekend,8.0475
2025-06-08 06:00:00,B002,62.1,50.36,True,,50.36,False,observed,2025-06-08,2025,6,8,159,6,0,6,Sunday,False,True,summer,weekend,12.59
2025-06-08 06:15:00,B002,63.0,37.23,True,,37.23,False,observed,2025-06-08,2025,6,8,159,6,15,6,Sunday,False,True,summer,weekend,9.3075
2025-06-08 06:30:00,B002,64.0,39.85,True,,39.85,False,observed,2025-06-08,2025,6,8,159,6,30,6,Sunday,False,True,summer,weekend,9.9625
2025-06-08 06:45:00,B002,65.0,37.58,True,,37.58,False,observed,2025-06-08,2025,6,8,159,6,45,6,Sunday,False,True,summer,weekend,9.395
2025-06-08 07:00:00,B002,65.9,34.33,True,,34.33,False,observed,2025-06-08,2025,6,8,159,7,0,6,Sunday,False,True,summer,weekend,8.5825
2025-06-08 07:15:00,B002,66.9,38.59,True,,38.59,False,observed,2025-06-08,2025,6,8,159,7,15,6,Sunday,False,True,summer,weekend,9.6475
2025-06-08 07:30:00,B002,67.9,54.75,True,,54.75,False,observed,2025-06-08,2025,6,8,159,7,30,6,Sunday,False,True,summer,weekend,13.6875
2025-06-08 07:45:00,B002,68.9,48.35,True,,48.35,False,observed,2025-06-08,2025,6,8,159,7,45,6,Sunday,False,True,summer,weekend,12.0875
2025-06-08 08:00:00,B002,69.9,34.88,True,,34.88,False,observed,2025-06-08,2025,6,8,159,8,0,6,Sunday,False,True,summer,weekend,8.72
2025-06-08 08:15:00,B002,70.8,43.89,True,,43.89,False,observed,2025-06-08,2025,6,8,159,8,15,6,Sunday,False,True,summer,weekend,10.9725
2025-06-08 08:30:00,B002,71.7,35.01,True,,35.01,False,observed,2025-06-08,2025,6,8,159,8,30,6,Sunday,False,True,summer,weekend,8.7525
2025-06-08 08:45:00,B002,72.7,29.34,True,,29.34,False,observed,2025-06-08,2025,6,8,159,8,45,6,Sunday,False,True,summer,weekend,7.335
2025-06-08 09:00:00,B002,73.5,46.12,True,,46.12,False,observed,2025-06-08,2025,6,8,159,9,0,6,Sunday,False,True,summer,weekend,11.53
2025-06-08 09:15:00,B002,74.4,46.96,True,,46.96,False,observed,2025-06-08,2025,6,8,159,9,15,6,Sunday,False,True,summer,weekend,11.74
2025-06-08 09:30:00,B002,75.2,47.2,True,,47.2,False,observed,2025-06-08,2025,6,8,159,9,30,6,Sunday,False,True,summer,weekend,11.8
2025-06-08 09:45:00,B002,76.0,41.27,True,,41.27,False,observed,2025-06-08,2025,6,8,159,9,45,6,Sunday,False,True,summer,weekend,10.3175
2025-06-08 10:00:00,B002,76.8,46.09,True,,46.09,False,observed,2025-06-08,2025,6,8,159,10,0,6,Sunday,False,True,summer,weekend,11.5225
2025-06-08 10:15:00,B002,77.5,54.42,True,,54.42,False,observed,2025-06-08,2025,6,8,159,10,15,6,Sunday,False,True,summer,weekend,13.605
2025-06-08 10:30:00,B002,78.1,54.91,True,,54.91,False,observed,2025-06-08,2025,6,8,159,10,30,6,Sunday,False,True,summer,weekend,13.7275
2025-06-08 10:45:00,B002,78.8,52.65,True,,52.65,False,observed,2025-06-08,2025,6,8,159,10,45,6,Sunday,False,True,summer,weekend,13.1625
2025-06-08 11:00:00,B002,79.3,47.55,True,,47.55,False,observed,2025-06-08,2025,6,8,159,11,0,6,Sunday,False,True,summer,weekend,11.8875
2025-06-08 11:15:00,B002,79.8,59.97,True,,59.97,False,observed,2025-06-08,2025,6,8,159,11,15,6,Sunday,False,True,summer,weekend,14.9925
2025-06-08 11:30:00,B002,80.3,67.57,True,,67.57,False,observed,2025-06-08,2025,6,8,159,11,30,6,Sunday,False,True,summer,weekend,16.8925
2025-06-08 11:45:00,B002,80.7,55.48,True,,55.48,False,observed,2025-06-08,2025,6,8,159,11,45,6,Sunday,False,True,summer,weekend,13.87
2025-06-08 12:00:00,B002,81.0,67.84,True,,67.84,False,observed,2025-06-08,2025,6,8,159,12,0,6,Sunday,False,True,summer,weekend,16.96
2025-06-08 12:15:00,B002,81.3,67.08,True,,67.08,False,observed,2025-06-08,2025,6,8,159,12,15,6,Sunday,False,True,summer,weekend,16.77
2025-06-08 12:30:00,B002,81.5,70.44,True,,70.44,False,observed,2025-06-08,2025,6,8,159,12,30,6,Sunday,False,True,summer,weekend,17.61
2025-06-08 12:45:00,B002,81.6,71.76,True,,71.76,False,observed,2025-06-08,2025,6,8,159,12,45,6,Sunday,False,True,summer,weekend,17.94
2025-06-08 13:00:00,B002,81.7,62.69,True,,62.69,False,observed,2025-06-08,2025,6,8,159,13,0,6,Sunday,False,True,summer,weekend,15.672499999999998
2025-06-08 13:15:00,B002,81.7,57.23,True,,57.23,False,observed,2025-06-08,2025,6,8,159,13,15,6,Sunday,False,True,summer,weekend,14.3075
2025-06-08 13:30:00,B002,81.7,63.55,True,,63.55,False,observed,2025-06-08,2025,6,8,159,13,30,6,Sunday,False,True,summer,weekend,15.8875
2025-06-08 13:45:00,B002,81.6,71.65,True,,71.65,False,observed,2025-06-08,2025,6,8,159,13,45,6,Sunday,False,True,summer,weekend,17.9125
2025-06-08 14:00:00,B002,81.4,62.38,True,,62.38,False,observed,2025-06-08,2025,6,8,159,14,0,6,Sunday,False,True,summer,weekend,15.595
2025-06-08 14:15:00,B002,81.2,60.52,True,,60.52,False,observed,2025-06-08,2025,6,8,159,14,15,6,Sunday,False,True,summer,weekend,15.13
2025-06-08 14:30:00,B002,80.9,52.57,True,,52.57,False,observed,2025-06-08,2025,6,8,159,14,30,6,Sunday,False,True,summer,weekend,13.1425
2025-06-08 14:45:00,B002,80.5,72.58,True,,72.58,False,observed,2025-06-08,2025,6,8,159,14,45,6,Sunday,False,True,summer,weekend,18.145
2025-06-08 15:00:00,B002,80.1,65.35,True,,65.35,False,observed,2025-06-08,2025,6,8,159,15,0,6,Sunday,False,True,summer,weekend,16.3375
2025-06-08 15:15:00,B002,79.6,63.12,True,,63.12,False,observed,2025-06-08,2025,6,8,159,15,15,6,Sunday,False,True,summer,weekend,15.78
2025-06-08 15:30:00,B002,79.1,62.19,True,,62.19,False,observed,2025-06-08,2025,6,8,159,15,30,6,Sunday,False,True,summer,weekend,15.547499999999998
2025-06-08 15:45:00,B002,78.5,57.52,True,,57.52,False,observed,2025-06-08,2025,6,8,159,15,45,6,Sunday,False,True,summer,weekend,14.38
2025-06-08 16:00:00,B002,77.9,50.06,True,,50.06,False,observed,2025-06-08,2025,6,8,159,16,0,6,Sunday,False,True,summer,weekend,12.515000000000002
2025-06-08 16:15:00,B002,77.2,47.82,True,,47.82,False,observed,2025-06-08,2025,6,8,159,16,15,6,Sunday,False,True,summer,weekend,11.955
2025-06-08 16:30:00,B002,76.5,43.34,True,,43.34,False,observed,2025-06-08,2025,6,8,159,16,30,6,Sunday,False,True,summer,weekend,10.835
2025-06-08 16:45:00,B002,75.7,58.65,True,,58.65,False,observed,2025-06-08,2025,6,8,159,16,45,6,Sunday,False,True,summer,weekend,14.6625
2025-06-08 17:00:00,B002,74.9,43.34,True,,43.34,False,observed,2025-06-08,2025,6,8,159,17,0,6,Sunday,False,True,summer,weekend,10.835
2025-06-08 17:15:00,B002,74.1,37.22,True,,37.22,False,observed,2025-06-08,2025,6,8,159,17,15,6,Sunday,False,True,summer,weekend,9.305
2025-06-08 17:30:00,B002,73.2,42.79,True,,42.79,False,observed,2025-06-08,2025,6,8,159,17,30,6,Sunday,False,True,summer,weekend,10.6975
2025-06-08 17:45:00,B002,72.3,33.93,True,,33.93,False,observed,2025-06-08,2025,6,8,159,17,45,6,Sunday,False,True,summer,weekend,8.4825
2025-06-08 18:00:00,B002,71.4,49.03,True,,49.03,False,observed,2025-06-08,2025,6,8,159,18,0,6,Sunday,False,True,summer,weekend,12.2575
2025-06-08 18:15:00,B002,70.4,36.03,True,,36.03,False,observed,2025-06-08,2025,6,8,159,18,15,6,Sunday,False,True,summer,weekend,9.0075
2025-06-08 18:30:00,B002,69.5,43.01,True,,43.01,False,observed,2025-06-08,2025,6,8,159,18,30,6,Sunday,False,True,summer,weekend,10.7525
2025-06-08 18:45:00,B002,68.5,46.4,True,,46.4,False,observed,2025-06-08,2025,6,8,159,18,45,6,Sunday,False,True,summer,weekend,11.6
2025-06-08 19:00:00,B002,67.5,42.31,True,,42.31,False,observed,2025-06-08,2025,6,8,159,19,0,6,Sunday,False,True,summer,weekend,10.577500000000002
2025-06-08 19:15:00,B002,66.5,40.57,True,,40.57,False,observed,2025-06-08,2025,6,8,159,19,15,6,Sunday,False,True,summer,weekend,10.1425
2025-06-08 19:30:00,B002,65.6,40.06,True,,40.06,False,observed,2025-06-08,2025,6,8,159,19,30,6,Sunday,False,True,summer,weekend,10.015000000000002
2025-06-08 19:45:00,B002,64.6,39.66,True,,39.66,False,observed,2025-06-08,2025,6,8,159,19,45,6,Sunday,False,True,summer,weekend,9.915
2025-06-08 20:00:00,B002,63.6,36.54,True,,36.54,False,observed,2025-06-08,2025,6,8,159,20,0,6,Sunday,False,True,summer,weekend,9.135
2025-06-08 20:15:00,B002,62.7,37.3,True,,37.3,False,observed,2025-06-08,2025,6,8,159,20,15,6,Sunday,False,True,summer,weekend,9.325
2025-06-08 20:30:00,B002,61.7,48.88,True,,48.88,False,observed,2025-06-08,2025,6,8,159,20,30,6,Sunday,False,True,summer,weekend,12.22
2025-06-08 20:45:00,B002,60.8,39.35,True,,39.35,False,observed,2025-06-08,2025,6,8,159,20,45,6,Sunday,False,True,summer,weekend,9.8375
2025-06-08 21:00:00,B002,59.9,35.29,True,,35.29,False,observed,2025-06-08,2025,6,8,159,21,0,6,Sunday,False,True,summer,weekend,8.8225
2025-06-08 21:15:00,B002,59.1,36.9,True,,36.9,False,observed,2025-06-08,2025,6,8,159,21,15,6,Sunday,False,True,summer,weekend,9.225
2025-06-08 21:30:00,B002,58.2,46.6,True,,46.6,False,observed,2025-06-08,2025,6,8,159,21,30,6,Sunday,False,True,summer,weekend,11.65
2025-06-08 21:45:00,B002,57.4,44.05,True,,44.05,False,observed,2025-06-08,2025,6,8,159,21,45,6,Sunday,False,True,summer,weekend,11.0125
2025-06-08 22:00:00,B002,56.7,43.36,True,,43.36,False,observed,2025-06-08,2025,6,8,159,22,0,6,Sunday,False,True,summer,weekend,10.84
2025-06-08 22:15:00,B002,56.0,38.45,True,,38.45,False,observed,2025-06-08,2025,6,8,159,22,15,6,Sunday,False,True,summer,weekend,9.6125
2025-06-08 22:30:00,B002,55.3,43.44,True,,43.44,False,observed,2025-06-08,2025,6,8,159,22,30,6,Sunday,False,True,summer,weekend,10.859999999999998
2025-06-08 22:45:00,B002,54.7,36.14,True,,36.14,False,observed,2025-06-08,2025,6,8,159,22,45,6,Sunday,False,True,summer,weekend,9.035
2025-06-08 23:00:00,B002,54.2,38.44,True,,38.44,False,observed,2025-06-08,2025,6,8,159,23,0,6,Sunday,False,True,summer,weekend,9.609999999999998
2025-06-08 23:15:00,B002,53.6,45.82,True,,45.82,False,observed,2025-06-08,2025,6,8,159,23,15,6,Sunday,False,True,summer,weekend,11.455
2025-06-08 23:30:00,B002,53.2,45.25,True,,45.25,False,observed,2025-06-08,2025,6,8,159,23,30,6,Sunday,False,True,summer,weekend,11.3125
2025-06-08 23:45:00,B002,52.8,34.11,True,,34.11,False,observed,2025-06-08,2025,6,8,159,23,45,6,Sunday,False,True,summer,weekend,8.5275
2025-06-09 00:00:00,B002,52.5,94.87,True,,94.87,False,observed,2025-06-09,2025,6,9,160,0,0,0,Monday,True,False,summer,weekday,23.717500000000005
2025-06-09 00:15:00,B002,53.4,100.65,True,,100.65,False,observed,2025-06-09,2025,6,9,160,0,15,0,Monday,True,False,summer,weekday,25.1625
2025-06-09 00:30:00,B002,53.2,110.36,True,,110.36,False,observed,2025-06-09,2025,6,9,160,0,30,0,Monday,True,False,summer,weekday,27.59
2025-06-09 00:45:00,B002,53.0,88.51,True,,88.51,False,observed,2025-06-09,2025,6,9,160,0,45,0,Monday,True,False,summer,weekday,22.1275
2025-06-09 01:00:00,B002,53.0,101.67,True,,101.67,False,observed,2025-06-09,2025,6,9,160,1,0,0,Monday,True,False,summer,weekday,25.4175
2025-06-09 01:15:00,B002,52.9,91.74,True,,91.74,False,observed,2025-06-09,2025,6,9,160,1,15,0,Monday,True,False,summer,weekday,22.935
2025-06-09 01:30:00,B002,53.0,96.19,True,,96.19,False,observed,2025-06-09,2025,6,9,160,1,30,0,Monday,True,False,summer,weekday,24.0475
2025-06-09 01:45:00,B002,53.1,97.81,True,,97.81,False,observed,2025-06-09,2025,6,9,160,1,45,0,Monday,True,False,summer,weekday,24.4525
2025-06-09 02:00:00,B002,53.3,97.48,True,,97.48,False,observed,2025-06-09,2025,6,9,160,2,0,0,Monday,True,False,summer,weekday,24.37
2025-06-09 02:15:00,B002,53.5,96.8,True,,96.8,False,observed,2025-06-09,2025,6,9,160,2,15,0,Monday,True,False,summer,weekday,24.2
2025-06-09 02:30:00,B002,53.8,100.04,True,,100.04,False,observed,2025-06-09,2025,6,9,160,2,30,0,Monday,True,False,summer,weekday,25.01
2025-06-09 02:45:00,B002,54.2,96.79,True,,96.79,False,observed,2025-06-09,2025,6,9,160,2,45,0,Monday,True,False,summer,weekday,24.1975
2025-06-09 03:00:00,B002,54.6,91.23,True,,91.23,False,observed,2025-06-09,2025,6,9,160,3,0,0,Monday,True,False,summer,weekday,22.8075
2025-06-09 03:15:00,B002,55.0,104.68,True,,104.68,False,observed,2025-06-09,2025,6,9,160,3,15,0,Monday,True,False,summer,weekday,26.17
2025-06-09 03:30:00,B002,55.6,104.52,True,,104.52,False,observed,2025-06-09,2025,6,9,160,3,30,0,Monday,True,False,summer,weekday,26.13
2025-06-09 03:45:00,B002,56.2,105.06,True,,105.06,False,observed,2025-06-09,2025,6,9,160,3,45,0,Monday,True,False,summer,weekday,26.265
2025-06-09 04:00:00,B002,56.8,90.76,True,,90.76,False,observed,2025-06-09,2025,6,9,160,4,0,0,Monday,True,False,summer,weekday,22.69
2025-06-09 04:15:00,B002,57.5,101.79,True,,101.79,False,observed,2025-06-09,2025,6,9,160,4,15,0,Monday,True,False,summer,weekday,25.4475
2025-06-09 04:30:00,B002,58.2,104.06,True,,104.06,False,observed,2025-06-09,2025,6,9,160,4,30,0,Monday,True,False,summer,weekday,26.015
2025-06-09 04:45:00,B002,59.0,93.81,True,,93.81,False,observed,2025-06-09,2025,6,9,160,4,45,0,Monday,True,False,summer,weekday,23.4525
2025-06-09 05:00:00,B002,59.8,100.06,True,,100.06,False,observed,2025-06-09,2025,6,9,160,5,0,0,Monday,True,False,summer,weekday,25.015
2025-06-09 05:15:00,B002,60.6,99.3,True,,99.3,False,observed,2025-06-09,2025,6,9,160,5,15,0,Monday,True,False,summer,weekday,24.825
2025-06-09 05:30:00,B002,61.5,111.06,True,,111.06,False,observed,2025-06-09,2025,6,9,160,5,30,0,Monday,True,False,summer,weekday,27.765
2025-06-09 05:45:00,B002,62.4,111.56,True,,111.56,False,observed,2025-06-09,2025,6,9,160,5,45,0,Monday,True,False,summer,weekday,27.89
2025-06-09 06:00:00,B002,63.3,90.03,True,,90.03,False,observed,2025-06-09,2025,6,9,160,6,0,0,Monday,True,False,summer,weekday,22.5075
2025-06-09 06:15:00,B002,64.2,115.0,True,,115.0,False,observed,2025-06-09,2025,6,9,160,6,15,0,Monday,True,False,summer,weekday,28.75
2025-06-09 06:30:00,B002,65.2,94.57,True,,94.57,False,observed,2025-06-09,2025,6,9,160,6,30,0,Monday,True,False,summer,weekday,23.6425
2025-06-09 06:45:00,B002,66.2,106.01,True,,106.01,False,observed,2025-06-09,2025,6,9,160,6,45,0,Monday,True,False,summer,weekday,26.5025
2025-06-09 07:00:00,B002,67.1,106.04,True,,106.04,False,observed,2025-06-09,2025,6,9,160,7,0,0,Monday,True,False,summer,weekday,26.51
2025-06-09 07:15:00,B002,68.1,94.42,True,,94.42,False,observed,2025-06-09,2025,6,9,160,7,15,0,Monday,True,False,summer,weekday,23.605
2025-06-09 07:30:00,B002,69.1,103.64,True,,103.64,False,observed,2025-06-09,2025,6,9,160,7,30,0,Monday,True,False,summer,weekday,25.91
2025-06-09 07:45:00,B002,70.1,100.5,True,,100.5,False,observed,2025-06-09,2025,6,9,160,7,45,0,Monday,True,False,summer,weekday,25.125
2025-06-09 08:00:00,B002,71.1,105.22,True,,105.22,False,observed,2025-06-09,2025,6,9,160,8,0,0,Monday,True,False,summer,weekday,26.305
2025-06-09 08:15:00,B002,72.0,104.43,True,,104.43,False,observed,2025-06-09,2025,6,9,160,8,15,0,Monday,True,False,summer,weekday,26.1075
2025-06-09 08:30:00,B002,72.9,111.97,True,,111.97,False,observed,2025-06-09,2025,6,9,160,8,30,0,Monday,True,False,summer,weekday,27.9925
2025-06-09 08:45:00,B002,73.9,107.79,True,,107.79,False,observed,2025-06-09,2025,6,9,160,8,45,0,Monday,True,False,summer,weekday,26.9475
2025-06-09 09:00:00,B002,74.7,109.98,True,,109.98,False,observed,2025-06-09,2025,6,9,160,9,0,0,Monday,True,False,summer,weekday,27.495
2025-06-09 09:15:00,B002,75.6,125.02,True,,125.02,False,observed,2025-06-09,2025,6,9,160,9,15,0,Monday,True,False,summer,weekday,31.255
2025-06-09 09:30:00,B002,76.4,132.05,True,,132.05,False,observed,2025-06-09,2025,6,9,160,9,30,0,Monday,True,False,summer,weekday,33.0125
2025-06-09 09:45:00,B002,77.2,145.04,True,,145.04,False,observed,2025-06-09,2025,6,9,160,9,45,0,Monday,True,False,summer,weekday,36.26
2025-06-09 10:00:00,B002,78.0,151.0,True,,151.0,False,observed,2025-06-09,2025,6,9,160,10,0,0,Monday,True,False,summer,weekday,37.75
2025-06-09 10:15:00,B002,78.7,165.52,True,,165.52,False,observed,2025-06-09,2025,6,9,160,10,15,0,Monday,True,False,summer,weekday,41.38
2025-06-09 10:30:00,B002,79.3,187.7,True,,187.7,False,observed,2025-06-09,2025,6,9,160,10,30,0,Monday,True,False,summer,weekday,46.925
2025-06-09 10:45:00,B002,80.0,209.09,True,,209.09,False,observed,2025-06-09,2025,6,9,160,10,45,0,Monday,True,False,summer,weekday,52.2725
2025-06-09 11:00:00,B002,80.5,241.23,True,,241.23,False,observed,2025-06-09,2025,6,9,160,11,0,0,Monday,True,False,summer,weekday,60.3075
2025-06-09 11:15:00,B002,81.0,267.39,True,,267.39,False,observed,2025-06-09,2025,6,9,160,11,15,0,Monday,True,False,summer,weekday,66.8475
2025-06-09 11:30:00,B002,81.5,286.05,True,,286.05,False,observed,2025-06-09,2025,6,9,160,11,30,0,Monday,True,False,summer,weekday,71.5125
2025-06-09 11:45:00,B002,81.9,320.29,True,,320.29,False,observed,2025-06-09,2025,6,9,160,11,45,0,Monday,True,False,summer,weekday,80.0725
2025-06-09 12:00:00,B002,82.2,342.65,True,,342.65,False,observed,2025-06-09,2025,6,9,160,12,0,0,Monday,True,False,summer,weekday,85.6625
2025-06-09 12:15:00,B002,82.5,355.33,True,,355.33,False,observed,2025-06-09,2025,6,9,160,12,15,0,Monday,True,False,summer,weekday,88.8325
2025-06-09 12:30:00,B002,82.7,363.88,True,,363.88,False,observed,2025-06-09,2025,6,9,160,12,30,0,Monday,True,False,summer,weekday,90.97
2025-06-09 12:45:00,B002,82.8,387.73,True,,387.73,False,observed,2025-06-09,2025,6,9,160,12,45,0,Monday,True,False,summer,weekday,96.93250000000002
2025-06-09 13:00:00,B002,82.9,381.28,True,,381.28,False,observed,2025-06-09,2025,6,9,160,13,0,0,Monday,True,False,summer,weekday,95.32
2025-06-09 13:15:00,B002,82.9,379.45,True,,379.45,False,observed,2025-06-09,2025,6,9,160,13,15,0,Monday,True,False,summer,weekday,94.8625
2025-06-09 13:30:00,B002,82.9,367.59,True,,367.59,False,observed,2025-06-09,2025,6,9,160,13,30,0,Monday,True,False,summer,weekday,91.8975
2025-06-09 13:45:00,B002,82.8,349.76,True,,349.76,False,observed,2025-06-09,2025,6,9,160,13,45,0,Monday,True,False,summer,weekday,87.44
2025-06-09 14:00:00,B002,82.6,327.25,True,,327.25,False,observed,2025-06-09,2025,6,9,160,14,0,0,Monday,True,False,summer,weekday,81.8125
2025-06-09 14:15:00,B002,82.4,317.52,True,,317.52,False,observed,2025-06-09,2025,6,9,160,14,15,0,Monday,True,False,summer,weekday,79.37999999999998
2025-06-09 14:30:00,B002,82.1,284.69,True,,284.69,False,observed,2025-06-09,2025,6,9,160,14,30,0,Monday,True,False,summer,weekday,71.1725
2025-06-09 14:45:00,B002,81.7,282.67,True,,282.67,False,observed,2025-06-09,2025,6,9,160,14,45,0,Monday,True,False,summer,weekday,70.6675
2025-06-09 15:00:00,B002,81.3,233.13,True,,233.13,False,observed,2025-06-09,2025,6,9,160,15,0,0,Monday,True,False,summer,weekday,58.2825
2025-06-09 15:15:00,B002,80.8,208.76,True,,208.76,False,observed,2025-06-09,2025,6,9,160,15,15,0,Monday,True,False,summer,weekday,52.18999999999999
2025-06-09 15:30:00,B002,80.3,198.0,True,,198.0,False,observed,2025-06-09,2025,6,9,160,15,30,0,Monday,True,False,summer,weekday,49.5
2025-06-09 15:45:00,B002,79.7,185.1,True,,185.1,False,observed,2025-06-09,2025,6,9,160,15,45,0,Monday,True,False,summer,weekday,46.275
2025-06-09 16:00:00,B002,79.1,159.81,True,,159.81,False,observed,2025-06-09,2025,6,9,160,16,0,0,Monday,True,False,summer,weekday,39.9525
2025-06-09 16:15:00,B002,78.4,148.8,True,,148.8,False,observed,2025-06-09,2025,6,9,160,16,15,0,Monday,True,False,summer,weekday,37.2
2025-06-09 16:30:00,B002,77.7,122.49,True,,122.49,False,observed,2025-06-09,2025,6,9,160,16,30,0,Monday,True,False,summer,weekday,30.6225
2025-06-09 16:45:00,B002,76.9,119.6,True,,119.6,False,observed,2025-06-09,2025,6,9,160,16,45,0,Monday,True,False,summer,weekday,29.9
2025-06-09 17:00:00,B002,76.1,108.95,True,,108.95,False,observed,2025-06-09,2025,6,9,160,17,0,0,Monday,True,False,summer,weekday,27.2375
2025-06-09 17:15:00,B002,75.3,97.02,True,,97.02,False,observed,2025-06-09,2025,6,9,160,17,15,0,Monday,True,False,summer,weekday,24.255
2025-06-09 17:30:00,B002,74.4,105.49,True,,105.49,False,observed,2025-06-09,2025,6,9,160,17,30,0,Monday,True,False,summer,weekday,26.3725
2025-06-09 17:45:00,B002,73.5,89.59,True,,89.59,False,observed,2025-06-09,2025,6,9,160,17,45,0,Monday,True,False,summer,weekday,22.3975
2025-06-09 18:00:00,B002,72.6,93.96,True,,93.96,False,observed,2025-06-09,2025,6,9,160,18,0,0,Monday,True,False,summer,weekday,23.49
2025-06-09 18:15:00,B002,71.6,97.92,True,,97.92,False,observed,2025-06-09,2025,6,9,160,18,15,0,Monday,True,False,summer,weekday,24.48
2025-06-09 18:30:00,B002,70.7,95.69,True,,95.69,False,observed,2025-06-09,2025,6,9,160,18,30,0,Monday,True,False,summer,weekday,23.9225
2025-06-09 18:45:00,B002,69.7,102.77,True,,102.77,False,observed,2025-06-09,2025,6,9,160,18,45,0,Monday,True,False,summer,weekday,25.6925
2025-06-09 19:00:00,B002,68.7,102.05,True,,102.05,False,observed,2025-06-09,2025,6,9,160,19,0,0,Monday,True,False,summer,weekday,25.5125
2025-06-09 19:15:00,B002,67.7,105.48,True,,105.48,False,observed,2025-06-09,2025,6,9,160,19,15,0,Monday,True,False,summer,weekday,26.37
2025-06-09 19:30:00,B002,66.8,104.58,True,,104.58,False,observed,2025-06-09,2025,6,9,160,19,30,0,Monday,True,False,summer,weekday,26.145
2025-06-09 19:45:00,B002,65.8,106.88,True,,106.88,False,observed,2025-06-09,2025,6,9,160,19,45,0,Monday,True,False,summer,weekday,26.719999999999995
2025-06-09 20:00:00,B002,64.8,100.01,True,,100.01,False,observed,2025-06-09,2025,6,9,160,20,0,0,Monday,True,False,summer,weekday,25.0025
2025-06-09 20:15:00,B002,63.9,101.83,True,,101.83,False,observed,2025-06-09,2025,6,9,160,20,15,0,Monday,True,False,summer,weekday,25.4575
2025-06-09 20:30:00,B002,62.9,103.07,True,,103.07,False,observed,2025-06-09,2025,6,9,160,20,30,0,Monday,True,False,summer,weekday,25.7675
2025-06-09 20:45:00,B002,62.0,100.85,True,,100.85,False,observed,2025-06-09,2025,6,9,160,20,45,0,Monday,True,False,summer,weekday,25.2125
2025-06-09 21:00:00,B002,61.1,97.62,True,,97.62,False,observed,2025-06-09,2025,6,9,160,21,0,0,Monday,True,False,summer,weekday,24.405000000000005
2025-06-09 21:15:00,B002,60.3,98.01,True,,98.01,False,observed,2025-06-09,2025,6,9,160,21,15,0,Monday,True,False,summer,weekday,24.5025
2025-06-09 21:30:00,B002,59.4,95.09,True,,95.09,False,observed,2025-06-09,2025,6,9,160,21,30,0,Monday,True,False,summer,weekday,23.7725
2025-06-09 21:45:00,B002,58.6,102.53,True,,102.53,False,observed,2025-06-09,2025,6,9,160,21,45,0,Monday,True,False,summer,weekday,25.6325
2025-06-09 22:00:00,B002,57.9,99.44,True,,99.44,False,observed,2025-06-09,2025,6,9,160,22,0,0,Monday,True,False,summer,weekday,24.86
2025-06-09 22:15:00,B002,57.2,96.02,True,,96.02,False,observed,2025-06-09,2025,6,9,160,22,15,0,Monday,True,False,summer,weekday,24.005
2025-06-09 22:30:00,B002,56.5,96.03,True,,96.03,False,observed,2025-06-09,2025,6,9,160,22,30,0,Monday,True,False,summer,weekday,24.0075
2025-06-09 22:45:00,B002,55.9,92.74,True,,92.74,False,observed,2025-06-09,2025,6,9,160,22,45,0,Monday,True,False,summer,weekday,23.185
2025-06-09 23:00:00,B002,55.4,105.87,True,,105.87,False,observed,2025-06-09,2025,6,9,160,23,0,0,Monday,True,False,summer,weekday,26.467500000000005
2025-06-09 23:15:00,B002,54.8,100.47,True,,100.47,False,observed,2025-06-09,2025,6,9,160,23,15,0,Monday,True,False,summer,weekday,25.1175
2025-06-09 23:30:00,B002,54.4,94.82,True,,94.82,False,observed,2025-06-09,2025,6,9,160,23,30,0,Monday,True,False,summer,weekday,23.705
2025-06-09 23:45:00,B002,54.0,104.85,True,,104.85,False,observed,2025-06-09,2025,6,9,160,23,45,0,Monday,True,False,summer,weekday,26.2125
2025-06-10 00:00:00,B002,53.7,96.64,True,,96.64,False,observed,2025-06-10,2025,6,10,161,0,0,1,Tuesday,True,False,summer,weekday,24.16
2025-06-10 00:15:00,B002,50.0,91.56,True,,91.56,False,observed,2025-06-10,2025,6,10,161,0,15,1,Tuesday,True,False,summer,weekday,22.89
2025-06-10 00:30:00,B002,49.8,106.13,True,,106.13,False,observed,2025-06-10,2025,6,10,161,0,30,1,Tuesday,True,False,summer,weekday,26.532499999999995
2025-06-10 00:45:00,B002,49.7,96.78,True,,96.78,False,observed,2025-06-10,2025,6,10,161,0,45,1,Tuesday,True,False,summer,weekday,24.195
2025-06-10 01:00:00,B002,49.6,97.55,True,,97.55,False,observed,2025-06-10,2025,6,10,161,1,0,1,Tuesday,True,False,summer,weekday,24.3875
2025-06-10 01:15:00,B002,49.6,100.25,True,,100.25,False,observed,2025-06-10,2025,6,10,161,1,15,1,Tuesday,True,False,summer,weekday,25.0625
2025-06-10 01:30:00,B002,49.6,106.86,True,,106.86,False,observed,2025-06-10,2025,6,10,161,1,30,1,Tuesday,True,False,summer,weekday,26.715
2025-06-10 01:45:00,B002,49.7,100.12,True,,100.12,False,observed,2025-06-10,2025,6,10,161,1,45,1,Tuesday,True,False,summer,weekday,25.030000000000005
2025-06-10 02:00:00,B002,49.9,92.81,True,,92.81,False,observed,2025-06-10,2025,6,10,161,2,0,1,Tuesday,True,False,summer,weekday,23.2025
2025-06-10 02:15:00,B002,50.2,103.26,True,,103.26,False,observed,2025-06-10,2025,6,10,161,2,15,1,Tuesday,True,False,summer,weekday,25.815
2025-06-10 02:30:00,B002,50.4,97.09,True,,97.09,False,observed,2025-06-10,2025,6,10,161,2,30,1,Tuesday,True,False,summer,weekday,24.2725
2025-06-10 02:45:00,B002,50.8,111.33,True,,111.33,False,observed,2025-06-10,2025,6,10,161,2,45,1,Tuesday,True,False,summer,weekday,27.8325
2025-06-10 03:00:00,B002,51.2,99.99,True,,99.99,False,observed,2025-06-10,2025,6,10,161,3,0,1,Tuesday,True,False,summer,weekday,24.9975
2025-06-10 03:15:00,B002,51.7,86.59,True,,86.59,False,observed,2025-06-10,2025,6,10,161,3,15,1,Tuesday,True,False,summer,weekday,21.6475
2025-06-10 03:30:00,B002,52.2,102.14,True,,102.14,False,observed,2025-06-10,2025,6,10,161,3,30,1,Tuesday,True,False,summer,weekday,25.535
2025-06-10 03:45:00,B002,52.8,111.67,True,,111.67,False,observed,2025-06-10,2025,6,10,161,3,45,1,Tuesday,True,False,summer,weekday,27.9175
2025-06-10 04:00:00,B002,53.4,109.46,True,,109.46,False,observed,2025-06-10,2025,6,10,161,4,0,1,Tuesday,True,False,summer,weekday,27.365
2025-06-10 04:15:00,B002,54.1,110.99,True,,110.99,False,observed,2025-06-10,2025,6,10,161,4,15,1,Tuesday,True,False,summer,weekday,27.7475
2025-06-10 04:30:00,B002,54.8,93.88,True,,93.88,False,observed,2025-06-10,2025,6,10,161,4,30,1,Tuesday,True,False,summer,weekday,23.469999999999995
2025-06-10 04:45:00,B002,55.6,105.47,True,,105.47,False,observed,2025-06-10,2025,6,10,161,4,45,1,Tuesday,True,False,summer,weekday,26.3675
2025-06-10 05:00:00,B002,56.4,95.67,True,,95.67,False,observed,2025-06-10,2025,6,10,161,5,0,1,Tuesday,True,False,summer,weekday,23.9175
2025-06-10 05:15:00,B002,57.3,101.35,True,,101.35,False,observed,2025-06-10,2025,6,10,161,5,15,1,Tuesday,True,False,summer,weekday,25.3375
2025-06-10 05:30:00,B002,58.1,92.37,True,,92.37,False,observed,2025-06-10,2025,6,10,161,5,30,1,Tuesday,True,False,summer,weekday,23.092500000000005
2025-06-10 05:45:00,B002,59.0,96.14,True,,96.14,False,observed,2025-06-10,2025,6,10,161,5,45,1,Tuesday,True,False,summer,weekday,24.035
2025-06-10 06:00:00,B002,60.0,95.96,True,,95.96,False,observed,2025-06-10,2025,6,10,161,6,0,1,Tuesday,True,False,summer,weekday,23.99
2025-06-10 06:15:00,B002,60.9,105.43,True,,105.43,False,observed,2025-06-10,2025,6,10,161,6,15,1,Tuesday,True,False,summer,weekday,26.3575
2025-06-10 06:30:00,B002,61.9,104.87,True,,104.87,False,observed,2025-06-10,2025,6,10,161,6,30,1,Tuesday,True,False,summer,weekday,26.217500000000005
2025-06-10 06:45:00,B002,62.8,101.78,True,,101.78,False,observed,2025-06-10,2025,6,10,161,6,45,1,Tuesday,True,False,summer,weekday,25.445
2025-06-10 07:00:00,B002,63.8,92.12,True,,92.12,False,observed,2025-06-10,2025,6,10,161,7,0,1,Tuesday,True,False,summer,weekday,23.030000000000005
2025-06-10 07:15:00,B002,64.8,98.52,True,,98.52,False,observed,2025-06-10,2025,6,10,161,7,15,1,Tuesday,True,False,summer,weekday,24.63
2025-06-10 07:30:00,B002,65.8,96.2,True,,96.2,False,observed,2025-06-10,2025,6,10,161,7,30,1,Tuesday,True,False,summer,weekday,24.05
2025-06-10 07:45:00,B002,66.7,106.37,True,,106.37,False,observed,2025-06-10,2025,6,10,161,7,45,1,Tuesday,True,False,summer,weekday,26.592500000000005
2025-06-10 08:00:00,B002,67.7,108.96,True,,108.96,False,observed,2025-06-10,2025,6,10,161,8,0,1,Tuesday,True,False,summer,weekday,27.24
2025-06-10 08:15:00,B002,68.7,109.39,True,,109.39,False,observed,2025-06-10,2025,6,10,161,8,15,1,Tuesday,True,False,summer,weekday,27.3475
2025-06-10 08:30:00,B002,69.6,100.26,True,,100.26,False,observed,2025-06-10,2025,6,10,161,8,30,1,Tuesday,True,False,summer,weekday,25.065
2025-06-10 08:45:00,B002,70.5,90.9,True,,90.9,False,observed,2025-06-10,2025,6,10,161,8,45,1,Tuesday,True,False,summer,weekday,22.725
2025-06-10 09:00:00,B002,71.4,100.38,True,,100.38,False,observed,2025-06-10,2025,6,10,161,9,0,1,Tuesday,True,False,summer,weekday,25.094999999999995
2025-06-10 09:15:00,B002,72.3,124.57,True,,124.57,False,observed,2025-06-10,2025,6,10,161,9,15,1,Tuesday,True,False,summer,weekday,31.1425
2025-06-10 09:30:00,B002,73.1,120.44,True,,120.44,False,observed,2025-06-10,2025,6,10,161,9,30,1,Tuesday,True,False,summer,weekday,30.11
2025-06-10 09:45:00,B002,73.9,127.26,True,,127.26,False,observed,2025-06-10,2025,6,10,161,9,45,1,Tuesday,True,False,summer,weekday,31.815
2025-06-10 10:00:00,B002,74.6,152.96,True,,152.96,False,observed,2025-06-10,2025,6,10,161,10,0,1,Tuesday,True,False,summer,weekday,38.24
2025-06-10 10:15:00,B002,75.3,166.0,True,,166.0,False,observed,2025-06-10,2025,6,10,161,10,15,1,Tuesday,True,False,summer,weekday,41.5
2025-06-10 10:30:00,B002,76.0,177.88,True,,177.88,False,observed,2025-06-10,2025,6,10,161,10,30,1,Tuesday,True,False,summer,weekday,44.47
2025-06-10 10:45:00,B002,76.6,197.67,True,,197.67,False,observed,2025-06-10,2025,6,10,161,10,45,1,Tuesday,True,False,summer,weekday,49.4175
2025-06-10 11:00:00,B002,77.2,222.34,True,,222.34,False,observed,2025-06-10,2025,6,10,161,11,0,1,Tuesday,True,False,summer,weekday,55.585
2025-06-10 11:15:00,B002,77.7,249.52,True,,249.52,False,observed,2025-06-10,2025,6,10,161,11,15,1,Tuesday,True,False,summer,weekday,62.38
2025-06-10 11:30:00,B002,78.1,283.2,True,,283.2,False,observed,2025-06-10,2025,6,10,161,11,30,1,Tuesday,True,False,summer,weekday,70.8
2025-06-10 11:45:00,B002,78.5,300.86,True,,300.86,False,observed,2025-06-10,2025,6,10,161,11,45,1,Tuesday,True,False,summer,weekday,75.215
2025-06-10 12:00:00,B002,78.9,325.42,True,,325.42,False,observed,2025-06-10,2025,6,10,161,12,0,1,Tuesday,True,False,summer,weekday,81.355
2025-06-10 12:15:00,B002,79.1,347.51,True,,347.51,False,observed,2025-06-10,2025,6,10,161,12,15,1,Tuesday,True,False,summer,weekday,86.8775
2025-06-10 12:30:00,B002,79.3,348.41,True,,348.41,False,observed,2025-06-10,2025,6,10,161,12,30,1,Tuesday,True,False,summer,weekday,87.1025
2025-06-10 12:45:00,B002,79.5,369.43,True,,369.43,False,observed,2025-06-10,2025,6,10,161,12,45,1,Tuesday,True,False,summer,weekday,92.3575
2025-06-10 13:00:00,B002,79.6,366.5,True,,366.5,False,observed,2025-06-10,2025,6,10,161,13,0,1,Tuesday,True,False,summer,weekday,91.625
2025-06-10 13:15:00,B002,79.6,350.22,True,,350.22,False,observed,2025-06-10,2025,6,10,161,13,15,1,Tuesday,True,False,summer,weekday,87.555
2025-06-10 13:30:00,B002,79.5,343.48,True,,343.48,False,observed,2025-06-10,2025,6,10,161,13,30,1,Tuesday,True,False,summer,weekday,85.87000000000002
2025-06-10 13:45:00,B002,79.4,335.61,True,,335.61,False,observed,2025-06-10,2025,6,10,161,13,45,1,Tuesday,True,False,summer,weekday,83.9025
2025-06-10 14:00:00,B002,79.3,325.87,True,,325.87,False,observed,2025-06-10,2025,6,10,161,14,0,1,Tuesday,True,False,summer,weekday,81.4675
2025-06-10 14:15:00,B002,79.0,301.03,True,,301.03,False,observed,2025-06-10,2025,6,10,161,14,15,1,Tuesday,True,False,summer,weekday,75.2575
2025-06-10 14:30:00,B002,78.7,277.11,True,,277.11,False,observed,2025-06-10,2025,6,10,161,14,30,1,Tuesday,True,False,summer,weekday,69.2775
2025-06-10 14:45:00,B002,78.4,262.64,True,,262.64,False,observed,2025-06-10,2025,6,10,161,14,45,1,Tuesday,True,False,summer,weekday,65.66
2025-06-10 15:00:00,B002,78.0,218.66,True,,218.66,False,observed,2025-06-10,2025,6,10,161,15,0,1,Tuesday,True,False,summer,weekday,54.665
2025-06-10 15:15:00,B002,77.5,202.76,True,,202.76,False,observed,2025-06-10,2025,6,10,161,15,15,1,Tuesday,True,False,summer,weekday,50.68999999999999
2025-06-10 15:30:00,B002,76.9,183.38,True,,183.38,False,observed,2025-06-10,2025,6,10,161,15,30,1,Tuesday,True,False,summer,weekday,45.845
2025-06-10 15:45:00,B002,76.4,158.13,True,,158.13,False,observed,2025-06-10,2025,6,10,161,15,45,1,Tuesday,True,False,summer,weekday,39.5325
2025-06-10 16:00:00,B002,75.7,146.22,True,,146.22,False,observed,2025-06-10,2025,6,10,161,16,0,1,Tuesday,True,False,summer,weekday,36.555
2025-06-10 16:15:00,B002,75.1,122.39,True,,122.39,False,observed,2025-06-10,2025,6,10,161,16,15,1,Tuesday,True,False,summer,weekday,30.5975
2025-06-10 16:30:00,B002,74.3,131.31,True,,131.31,False,observed,2025-06-10,2025,6,10,161,16,30,1,Tuesday,True,False,summer,weekday,32.8275
2025-06-10 16:45:00,B002,73.6,111.95,True,,111.95,False,observed,2025-06-10,2025,6,10,161,16,45,1,Tuesday,True,False,summer,weekday,27.9875
2025-06-10 17:00:00,B002,72.8,123.17,True,,123.17,False,observed,2025-06-10,2025,6,10,161,17,0,1,Tuesday,True,False,summer,weekday,30.7925
2025-06-10 17:15:00,B002,71.9,107.15,True,,107.15,False,observed,2025-06-10,2025,6,10,161,17,15,1,Tuesday,True,False,summer,weekday,26.7875
2025-06-10 17:30:00,B002,71.0,110.96,True,,110.96,False,observed,2025-06-10,2025,6,10,161,17,30,1,Tuesday,True,False,summer,weekday,27.74
2025-06-10 17:45:00,B002,70.1,102.73,True,,102.73,False,observed,2025-06-10,2025,6,10,161,17,45,1,Tuesday,True,False,summer,weekday,25.6825
2025-06-10 18:00:00,B002,69.2,101.71,True,,101.71,False,observed,2025-06-10,2025,6,10,161,18,0,1,Tuesday,True,False,summer,weekday,25.4275
2025-06-10 18:15:00,B002,68.3,97.64,True,,97.64,False,observed,2025-06-10,2025,6,10,161,18,15,1,Tuesday,True,False,summer,weekday,24.41
2025-06-10 18:30:00,B002,67.3,101.39,True,,101.39,False,observed,2025-06-10,2025,6,10,161,18,30,1,Tuesday,True,False,summer,weekday,25.3475
2025-06-10 18:45:00,B002,66.4,102.3,True,,102.3,False,observed,2025-06-10,2025,6,10,161,18,45,1,Tuesday,True,False,summer,weekday,25.575
2025-06-10 19:00:00,B002,65.4,95.52,True,,95.52,False,observed,2025-06-10,2025,6,10,161,19,0,1,Tuesday,True,False,summer,weekday,23.88
2025-06-10 19:15:00,B002,64.4,99.37,True,,99.37,False,observed,2025-06-10,2025,6,10,161,19,15,1,Tuesday,True,False,summer,weekday,24.842500000000005
2025-06-10 19:30:00,B002,63.4,96.4,True,,96.4,False,observed,2025-06-10,2025,6,10,161,19,30,1,Tuesday,True,False,summer,weekday,24.1
2025-06-10 19:45:00,B002,62.4,113.83,True,,113.83,False,observed,2025-06-10,2025,6,10,161,19,45,1,Tuesday,True,False,summer,weekday,28.4575
2025-06-10 20:00:00,B002,61.5,99.48,True,,99.48,False,observed,2025-06-10,2025,6,10,161,20,0,1,Tuesday,True,False,summer,weekday,24.87
2025-06-10 20:15:00,B002,60.5,109.28,True,,109.28,False,observed,2025-06-10,2025,6,10,161,20,15,1,Tuesday,True,False,summer,weekday,27.32
2025-06-10 20:30:00,B002,59.6,98.83,True,,98.83,False,observed,2025-06-10,2025,6,10,161,20,30,1,Tuesday,True,False,summer,weekday,24.7075
2025-06-10 20:45:00,B002,58.7,101.56,True,,101.56,False,observed,2025-06-10,2025,6,10,161,20,45,1,Tuesday,True,False,summer,weekday,25.39
2025-06-10 21:00:00,B002,57.8,92.07,True,,92.07,False,observed,2025-06-10,2025,6,10,161,21,0,1,Tuesday,True,False,summer,weekday,23.0175
2025-06-10 21:15:00,B002,56.9,97.32,True,,97.32,False,observed,2025-06-10,2025,6,10,161,21,15,1,Tuesday,True,False,summer,weekday,24.33
2025-06-10 21:30:00,B002,56.1,101.26,True,,101.26,False,observed,2025-06-10,2025,6,10,161,21,30,1,Tuesday,True,False,summer,weekday,25.315
2025-06-10 21:45:00,B002,55.3,109.52,True,,109.52,False,observed,2025-06-10,2025,6,10,161,21,45,1,Tuesday,True,False,summer,weekday,27.38
2025-06-10 22:00:00,B002,54.6,101.33,True,,101.33,False,observed,2025-06-10,2025,6,10,161,22,0,1,Tuesday,True,False,summer,weekday,25.3325
2025-06-10 22:15:00,B002,53.8,108.3,True,,108.3,False,observed,2025-06-10,2025,6,10,161,22,15,1,Tuesday,True,False,summer,weekday,27.075
2025-06-10 22:30:00,B002,53.2,103.84,True,,103.84,False,observed,2025-06-10,2025,6,10,161,22,30,1,Tuesday,True,False,summer,weekday,25.96
2025-06-10 22:45:00,B002,52.6,109.76,True,,109.76,False,observed,2025-06-10,2025,6,10,161,22,45,1,Tuesday,True,False,summer,weekday,27.44
2025-06-10 23:00:00,B002,52.0,99.65,True,,99.65,False,observed,2025-06-10,2025,6,10,161,23,0,1,Tuesday,True,False,summer,weekday,24.9125
2025-06-10 23:15:00,B002,51.5,114.34,True,,114.34,False,observed,2025-06-10,2025,6,10,161,23,15,1,Tuesday,True,False,summer,weekday,28.585
2025-06-10 23:30:00,B002,51.0,97.09,True,,97.09,False,observed,2025-06-10,2025,6,10,161,23,30,1,Tuesday,True,False,summer,weekday,24.2725
2025-06-10 23:45:00,B002,50.7,95.4,True,,95.4,False,observed,2025-06-10,2025,6,10,161,23,45,1,Tuesday,True,False,summer,weekday,23.85
2025-06-11 00:00:00,B002,50.3,492.74,True,,492.74,False,observed,2025-06-11,2025,6,11,162,0,0,2,Wednesday,True,False,summer,weekday,123.185
2025-06-11 00:15:00,B002,57.0,513.99,True,,513.99,False,observed,2025-06-11,2025,6,11,162,0,15,2,Wednesday,True,False,summer,weekday,128.4975
2025-06-11 00:30:00,B002,56.8,504.92,True,,504.92,False,observed,2025-06-11,2025,6,11,162,0,30,2,Wednesday,True,False,summer,weekday,126.23
2025-06-11 00:45:00,B002,56.6,498.0,True,,498.0,False,observed,2025-06-11,2025,6,11,162,0,45,2,Wednesday,True,False,summer,weekday,124.5
2025-06-11 01:00:00,B002,56.5,507.49,True,,507.49,False,observed,2025-06-11,2025,6,11,162,1,0,2,Wednesday,True,False,summer,weekday,126.8725
2025-06-11 01:15:00,B002,56.5,504.13,True,,504.13,False,observed,2025-06-11,2025,6,11,162,1,15,2,Wednesday,True,False,summer,weekday,126.0325
2025-06-11 01:30:00,B002,56.6,511.8,True,,511.8,False,observed,2025-06-11,2025,6,11,162,1,30,2,Wednesday,True,False,summer,weekday,127.95
2025-06-11 01:45:00,B002,56.7,490.71,True,,490.71,False,observed,2025-06-11,2025,6,11,162,1,45,2,Wednesday,True,False,summer,weekday,122.6775
2025-06-11 02:00:00,B002,56.8,498.41,True,,498.41,False,observed,2025-06-11,2025,6,11,162,2,0,2,Wednesday,True,False,summer,weekday,124.6025
2025-06-11 02:15:00,B002,57.1,497.22,True,,497.22,False,observed,2025-06-11,2025,6,11,162,2,15,2,Wednesday,True,False,summer,weekday,124.305
2025-06-11 02:30:00,B002,57.4,488.16,True,,488.16,False,observed,2025-06-11,2025,6,11,162,2,30,2,Wednesday,True,False,summer,weekday,122.04
2025-06-11 02:45:00,B002,57.7,506.36,True,,506.36,False,observed,2025-06-11,2025,6,11,162,2,45,2,Wednesday,True,False,summer,weekday,126.59
2025-06-11 03:00:00,B002,58.2,498.38,True,,498.38,False,observed,2025-06-11,2025,6,11,162,3,0,2,Wednesday,True,False,summer,weekday,124.595
2025-06-11 03:15:00,B002,58.6,504.44,True,,504.44,False,observed,2025-06-11,2025,6,11,162,3,15,2,Wednesday,True,False,summer,weekday,126.11
2025-06-11 03:30:00,B002,59.2,514.16,True,,514.16,False,observed,2025-06-11,2025,6,11,162,3,30,2,Wednesday,True,False,summer,weekday,128.54
2025-06-11 03:45:00,B002,59.7,497.88,True,,497.88,False,observed,2025-06-11,2025,6,11,162,3,45,2,Wednesday,True,False,summer,weekday,124.47
2025-06-11 04:00:00,B002,60.4,497.47,True,,497.47,False,observed,2025-06-11,2025,6,11,162,4,0,2,Wednesday,True,False,summer,weekday,124.3675
2025-06-11 04:15:00,B002,61.1,500.71,True,,500.71,False,observed,2025-06-11,2025,6,11,162,4,15,2,Wednesday,True,False,summer,weekday,125.1775
2025-06-11 04:30:00,B002,61.8,505.92,True,,505.92,False,observed,2025-06-11,2025,6,11,162,4,30,2,Wednesday,True,False,summer,weekday,126.48
2025-06-11 04:45:00,B002,62.5,496.6,True,,496.6,False,observed,2025-06-11,2025,6,11,162,4,45,2,Wednesday,True,False,summer,weekday,124.15
2025-06-11 05:00:00,B002,63.3,496.22,True,,496.22,False,observed,2025-06-11,2025,6,11,162,5,0,2,Wednesday,True,False,summer,weekday,124.055
2025-06-11 05:15:00,B002,64.2,506.35,True,,506.35,False,observed,2025-06-11,2025,6,11,162,5,15,2,Wednesday,True,False,summer,weekday,126.5875
2025-06-11 05:30:00,B002,65.1,502.28,True,,502.28,False,observed,2025-06-11,2025,6,11,162,5,30,2,Wednesday,True,False,summer,weekday,125.57
2025-06-11 05:45:00,B002,66.0,487.74,True,,487.74,False,observed,2025-06-11,2025,6,11,162,5,45,2,Wednesday,True,False,summer,weekday,121.935
2025-06-11 06:00:00,B002,66.9,492.67,True,,492.67,False,observed,2025-06-11,2025,6,11,162,6,0,2,Wednesday,True,False,summer,weekday,123.1675
2025-06-11 06:15:00,B002,67.8,509.04,True,,509.04,False,observed,2025-06-11,2025,6,11,162,6,15,2,Wednesday,True,False,summer,weekday,127.26
2025-06-11 06:30:00,B002,68.8,502.48,True,,502.48,False,observed,2025-06-11,2025,6,11,162,6,30,2,Wednesday,True,False,summer,weekday,125.62000000000002
2025-06-11 06:45:00,B002,69.8,495.55,True,,495.55,False,observed,2025-06-11,2025,6,11,162,6,45,2,Wednesday,True,False,summer,weekday,123.8875
2025-06-11 07:00:00,B002,70.7,499.2,True,,499.2,False,observed,2025-06-11,2025,6,11,162,7,0,2,Wednesday,True,False,summer,weekday,124.8
2025-06-11 07:15:00,B002,71.7,500.47,True,,500.47,False,observed,2025-06-11,2025,6,11,162,7,15,2,Wednesday,True,False,summer,weekday,125.1175
2025-06-11 07:30:00,B002,72.7,505.09,True,,505.09,False,observed,2025-06-11,2025,6,11,162,7,30,2,Wednesday,True,False,summer,weekday,126.2725
2025-06-11 07:45:00,B002,73.7,493.0,True,,493.0,False,observed,2025-06-11,2025,6,11,162,7,45,2,Wednesday,True,False,summer,weekday,123.25
2025-06-11 08:00:00,B002,74.6,496.85,True,,496.85,False,observed,2025-06-11,2025,6,11,162,8,0,2,Wednesday,True,False,summer,weekday,124.2125
2025-06-11 08:15:00,B002,75.6,507.04,True,,507.04,False,observed,2025-06-11,2025,6,11,162,8,15,2,Wednesday,True,False,summer,weekday,126.76
2025-06-11 08:30:00,B002,76.5,510.29,True,,510.29,False,observed,2025-06-11,2025,6,11,162,8,30,2,Wednesday,True,False,summer,weekday,127.5725
2025-06-11 08:45:00,B002,77.4,520.53,True,,520.53,False,observed,2025-06-11,2025,6,11,162,8,45,2,Wednesday,True,False,summer,weekday,130.1325
2025-06-11 09:00:00,B002,78.3,516.92,True,,516.92,False,observed,2025-06-11,2025,6,11,162,9,0,2,Wednesday,True,False,summer,weekday,129.23
2025-06-11 09:15:00,B002,79.2,534.93,True,,534.93,False,observed,2025-06-11,2025,6,11,162,9,15,2,Wednesday,True,False,summer,weekday,133.7325
2025-06-11 09:30:00,B002,80.0,549.45,True,,549.45,False,observed,2025-06-11,2025,6,11,162,9,30,2,Wednesday,True,False,summer,weekday,137.3625
2025-06-11 09:45:00,B002,80.8,557.91,True,,557.91,False,observed,2025-06-11,2025,6,11,162,9,45,2,Wednesday,True,False,summer,weekday,139.4775
2025-06-11 10:00:00,B002,81.6,570.16,True,,570.16,False,observed,2025-06-11,2025,6,11,162,10,0,2,Wednesday,True,False,summer,weekday,142.54
2025-06-11 10:15:00,B002,82.3,585.55,True,,585.55,False,observed,2025-06-11,2025,6,11,162,10,15,2,Wednesday,True,False,summer,weekday,146.3875
2025-06-11 10:30:00,B002,82.9,600.44,True,,600.44,False,observed,2025-06-11,2025,6,11,162,10,30,2,Wednesday,True,False,summer,weekday,150.11
2025-06-11 10:45:00,B002,83.5,626.72,True,,626.72,False,observed,2025-06-11,2025,6,11,162,10,45,2,Wednesday,True,False,summer,weekday,156.68
2025-06-11 11:00:00,B002,84.1,658.41,True,,658.41,False,observed,2025-06-11,2025,6,11,162,11,0,2,Wednesday,True,False,summer,weekday,164.6025
2025-06-11 11:15:00,B002,84.6,675.16,True,,675.16,False,observed,2025-06-11,2025,6,11,162,11,15,2,Wednesday,True,False,summer,weekday,168.79
2025-06-11 11:30:00,B002,85.1,695.98,True,,695.98,False,observed,2025-06-11,2025,6,11,162,11,30,2,Wednesday,True,False,summer,weekday,173.995
2025-06-11 11:45:00,B002,85.4,723.09,True,,723.09,False,observed,2025-06-11,2025,6,11,162,11,45,2,Wednesday,True,False,summer,weekday,180.7725
2025-06-11 12:00:00,B002,85.8,749.98,True,,749.98,False,observed,2025-06-11,2025,6,11,162,12,0,2,Wednesday,True,False,summer,weekday,187.495
2025-06-11 12:15:00,B002,86.1,765.97,True,,765.97,False,observed,2025-06-11,2025,6,11,162,12,15,2,Wednesday,True,False,summer,weekday,191.4925
2025-06-11 12:30:00,B002,86.3,786.06,True,,786.06,False,observed,2025-06-11,2025,6,11,162,12,30,2,Wednesday,True,False,summer,weekday,196.515
2025-06-11 12:45:00,B002,86.4,795.76,True,,795.76,False,observed,2025-06-11,2025,6,11,162,12,45,2,Wednesday,True,False,summer,weekday,198.94
2025-06-11 13:00:00,B002,86.5,801.32,True,,801.32,False,observed,2025-06-11,2025,6,11,162,13,0,2,Wednesday,True,False,summer,weekday,200.33
2025-06-11 13:15:00,B002,86.5,801.57,True,,801.57,False,observed,2025-06-11,2025,6,11,162,13,15,2,Wednesday,True,False,summer,weekday,200.3925
2025-06-11 13:30:00,B002,86.5,789.95,True,,789.95,False,observed,2025-06-11,2025,6,11,162,13,30,2,Wednesday,True,False,summer,weekday,197.4875
2025-06-11 13:45:00,B002,86.4,763.83,True,,763.83,False,observed,2025-06-11,2025,6,11,162,13,45,2,Wednesday,True,False,summer,weekday,190.9575
2025-06-11 14:00:00,B002,86.2,744.98,True,,744.98,False,observed,2025-06-11,2025,6,11,162,14,0,2,Wednesday,True,False,summer,weekday,186.245
2025-06-11 14:15:00,B002,86.0,727.61,True,,727.61,False,observed,2025-06-11,2025,6,11,162,14,15,2,Wednesday,True,False,summer,weekday,181.9025
2025-06-11 14:30:00,B002,85.7,701.02,True,,701.02,False,observed,2025-06-11,2025,6,11,162,14,30,2,Wednesday,True,False,summer,weekday,175.255
2025-06-11 14:45:00,B002,85.3,671.83,True,,671.83,False,observed,2025-06-11,2025,6,11,162,14,45,2,Wednesday,True,False,summer,weekday,167.9575
2025-06-11 15:00:00,B002,84.9,651.34,True,,651.34,False,observed,2025-06-11,2025,6,11,162,15,0,2,Wednesday,True,False,summer,weekday,162.835
2025-06-11 15:15:00,B002,84.4,627.8,True,,627.8,False,observed,2025-06-11,2025,6,11,162,15,15,2,Wednesday,True,False,summer,weekday,156.95
2025-06-11 15:30:00,B002,83.9,605.24,True,,605.24,False,observed,2025-06-11,2025,6,11,162,15,30,2,Wednesday,True,False,summer,weekday,151.31
2025-06-11 15:45:00,B002,83.3,588.37,True,,588.37,False,observed,2025-06-11,2025,6,11,162,15,45,2,Wednesday,True,False,summer,weekday,147.0925
2025-06-11 16:00:00,B002,82.7,580.84,True,,580.84,False,observed,2025-06-11,2025,6,11,162,16,0,2,Wednesday,True,False,summer,weekday,145.21
2025-06-11 16:15:00,B002,82.0,560.9,True,,560.9,False,observed,2025-06-11,2025,6,11,162,16,15,2,Wednesday,True,False,summer,weekday,140.225
2025-06-11 16:30:00,B002,81.3,562.72,True,,562.72,False,observed,2025-06-11,2025,6,11,162,16,30,2,Wednesday,True,False,summer,weekday,140.68
2025-06-11 16:45:00,B002,80.5,539.03,True,,539.03,False,observed,2025-06-11,2025,6,11,162,16,45,2,Wednesday,True,False,summer,weekday,134.7575
2025-06-11 17:00:00,B002,79.7,527.99,True,,527.99,False,observed,2025-06-11,2025,6,11,162,17,0,2,Wednesday,True,False,summer,weekday,131.9975
2025-06-11 17:15:00,B002,78.8,522.75,True,,522.75,False,observed,2025-06-11,2025,6,11,162,17,15,2,Wednesday,True,False,summer,weekday,130.6875
2025-06-11 17:30:00,B002,78.0,518.23,True,,518.23,False,observed,2025-06-11,2025,6,11,162,17,30,2,Wednesday,True,False,summer,weekday,129.5575
2025-06-11 17:45:00,B002,77.1,513.96,True,,513.96,False,observed,2025-06-11,2025,6,11,162,17,45,2,Wednesday,True,False,summer,weekday,128.49
2025-06-11 18:00:00,B002,76.2,518.97,True,,518.97,False,observed,2025-06-11,2025,6,11,162,18,0,2,Wednesday,True,False,summer,weekday,129.7425
2025-06-11 18:15:00,B002,75.2,496.92,True,,496.92,False,observed,2025-06-11,2025,6,11,162,18,15,2,Wednesday,True,False,summer,weekday,124.23
2025-06-11 18:30:00,B002,74.3,505.83,True,,505.83,False,observed,2025-06-11,2025,6,11,162,18,30,2,Wednesday,True,False,summer,weekday,126.4575
2025-06-11 18:45:00,B002,73.3,501.64,True,,501.64,False,observed,2025-06-11,2025,6,11,162,18,45,2,Wednesday,True,False,summer,weekday,125.41
2025-06-11 19:00:00,B002,72.3,490.79,True,,490.79,False,observed,2025-06-11,2025,6,11,162,19,0,2,Wednesday,True,False,summer,weekday,122.6975
2025-06-11 19:15:00,B002,71.3,504.75,True,,504.75,False,observed,2025-06-11,2025,6,11,162,19,15,2,Wednesday,True,False,summer,weekday,126.1875
2025-06-11 19:30:00,B002,70.3,507.67,True,,507.67,False,observed,2025-06-11,2025,6,11,162,19,30,2,Wednesday,True,False,summer,weekday,126.9175
2025-06-11 19:45:00,B002,69.4,494.89,True,,494.89,False,observed,2025-06-11,2025,6,11,162,19,45,2,Wednesday,True,False,summer,weekday,123.7225
2025-06-11 20:00:00,B002,68.4,499.96,True,,499.96,False,observed,2025-06-11,2025,6,11,162,20,0,2,Wednesday,True,False,summer,weekday,124.99
2025-06-11 20:15:00,B002,67.4,489.66,True,,489.66,False,observed,2025-06-11,2025,6,11,162,20,15,2,Wednesday,True,False,summer,weekday,122.415
2025-06-11 20:30:00,B002,66.5,492.45,True,,492.45,False,observed,2025-06-11,2025,6,11,162,20,30,2,Wednesday,True,False,summer,weekday,123.1125
2025-06-11 20:45:00,B002,65.6,506.29,True,,506.29,False,observed,2025-06-11,2025,6,11,162,20,45,2,Wednesday,True,False,summer,weekday,126.5725
2025-06-11 21:00:00,B002,64.7,497.2,True,,497.2,False,observed,2025-06-11,2025,6,11,162,21,0,2,Wednesday,True,False,summer,weekday,124.3
2025-06-11 21:15:00,B002,63.8,493.35,True,,493.35,False,observed,2025-06-11,2025,6,11,162,21,15,2,Wednesday,True,False,summer,weekday,123.3375
2025-06-11 21:30:00,B002,63.0,501.38,True,,501.38,False,observed,2025-06-11,2025,6,11,162,21,30,2,Wednesday,True,False,summer,weekday,125.345
2025-06-11 21:45:00,B002,62.2,496.87,True,,496.87,False,observed,2025-06-11,2025,6,11,162,21,45,2,Wednesday,True,False,summer,weekday,124.2175
2025-06-11 22:00:00,B002,61.5,497.18,True,,497.18,False,observed,2025-06-11,2025,6,11,162,22,0,2,Wednesday,True,False,summer,weekday,124.295
2025-06-11 22:15:00,B002,60.8,504.44,True,,504.44,False,observed,2025-06-11,2025,6,11,162,22,15,2,Wednesday,True,False,summer,weekday,126.11
2025-06-11 22:30:00,B002,60.1,493.03,True,,493.03,False,observed,2025-06-11,2025,6,11,162,22,30,2,Wednesday,True,False,summer,weekday,123.2575
2025-06-11 22:45:00,B002,59.5,494.57,True,,494.57,False,observed,2025-06-11,2025,6,11,162,22,45,2,Wednesday,True,False,summer,weekday,123.6425
2025-06-11 23:00:00,B002,58.9,500.92,True,,500.92,False,observed,2025-06-11,2025,6,11,162,23,0,2,Wednesday,True,False,summer,weekday,125.23
2025-06-11 23:15:00,B002,58.4,505.82,True,,505.82,False,observed,2025-06-11,2025,6,11,162,23,15,2,Wednesday,True,False,summer,weekday,126.455
2025-06-11 23:30:00,B002,58.0,507.43,True,,507.43,False,observed,2025-06-11,2025,6,11,162,23,30,2,Wednesday,True,False,summer,weekday,126.8575
2025-06-11 23:45:00,B002,57.6,496.01,True,,496.01,False,observed,2025-06-11,2025,6,11,162,23,45,2,Wednesday,True,False,summer,weekday,124.0025
2025-06-12 00:00:00,B002,57.3,105.62,True,,105.62,False,observed,2025-06-12,2025,6,12,163,0,0,3,Thursday,True,False,summer,weekday,26.405000000000005
2025-06-12 00:15:00,B002,56.6,95.3,True,,95.3,False,observed,2025-06-12,2025,6,12,163,0,15,3,Thursday,True,False,summer,weekday,23.825
2025-06-12 00:30:00,B002,56.4,110.96,True,,110.96,False,observed,2025-06-12,2025,6,12,163,0,30,3,Thursday,True,False,summer,weekday,27.74
2025-06-12 00:45:00,B002,56.2,93.2,True,,93.2,False,observed,2025-06-12,2025,6,12,163,0,45,3,Thursday,True,False,summer,weekday,23.3
2025-06-12 01:00:00,B002,56.1,107.97,True,,107.97,False,observed,2025-06-12,2025,6,12,163,1,0,3,Thursday,True,False,summer,weekday,26.9925
2025-06-12 01:15:00,B002,56.1,96.06,True,,96.06,False,observed,2025-06-12,2025,6,12,163,1,15,3,Thursday,True,False,summer,weekday,24.015
2025-06-12 01:30:00,B002,56.2,112.08,True,,112.08,False,observed,2025-06-12,2025,6,12,163,1,30,3,Thursday,True,False,summer,weekday,28.02
2025-06-12 01:45:00,B002,56.3,103.55,True,,103.55,False,observed,2025-06-12,2025,6,12,163,1,45,3,Thursday,True,False,summer,weekday,25.8875
2025-06-12 02:00:00,B002,56.4,93.9,True,,93.9,False,observed,2025-06-12,2025,6,12,163,2,0,3,Thursday,True,False,summer,weekday,23.475
2025-06-12 02:15:00,B002,56.7,96.87,True,,96.87,False,observed,2025-06-12,2025,6,12,163,2,15,3,Thursday,True,False,summer,weekday,24.217500000000005
2025-06-12 02:30:00,B002,57.0,104.69,True,,104.69,False,observed,2025-06-12,2025,6,12,163,2,30,3,Thursday,True,False,summer,weekday,26.1725
2025-06-12 02:45:00,B002,57.3,106.32,True,,106.32,False,observed,2025-06-12,2025,6,12,163,2,45,3,Thursday,True,False,summer,weekday,26.58
2025-06-12 03:00:00,B002,57.7,99.58,True,,99.58,False,observed,2025-06-12,2025,6,12,163,3,0,3,Thursday,True,False,summer,weekday,24.895
2025-06-12 03:15:00,B002,58.2,100.27,True,,100.27,False,observed,2025-06-12,2025,6,12,163,3,15,3,Thursday,True,False,summer,weekday,25.0675
2025-06-12 03:30:00,B002,58.7,104.55,True,,104.55,False,observed,2025-06-12,2025,6,12,163,3,30,3,Thursday,True,False,summer,weekday,26.1375
2025-06-12 03:45:00,B002,59.3,100.79,True,,100.79,False,observed,2025-06-12,2025,6,12,163,3,45,3,Thursday,True,False,summer,weekday,25.1975
2025-06-12 04:00:00,B002,60.0,92.24,True,,92.24,False,observed,2025-06-12,2025,6,12,163,4,0,3,Thursday,True,False,summer,weekday,23.06
2025-06-12 04:15:00,B002,60.6,95.12,True,,95.12,False,observed,2025-06-12,2025,6,12,163,4,15,3,Thursday,True,False,summer,weekday,23.780000000000005
2025-06-12 04:30:00,B002,61.4,101.41,True,,101.41,False,observed,2025-06-12,2025,6,12,163,4,30,3,Thursday,True,False,summer,weekday,25.3525
2025-06-12 04:45:00,B002,62.1,107.29,True,,107.29,False,observed,2025-06-12,2025,6,12,163,4,45,3,Thursday,True,False,summer,weekday,26.8225
2025-06-12 05:00:00,B002,62.9,109.7,True,,109.7,False,observed,2025-06-12,2025,6,12,163,5,0,3,Thursday,True,False,summer,weekday,27.425
2025-06-12 05:15:00,B002,63.8,104.68,True,,104.68,False,observed,2025-06-12,2025,6,12,163,5,15,3,Thursday,True,False,summer,weekday,26.17
2025-06-12 05:30:00,B002,64.7,101.73,True,,101.73,False,observed,2025-06-12,2025,6,12,163,5,30,3,Thursday,True,False,summer,weekday,25.4325
2025-06-12 05:45:00,B002,65.6,104.5,True,,104.5,False,observed,2025-06-12,2025,6,12,163,5,45,3,Thursday,True,False,summer,weekday,26.125
2025-06-12 06:00:00,B002,66.5,96.02,True,,96.02,False,observed,2025-06-12,2025,6,12,163,6,0,3,Thursday,True,False,summer,weekday,24.005
2025-06-12 06:15:00,B002,67.4,99.11,True,,99.11,False,observed,2025-06-12,2025,6,12,163,6,15,3,Thursday,True,False,summer,weekday,24.7775
2025-06-12 06:30:00,B002,68.4,95.12,True,,95.12,False,observed,2025-06-12,2025,6,12,163,6,30,3,Thursday,True,False,summer,weekday,23.780000000000005
2025-06-12 06:45:00,B002,69.3,92.63,True,,92.63,False,observed,2025-06-12,2025,6,12,163,6,45,3,Thursday,True,False,summer,weekday,23.157499999999995
2025-06-12 07:00:00,B002,70.3,102.22,True,,102.22,False,observed,2025-06-12,2025,6,12,163,7,0,3,Thursday,True,False,summer,weekday,25.555
2025-06-12 07:15:00,B002,71.3,101.51,True,,101.51,False,observed,2025-06-12,2025,6,12,163,7,15,3,Thursday,True,False,summer,weekday,25.3775
2025-06-12 07:30:00,B002,72.3,104.81,True,,104.81,False,observed,2025-06-12,2025,6,12,163,7,30,3,Thursday,True,False,summer,weekday,26.2025
2025-06-12 07:45:00,B002,73.3,104.42,True,,104.42,False,observed,2025-06-12,2025,6,12,163,7,45,3,Thursday,True,False,summer,weekday,26.105
2025-06-12 08:00:00,B002,74.2,103.35,True,,103.35,False,observed,2025-06-12,2025,6,12,163,8,0,3,Thursday,True,False,summer,weekday,25.8375
2025-06-12 08:15:00,B002,75.2,107.12,True,,107.12,False,observed,2025-06-12,2025,6,12,163,8,15,3,Thursday,True,False,summer,weekday,26.780000000000005
2025-06-12 08:30:00,B002,76.1,109.01,True,,109.01,False,observed,2025-06-12,2025,6,12,163,8,30,3,Thursday,True,False,summer,weekday,27.2525
2025-06-12 08:45:00,B002,77.0,117.95,True,,117.95,False,observed,2025-06-12,2025,6,12,163,8,45,3,Thursday,True,False,summer,weekday,29.4875
2025-06-12 09:00:00,B002,77.9,118.31,True,,118.31,False,observed,2025-06-12,2025,6,12,163,9,0,3,Thursday,True,False,summer,weekday,29.5775
2025-06-12 09:15:00,B002,78.8,133.38,True,,133.38,False,observed,2025-06-12,2025,6,12,163,9,15,3,Thursday,True,False,summer,weekday,33.345
2025-06-12 09:30:00,B002,79.6,145.29,True,,145.29,False,observed,2025-06-12,2025,6,12,163,9,30,3,Thursday,True,False,summer,weekday,36.3225
2025-06-12 09:45:00,B002,80.4,149.34,True,,149.34,False,observed,2025-06-12,2025,6,12,163,9,45,3,Thursday,True,False,summer,weekday,37.335
2025-06-12 10:00:00,B002,81.1,168.01,True,,168.01,False,observed,2025-06-12,2025,6,12,163,10,0,3,Thursday,True,False,summer,weekday,42.00249999999999
2025-06-12 10:15:00,B002,81.9,180.76,True,,180.76,False,observed,2025-06-12,2025,6,12,163,10,15,3,Thursday,True,False,summer,weekday,45.18999999999999
2025-06-12 10:30:00,B002,82.5,200.67,True,,200.67,False,observed,2025-06-12,2025,6,12,163,10,30,3,Thursday,True,False,summer,weekday,50.1675
2025-06-12 10:45:00,B002,83.1,218.78,True,,218.78,False,observed,2025-06-12,2025,6,12,163,10,45,3,Thursday,True,False,summer,weekday,54.695
2025-06-12 11:00:00,B002,83.7,256.82,True,,256.82,False,observed,2025-06-12,2025,6,12,163,11,0,3,Thursday,True,False,summer,weekday,64.205
2025-06-12 11:15:00,B002,84.2,280.65,True,,280.65,False,observed,2025-06-12,2025,6,12,163,11,15,3,Thursday,True,False,summer,weekday,70.1625
2025-06-12 11:30:00,B002,84.6,302.92,True,,302.92,False,observed,2025-06-12,2025,6,12,163,11,30,3,Thursday,True,False,summer,weekday,75.73
2025-06-12 11:45:00,B002,85.0,336.25,True,,336.25,False,observed,2025-06-12,2025,6,12,163,11,45,3,Thursday,True,False,summer,weekday,84.0625
2025-06-12 12:00:00,B002,85.4,346.02,True,,346.02,False,observed,2025-06-12,2025,6,12,163,12,0,3,Thursday,True,False,summer,weekday,86.50499999999998
2025-06-12 12:15:00,B002,85.6,384.78,True,,384.78,False,observed,2025-06-12,2025,6,12,163,12,15,3,Thursday,True,False,summer,weekday,96.195
2025-06-12 12:30:00,B002,85.9,380.16,True,,380.16,False,observed,2025-06-12,2025,6,12,163,12,30,3,Thursday,True,False,summer,weekday,95.04
2025-06-12 12:45:00,B002,86.0,392.53,True,,392.53,False,observed,2025-06-12,2025,6,12,163,12,45,3,Thursday,True,False,summer,weekday,98.1325
2025-06-12 13:00:00,B002,86.1,391.98,True,,391.98,False,observed,2025-06-12,2025,6,12,163,13,0,3,Thursday,True,False,summer,weekday,97.99500000000002
2025-06-12 13:15:00,B002,86.1,393.64,True,,393.64,False,observed,2025-06-12,2025,6,12,163,13,15,3,Thursday,True,False,summer,weekday,98.41
2025-06-12 13:30:00,B002,86.1,387.36,True,,387.36,False,observed,2025-06-12,2025,6,12,163,13,30,3,Thursday,True,False,summer,weekday,96.84
2025-06-12 13:45:00,B002,86.0,367.13,True,,367.13,False,observed,2025-06-12,2025,6,12,163,13,45,3,Thursday,True,False,summer,weekday,91.7825
2025-06-12 14:00:00,B002,85.8,359.44,True,,359.44,False,observed,2025-06-12,2025,6,12,163,14,0,3,Thursday,True,False,summer,weekday,89.86
2025-06-12 14:15:00,B002,85.5,327.88,True,,327.88,False,observed,2025-06-12,2025,6,12,163,14,15,3,Thursday,True,False,summer,weekday,81.97
2025-06-12 14:30:00,B002,85.3,303.72,True,,303.72,False,observed,2025-06-12,2025,6,12,163,14,30,3,Thursday,True,False,summer,weekday,75.93
2025-06-12 14:45:00,B002,84.9,271.58,True,,271.58,False,observed,2025-06-12,2025,6,12,163,14,45,3,Thursday,True,False,summer,weekday,67.895
2025-06-12 15:00:00,B002,84.5,254.87,True,,254.87,False,observed,2025-06-12,2025,6,12,163,15,0,3,Thursday,True,False,summer,weekday,63.7175
2025-06-12 15:15:00,B002,84.0,228.21,True,,228.21,False,observed,2025-06-12,2025,6,12,163,15,15,3,Thursday,True,False,summer,weekday,57.0525
2025-06-12 15:30:00,B002,83.5,204.0,True,,204.0,False,observed,2025-06-12,2025,6,12,163,15,30,3,Thursday,True,False,summer,weekday,51.0
2025-06-12 15:45:00,B002,82.9,183.98,True,,183.98,False,observed,2025-06-12,2025,6,12,163,15,45,3,Thursday,True,False,summer,weekday,45.995
2025-06-12 16:00:00,B002,82.3,188.17,True,,188.17,False,observed,2025-06-12,2025,6,12,163,16,0,3,Thursday,True,False,summer,weekday,47.0425
2025-06-12 16:15:00,B002,81.6,156.5,True,,156.5,False,observed,2025-06-12,2025,6,12,163,16,15,3,Thursday,True,False,summer,weekday,39.125
2025-06-12 16:30:00,B002,80.9,137.52,True,,137.52,False,observed,2025-06-12,2025,6,12,163,16,30,3,Thursday,True,False,summer,weekday,34.38
2025-06-12 16:45:00,B002,80.1,132.19,True,,132.19,False,observed,2025-06-12,2025,6,12,163,16,45,3,Thursday,True,False,summer,weekday,33.0475
2025-06-12 17:00:00,B002,79.3,127.8,True,,127.8,False,observed,2025-06-12,2025,6,12,163,17,0,3,Thursday,True,False,summer,weekday,31.95
2025-06-12 17:15:00,B002,78.4,124.38,True,,124.38,False,observed,2025-06-12,2025,6,12,163,17,15,3,Thursday,True,False,summer,weekday,31.094999999999995
2025-06-12 17:30:00,B002,77.6,118.39,True,,118.39,False,observed,2025-06-12,2025,6,12,163,17,30,3,Thursday,True,False,summer,weekday,29.5975
2025-06-12 17:45:00,B002,76.7,113.79,True,,113.79,False,observed,2025-06-12,2025,6,12,163,17,45,3,Thursday,True,False,summer,weekday,28.4475
2025-06-12 18:00:00,B002,75.7,101.01,True,,101.01,False,observed,2025-06-12,2025,6,12,163,18,0,3,Thursday,True,False,summer,weekday,25.2525
2025-06-12 18:15:00,B002,74.8,103.19,True,,103.19,False,observed,2025-06-12,2025,6,12,163,18,15,3,Thursday,True,False,summer,weekday,25.7975
2025-06-12 18:30:00,B002,73.8,95.42,True,,95.42,False,observed,2025-06-12,2025,6,12,163,18,30,3,Thursday,True,False,summer,weekday,23.855
2025-06-12 18:45:00,B002,72.9,96.67,True,,96.67,False,observed,2025-06-12,2025,6,12,163,18,45,3,Thursday,True,False,summer,weekday,24.1675
2025-06-12 19:00:00,B002,71.9,94.71,True,,94.71,False,observed,2025-06-12,2025,6,12,163,19,0,3,Thursday,True,False,summer,weekday,23.6775
2025-06-12 19:15:00,B002,70.9,92.99,True,,92.99,False,observed,2025-06-12,2025,6,12,163,19,15,3,Thursday,True,False,summer,weekday,23.2475
2025-06-12 19:30:00,B002,69.9,106.45,True,,106.45,False,observed,2025-06-12,2025,6,12,163,19,30,3,Thursday,True,False,summer,weekday,26.6125
2025-06-12 19:45:00,B002,69.0,104.17,True,,104.17,False,observed,2025-06-12,2025,6,12,163,19,45,3,Thursday,True,False,summer,weekday,26.0425
2025-06-12 20:00:00,B002,68.0,105.88,True,,105.88,False,observed,2025-06-12,2025,6,12,163,20,0,3,Thursday,True,False,summer,weekday,26.469999999999995
2025-06-12 20:15:00,B002,67.0,100.24,True,,100.24,False,observed,2025-06-12,2025,6,12,163,20,15,3,Thursday,True,False,summer,weekday,25.06
2025-06-12 20:30:00,B002,66.1,104.67,True,,104.67,False,observed,2025-06-12,2025,6,12,163,20,30,3,Thursday,True,False,summer,weekday,26.1675
2025-06-12 20:45:00,B002,65.2,89.43,True,,89.43,False,observed,2025-06-12,2025,6,12,163,20,45,3,Thursday,True,False,summer,weekday,22.3575
2025-06-12 21:00:00,B002,64.3,105.18,True,,105.18,False,observed,2025-06-12,2025,6,12,163,21,0,3,Thursday,True,False,summer,weekday,26.295
2025-06-12 21:15:00,B002,63.4,101.06,True,,101.06,False,observed,2025-06-12,2025,6,12,163,21,15,3,Thursday,True,False,summer,weekday,25.265
2025-06-12 21:30:00,B002,62.6,103.76,True,,103.76,False,observed,2025-06-12,2025,6,12,163,21,30,3,Thursday,True,False,summer,weekday,25.94
2025-06-12 21:45:00,B002,61.8,102.28,True,,102.28,False,observed,2025-06-12,2025,6,12,163,21,45,3,Thursday,True,False,summer,weekday,25.57
2025-06-12 22:00:00,B002,61.1,94.08,True,,94.08,False,observed,2025-06-12,2025,6,12,163,22,0,3,Thursday,True,False,summer,weekday,23.52
2025-06-12 22:15:00,B002,60.4,91.01,True,,91.01,False,observed,2025-06-12,2025,6,12,163,22,15,3,Thursday,True,False,summer,weekday,22.7525
2025-06-12 22:30:00,B002,59.7,95.73,True,,95.73,False,observed,2025-06-12,2025,6,12,163,22,30,3,Thursday,True,False,summer,weekday,23.9325
2025-06-12 22:45:00,B002,59.1,103.39,True,,103.39,False,observed,2025-06-12,2025,6,12,163,22,45,3,Thursday,True,False,summer,weekday,25.8475
2025-06-12 23:00:00,B002,58.5,104.14,True,,104.14,False,observed,2025-06-12,2025,6,12,163,23,0,3,Thursday,True,False,summer,weekday,26.035
2025-06-12 23:15:00,B002,58.0,91.79,True,,91.79,False,observed,2025-06-12,2025,6,12,163,23,15,3,Thursday,True,False,summer,weekday,22.9475
2025-06-12 23:30:00,B002,57.6,94.11,True,,94.11,False,observed,2025-06-12,2025,6,12,163,23,30,3,Thursday,True,False,summer,weekday,23.5275
2025-06-12 23:45:00,B002,57.2,95.66,True,,95.66,False,observed,2025-06-12,2025,6,12,163,23,45,3,Thursday,True,False,summer,weekday,23.915
2025-06-13 00:00:00,B002,56.8,97.86,True,,97.86,False,observed,2025-06-13,2025,6,13,164,0,0,4,Friday,True,False,summer,weekday,24.465
2025-06-13 00:15:00,B002,53.7,91.83,True,,91.83,False,observed,2025-06-13,2025,6,13,164,0,15,4,Friday,True,False,summer,weekday,22.9575
2025-06-13 00:30:00,B002,53.5,91.47,True,,91.47,False,observed,2025-06-13,2025,6,13,164,0,30,4,Friday,True,False,summer,weekday,22.8675
2025-06-13 00:45:00,B002,53.4,95.07,True,,95.07,False,observed,2025-06-13,2025,6,13,164,0,45,4,Friday,True,False,summer,weekday,23.7675
2025-06-13 01:00:00,B002,53.3,100.52,True,,100.52,False,observed,2025-06-13,2025,6,13,164,1,0,4,Friday,True,False,summer,weekday,25.13
2025-06-13 01:15:00,B002,53.3,92.92,True,,92.92,False,observed,2025-06-13,2025,6,13,164,1,15,4,Friday,True,False,summer,weekday,23.23
2025-06-13 01:30:00,B002,53.3,99.31,True,,99.31,False,observed,2025-06-13,2025,6,13,164,1,30,4,Friday,True,False,summer,weekday,24.8275
2025-06-13 01:45:00,B002,53.4,106.35,True,,106.35,False,observed,2025-06-13,2025,6,13,164,1,45,4,Friday,True,False,summer,weekday,26.5875
2025-06-13 02:00:00,B002,53.6,92.19,True,,92.19,False,observed,2025-06-13,2025,6,13,164,2,0,4,Friday,True,False,summer,weekday,23.0475
2025-06-13 02:15:00,B002,53.8,98.76,True,,98.76,False,observed,2025-06-13,2025,6,13,164,2,15,4,Friday,True,False,summer,weekday,24.69
2025-06-13 02:30:00,B002,54.1,106.15,True,,106.15,False,observed,2025-06-13,2025,6,13,164,2,30,4,Friday,True,False,summer,weekday,26.5375
2025-06-13 02:45:00,B002,54.5,97.49,True,,97.49,False,observed,2025-06-13,2025,6,13,164,2,45,4,Friday,True,False,summer,weekday,24.3725
2025-06-13 03:00:00,B002,54.9,96.56,True,,96.56,False,observed,2025-06-13,2025,6,13,164,3,0,4,Friday,True,False,summer,weekday,24.14
2025-06-13 03:15:00,B002,55.4,106.98,True,,106.98,False,observed,2025-06-13,2025,6,13,164,3,15,4,Friday,True,False,summer,weekday,26.745
2025-06-13 03:30:00,B002,55.9,98.16,True,,98.16,False,observed,2025-06-13,2025,6,13,164,3,30,4,Friday,True,False,summer,weekday,24.54
2025-06-13 03:45:00,B002,56.5,106.63,True,,106.63,False,observed,2025-06-13,2025,6,13,164,3,45,4,Friday,True,False,summer,weekday,26.657499999999995
2025-06-13 04:00:00,B002,57.1,102.57,True,,102.57,False,observed,2025-06-13,2025,6,13,164,4,0,4,Friday,True,False,summer,weekday,25.6425
2025-06-13 04:15:00,B002,57.8,97.94,True,,97.94,False,observed,2025-06-13,2025,6,13,164,4,15,4,Friday,True,False,summer,weekday,24.485
2025-06-13 04:30:00,B002,58.5,102.88,True,,102.88,False,observed,2025-06-13,2025,6,13,164,4,30,4,Friday,True,False,summer,weekday,25.719999999999995
2025-06-13 04:45:00,B002,59.3,101.92,True,,101.92,False,observed,2025-06-13,2025,6,13,164,4,45,4,Friday,True,False,summer,weekday,25.48
2025-06-13 05:00:00,B002,60.1,106.13,True,,106.13,False,observed,2025-06-13,2025,6,13,164,5,0,4,Friday,True,False,summer,weekday,26.532499999999995
2025-06-13 05:15:00,B002,60.9,96.71,True,,96.71,False,observed,2025-06-13,2025,6,13,164,5,15,4,Friday,True,False,summer,weekday,24.1775
2025-06-13 05:30:00,B002,61.8,100.25,True,,100.25,False,observed,2025-06-13,2025,6,13,164,5,30,4,Friday,True,False,summer,weekday,25.0625
2025-06-13 05:45:00,B002,62.7,99.64,True,,99.64,False,observed,2025-06-13,2025,6,13,164,5,45,4,Friday,True,False,summer,weekday,24.91
2025-06-13 06:00:00,B002,63.6,104.24,True,,104.24,False,observed,2025-06-13,2025,6,13,164,6,0,4,Friday,True,False,summer,weekday,26.06
2025-06-13 06:15:00,B002,64.6,93.88,True,,93.88,False,observed,2025-06-13,2025,6,13,164,6,15,4,Friday,True,False,summer,weekday,23.469999999999995
2025-06-13 06:30:00,B002,65.5,106.17,True,,106.17,False,observed,2025-06-13,2025,6,13,164,6,30,4,Friday,True,False,summer,weekday,26.5425
2025-06-13 06:45:00,B002,66.5,102.92,True,,102.92,False,observed,2025-06-13,2025,6,13,164,6,45,4,Friday,True,False,summer,weekday,25.73
2025-06-13 07:00:00,B002,67.5,92.32,True,,92.32,False,observed,2025-06-13,2025,6,13,164,7,0,4,Friday,True,False,summer,weekday,23.08
2025-06-13 07:15:00,B002,68.5,107.64,True,,107.64,False,observed,2025-06-13,2025,6,13,164,7,15,4,Friday,True,False,summer,weekday,26.91
2025-06-13 07:30:00,B002,69.4,114.08,True,,114.08,False,observed,2025-06-13,2025,6,13,164,7,30,4,Friday,True,False,summer,weekday,28.52
2025-06-13 07:45:00,B002,70.4,107.16,True,,107.16,False,observed,2025-06-13,2025,6,13,164,7,45,4,Friday,True,False,summer,weekday,26.79
2025-06-13 08:00:00,B002,71.4,110.46,True,,110.46,False,observed,2025-06-13,2025,6,13,164,8,0,4,Friday,True,False,summer,weekday,27.615
2025-06-13 08:15:00,B002,72.3,103.56,True,,103.56,False,observed,2025-06-13,2025,6,13,164,8,15,4,Friday,True,False,summer,weekday,25.89
2025-06-13 08:30:00,B002,73.3,94.82,True,,94.82,False,observed,2025-06-13,2025,6,13,164,8,30,4,Friday,True,False,summer,weekday,23.705
2025-06-13 08:45:00,B002,74.2,96.28,True,,96.28,False,observed,2025-06-13,2025,6,13,164,8,45,4,Friday,True,False,summer,weekday,24.07
2025-06-13 09:00:00,B002,75.1,112.81,True,,112.81,False,observed,2025-06-13,2025,6,13,164,9,0,4,Friday,True,False,summer,weekday,28.2025
2025-06-13 09:15:00,B002,75.9,116.22,True,,116.22,False,observed,2025-06-13,2025,6,13,164,9,15,4,Friday,True,False,summer,weekday,29.055
2025-06-13 09:30:00,B002,76.8,124.4,True,,124.4,False,observed,2025-06-13,2025,6,13,164,9,30,4,Friday,True,False,summer,weekday,31.1
2025-06-13 09:45:00,B002,77.6,141.59,True,,141.59,False,observed,2025-06-13,2025,6,13,164,9,45,4,Friday,True,False,summer,weekday,35.3975
2025-06-13 10:00:00,B002,78.3,160.0,True,,160.0,False,observed,2025-06-13,2025,6,13,164,10,0,4,Friday,True,False,summer,weekday,40.0
2025-06-13 10:15:00,B002,79.0,164.4,True,,164.4,False,observed,2025-06-13,2025,6,13,164,10,15,4,Friday,True,False,summer,weekday,41.1
2025-06-13 10:30:00,B002,79.7,189.74,True,,189.74,False,observed,2025-06-13,2025,6,13,164,10,30,4,Friday,True,False,summer,weekday,47.43500000000001
2025-06-13 10:45:00,B002,80.3,223.2,True,,223.2,False,observed,2025-06-13,2025,6,13,164,10,45,4,Friday,True,False,summer,weekday,55.8
2025-06-13 11:00:00,B002,80.8,231.38,True,,231.38,False,observed,2025-06-13,2025,6,13,164,11,0,4,Friday,True,False,summer,weekday,57.845
2025-06-13 11:15:00,B002,81.4,268.08,True,,268.08,False,observed,2025-06-13,2025,6,13,164,11,15,4,Friday,True,False,summer,weekday,67.02
2025-06-13 11:30:00,B002,81.8,285.4,True,,285.4,False,observed,2025-06-13,2025,6,13,164,11,30,4,Friday,True,False,summer,weekday,71.35
2025-06-13 11:45:00,B002,82.2,316.31,True,,316.31,False,observed,2025-06-13,2025,6,13,164,11,45,4,Friday,True,False,summer,weekday,79.0775
2025-06-13 12:00:00,B002,82.5,342.35,True,,342.35,False,observed,2025-06-13,2025,6,13,164,12,0,4,Friday,True,False,summer,weekday,85.5875
2025-06-13 12:15:00,B002,82.8,359.65,True,,359.65,False,observed,2025-06-13,2025,6,13,164,12,15,4,Friday,True,False,summer,weekday,89.9125
2025-06-13 12:30:00,B002,83.0,375.59,True,,375.59,False,observed,2025-06-13,2025,6,13,164,12,30,4,Friday,True,False,summer,weekday,93.8975
2025-06-13 12:45:00,B002,83.2,372.7,True,,372.7,False,observed,2025-06-13,2025,6,13,164,12,45,4,Friday,True,False,summer,weekday,93.175
2025-06-13 13:00:00,B002,83.2,389.66,True,,389.66,False,observed,2025-06-13,2025,6,13,164,13,0,4,Friday,True,False,summer,weekday,97.415
2025-06-13 13:15:00,B002,83.3,374.9,True,,374.9,False,observed,2025-06-13,2025,6,13,164,13,15,4,Friday,True,False,summer,weekday,93.725
2025-06-13 13:30:00,B002,83.2,372.51,True,,372.51,False,observed,2025-06-13,2025,6,13,164,13,30,4,Friday,True,False,summer,weekday,93.1275
2025-06-13 13:45:00,B002,83.1,357.97,True,,357.97,False,observed,2025-06-13,2025,6,13,164,13,45,4,Friday,True,False,summer,weekday,89.4925
2025-06-13 14:00:00,B002,82.9,340.3,True,,340.3,False,observed,2025-06-13,2025,6,13,164,14,0,4,Friday,True,False,summer,weekday,85.075
2025-06-13 14:15:00,B002,82.7,317.07,True,,317.07,False,observed,2025-06-13,2025,6,13,164,14,15,4,Friday,True,False,summer,weekday,79.2675
2025-06-13 14:30:00,B002,82.4,285.65,True,,285.65,False,observed,2025-06-13,2025,6,13,164,14,30,4,Friday,True,False,summer,weekday,71.4125
2025-06-13 14:45:00,B002,82.0,257.54,True,,257.54,False,observed,2025-06-13,2025,6,13,164,14,45,4,Friday,True,False,summer,weekday,64.385
2025-06-13 15:00:00,B002,81.6,246.21,True,,246.21,False,observed,2025-06-13,2025,6,13,164,15,0,4,Friday,True,False,summer,weekday,61.5525
2025-06-13 15:15:00,B002,81.2,218.74,True,,218.74,False,observed,2025-06-13,2025,6,13,164,15,15,4,Friday,True,False,summer,weekday,54.68500000000001
2025-06-13 15:30:00,B002,80.6,203.16,True,,203.16,False,observed,2025-06-13,2025,6,13,164,15,30,4,Friday,True,False,summer,weekday,50.79
2025-06-13 15:45:00,B002,80.0,176.98,True,,176.98,False,observed,2025-06-13,2025,6,13,164,15,45,4,Friday,True,False,summer,weekday,44.245
2025-06-13 16:00:00,B002,79.4,152.32,True,,152.32,False,observed,2025-06-13,2025,6,13,164,16,0,4,Friday,True,False,summer,weekday,38.08
2025-06-13 16:15:00,B002,78.7,152.49,True,,152.49,False,observed,2025-06-13,2025,6,13,164,16,15,4,Friday,True,False,summer,weekday,38.12250000000001
2025-06-13 16:30:00,B002,78.0,132.65,True,,132.65,False,observed,2025-06-13,2025,6,13,164,16,30,4,Friday,True,False,summer,weekday,33.1625
2025-06-13 16:45:00,B002,77.2,127.04,True,,127.04,False,observed,2025-06-13,2025,6,13,164,16,45,4,Friday,True,False,summer,weekday,31.76
2025-06-13 17:00:00,B002,76.4,112.83,True,,112.83,False,observed,2025-06-13,2025,6,13,164,17,0,4,Friday,True,False,summer,weekday,28.2075
2025-06-13 17:15:00,B002,75.6,119.58,True,,119.58,False,observed,2025-06-13,2025,6,13,164,17,15,4,Friday,True,False,summer,weekday,29.895
2025-06-13 17:30:00,B002,74.7,99.53,True,,99.53,False,observed,2025-06-13,2025,6,13,164,17,30,4,Friday,True,False,summer,weekday,24.8825
2025-06-13 17:45:00,B002,73.8,101.02,True,,101.02,False,observed,2025-06-13,2025,6,13,164,17,45,4,Friday,True,False,summer,weekday,25.255
2025-06-13 18:00:00,B002,72.9,102.54,True,,102.54,False,observed,2025-06-13,2025,6,13,164,18,0,4,Friday,True,False,summer,weekday,25.635
2025-06-13 18:15:00,B002,72.0,94.6,True,,94.6,False,observed,2025-06-13,2025,6,13,164,18,15,4,Friday,True,False,summer,weekday,23.65
2025-06-13 18:30:00,B002,71.0,102.66,True,,102.66,False,observed,2025-06-13,2025,6,13,164,18,30,4,Friday,True,False,summer,weekday,25.665
2025-06-13 18:45:00,B002,70.0,110.06,True,,110.06,False,observed,2025-06-13,2025,6,13,164,18,45,4,Friday,True,False,summer,weekday,27.515
2025-06-13 19:00:00,B002,69.0,97.28,True,,97.28,False,observed,2025-06-13,2025,6,13,164,19,0,4,Friday,True,False,summer,weekday,24.32
2025-06-13 19:15:00,B002,68.1,102.49,True,,102.49,False,observed,2025-06-13,2025,6,13,164,19,15,4,Friday,True,False,summer,weekday,25.6225
2025-06-13 19:30:00,B002,67.1,83.57,True,,83.57,False,observed,2025-06-13,2025,6,13,164,19,30,4,Friday,True,False,summer,weekday,20.8925
2025-06-13 19:45:00,B002,66.1,99.8,True,,99.8,False,observed,2025-06-13,2025,6,13,164,19,45,4,Friday,True,False,summer,weekday,24.95
2025-06-13 20:00:00,B002,65.1,98.14,True,,98.14,False,observed,2025-06-13,2025,6,13,164,20,0,4,Friday,True,False,summer,weekday,24.535
2025-06-13 20:15:00,B002,64.2,95.1,True,,95.1,False,observed,2025-06-13,2025,6,13,164,20,15,4,Friday,True,False,summer,weekday,23.775
2025-06-13 20:30:00,B002,63.3,106.49,True,,106.49,False,observed,2025-06-13,2025,6,13,164,20,30,4,Friday,True,False,summer,weekday,26.6225
2025-06-13 20:45:00,B002,62.3,98.04,True,,98.04,False,observed,2025-06-13,2025,6,13,164,20,45,4,Friday,True,False,summer,weekday,24.51
2025-06-13 21:00:00,B002,61.5,98.94,True,,98.94,False,observed,2025-06-13,2025,6,13,164,21,0,4,Friday,True,False,summer,weekday,24.735
2025-06-13 21:15:00,B002,60.6,97.74,True,,97.74,False,observed,2025-06-13,2025,6,13,164,21,15,4,Friday,True,False,summer,weekday,24.435
2025-06-13 21:30:00,B002,59.8,88.5,True,,88.5,False,observed,2025-06-13,2025,6,13,164,21,30,4,Friday,True,False,summer,weekday,22.125
2025-06-13 21:45:00,B002,59.0,93.21,True,,93.21,False,observed,2025-06-13,2025,6,13,164,21,45,4,Friday,True,False,summer,weekday,23.3025
2025-06-13 22:00:00,B002,58.2,105.77,True,,105.77,False,observed,2025-06-13,2025,6,13,164,22,0,4,Friday,True,False,summer,weekday,26.4425
2025-06-13 22:15:00,B002,57.5,87.34,True,,87.34,False,observed,2025-06-13,2025,6,13,164,22,15,4,Friday,True,False,summer,weekday,21.835
2025-06-13 22:30:00,B002,56.9,95.4,True,,95.4,False,observed,2025-06-13,2025,6,13,164,22,30,4,Friday,True,False,summer,weekday,23.85
2025-06-13 22:45:00,B002,56.2,97.6,True,,97.6,False,observed,2025-06-13,2025,6,13,164,22,45,4,Friday,True,False,summer,weekday,24.4
2025-06-13 23:00:00,B002,55.7,110.46,True,,110.46,False,observed,2025-06-13,2025,6,13,164,23,0,4,Friday,True,False,summer,weekday,27.615
2025-06-13 23:15:00,B002,55.2,104.61,True,,104.61,False,observed,2025-06-13,2025,6,13,164,23,15,4,Friday,True,False,summer,weekday,26.1525
2025-06-13 23:30:00,B002,54.7,96.66,True,,96.66,False,observed,2025-06-13,2025,6,13,164,23,30,4,Friday,True,False,summer,weekday,24.165
2025-06-13 23:45:00,B002,54.3,107.83,True,,107.83,False,observed,2025-06-13,2025,6,13,164,23,45,4,Friday,True,False,summer,weekday,26.9575
2025-06-14 00:00:00,B002,54.0,35.56,True,,35.56,False,observed,2025-06-14,2025,6,14,165,0,0,5,Saturday,False,True,summer,weekend,8.890000000000002
2025-06-14 00:15:00,B002,58.0,46.05,True,,46.05,False,observed,2025-06-14,2025,6,14,165,0,15,5,Saturday,False,True,summer,weekend,11.5125
2025-06-14 00:30:00,B002,57.8,31.85,True,,31.85,False,observed,2025-06-14,2025,6,14,165,0,30,5,Saturday,False,True,summer,weekend,7.9625
2025-06-14 00:45:00,B002,57.6,46.44,True,,46.44,False,observed,2025-06-14,2025,6,14,165,0,45,5,Saturday,False,True,summer,weekend,11.609999999999998
2025-06-14 01:00:00,B002,57.5,37.56,True,,37.56,False,observed,2025-06-14,2025,6,14,165,1,0,5,Saturday,False,True,summer,weekend,9.390000000000002
2025-06-14 01:15:00,B002,57.5,33.83,True,,33.83,False,observed,2025-06-14,2025,6,14,165,1,15,5,Saturday,False,True,summer,weekend,8.4575
2025-06-14 01:30:00,B002,57.6,38.7,True,,38.7,False,observed,2025-06-14,2025,6,14,165,1,30,5,Saturday,False,True,summer,weekend,9.675
2025-06-14 01:45:00,B002,57.7,41.66,True,,41.66,False,observed,2025-06-14,2025,6,14,165,1,45,5,Saturday,False,True,summer,weekend,10.415
2025-06-14 02:00:00,B002,57.8,37.03,True,,37.03,False,observed,2025-06-14,2025,6,14,165,2,0,5,Saturday,False,True,summer,weekend,9.2575
2025-06-14 02:15:00,B002,58.1,43.32,True,,43.32,False,observed,2025-06-14,2025,6,14,165,2,15,5,Saturday,False,True,summer,weekend,10.83
2025-06-14 02:30:00,B002,58.4,36.5,True,,36.5,False,observed,2025-06-14,2025,6,14,165,2,30,5,Saturday,False,True,summer,weekend,9.125
2025-06-14 02:45:00,B002,58.7,43.72,True,,43.72,False,observed,2025-06-14,2025,6,14,165,2,45,5,Saturday,False,True,summer,weekend,10.93
2025-06-14 03:00:00,B002,59.1,42.65,True,,42.65,False,observed,2025-06-14,2025,6,14,165,3,0,5,Saturday,False,True,summer,weekend,10.6625
2025-06-14 03:15:00,B002,59.6,39.63,True,,39.63,False,observed,2025-06-14,2025,6,14,165,3,15,5,Saturday,False,True,summer,weekend,9.9075
2025-06-14 03:30:00,B002,60.1,37.35,True,,37.35,False,observed,2025-06-14,2025,6,14,165,3,30,5,Saturday,False,True,summer,weekend,9.3375
2025-06-14 03:45:00,B002,60.7,40.91,True,,40.91,False,observed,2025-06-14,2025,6,14,165,3,45,5,Saturday,False,True,summer,weekend,10.2275
2025-06-14 04:00:00,B002,61.4,43.3,True,,43.3,False,observed,2025-06-14,2025,6,14,165,4,0,5,Saturday,False,True,summer,weekend,10.825
2025-06-14 04:15:00,B002,62.0,52.37,True,,52.37,False,observed,2025-06-14,2025,6,14,165,4,15,5,Saturday,False,True,summer,weekend,13.0925
2025-06-14 04:30:00,B002,62.8,45.64,True,,45.64,False,observed,2025-06-14,2025,6,14,165,4,30,5,Saturday,False,True,summer,weekend,11.41
2025-06-14 04:45:00,B002,63.5,45.86,True,,45.86,False,observed,2025-06-14,2025,6,14,165,4,45,5,Saturday,False,True,summer,weekend,11.465
2025-06-14 05:00:00,B002,64.3,58.53,True,,58.53,False,observed,2025-06-14,2025,6,14,165,5,0,5,Saturday,False,True,summer,weekend,14.6325
2025-06-14 05:15:00,B002,65.2,43.1,True,,43.1,False,observed,2025-06-14,2025,6,14,165,5,15,5,Saturday,False,True,summer,weekend,10.775
2025-06-14 05:30:00,B002,66.1,42.91,True,,42.91,False,observed,2025-06-14,2025,6,14,165,5,30,5,Saturday,False,True,summer,weekend,10.7275
2025-06-14 05:45:00,B002,67.0,44.22,True,,44.22,False,observed,2025-06-14,2025,6,14,165,5,45,5,Saturday,False,True,summer,weekend,11.055
2025-06-14 06:00:00,B002,67.9,33.95,True,,33.95,False,observed,2025-06-14,2025,6,14,165,6,0,5,Saturday,False,True,summer,weekend,8.4875
2025-06-14 06:15:00,B002,68.8,37.34,True,,37.34,False,observed,2025-06-14,2025,6,14,165,6,15,5,Saturday,False,True,summer,weekend,9.335
2025-06-14 06:30:00,B002,69.8,36.96,True,,36.96,False,observed,2025-06-14,2025,6,14,165,6,30,5,Saturday,False,True,summer,weekend,9.24
2025-06-14 06:45:00,B002,70.7,43.89,True,,43.89,False,observed,2025-06-14,2025,6,14,165,6,45,5,Saturday,False,True,summer,weekend,10.9725
2025-06-14 07:00:00,B002,71.7,38.95,True,,38.95,False,observed,2025-06-14,2025,6,14,165,7,0,5,Saturday,False,True,summer,weekend,9.7375
2025-06-14 07:15:00,B002,72.7,40.83,True,,40.83,False,observed,2025-06-14,2025,6,14,165,7,15,5,Saturday,False,True,summer,weekend,10.2075
2025-06-14 07:30:00,B002,73.7,46.52,True,,46.52,False,observed,2025-06-14,2025,6,14,165,7,30,5,Saturday,False,True,summer,weekend,11.63
2025-06-14 07:45:00,B002,74.7,45.18,True,,45.18,False,observed,2025-06-14,2025,6,14,165,7,45,5,Saturday,False,True,summer,weekend,11.295
2025-06-14 08:00:00,B002,75.6,41.54,True,,41.54,False,observed,2025-06-14,2025,6,14,165,8,0,5,Saturday,False,True,summer,weekend,10.385
2025-06-14 08:15:00,B002,76.6,42.3,True,,42.3,False,observed,2025-06-14,2025,6,14,165,8,15,5,Saturday,False,True,summer,weekend,10.575
2025-06-14 08:30:00,B002,77.5,56.88,True,,56.88,False,observed,2025-06-14,2025,6,14,165,8,30,5,Saturday,False,True,summer,weekend,14.22
2025-06-14 08:45:00,B002,78.4,58.36,True,,58.36,False,observed,2025-06-14,2025,6,14,165,8,45,5,Saturday,False,True,summer,weekend,14.59
2025-06-14 09:00:00,B002,79.3,47.64,True,,47.64,False,observed,2025-06-14,2025,6,14,165,9,0,5,Saturday,False,True,summer,weekend,11.91
2025-06-14 09:15:00,B002,80.2,58.83,True,,58.83,False,observed,2025-06-14,2025,6,14,165,9,15,5,Saturday,False,True,summer,weekend,14.7075
2025-06-14 09:30:00,B002,81.0,65.01,True,,65.01,False,observed,2025-06-14,2025,6,14,165,9,30,5,Saturday,False,True,summer,weekend,16.2525
2025-06-14 09:45:00,B002,81.8,71.85,True,,71.85,False,observed,2025-06-14,2025,6,14,165,9,45,5,Saturday,False,True,summer,weekend,17.9625
2025-06-14 10:00:00,B002,82.5,75.64,True,,75.64,False,observed,2025-06-14,2025,6,14,165,10,0,5,Saturday,False,True,summer,weekend,18.91
2025-06-14 10:15:00,B002,83.3,74.72,True,,74.72,False,observed,2025-06-14,2025,6,14,165,10,15,5,Saturday,False,True,summer,weekend,18.68
2025-06-14 10:30:00,B002,83.9,79.17,True,,79.17,False,observed,2025-06-14,2025,6,14,165,10,30,5,Saturday,False,True,summer,weekend,19.7925
2025-06-14 10:45:00,B002,84.5,78.5,True,,78.5,False,observed,2025-06-14,2025,6,14,165,10,45,5,Saturday,False,True,summer,weekend,19.625
2025-06-14 11:00:00,B002,85.1,76.31,True,,76.31,False,observed,2025-06-14,2025,6,14,165,11,0,5,Saturday,False,True,summer,weekend,19.0775
2025-06-14 11:15:00,B002,85.6,80.82,True,,80.82,False,observed,2025-06-14,2025,6,14,165,11,15,5,Saturday,False,True,summer,weekend,20.205
2025-06-14 11:30:00,B002,86.0,84.3,True,,84.3,False,observed,2025-06-14,2025,6,14,165,11,30,5,Saturday,False,True,summer,weekend,21.075
2025-06-14 11:45:00,B002,86.4,85.56,True,,85.56,False,observed,2025-06-14,2025,6,14,165,11,45,5,Saturday,False,True,summer,weekend,21.39
2025-06-14 12:00:00,B002,86.8,75.79,True,,75.79,False,observed,2025-06-14,2025,6,14,165,12,0,5,Saturday,False,True,summer,weekend,18.9475
2025-06-14 12:15:00,B002,87.0,85.8,True,,85.8,False,observed,2025-06-14,2025,6,14,165,12,15,5,Saturday,False,True,summer,weekend,21.45
2025-06-14 12:30:00,B002,87.3,89.37,True,,89.37,False,observed,2025-06-14,2025,6,14,165,12,30,5,Saturday,False,True,summer,weekend,22.342500000000005
2025-06-14 12:45:00,B002,87.4,87.93,True,,87.93,False,observed,2025-06-14,2025,6,14,165,12,45,5,Saturday,False,True,summer,weekend,21.9825
2025-06-14 13:00:00,B002,87.5,88.47,True,,88.47,False,observed,2025-06-14,2025,6,14,165,13,0,5,Saturday,False,True,summer,weekend,22.1175
2025-06-14 13:15:00,B002,87.5,92.96,True,,92.96,False,observed,2025-06-14,2025,6,14,165,13,15,5,Saturday,False,True,summer,weekend,23.24
2025-06-14 13:30:00,B002,87.5,83.38,True,,83.38,False,observed,2025-06-14,2025,6,14,165,13,30,5,Saturday,False,True,summer,weekend,20.844999999999995
2025-06-14 13:45:00,B002,87.4,79.65,True,,79.65,False,observed,2025-06-14,2025,6,14,165,13,45,5,Saturday,False,True,summer,weekend,19.9125
2025-06-14 14:00:00,B002,87.2,86.64,True,,86.64,False,observed,2025-06-14,2025,6,14,165,14,0,5,Saturday,False,True,summer,weekend,21.66
2025-06-14 14:15:00,B002,86.9,92.37,True,,92.37,False,observed,2025-06-14,2025,6,14,165,14,15,5,Saturday,False,True,summer,weekend,23.092500000000005
2025-06-14 14:30:00,B002,86.6,96.72,True,,96.72,False,observed,2025-06-14,2025,6,14,165,14,30,5,Saturday,False,True,summer,weekend,24.18
2025-06-14 14:45:00,B002,86.3,89.86,True,,89.86,False,observed,2025-06-14,2025,6,14,165,14,45,5,Saturday,False,True,summer,weekend,22.465
2025-06-14 15:00:00,B002,85.9,74.69,True,,74.69,False,observed,2025-06-14,2025,6,14,165,15,0,5,Saturday,False,True,summer,weekend,18.6725
2025-06-14 15:15:00,B002,85.4,80.21,True,,80.21,False,observed,2025-06-14,2025,6,14,165,15,15,5,Saturday,False,True,summer,weekend,20.0525
2025-06-14 15:30:00,B002,84.9,81.02,True,,81.02,False,observed,2025-06-14,2025,6,14,165,15,30,5,Saturday,False,True,summer,weekend,20.255
2025-06-14 15:45:00,B002,84.3,78.22,True,,78.22,False,observed,2025-06-14,2025,6,14,165,15,45,5,Saturday,False,True,summer,weekend,19.555
2025-06-14 16:00:00,B002,83.7,77.86,True,,77.86,False,observed,2025-06-14,2025,6,14,165,16,0,5,Saturday,False,True,summer,weekend,19.465
2025-06-14 16:15:00,B002,83.0,66.4,True,,66.4,False,observed,2025-06-14,2025,6,14,165,16,15,5,Saturday,False,True,summer,weekend,16.6
2025-06-14 16:30:00,B002,82.3,69.39,True,,69.39,False,observed,2025-06-14,2025,6,14,165,16,30,5,Saturday,False,True,summer,weekend,17.3475
2025-06-14 16:45:00,B002,81.5,68.46,True,,68.46,False,observed,2025-06-14,2025,6,14,165,16,45,5,Saturday,False,True,summer,weekend,17.115
2025-06-14 17:00:00,B002,80.7,67.67,True,,67.67,False,observed,2025-06-14,2025,6,14,165,17,0,5,Saturday,False,True,summer,weekend,16.9175
2025-06-14 17:15:00,B002,79.8,54.52,True,,54.52,False,observed,2025-06-14,2025,6,14,165,17,15,5,Saturday,False,True,summer,weekend,13.63
2025-06-14 17:30:00,B002,79.0,53.8,True,,53.8,False,observed,2025-06-14,2025,6,14,165,17,30,5,Saturday,False,True,summer,weekend,13.45
2025-06-14 17:45:00,B002,78.1,36.05,True,,36.05,False,observed,2025-06-14,2025,6,14,165,17,45,5,Saturday,False,True,summer,weekend,9.0125
2025-06-14 18:00:00,B002,77.1,44.85,True,,44.85,False,observed,2025-06-14,2025,6,14,165,18,0,5,Saturday,False,True,summer,weekend,11.2125
2025-06-14 18:15:00,B002,76.2,41.66,True,,41.66,False,observed,2025-06-14,2025,6,14,165,18,15,5,Saturday,False,True,summer,weekend,10.415
2025-06-14 18:30:00,B002,75.2,34.85,True,,34.85,False,observed,2025-06-14,2025,6,14,165,18,30,5,Saturday,False,True,summer,weekend,8.7125
2025-06-14 18:45:00,B002,74.3,40.99,True,,40.99,False,observed,2025-06-14,2025,6,14,165,18,45,5,Saturday,False,True,summer,weekend,10.2475
2025-06-14 19:00:00,B002,73.3,39.66,True,,39.66,False,observed,2025-06-14,2025,6,14,165,19,0,5,Saturday,False,True,summer,weekend,9.915
2025-06-14 19:15:00,B002,72.3,26.44,True,,26.44,False,observed,2025-06-14,2025,6,14,165,19,15,5,Saturday,False,True,summer,weekend,6.61
2025-06-14 19:30:00,B002,71.3,41.29,True,,41.29,False,observed,2025-06-14,2025,6,14,165,19,30,5,Saturday,False,True,summer,weekend,10.3225
2025-06-14 19:45:00,B002,70.4,34.43,True,,34.43,False,observed,2025-06-14,2025,6,14,165,19,45,5,Saturday,False,True,summer,weekend,8.6075
2025-06-14 20:00:00,B002,69.4,42.91,True,,42.91,False,observed,2025-06-14,2025,6,14,165,20,0,5,Saturday,False,True,summer,weekend,10.7275
2025-06-14 20:15:00,B002,68.4,32.31,True,,32.31,False,observed,2025-06-14,2025,6,14,165,20,15,5,Saturday,False,True,summer,weekend,8.0775
2025-06-14 20:30:00,B002,67.5,40.18,True,,40.18,False,observed,2025-06-14,2025,6,14,165,20,30,5,Saturday,False,True,summer,weekend,10.045
2025-06-14 20:45:00,B002,66.6,38.3,True,,38.3,False,observed,2025-06-14,2025,6,14,165,20,45,5,Saturday,False,True,summer,weekend,9.575
2025-06-14 21:00:00,B002,65.7,41.82,True,,41.82,False,observed,2025-06-14,2025,6,14,165,21,0,5,Saturday,False,True,summer,weekend,10.455
2025-06-14 21:15:00,B002,64.8,40.75,True,,40.75,False,observed,2025-06-14,2025,6,14,165,21,15,5,Saturday,False,True,summer,weekend,10.1875
2025-06-14 21:30:00,B002,64.0,38.47,True,,38.47,False,observed,2025-06-14,2025,6,14,165,21,30,5,Saturday,False,True,summer,weekend,9.6175
2025-06-14 21:45:00,B002,63.2,30.78,True,,30.78,False,observed,2025-06-14,2025,6,14,165,21,45,5,Saturday,False,True,summer,weekend,7.695000000000001
2025-06-14 22:00:00,B002,62.5,31.14,True,,31.14,False,observed,2025-06-14,2025,6,14,165,22,0,5,Saturday,False,True,summer,weekend,7.785
2025-06-14 22:15:00,B002,61.8,36.5,True,,36.5,False,observed,2025-06-14,2025,6,14,165,22,15,5,Saturday,False,True,summer,weekend,9.125
2025-06-14 22:30:00,B002,61.1,39.95,True,,39.95,False,observed,2025-06-14,2025,6,14,165,22,30,5,Saturday,False,True,summer,weekend,9.9875
2025-06-14 22:45:00,B002,60.5,36.35,True,,36.35,False,observed,2025-06-14,2025,6,14,165,22,45,5,Saturday,False,True,summer,weekend,9.0875
2025-06-14 23:00:00,B002,59.9,43.75,True,,43.75,False,observed,2025-06-14,2025,6,14,165,23,0,5,Saturday,False,True,summer,weekend,10.9375
2025-06-14 23:15:00,B002,59.4,38.32,True,,38.32,False,observed,2025-06-14,2025,6,14,165,23,15,5,Saturday,False,True,summer,weekend,9.58
2025-06-14 23:30:00,B002,59.0,34.21,True,,34.21,False,observed,2025-06-14,2025,6,14,165,23,30,5,Saturday,False,True,summer,weekend,8.5525
2025-06-14 23:45:00,B002,58.6,38.33,True,,38.33,False,observed,2025-06-14,2025,6,14,165,23,45,5,Saturday,False,True,summer,weekend,9.5825
2025-06-15 00:00:00,B002,58.2,41.36,True,,41.36,False,observed,2025-06-15,2025,6,15,166,0,0,6,Sunday,False,True,summer,weekend,10.34
2025-06-15 00:15:00,B002,55.3,41.95,True,,41.95,False,observed,2025-06-15,2025,6,15,166,0,15,6,Sunday,False,True,summer,weekend,10.4875
2025-06-15 00:30:00,B002,55.1,51.27,True,,51.27,False,observed,2025-06-15,2025,6,15,166,0,30,6,Sunday,False,True,summer,weekend,12.8175
2025-06-15 00:45:00,B002,55.0,35.99,True,,35.99,False,observed,2025-06-15,2025,6,15,166,0,45,6,Sunday,False,True,summer,weekend,8.9975
2025-06-15 01:00:00,B002,54.9,39.56,True,,39.56,False,observed,2025-06-15,2025,6,15,166,1,0,6,Sunday,False,True,summer,weekend,9.890000000000002
2025-06-15 01:15:00,B002,54.9,42.56,True,,42.56,False,observed,2025-06-15,2025,6,15,166,1,15,6,Sunday,False,True,summer,weekend,10.640000000000002
2025-06-15 01:30:00,B002,54.9,39.86,True,,39.86,False,observed,2025-06-15,2025,6,15,166,1,30,6,Sunday,False,True,summer,weekend,9.965
2025-06-15 01:45:00,B002,55.0,37.0,True,,37.0,False,observed,2025-06-15,2025,6,15,166,1,45,6,Sunday,False,True,summer,weekend,9.25
2025-06-15 02:00:00,B002,55.2,30.7,True,,30.7,False,observed,2025-06-15,2025,6,15,166,2,0,6,Sunday,False,True,summer,weekend,7.675
2025-06-15 02:15:00,B002,55.4,36.93,True,,36.93,False,observed,2025-06-15,2025,6,15,166,2,15,6,Sunday,False,True,summer,weekend,9.2325
2025-06-15 02:30:00,B002,55.7,33.56,True,,33.56,False,observed,2025-06-15,2025,6,15,166,2,30,6,Sunday,False,True,summer,weekend,8.39
2025-06-15 02:45:00,B002,56.1,29.64,True,,29.64,False,observed,2025-06-15,2025,6,15,166,2,45,6,Sunday,False,True,summer,weekend,7.41
2025-06-15 03:00:00,B002,56.5,35.23,True,,35.23,False,observed,2025-06-15,2025,6,15,166,3,0,6,Sunday,False,True,summer,weekend,8.8075
2025-06-15 03:15:00,B002,57.0,33.72,True,,33.72,False,observed,2025-06-15,2025,6,15,166,3,15,6,Sunday,False,True,summer,weekend,8.43
2025-06-15 03:30:00,B002,57.5,43.5,True,,43.5,False,observed,2025-06-15,2025,6,15,166,3,30,6,Sunday,False,True,summer,weekend,10.875
2025-06-15 03:45:00,B002,58.1,43.61,True,,43.61,False,observed,2025-06-15,2025,6,15,166,3,45,6,Sunday,False,True,summer,weekend,10.9025
2025-06-15 04:00:00,B002,58.7,34.58,True,,34.58,False,observed,2025-06-15,2025,6,15,166,4,0,6,Sunday,False,True,summer,weekend,8.645
2025-06-15 04:15:00,B002,59.4,38.44,True,,38.44,False,observed,2025-06-15,2025,6,15,166,4,15,6,Sunday,False,True,summer,weekend,9.609999999999998
2025-06-15 04:30:00,B002,60.1,28.85,True,,28.85,False,observed,2025-06-15,2025,6,15,166,4,30,6,Sunday,False,True,summer,weekend,7.2125
2025-06-15 04:45:00,B002,60.9,37.03,True,,37.03,False,observed,2025-06-15,2025,6,15,166,4,45,6,Sunday,False,True,summer,weekend,9.2575
2025-06-15 05:00:00,B002,61.7,42.39,True,,42.39,False,observed,2025-06-15,2025,6,15,166,5,0,6,Sunday,False,True,summer,weekend,10.5975
2025-06-15 05:15:00,B002,62.5,44.95,True,,44.95,False,observed,2025-06-15,2025,6,15,166,5,15,6,Sunday,False,True,summer,weekend,11.2375
2025-06-15 05:30:00,B002,63.4,35.72,True,,35.72,False,observed,2025-06-15,2025,6,15,166,5,30,6,Sunday,False,True,summer,weekend,8.93
2025-06-15 05:45:00,B002,64.3,46.31,True,,46.31,False,observed,2025-06-15,2025,6,15,166,5,45,6,Sunday,False,True,summer,weekend,11.577500000000002
2025-06-15 06:00:00,B002,65.2,30.91,True,,30.91,False,observed,2025-06-15,2025,6,15,166,6,0,6,Sunday,False,True,summer,weekend,7.7275
2025-06-15 06:15:00,B002,66.2,32.51,True,,32.51,False,observed,2025-06-15,2025,6,15,166,6,15,6,Sunday,False,True,summer,weekend,8.1275
2025-06-15 06:30:00,B002,67.1,44.26,True,,44.26,False,observed,2025-06-15,2025,6,15,166,6,30,6,Sunday,False,True,summer,weekend,11.065
2025-06-15 06:45:00,B002,68.1,50.03,True,,50.03,False,observed,2025-06-15,2025,6,15,166,6,45,6,Sunday,False,True,summer,weekend,12.5075
2025-06-15 07:00:00,B002,69.1,42.96,True,,42.96,False,observed,2025-06-15,2025,6,15,166,7,0,6,Sunday,False,True,summer,weekend,10.74
2025-06-15 07:15:00,B002,70.1,39.76,True,,39.76,False,observed,2025-06-15,2025,6,15,166,7,15,6,Sunday,False,True,summer,weekend,9.94
2025-06-15 07:30:00,B002,71.0,26.83,True,,26.83,False,observed,2025-06-15,2025,6,15,166,7,30,6,Sunday,False,True,summer,weekend,6.7075
2025-06-15 07:45:00,B002,72.0,27.87,True,,27.87,False,observed,2025-06-15,2025,6,15,166,7,45,6,Sunday,False,True,summer,weekend,6.9675
2025-06-15 08:00:00,B002,73.0,40.78,True,,40.78,False,observed,2025-06-15,2025,6,15,166,8,0,6,Sunday,False,True,summer,weekend,10.195
2025-06-15 08:15:00,B002,73.9,37.85,True,,37.85,False,observed,2025-06-15,2025,6,15,166,8,15,6,Sunday,False,True,summer,weekend,9.4625
2025-06-15 08:30:00,B002,74.9,33.36,True,,33.36,False,observed,2025-06-15,2025,6,15,166,8,30,6,Sunday,False,True,summer,weekend,8.34
2025-06-15 08:45:00,B002,75.8,43.56,True,,43.56,False,observed,2025-06-15,2025,6,15,166,8,45,6,Sunday,False,True,summer,weekend,10.890000000000002
2025-06-15 09:00:00,B002,76.7,47.41,True,,47.41,False,observed,2025-06-15,2025,6,15,166,9,0,6,Sunday,False,True,summer,weekend,11.8525
2025-06-15 09:15:00,B002,77.5,55.82,True,,55.82,False,observed,2025-06-15,2025,6,15,166,9,15,6,Sunday,False,True,summer,weekend,13.955
2025-06-15 09:30:00,B002,78.4,54.28,True,,54.28,False,observed,2025-06-15,2025,6,15,166,9,30,6,Sunday,False,True,summer,weekend,13.57
2025-06-15 09:45:00,B002,79.2,64.0,True,,64.0,False,observed,2025-06-15,2025,6,15,166,9,45,6,Sunday,False,True,summer,weekend,16.0
2025-06-15 10:00:00,B002,79.9,59.68,True,,59.68,False,observed,2025-06-15,2025,6,15,166,10,0,6,Sunday,False,True,summer,weekend,14.92
2025-06-15 10:15:00,B002,80.6,61.77,True,,61.77,False,observed,2025-06-15,2025,6,15,166,10,15,6,Sunday,False,True,summer,weekend,15.4425
2025-06-15 10:30:00,B002,81.3,71.49,True,,71.49,False,observed,2025-06-15,2025,6,15,166,10,30,6,Sunday,False,True,summer,weekend,17.8725
2025-06-15 10:45:00,B002,81.9,61.68,True,,61.68,False,observed,2025-06-15,2025,6,15,166,10,45,6,Sunday,False,True,summer,weekend,15.42
2025-06-15 11:00:00,B002,82.5,86.69,True,,86.69,False,observed,2025-06-15,2025,6,15,166,11,0,6,Sunday,False,True,summer,weekend,21.6725
2025-06-15 11:15:00,B002,83.0,74.08,True,,74.08,False,observed,2025-06-15,2025,6,15,166,11,15,6,Sunday,False,True,summer,weekend,18.52
2025-06-15 11:30:00,B002,83.4,75.92,True,,75.92,False,observed,2025-06-15,2025,6,15,166,11,30,6,Sunday,False,True,summer,weekend,18.98
2025-06-15 11:45:00,B002,83.8,78.36,True,,78.36,False,observed,2025-06-15,2025,6,15,166,11,45,6,Sunday,False,True,summer,weekend,19.59
2025-06-15 12:00:00,B002,84.1,87.81,True,,87.81,False,observed,2025-06-15,2025,6,15,166,12,0,6,Sunday,False,True,summer,weekend,21.9525
2025-06-15 12:15:00,B002,84.4,82.39,True,,82.39,False,observed,2025-06-15,2025,6,15,166,12,15,6,Sunday,False,True,summer,weekend,20.5975
2025-06-15 12:30:00,B002,84.6,68.85,True,,68.85,False,observed,2025-06-15,2025,6,15,166,12,30,6,Sunday,False,True,summer,weekend,17.2125
2025-06-15 12:45:00,B002,84.8,87.49,True,,87.49,False,observed,2025-06-15,2025,6,15,166,12,45,6,Sunday,False,True,summer,weekend,21.8725
2025-06-15 13:00:00,B002,84.8,77.35,True,,77.35,False,observed,2025-06-15,2025,6,15,166,13,0,6,Sunday,False,True,summer,weekend,19.3375
2025-06-15 13:15:00,B002,84.9,80.12,True,,80.12,False,observed,2025-06-15,2025,6,15,166,13,15,6,Sunday,False,True,summer,weekend,20.030000000000005
2025-06-15 13:30:00,B002,84.8,71.62,True,,71.62,False,observed,2025-06-15,2025,6,15,166,13,30,6,Sunday,False,True,summer,weekend,17.905000000000005
2025-06-15 13:45:00,B002,84.7,82.02,True,,82.02,False,observed,2025-06-15,2025,6,15,166,13,45,6,Sunday,False,True,summer,weekend,20.505
2025-06-15 14:00:00,B002,84.5,74.26,True,,74.26,False,observed,2025-06-15,2025,6,15,166,14,0,6,Sunday,False,True,summer,weekend,18.565
2025-06-15 14:15:00,B002,84.3,77.83,True,,77.83,False,observed,2025-06-15,2025,6,15,166,14,15,6,Sunday,False,True,summer,weekend,19.4575
2025-06-15 14:30:00,B002,84.0,74.33,True,,74.33,False,observed,2025-06-15,2025,6,15,166,14,30,6,Sunday,False,True,summer,weekend,18.5825
2025-06-15 14:45:00,B002,83.7,86.16,True,,86.16,False,observed,2025-06-15,2025,6,15,166,14,45,6,Sunday,False,True,summer,weekend,21.54
2025-06-15 15:00:00,B002,83.2,84.83,True,,84.83,False,observed,2025-06-15,2025,6,15,166,15,0,6,Sunday,False,True,summer,weekend,21.2075
2025-06-15 15:15:00,B002,82.8,71.32,True,,71.32,False,observed,2025-06-15,2025,6,15,166,15,15,6,Sunday,False,True,summer,weekend,17.83
2025-06-15 15:30:00,B002,82.2,69.31,True,,69.31,False,observed,2025-06-15,2025,6,15,166,15,30,6,Sunday,False,True,summer,weekend,17.3275
2025-06-15 15:45:00,B002,81.6,64.36,True,,64.36,False,observed,2025-06-15,2025,6,15,166,15,45,6,Sunday,False,True,summer,weekend,16.09
2025-06-15 16:00:00,B002,81.0,70.7,True,,70.7,False,observed,2025-06-15,2025,6,15,166,16,0,6,Sunday,False,True,summer,weekend,17.675
2025-06-15 16:15:00,B002,80.3,59.37,True,,59.37,False,observed,2025-06-15,2025,6,15,166,16,15,6,Sunday,False,True,summer,weekend,14.8425
2025-06-15 16:30:00,B002,79.6,55.92,True,,55.92,False,observed,2025-06-15,2025,6,15,166,16,30,6,Sunday,False,True,summer,weekend,13.98
2025-06-15 16:45:00,B002,78.8,61.25,True,,61.25,False,observed,2025-06-15,2025,6,15,166,16,45,6,Sunday,False,True,summer,weekend,15.3125
2025-06-15 17:00:00,B002,78.0,48.93,True,,48.93,False,observed,2025-06-15,2025,6,15,166,17,0,6,Sunday,False,True,summer,weekend,12.2325
2025-06-15 17:15:00,B002,77.2,48.57,True,,48.57,False,observed,2025-06-15,2025,6,15,166,17,15,6,Sunday,False,True,summer,weekend,12.1425
2025-06-15 17:30:00,B002,76.3,35.82,True,,35.82,False,observed,2025-06-15,2025,6,15,166,17,30,6,Sunday,False,True,summer,weekend,8.955
2025-06-15 17:45:00,B002,75.4,45.94,True,,45.94,False,observed,2025-06-15,2025,6,15,166,17,45,6,Sunday,False,True,summer,weekend,11.484999999999998
2025-06-15 18:00:00,B002,74.5,51.65,True,,51.65,False,observed,2025-06-15,2025,6,15,166,18,0,6,Sunday,False,True,summer,weekend,12.9125
2025-06-15 18:15:00,B002,73.6,44.33,True,,44.33,False,observed,2025-06-15,2025,6,15,166,18,15,6,Sunday,False,True,summer,weekend,11.0825
2025-06-15 18:30:00,B002,72.6,48.77,True,,48.77,False,observed,2025-06-15,2025,6,15,166,18,30,6,Sunday,False,True,summer,weekend,12.1925
2025-06-15 18:45:00,B002,71.6,34.92,True,,34.92,False,observed,2025-06-15,2025,6,15,166,18,45,6,Sunday,False,True,summer,weekend,8.73
2025-06-15 19:00:00,B002,70.7,41.42,True,,41.42,False,observed,2025-06-15,2025,6,15,166,19,0,6,Sunday,False,True,summer,weekend,10.355
2025-06-15 19:15:00,B002,69.7,34.34,True,,34.34,False,observed,2025-06-15,2025,6,15,166,19,15,6,Sunday,False,True,summer,weekend,8.585
2025-06-15 19:30:00,B002,68.7,38.63,True,,38.63,False,observed,2025-06-15,2025,6,15,166,19,30,6,Sunday,False,True,summer,weekend,9.6575
2025-06-15 19:45:00,B002,67.7,44.63,True,,44.63,False,observed,2025-06-15,2025,6,15,166,19,45,6,Sunday,False,True,summer,weekend,11.1575
2025-06-15 20:00:00,B002,66.8,40.61,True,,40.61,False,observed,2025-06-15,2025,6,15,166,20,0,6,Sunday,False,True,summer,weekend,10.1525
2025-06-15 20:15:00,B002,65.8,31.52,True,,31.52,False,observed,2025-06-15,2025,6,15,166,20,15,6,Sunday,False,True,summer,weekend,7.88
2025-06-15 20:30:00,B002,64.9,32.11,True,,32.11,False,observed,2025-06-15,2025,6,15,166,20,30,6,Sunday,False,True,summer,weekend,8.0275
2025-06-15 20:45:00,B002,63.9,31.71,True,,31.71,False,observed,2025-06-15,2025,6,15,166,20,45,6,Sunday,False,True,summer,weekend,7.9275
2025-06-15 21:00:00,B002,63.1,42.95,True,,42.95,False,observed,2025-06-15,2025,6,15,166,21,0,6,Sunday,False,True,summer,weekend,10.7375
2025-06-15 21:15:00,B002,62.2,52.38,True,,52.38,False,observed,2025-06-15,2025,6,15,166,21,15,6,Sunday,False,True,summer,weekend,13.095
2025-06-15 21:30:00,B002,61.4,48.17,True,,48.17,False,observed,2025-06-15,2025,6,15,166,21,30,6,Sunday,False,True,summer,weekend,12.0425
2025-06-15 21:45:00,B002,60.6,28.62,True,,28.62,False,observed,2025-06-15,2025,6,15,166,21,45,6,Sunday,False,True,summer,weekend,7.155
2025-06-15 22:00:00,B002,59.8,48.53,True,,48.53,False,observed,2025-06-15,2025,6,15,166,22,0,6,Sunday,False,True,summer,weekend,12.1325
2025-06-15 22:15:00,B002,59.1,45.62,True,,45.62,False,observed,2025-06-15,2025,6,15,166,22,15,6,Sunday,False,True,summer,weekend,11.405
2025-06-15 22:30:00,B002,58.5,30.73,True,,30.73,False,observed,2025-06-15,2025,6,15,166,22,30,6,Sunday,False,True,summer,weekend,7.6825
2025-06-15 22:45:00,B002,57.9,38.18,True,,38.18,False,observed,2025-06-15,2025,6,15,166,22,45,6,Sunday,False,True,summer,weekend,9.545
2025-06-15 23:00:00,B002,57.3,46.57,True,,46.57,False,observed,2025-06-15,2025,6,15,166,23,0,6,Sunday,False,True,summer,weekend,11.6425
2025-06-15 23:15:00,B002,56.8,43.3,True,,43.3,False,observed,2025-06-15,2025,6,15,166,23,15,6,Sunday,False,True,summer,weekend,10.825
2025-06-15 23:30:00,B002,56.3,32.15,True,,32.15,False,observed,2025-06-15,2025,6,15,166,23,30,6,Sunday,False,True,summer,weekend,8.0375
2025-06-15 23:45:00,B002,55.9,43.66,True,,43.66,False,observed,2025-06-15,2025,6,15,166,23,45,6,Sunday,False,True,summer,weekend,10.915
2025-06-16 00:00:00,B002,55.6,87.17,True,,87.17,False,observed,2025-06-16,2025,6,16,167,0,0,0,Monday,True,False,summer,weekday,21.7925
2025-06-16 00:15:00,B002,50.0,98.66,True,,98.66,False,observed,2025-06-16,2025,6,16,167,0,15,0,Monday,True,False,summer,weekday,24.665
2025-06-16 00:30:00,B002,49.8,106.83,True,,106.83,False,observed,2025-06-16,2025,6,16,167,0,30,0,Monday,True,False,summer,weekday,26.7075
2025-06-16 00:45:00,B002,49.7,100.11,True,,100.11,False,observed,2025-06-16,2025,6,16,167,0,45,0,Monday,True,False,summer,weekday,25.0275
2025-06-16 01:00:00,B002,49.6,97.01,True,,97.01,False,observed,2025-06-16,2025,6,16,167,1,0,0,Monday,True,False,summer,weekday,24.2525
2025-06-16 01:15:00,B002,49.6,105.34,True,,105.34,False,observed,2025-06-16,2025,6,16,167,1,15,0,Monday,True,False,summer,weekday,26.335
2025-06-16 01:30:00,B002,49.6,105.85,True,,105.85,False,observed,2025-06-16,2025,6,16,167,1,30,0,Monday,True,False,summer,weekday,26.4625
2025-06-16 01:45:00,B002,49.7,107.86,True,,107.86,False,observed,2025-06-16,2025,6,16,167,1,45,0,Monday,True,False,summer,weekday,26.965
2025-06-16 02:00:00,B002,49.9,105.25,True,,105.25,False,observed,2025-06-16,2025,6,16,167,2,0,0,Monday,True,False,summer,weekday,26.3125
2025-06-16 02:15:00,B002,50.1,106.49,True,,106.49,False,observed,2025-06-16,2025,6,16,167,2,15,0,Monday,True,False,summer,weekday,26.6225
2025-06-16 02:30:00,B002,50.4,104.4,True,,104.4,False,observed,2025-06-16,2025,6,16,167,2,30,0,Monday,True,False,summer,weekday,26.1
2025-06-16 02:45:00,B002,50.8,101.59,True,,101.59,False,observed,2025-06-16,2025,6,16,167,2,45,0,Monday,True,False,summer,weekday,25.3975
2025-06-16 03:00:00,B002,51.2,100.54,True,,100.54,False,observed,2025-06-16,2025,6,16,167,3,0,0,Monday,True,False,summer,weekday,25.135
2025-06-16 03:15:00,B002,51.7,98.58,True,,98.58,False,observed,2025-06-16,2025,6,16,167,3,15,0,Monday,True,False,summer,weekday,24.645
2025-06-16 03:30:00,B002,52.2,92.73,True,,92.73,False,observed,2025-06-16,2025,6,16,167,3,30,0,Monday,True,False,summer,weekday,23.1825
2025-06-16 03:45:00,B002,52.8,94.27,True,,94.27,False,observed,2025-06-16,2025,6,16,167,3,45,0,Monday,True,False,summer,weekday,23.5675
2025-06-16 04:00:00,B002,53.4,98.31,True,,98.31,False,observed,2025-06-16,2025,6,16,167,4,0,0,Monday,True,False,summer,weekday,24.5775
2025-06-16 04:15:00,B002,54.1,101.45,True,,101.45,False,observed,2025-06-16,2025,6,16,167,4,15,0,Monday,True,False,summer,weekday,25.3625
2025-06-16 04:30:00,B002,54.8,108.65,True,,108.65,False,observed,2025-06-16,2025,6,16,167,4,30,0,Monday,True,False,summer,weekday,27.1625
2025-06-16 04:45:00,B002,55.6,99.75,True,,99.75,False,observed,2025-06-16,2025,6,16,167,4,45,0,Monday,True,False,summer,weekday,24.9375
2025-06-16 05:00:00,B002,56.4,106.02,True,,106.02,False,observed,2025-06-16,2025,6,16,167,5,0,0,Monday,True,False,summer,weekday,26.505
2025-06-16 05:15:00,B002,57.2,106.48,True,,106.48,False,observed,2025-06-16,2025,6,16,167,5,15,0,Monday,True,False,summer,weekday,26.62
2025-06-16 05:30:00,B002,58.1,98.62,True,,98.62,False,observed,2025-06-16,2025,6,16,167,5,30,0,Monday,True,False,summer,weekday,24.655000000000005
2025-06-16 05:45:00,B002,59.0,103.58,True,,103.58,False,observed,2025-06-16,2025,6,16,167,5,45,0,Monday,True,False,summer,weekday,25.895
2025-06-16 06:00:00,B002,59.9,98.56,True,,98.56,False,observed,2025-06-16,2025,6,16,167,6,0,0,Monday,True,False,summer,weekday,24.64
2025-06-16 06:15:00,B002,60.9,107.97,True,,107.97,False,observed,2025-06-16,2025,6,16,167,6,15,0,Monday,True,False,summer,weekday,26.9925
2025-06-16 06:30:00,B002,61.8,103.88,True,,103.88,False,observed,2025-06-16,2025,6,16,167,6,30,0,Monday,True,False,summer,weekday,25.969999999999995
2025-06-16 06:45:00,B002,62.8,92.98,True,,92.98,False,observed,2025-06-16,2025,6,16,167,6,45,0,Monday,True,False,summer,weekday,23.245
2025-06-16 07:00:00,B002,63.8,101.19,True,,101.19,False,observed,2025-06-16,2025,6,16,167,7,0,0,Monday,True,False,summer,weekday,25.2975
2025-06-16 07:15:00,B002,64.8,110.28,True,,110.28,False,observed,2025-06-16,2025,6,16,167,7,15,0,Monday,True,False,summer,weekday,27.57
2025-06-16 07:30:00,B002,65.7,99.59,True,,99.59,False,observed,2025-06-16,2025,6,16,167,7,30,0,Monday,True,False,summer,weekday,24.8975
2025-06-16 07:45:00,B002,66.7,103.83,True,,103.83,False,observed,2025-06-16,2025,6,16,167,7,45,0,Monday,True,False,summer,weekday,25.9575
2025-06-16 08:00:00,B002,67.7,105.17,True,,105.17,False,observed,2025-06-16,2025,6,16,167,8,0,0,Monday,True,False,summer,weekday,26.2925
2025-06-16 08:15:00,B002,68.6,96.83,True,,96.83,False,observed,2025-06-16,2025,6,16,167,8,15,0,Monday,True,False,summer,weekday,24.2075
2025-06-16 08:30:00,B002,69.6,107.85,True,,107.85,False,observed,2025-06-16,2025,6,16,167,8,30,0,Monday,True,False,summer,weekday,26.9625
2025-06-16 08:45:00,B002,70.5,98.98,True,,98.98,False,observed,2025-06-16,2025,6,16,167,8,45,0,Monday,True,False,summer,weekday,24.745
2025-06-16 09:00:00,B002,71.4,107.23,True,,107.23,False,observed,2025-06-16,2025,6,16,167,9,0,0,Monday,True,False,summer,weekday,26.8075
2025-06-16 09:15:00,B002,72.2,122.49,True,,122.49,False,observed,2025-06-16,2025,6,16,167,9,15,0,Monday,True,False,summer,weekday,30.6225
2025-06-16 09:30:00,B002,73.1,124.99,True,,124.99,False,observed,2025-06-16,2025,6,16,167,9,30,0,Monday,True,False,summer,weekday,31.2475
2025-06-16 09:45:00,B002,73.8,129.94,True,,129.94,False,observed,2025-06-16,2025,6,16,167,9,45,0,Monday,True,False,summer,weekday,32.485
2025-06-16 10:00:00,B002,74.6,145.78,True,,145.78,False,observed,2025-06-16,2025,6,16,167,10,0,0,Monday,True,False,summer,weekday,36.445
2025-06-16 10:15:00,B002,75.3,157.95,True,,157.95,False,observed,2025-06-16,2025,6,16,167,10,15,0,Monday,True,False,summer,weekday,39.4875
2025-06-16 10:30:00,B002,76.0,177.71,True,,177.71,False,observed,2025-06-16,2025,6,16,167,10,30,0,Monday,True,False,summer,weekday,44.4275
2025-06-16 10:45:00,B002,76.6,203.28,True,,203.28,False,observed,2025-06-16,2025,6,16,167,10,45,0,Monday,True,False,summer,weekday,50.82
2025-06-16 11:00:00,B002,77.1,218.67,True,,218.67,False,observed,2025-06-16,2025,6,16,167,11,0,0,Monday,True,False,summer,weekday,54.6675
2025-06-16 11:15:00,B002,77.7,248.3,True,,248.3,False,observed,2025-06-16,2025,6,16,167,11,15,0,Monday,True,False,summer,weekday,62.075
2025-06-16 11:30:00,B002,78.1,271.63,True,,271.63,False,observed,2025-06-16,2025,6,16,167,11,30,0,Monday,True,False,summer,weekday,67.9075
2025-06-16 11:45:00,B002,78.5,288.71,True,,288.71,False,observed,2025-06-16,2025,6,16,167,11,45,0,Monday,True,False,summer,weekday,72.1775
2025-06-16 12:00:00,B002,78.8,315.44,True,,315.44,False,observed,2025-06-16,2025,6,16,167,12,0,0,Monday,True,False,summer,weekday,78.86
2025-06-16 12:15:00,B002,79.1,349.8,True,,349.8,False,observed,2025-06-16,2025,6,16,167,12,15,0,Monday,True,False,summer,weekday,87.45
2025-06-16 12:30:00,B002,79.3,357.64,True,,357.64,False,observed,2025-06-16,2025,6,16,167,12,30,0,Monday,True,False,summer,weekday,89.41
2025-06-16 12:45:00,B002,79.5,356.86,True,,356.86,False,observed,2025-06-16,2025,6,16,167,12,45,0,Monday,True,False,summer,weekday,89.215
2025-06-16 13:00:00,B002,79.5,358.93,True,,358.93,False,observed,2025-06-16,2025,6,16,167,13,0,0,Monday,True,False,summer,weekday,89.7325
2025-06-16 13:15:00,B002,79.6,364.54,True,,364.54,False,observed,2025-06-16,2025,6,16,167,13,15,0,Monday,True,False,summer,weekday,91.135
2025-06-16 13:30:00,B002,79.5,365.52,True,,365.52,False,observed,2025-06-16,2025,6,16,167,13,30,0,Monday,True,False,summer,weekday,91.37999999999998
2025-06-16 13:45:00,B002,79.4,340.5,True,,340.5,False,observed,2025-06-16,2025,6,16,167,13,45,0,Monday,True,False,summer,weekday,85.125
2025-06-16 14:00:00,B002,79.2,330.43,True,,330.43,False,observed,2025-06-16,2025,6,16,167,14,0,0,Monday,True,False,summer,weekday,82.6075
2025-06-16 14:15:00,B002,79.0,302.36,True,,302.36,False,observed,2025-06-16,2025,6,16,167,14,15,0,Monday,True,False,summer,weekday,75.59
2025-06-16 14:30:00,B002,78.7,278.73,True,,278.73,False,observed,2025-06-16,2025,6,16,167,14,30,0,Monday,True,False,summer,weekday,69.68250000000002
2025-06-16 14:45:00,B002,78.3,242.82,True,,242.82,False,observed,2025-06-16,2025,6,16,167,14,45,0,Monday,True,False,summer,weekday,60.705
2025-06-16 15:00:00,B002,77.9,231.8,True,,231.8,False,observed,2025-06-16,2025,6,16,167,15,0,0,Monday,True,False,summer,weekday,57.95
2025-06-16 15:15:00,B002,77.5,200.81,True,,200.81,False,observed,2025-06-16,2025,6,16,167,15,15,0,Monday,True,False,summer,weekday,50.2025
2025-06-16 15:30:00,B002,76.9,186.63,True,,186.63,False,observed,2025-06-16,2025,6,16,167,15,30,0,Monday,True,False,summer,weekday,46.6575
2025-06-16 15:45:00,B002,76.3,157.56,True,,157.56,False,observed,2025-06-16,2025,6,16,167,15,45,0,Monday,True,False,summer,weekday,39.39
2025-06-16 16:00:00,B002,75.7,147.01,True,,147.01,False,observed,2025-06-16,2025,6,16,167,16,0,0,Monday,True,False,summer,weekday,36.75249999999999
2025-06-16 16:15:00,B002,75.0,134.0,True,,134.0,False,observed,2025-06-16,2025,6,16,167,16,15,0,Monday,True,False,summer,weekday,33.5
2025-06-16 16:30:00,B002,74.3,121.92,True,,121.92,False,observed,2025-06-16,2025,6,16,167,16,30,0,Monday,True,False,summer,weekday,30.48
2025-06-16 16:45:00,B002,73.5,118.46,True,,118.46,False,observed,2025-06-16,2025,6,16,167,16,45,0,Monday,True,False,summer,weekday,29.615
2025-06-16 17:00:00,B002,72.7,109.39,True,,109.39,False,observed,2025-06-16,2025,6,16,167,17,0,0,Monday,True,False,summer,weekday,27.3475
2025-06-16 17:15:00,B002,71.9,103.45,True,,103.45,False,observed,2025-06-16,2025,6,16,167,17,15,0,Monday,True,False,summer,weekday,25.8625
2025-06-16 17:30:00,B002,71.0,114.42,True,,114.42,False,observed,2025-06-16,2025,6,16,167,17,30,0,Monday,True,False,summer,weekday,28.605
2025-06-16 17:45:00,B002,70.1,109.34,True,,109.34,False,observed,2025-06-16,2025,6,16,167,17,45,0,Monday,True,False,summer,weekday,27.335
2025-06-16 18:00:00,B002,69.2,97.33,True,,97.33,False,observed,2025-06-16,2025,6,16,167,18,0,0,Monday,True,False,summer,weekday,24.3325
2025-06-16 18:15:00,B002,68.3,104.56,True,,104.56,False,observed,2025-06-16,2025,6,16,167,18,15,0,Monday,True,False,summer,weekday,26.14
2025-06-16 18:30:00,B002,67.3,96.22,True,,96.22,False,observed,2025-06-16,2025,6,16,167,18,30,0,Monday,True,False,summer,weekday,24.055
2025-06-16 18:45:00,B002,66.3,93.28,True,,93.28,False,observed,2025-06-16,2025,6,16,167,18,45,0,Monday,True,False,summer,weekday,23.32
2025-06-16 19:00:00,B002,65.3,106.42,True,,106.42,False,observed,2025-06-16,2025,6,16,167,19,0,0,Monday,True,False,summer,weekday,26.605
2025-06-16 19:15:00,B002,64.4,89.9,True,,89.9,False,observed,2025-06-16,2025,6,16,167,19,15,0,Monday,True,False,summer,weekday,22.475
2025-06-16 19:30:00,B002,63.4,105.63,True,,105.63,False,observed,2025-06-16,2025,6,16,167,19,30,0,Monday,True,False,summer,weekday,26.407499999999995
2025-06-16 19:45:00,B002,62.4,98.52,True,,98.52,False,observed,2025-06-16,2025,6,16,167,19,45,0,Monday,True,False,summer,weekday,24.63
2025-06-16 20:00:00,B002,61.4,98.75,True,,98.75,False,observed,2025-06-16,2025,6,16,167,20,0,0,Monday,True,False,summer,weekday,24.6875
2025-06-16 20:15:00,B002,60.5,102.47,True,,102.47,False,observed,2025-06-16,2025,6,16,167,20,15,0,Monday,True,False,summer,weekday,25.6175
2025-06-16 20:30:00,B002,59.6,103.49,True,,103.49,False,observed,2025-06-16,2025,6,16,167,20,30,0,Monday,True,False,summer,weekday,25.8725
2025-06-16 20:45:00,B002,58.6,95.04,True,,95.04,False,observed,2025-06-16,2025,6,16,167,20,45,0,Monday,True,False,summer,weekday,23.76
2025-06-16 21:00:00,B002,57.8,104.31,True,,104.31,False,observed,2025-06-16,2025,6,16,167,21,0,0,Monday,True,False,summer,weekday,26.0775
2025-06-16 21:15:00,B002,56.9,100.68,True,,100.68,False,observed,2025-06-16,2025,6,16,167,21,15,0,Monday,True,False,summer,weekday,25.17
2025-06-16 21:30:00,B002,56.1,92.46,True,,92.46,False,observed,2025-06-16,2025,6,16,167,21,30,0,Monday,True,False,summer,weekday,23.115
2025-06-16 21:45:00,B002,55.3,98.98,True,,98.98,False,observed,2025-06-16,2025,6,16,167,21,45,0,Monday,True,False,summer,weekday,24.745
2025-06-16 22:00:00,B002,54.5,108.29,True,,108.29,False,observed,2025-06-16,2025,6,16,167,22,0,0,Monday,True,False,summer,weekday,27.0725
2025-06-16 22:15:00,B002,53.8,110.06,True,,110.06,False,observed,2025-06-16,2025,6,16,167,22,15,0,Monday,True,False,summer,weekday,27.515
2025-06-16 22:30:00,B002,53.2,104.3,True,,104.3,False,observed,2025-06-16,2025,6,16,167,22,30,0,Monday,True,False,summer,weekday,26.075
2025-06-16 22:45:00,B002,52.5,92.86,True,,92.86,False,observed,2025-06-16,2025,6,16,167,22,45,0,Monday,True,False,summer,weekday,23.215
2025-06-16 23:00:00,B002,52.0,102.94,True,,102.94,False,observed,2025-06-16,2025,6,16,167,23,0,0,Monday,True,False,summer,weekday,25.735
2025-06-16 23:15:00,B002,51.5,105.11,True,,105.11,False,observed,2025-06-16,2025,6,16,167,23,15,0,Monday,True,False,summer,weekday,26.2775
2025-06-16 23:30:00,B002,51.0,104.35,True,,104.35,False,observed,2025-06-16,2025,6,16,167,23,30,0,Monday,True,False,summer,weekday,26.0875
2025-06-16 23:45:00,B002,50.6,104.71,True,,104.71,False,observed,2025-06-16,2025,6,16,167,23,45,0,Monday,True,False,summer,weekday,26.1775
2025-06-17 00:00:00,B002,50.3,102.18,True,,102.18,False,observed,2025-06-17,2025,6,17,168,0,0,1,Tuesday,True,False,summer,weekday,25.545
2025-06-17 00:15:00,B002,54.9,99.57,True,,99.57,False,observed,2025-06-17,2025,6,17,168,0,15,1,Tuesday,True,False,summer,weekday,24.8925
2025-06-17 00:30:00,B002,54.7,96.35,True,,96.35,False,observed,2025-06-17,2025,6,17,168,0,30,1,Tuesday,True,False,summer,weekday,24.0875
2025-06-17 00:45:00,B002,54.6,88.61,True,,88.61,False,observed,2025-06-17,2025,6,17,168,0,45,1,Tuesday,True,False,summer,weekday,22.1525
2025-06-17 01:00:00,B002,54.5,102.04,True,,102.04,False,observed,2025-06-17,2025,6,17,168,1,0,1,Tuesday,True,False,summer,weekday,25.51
2025-06-17 01:15:00,B002,54.5,101.12,True,,101.12,False,observed,2025-06-17,2025,6,17,168,1,15,1,Tuesday,True,False,summer,weekday,25.280000000000005
2025-06-17 01:30:00,B002,54.5,103.35,True,,103.35,False,observed,2025-06-17,2025,6,17,168,1,30,1,Tuesday,True,False,summer,weekday,25.8375
2025-06-17 01:45:00,B002,54.6,91.97,True,,91.97,False,observed,2025-06-17,2025,6,17,168,1,45,1,Tuesday,True,False,summer,weekday,22.9925
2025-06-17 02:00:00,B002,54.8,103.87,True,,103.87,False,observed,2025-06-17,2025,6,17,168,2,0,1,Tuesday,True,False,summer,weekday,25.967500000000005
2025-06-17 02:15:00,B002,55.0,112.33,True,,112.33,False,observed,2025-06-17,2025,6,17,168,2,15,1,Tuesday,True,False,summer,weekday,28.0825
2025-06-17 02:30:00,B002,55.3,100.47,True,,100.47,False,observed,2025-06-17,2025,6,17,168,2,30,1,Tuesday,True,False,summer,weekday,25.1175
2025-06-17 02:45:00,B002,55.7,99.63,True,,99.63,False,observed,2025-06-17,2025,6,17,168,2,45,1,Tuesday,True,False,summer,weekday,24.907499999999995
2025-06-17 03:00:00,B002,56.1,101.85,True,,101.85,False,observed,2025-06-17,2025,6,17,168,3,0,1,Tuesday,True,False,summer,weekday,25.4625
2025-06-17 03:15:00,B002,56.6,112.19,True,,112.19,False,observed,2025-06-17,2025,6,17,168,3,15,1,Tuesday,True,False,summer,weekday,28.0475
2025-06-17 03:30:00,B002,57.1,93.86,True,,93.86,False,observed,2025-06-17,2025,6,17,168,3,30,1,Tuesday,True,False,summer,weekday,23.465
2025-06-17 03:45:00,B002,57.7,101.22,True,,101.22,False,observed,2025-06-17,2025,6,17,168,3,45,1,Tuesday,True,False,summer,weekday,25.305
2025-06-17 04:00:00,B002,58.3,95.2,True,,95.2,False,observed,2025-06-17,2025,6,17,168,4,0,1,Tuesday,True,False,summer,weekday,23.8
2025-06-17 04:15:00,B002,59.0,96.72,True,,96.72,False,observed,2025-06-17,2025,6,17,168,4,15,1,Tuesday,True,False,summer,weekday,24.18
2025-06-17 04:30:00,B002,59.7,99.7,True,,99.7,False,observed,2025-06-17,2025,6,17,168,4,30,1,Tuesday,True,False,summer,weekday,24.925
2025-06-17 04:45:00,B002,60.5,108.08,True,,108.08,False,observed,2025-06-17,2025,6,17,168,4,45,1,Tuesday,True,False,summer,weekday,27.02
2025-06-17 05:00:00,B002,61.3,110.81,True,,110.81,False,observed,2025-06-17,2025,6,17,168,5,0,1,Tuesday,True,False,summer,weekday,27.7025
2025-06-17 05:15:00,B002,62.1,102.69,True,,102.69,False,observed,2025-06-17,2025,6,17,168,5,15,1,Tuesday,True,False,summer,weekday,25.6725
2025-06-17 05:30:00,B002,63.0,97.74,True,,97.74,False,observed,2025-06-17,2025,6,17,168,5,30,1,Tuesday,True,False,summer,weekday,24.435
2025-06-17 05:45:00,B002,63.9,114.97,True,,114.97,False,observed,2025-06-17,2025,6,17,168,5,45,1,Tuesday,True,False,summer,weekday,28.7425
2025-06-17 06:00:00,B002,64.8,97.45,True,,97.45,False,observed,2025-06-17,2025,6,17,168,6,0,1,Tuesday,True,False,summer,weekday,24.3625
2025-06-17 06:15:00,B002,65.8,96.61,True,,96.61,False,observed,2025-06-17,2025,6,17,168,6,15,1,Tuesday,True,False,summer,weekday,24.1525
2025-06-17 06:30:00,B002,66.7,89.42,True,,89.42,False,observed,2025-06-17,2025,6,17,168,6,30,1,Tuesday,True,False,summer,weekday,22.355
2025-06-17 06:45:00,B002,67.7,108.5,True,,108.5,False,observed,2025-06-17,2025,6,17,168,6,45,1,Tuesday,True,False,summer,weekday,27.125
2025-06-17 07:00:00,B002,68.7,106.03,True,,106.03,False,observed,2025-06-17,2025,6,17,168,7,0,1,Tuesday,True,False,summer,weekday,26.5075
2025-06-17 07:15:00,B002,69.7,114.9,True,,114.9,False,observed,2025-06-17,2025,6,17,168,7,15,1,Tuesday,True,False,summer,weekday,28.725
2025-06-17 07:30:00,B002,70.7,92.34,True,,92.34,False,observed,2025-06-17,2025,6,17,168,7,30,1,Tuesday,True,False,summer,weekday,23.085
2025-06-17 07:45:00,B002,71.6,109.9,True,,109.9,False,observed,2025-06-17,2025,6,17,168,7,45,1,Tuesday,True,False,summer,weekday,27.475
2025-06-17 08:00:00,B002,72.6,102.31,True,,102.31,False,observed,2025-06-17,2025,6,17,168,8,0,1,Tuesday,True,False,summer,weekday,25.5775
2025-06-17 08:15:00,B002,73.5,107.89,True,,107.89,False,observed,2025-06-17,2025,6,17,168,8,15,1,Tuesday,True,False,summer,weekday,26.9725
2025-06-17 08:30:00,B002,74.5,94.9,True,,94.9,False,observed,2025-06-17,2025,6,17,168,8,30,1,Tuesday,True,False,summer,weekday,23.725
2025-06-17 08:45:00,B002,75.4,117.74,True,,117.74,False,observed,2025-06-17,2025,6,17,168,8,45,1,Tuesday,True,False,summer,weekday,29.435
2025-06-17 09:00:00,B002,76.3,120.84,True,,120.84,False,observed,2025-06-17,2025,6,17,168,9,0,1,Tuesday,True,False,summer,weekday,30.21
2025-06-17 09:15:00,B002,77.1,124.38,True,,124.38,False,observed,2025-06-17,2025,6,17,168,9,15,1,Tuesday,True,False,summer,weekday,31.094999999999995
2025-06-17 09:30:00,B002,78.0,138.6,True,,138.6,False,observed,2025-06-17,2025,6,17,168,9,30,1,Tuesday,True,False,summer,weekday,34.65
2025-06-17 09:45:00,B002,78.8,142.22,True,,142.22,False,observed,2025-06-17,2025,6,17,168,9,45,1,Tuesday,True,False,summer,weekday,35.555
2025-06-17 10:00:00,B002,79.5,157.68,True,,157.68,False,observed,2025-06-17,2025,6,17,168,10,0,1,Tuesday,True,False,summer,weekday,39.42
2025-06-17 10:15:00,B002,80.2,175.17,True,,175.17,False,observed,2025-06-17,2025,6,17,168,10,15,1,Tuesday,True,False,summer,weekday,43.7925
2025-06-17 10:30:00,B002,80.9,186.16,True,,186.16,False,observed,2025-06-17,2025,6,17,168,10,30,1,Tuesday,True,False,summer,weekday,46.54
2025-06-17 10:45:00,B002,81.5,224.15,True,,224.15,False,observed,2025-06-17,2025,6,17,168,10,45,1,Tuesday,True,False,summer,weekday,56.0375
2025-06-17 11:00:00,B002,82.1,249.83,True,,249.83,False,observed,2025-06-17,2025,6,17,168,11,0,1,Tuesday,True,False,summer,weekday,62.4575
2025-06-17 11:15:00,B002,82.6,263.5,True,,263.5,False,observed,2025-06-17,2025,6,17,168,11,15,1,Tuesday,True,False,summer,weekday,65.875
2025-06-17 11:30:00,B002,83.0,295.24,True,,295.24,False,observed,2025-06-17,2025,6,17,168,11,30,1,Tuesday,True,False,summer,weekday,73.81
2025-06-17 11:45:00,B002,83.4,316.28,True,,316.28,False,observed,2025-06-17,2025,6,17,168,11,45,1,Tuesday,True,False,summer,weekday,79.07
2025-06-17 12:00:00,B002,83.7,342.58,True,,342.58,False,observed,2025-06-17,2025,6,17,168,12,0,1,Tuesday,True,False,summer,weekday,85.645
2025-06-17 12:15:00,B002,84.0,356.28,True,,356.28,False,observed,2025-06-17,2025,6,17,168,12,15,1,Tuesday,True,False,summer,weekday,89.07
2025-06-17 12:30:00,B002,84.2,369.68,True,,369.68,False,observed,2025-06-17,2025,6,17,168,12,30,1,Tuesday,True,False,summer,weekday,92.42
2025-06-17 12:45:00,B002,84.4,390.76,True,,390.76,False,observed,2025-06-17,2025,6,17,168,12,45,1,Tuesday,True,False,summer,weekday,97.69
2025-06-17 13:00:00,B002,84.5,387.43,True,,387.43,False,observed,2025-06-17,2025,6,17,168,13,0,1,Tuesday,True,False,summer,weekday,96.8575
2025-06-17 13:15:00,B002,84.5,396.99,True,,396.99,False,observed,2025-06-17,2025,6,17,168,13,15,1,Tuesday,True,False,summer,weekday,99.2475
2025-06-17 13:30:00,B002,84.4,376.08,True,,376.08,False,observed,2025-06-17,2025,6,17,168,13,30,1,Tuesday,True,False,summer,weekday,94.02
2025-06-17 13:45:00,B002,84.3,355.71,True,,355.71,False,observed,2025-06-17,2025,6,17,168,13,45,1,Tuesday,True,False,summer,weekday,88.9275
2025-06-17 14:00:00,B002,84.1,349.59,True,,349.59,False,observed,2025-06-17,2025,6,17,168,14,0,1,Tuesday,True,False,summer,weekday,87.3975
2025-06-17 14:15:00,B002,83.9,323.68,True,,323.68,False,observed,2025-06-17,2025,6,17,168,14,15,1,Tuesday,True,False,summer,weekday,80.92
2025-06-17 14:30:00,B002,83.6,299.92,True,,299.92,False,observed,2025-06-17,2025,6,17,168,14,30,1,Tuesday,True,False,summer,weekday,74.98
2025-06-17 14:45:00,B002,83.3,277.63,True,,277.63,False,observed,2025-06-17,2025,6,17,168,14,45,1,Tuesday,True,False,summer,weekday,69.4075
2025-06-17 15:00:00,B002,82.8,241.9,True,,241.9,False,observed,2025-06-17,2025,6,17,168,15,0,1,Tuesday,True,False,summer,weekday,60.475
2025-06-17 15:15:00,B002,82.4,221.71,True,,221.71,False,observed,2025-06-17,2025,6,17,168,15,15,1,Tuesday,True,False,summer,weekday,55.4275
2025-06-17 15:30:00,B002,81.8,200.07,True,,200.07,False,observed,2025-06-17,2025,6,17,168,15,30,1,Tuesday,True,False,summer,weekday,50.0175
2025-06-17 15:45:00,B002,81.3,174.35,True,,174.35,False,observed,2025-06-17,2025,6,17,168,15,45,1,Tuesday,True,False,summer,weekday,43.5875
2025-06-17 16:00:00,B002,80.6,164.01,True,,164.01,False,observed,2025-06-17,2025,6,17,168,16,0,1,Tuesday,True,False,summer,weekday,41.00249999999999
2025-06-17 16:15:00,B002,79.9,159.55,True,,159.55,False,observed,2025-06-17,2025,6,17,168,16,15,1,Tuesday,True,False,summer,weekday,39.8875
2025-06-17 16:30:00,B002,79.2,141.14,True,,141.14,False,observed,2025-06-17,2025,6,17,168,16,30,1,Tuesday,True,False,summer,weekday,35.285
2025-06-17 16:45:00,B002,78.4,121.76,True,,121.76,False,observed,2025-06-17,2025,6,17,168,16,45,1,Tuesday,True,False,summer,weekday,30.44
2025-06-17 17:00:00,B002,77.6,112.23,True,,112.23,False,observed,2025-06-17,2025,6,17,168,17,0,1,Tuesday,True,False,summer,weekday,28.0575
2025-06-17 17:15:00,B002,76.8,124.55,True,,124.55,False,observed,2025-06-17,2025,6,17,168,17,15,1,Tuesday,True,False,summer,weekday,31.1375
2025-06-17 17:30:00,B002,75.9,107.98,True,,107.98,False,observed,2025-06-17,2025,6,17,168,17,30,1,Tuesday,True,False,summer,weekday,26.995
2025-06-17 17:45:00,B002,75.0,99.3,True,,99.3,False,observed,2025-06-17,2025,6,17,168,17,45,1,Tuesday,True,False,summer,weekday,24.825
2025-06-17 18:00:00,B002,74.1,100.25,True,,100.25,False,observed,2025-06-17,2025,6,17,168,18,0,1,Tuesday,True,False,summer,weekday,25.0625
2025-06-17 18:15:00,B002,73.2,92.28,True,,92.28,False,observed,2025-06-17,2025,6,17,168,18,15,1,Tuesday,True,False,summer,weekday,23.07
2025-06-17 18:30:00,B002,72.2,109.22,True,,109.22,False,observed,2025-06-17,2025,6,17,168,18,30,1,Tuesday,True,False,summer,weekday,27.305
2025-06-17 18:45:00,B002,71.2,98.03,True,,98.03,False,observed,2025-06-17,2025,6,17,168,18,45,1,Tuesday,True,False,summer,weekday,24.5075
2025-06-17 19:00:00,B002,70.3,108.43,True,,108.43,False,observed,2025-06-17,2025,6,17,168,19,0,1,Tuesday,True,False,summer,weekday,27.1075
2025-06-17 19:15:00,B002,69.3,100.43,True,,100.43,False,observed,2025-06-17,2025,6,17,168,19,15,1,Tuesday,True,False,summer,weekday,25.1075
2025-06-17 19:30:00,B002,68.3,108.64,True,,108.64,False,observed,2025-06-17,2025,6,17,168,19,30,1,Tuesday,True,False,summer,weekday,27.16
2025-06-17 19:45:00,B002,67.3,101.57,True,,101.57,False,observed,2025-06-17,2025,6,17,168,19,45,1,Tuesday,True,False,summer,weekday,25.3925
2025-06-17 20:00:00,B002,66.4,105.14,True,,105.14,False,observed,2025-06-17,2025,6,17,168,20,0,1,Tuesday,True,False,summer,weekday,26.285
2025-06-17 20:15:00,B002,65.4,104.32,True,,104.32,False,observed,2025-06-17,2025,6,17,168,20,15,1,Tuesday,True,False,summer,weekday,26.08
2025-06-17 20:30:00,B002,64.5,103.74,True,,103.74,False,observed,2025-06-17,2025,6,17,168,20,30,1,Tuesday,True,False,summer,weekday,25.935
2025-06-17 20:45:00,B002,63.6,102.09,True,,102.09,False,observed,2025-06-17,2025,6,17,168,20,45,1,Tuesday,True,False,summer,weekday,25.5225
2025-06-17 21:00:00,B002,62.7,98.6,True,,98.6,False,observed,2025-06-17,2025,6,17,168,21,0,1,Tuesday,True,False,summer,weekday,24.65
2025-06-17 21:15:00,B002,61.8,111.49,True,,111.49,False,observed,2025-06-17,2025,6,17,168,21,15,1,Tuesday,True,False,summer,weekday,27.8725
2025-06-17 21:30:00,B002,61.0,94.56,True,,94.56,False,observed,2025-06-17,2025,6,17,168,21,30,1,Tuesday,True,False,summer,weekday,23.64
2025-06-17 21:45:00,B002,60.2,100.03,True,,100.03,False,observed,2025-06-17,2025,6,17,168,21,45,1,Tuesday,True,False,summer,weekday,25.0075
2025-06-17 22:00:00,B002,59.4,100.09,True,,100.09,False,observed,2025-06-17,2025,6,17,168,22,0,1,Tuesday,True,False,summer,weekday,25.0225
2025-06-17 22:15:00,B002,58.7,102.41,True,,102.41,False,observed,2025-06-17,2025,6,17,168,22,15,1,Tuesday,True,False,summer,weekday,25.6025
2025-06-17 22:30:00,B002,58.1,97.42,True,,97.42,False,observed,2025-06-17,2025,6,17,168,22,30,1,Tuesday,True,False,summer,weekday,24.355
2025-06-17 22:45:00,B002,57.5,101.89,True,,101.89,False,observed,2025-06-17,2025,6,17,168,22,45,1,Tuesday,True,False,summer,weekday,25.4725
2025-06-17 23:00:00,B002,56.9,98.99,True,,98.99,False,observed,2025-06-17,2025,6,17,168,23,0,1,Tuesday,True,False,summer,weekday,24.7475
2025-06-17 23:15:00,B002,56.4,90.51,True,,90.51,False,observed,2025-06-17,2025,6,17,168,23,15,1,Tuesday,True,False,summer,weekday,22.6275
2025-06-17 23:30:00,B002,55.9,100.06,True,,100.06,False,observed,2025-06-17,2025,6,17,168,23,30,1,Tuesday,True,False,summer,weekday,25.015
2025-06-17 23:45:00,B002,55.5,93.4,True,,93.4,False,observed,2025-06-17,2025,6,17,168,23,45,1,Tuesday,True,False,summer,weekday,23.35
2025-06-18 00:00:00,B002,55.2,89.59,True,,89.59,False,observed,2025-06-18,2025,6,18,169,0,0,2,Wednesday,True,False,summer,weekday,22.3975
2025-06-18 00:15:00,B002,49.6,100.82,True,,100.82,False,observed,2025-06-18,2025,6,18,169,0,15,2,Wednesday,True,False,summer,weekday,25.205
2025-06-18 00:30:00,B002,49.4,102.93,True,,102.93,False,observed,2025-06-18,2025,6,18,169,0,30,2,Wednesday,True,False,summer,weekday,25.7325
2025-06-18 00:45:00,B002,49.3,103.16,True,,103.16,False,observed,2025-06-18,2025,6,18,169,0,45,2,Wednesday,True,False,summer,weekday,25.79
2025-06-18 01:00:00,B002,49.2,103.4,True,,103.4,False,observed,2025-06-18,2025,6,18,169,1,0,2,Wednesday,True,False,summer,weekday,25.85
2025-06-18 01:15:00,B002,49.2,88.4,True,,88.4,False,observed,2025-06-18,2025,6,18,169,1,15,2,Wednesday,True,False,summer,weekday,22.1
2025-06-18 01:30:00,B002,49.2,91.83,True,,91.83,False,observed,2025-06-18,2025,6,18,169,1,30,2,Wednesday,True,False,summer,weekday,22.9575
2025-06-18 01:45:00,B002,49.3,111.84,True,,111.84,False,observed,2025-06-18,2025,6,18,169,1,45,2,Wednesday,True,False,summer,weekday,27.96
2025-06-18 02:00:00,B002,49.5,93.72,True,,93.72,False,observed,2025-06-18,2025,6,18,169,2,0,2,Wednesday,True,False,summer,weekday,23.43
2025-06-18 02:15:00,B002,49.7,103.67,True,,103.67,False,observed,2025-06-18,2025,6,18,169,2,15,2,Wednesday,True,False,summer,weekday,25.9175
2025-06-18 02:30:00,B002,50.0,95.88,True,,95.88,False,observed,2025-06-18,2025,6,18,169,2,30,2,Wednesday,True,False,summer,weekday,23.969999999999995
2025-06-18 02:45:00,B002,50.4,100.48,True,,100.48,False,observed,2025-06-18,2025,6,18,169,2,45,2,Wednesday,True,False,summer,weekday,25.12
2025-06-18 03:00:00,B002,50.8,96.2,True,,96.2,False,observed,2025-06-18,2025,6,18,169,3,0,2,Wednesday,True,False,summer,weekday,24.05
2025-06-18 03:15:00,B002,51.3,103.37,True,,103.37,False,observed,2025-06-18,2025,6,18,169,3,15,2,Wednesday,True,False,summer,weekday,25.842500000000005
2025-06-18 03:30:00,B002,51.8,100.82,True,,100.82,False,observed,2025-06-18,2025,6,18,169,3,30,2,Wednesday,True,False,summer,weekday,25.205
2025-06-18 03:45:00,B002,52.4,97.31,True,,97.31,False,observed,2025-06-18,2025,6,18,169,3,45,2,Wednesday,True,False,summer,weekday,24.3275
2025-06-18 04:00:00,B002,53.0,93.7,True,,93.7,False,observed,2025-06-18,2025,6,18,169,4,0,2,Wednesday,True,False,summer,weekday,23.425
2025-06-18 04:15:00,B002,53.7,101.61,True,,101.61,False,observed,2025-06-18,2025,6,18,169,4,15,2,Wednesday,True,False,summer,weekday,25.4025
2025-06-18 04:30:00,B002,54.4,92.72,True,,92.72,False,observed,2025-06-18,2025,6,18,169,4,30,2,Wednesday,True,False,summer,weekday,23.18
2025-06-18 04:45:00,B002,55.2,102.57,True,,102.57,False,observed,2025-06-18,2025,6,18,169,4,45,2,Wednesday,True,False,summer,weekday,25.6425
2025-06-18 05:00:00,B002,56.0,115.76,True,,115.76,False,observed,2025-06-18,2025,6,18,169,5,0,2,Wednesday,True,False,summer,weekday,28.94
2025-06-18 05:15:00,B002,56.8,108.1,True,,108.1,False,observed,2025-06-18,2025,6,18,169,5,15,2,Wednesday,True,False,summer,weekday,27.025
2025-06-18 05:30:00,B002,57.7,104.31,True,,104.31,False,observed,2025-06-18,2025,6,18,169,5,30,2,Wednesday,True,False,summer,weekday,26.0775
2025-06-18 05:45:00,B002,58.6,99.5,True,,99.5,False,observed,2025-06-18,2025,6,18,169,5,45,2,Wednesday,True,False,summer,weekday,24.875
2025-06-18 06:00:00,B002,59.5,88.38,True,,88.38,False,observed,2025-06-18,2025,6,18,169,6,0,2,Wednesday,True,False,summer,weekday,22.094999999999995
2025-06-18 06:15:00,B002,60.5,92.1,True,,92.1,False,observed,2025-06-18,2025,6,18,169,6,15,2,Wednesday,True,False,summer,weekday,23.025
2025-06-18 06:30:00,B002,61.4,107.76,True,,107.76,False,observed,2025-06-18,2025,6,18,169,6,30,2,Wednesday,True,False,summer,weekday,26.94
2025-06-18 06:45:00,B002,62.4,95.38,True,,95.38,False,observed,2025-06-18,2025,6,18,169,6,45,2,Wednesday,True,False,summer,weekday,23.844999999999995
2025-06-18 07:00:00,B002,63.4,96.03,True,,96.03,False,observed,2025-06-18,2025,6,18,169,7,0,2,Wednesday,True,False,summer,weekday,24.0075
2025-06-18 07:15:00,B002,64.4,99.4,True,,99.4,False,observed,2025-06-18,2025,6,18,169,7,15,2,Wednesday,True,False,summer,weekday,24.85
2025-06-18 07:30:00,B002,65.3,94.31,True,,94.31,False,observed,2025-06-18,2025,6,18,169,7,30,2,Wednesday,True,False,summer,weekday,23.5775
2025-06-18 07:45:00,B002,66.3,93.79,True,,93.79,False,observed,2025-06-18,2025,6,18,169,7,45,2,Wednesday,True,False,summer,weekday,23.4475
2025-06-18 08:00:00,B002,67.3,101.59,True,,101.59,False,observed,2025-06-18,2025,6,18,169,8,0,2,Wednesday,True,False,summer,weekday,25.3975
2025-06-18 08:15:00,B002,68.2,97.7,True,,97.7,False,observed,2025-06-18,2025,6,18,169,8,15,2,Wednesday,True,False,summer,weekday,24.425
2025-06-18 08:30:00,B002,69.2,100.34,True,,100.34,False,observed,2025-06-18,2025,6,18,169,8,30,2,Wednesday,True,False,summer,weekday,25.085
2025-06-18 08:45:00,B002,70.1,102.65,True,,102.65,False,observed,2025-06-18,2025,6,18,169,8,45,2,Wednesday,True,False,summer,weekday,25.6625
2025-06-18 09:00:00,B002,71.0,114.12,True,,114.12,False,observed,2025-06-18,2025,6,18,169,9,0,2,Wednesday,True,False,summer,weekday,28.530000000000005
2025-06-18 09:15:00,B002,71.8,114.64,True,,114.64,False,observed,2025-06-18,2025,6,18,169,9,15,2,Wednesday,True,False,summer,weekday,28.66
2025-06-18 09:30:00,B002,72.7,121.78,True,,121.78,False,observed,2025-06-18,2025,6,18,169,9,30,2,Wednesday,True,False,summer,weekday,30.445
2025-06-18 09:45:00,B002,73.5,135.35,True,,135.35,False,observed,2025-06-18,2025,6,18,169,9,45,2,Wednesday,True,False,summer,weekday,33.8375
2025-06-18 10:00:00,B002,74.2,142.25,True,,142.25,False,observed,2025-06-18,2025,6,18,169,10,0,2,Wednesday,True,False,summer,weekday,35.5625
2025-06-18 10:15:00,B002,74.9,155.41,True,,155.41,False,observed,2025-06-18,2025,6,18,169,10,15,2,Wednesday,True,False,summer,weekday,38.8525
2025-06-18 10:30:00,B002,75.6,178.86,True,,178.86,False,observed,2025-06-18,2025,6,18,169,10,30,2,Wednesday,True,False,summer,weekday,44.715
2025-06-18 10:45:00,B002,76.2,201.75,True,,201.75,False,observed,2025-06-18,2025,6,18,169,10,45,2,Wednesday,True,False,summer,weekday,50.4375
2025-06-18 11:00:00,B002,76.7,220.55,True,,220.55,False,observed,2025-06-18,2025,6,18,169,11,0,2,Wednesday,True,False,summer,weekday,55.1375
2025-06-18 11:15:00,B002,77.3,246.95,True,,246.95,False,observed,2025-06-18,2025,6,18,169,11,15,2,Wednesday,True,False,summer,weekday,61.7375
2025-06-18 11:30:00,B002,77.7,267.22,True,,267.22,False,observed,2025-06-18,2025,6,18,169,11,30,2,Wednesday,True,False,summer,weekday,66.805
2025-06-18 11:45:00,B002,78.1,291.47,True,,291.47,False,observed,2025-06-18,2025,6,18,169,11,45,2,Wednesday,True,False,summer,weekday,72.8675
2025-06-18 12:00:00,B002,78.4,323.98,True,,323.98,False,observed,2025-06-18,2025,6,18,169,12,0,2,Wednesday,True,False,summer,weekday,80.99500000000002
2025-06-18 12:15:00,B002,78.7,341.47,True,,341.47,False,observed,2025-06-18,2025,6,18,169,12,15,2,Wednesday,True,False,summer,weekday,85.3675
2025-06-18 12:30:00,B002,78.9,356.47,True,,356.47,False,observed,2025-06-18,2025,6,18,169,12,30,2,Wednesday,True,False,summer,weekday,89.1175
2025-06-18 12:45:00,B002,79.1,364.89,True,,364.89,False,observed,2025-06-18,2025,6,18,169,12,45,2,Wednesday,True,False,summer,weekday,91.2225
2025-06-18 13:00:00,B002,79.1,366.85,True,,366.85,False,observed,2025-06-18,2025,6,18,169,13,0,2,Wednesday,True,False,summer,weekday,91.7125
2025-06-18 13:15:00,B002,79.2,367.8,True,,367.8,False,observed,2025-06-18,2025,6,18,169,13,15,2,Wednesday,True,False,summer,weekday,91.95
2025-06-18 13:30:00,B002,79.1,360.17,True,,360.17,False,observed,2025-06-18,2025,6,18,169,13,30,2,Wednesday,True,False,summer,weekday,90.0425
2025-06-18 13:45:00,B002,79.0,345.49,True,,345.49,False,observed,2025-06-18,2025,6,18,169,13,45,2,Wednesday,True,False,summer,weekday,86.3725
2025-06-18 14:00:00,B002,78.8,320.39,True,,320.39,False,observed,2025-06-18,2025,6,18,169,14,0,2,Wednesday,True,False,summer,weekday,80.0975
2025-06-18 14:15:00,B002,78.6,306.98,True,,306.98,False,observed,2025-06-18,2025,6,18,169,14,15,2,Wednesday,True,False,summer,weekday,76.74500000000002
2025-06-18 14:30:00,B002,78.3,275.68,True,,275.68,False,observed,2025-06-18,2025,6,18,169,14,30,2,Wednesday,True,False,summer,weekday,68.92
2025-06-18 14:45:00,B002,77.9,253.04,True,,253.04,False,observed,2025-06-18,2025,6,18,169,14,45,2,Wednesday,True,False,summer,weekday,63.26
2025-06-18 15:00:00,B002,77.5,226.27,True,,226.27,False,observed,2025-06-18,2025,6,18,169,15,0,2,Wednesday,True,False,summer,weekday,56.5675
2025-06-18 15:15:00,B002,77.1,202.71,True,,202.71,False,observed,2025-06-18,2025,6,18,169,15,15,2,Wednesday,True,False,summer,weekday,50.6775
2025-06-18 15:30:00,B002,76.5,175.45,True,,175.45,False,observed,2025-06-18,2025,6,18,169,15,30,2,Wednesday,True,False,summer,weekday,43.8625
2025-06-18 15:45:00,B002,75.9,165.06,True,,165.06,False,observed,2025-06-18,2025,6,18,169,15,45,2,Wednesday,True,False,summer,weekday,41.265
2025-06-18 16:00:00,B002,75.3,161.42,True,,161.42,False,observed,2025-06-18,2025,6,18,169,16,0,2,Wednesday,True,False,summer,weekday,40.355
2025-06-18 16:15:00,B002,74.6,129.52,True,,129.52,False,observed,2025-06-18,2025,6,18,169,16,15,2,Wednesday,True,False,summer,weekday,32.38
2025-06-18 16:30:00,B002,73.9,123.27,True,,123.27,False,observed,2025-06-18,2025,6,18,169,16,30,2,Wednesday,True,False,summer,weekday,30.8175
2025-06-18 16:45:00,B002,73.1,113.36,True,,113.36,False,observed,2025-06-18,2025,6,18,169,16,45,2,Wednesday,True,False,summer,weekday,28.34
2025-06-18 17:00:00,B002,72.3,108.06,True,,108.06,False,observed,2025-06-18,2025,6,18,169,17,0,2,Wednesday,True,False,summer,weekday,27.015
2025-06-18 17:15:00,B002,71.5,116.61,True,,116.61,False,observed,2025-06-18,2025,6,18,169,17,15,2,Wednesday,True,False,summer,weekday,29.1525
2025-06-18 17:30:00,B002,70.6,100.75,True,,100.75,False,observed,2025-06-18,2025,6,18,169,17,30,2,Wednesday,True,False,summer,weekday,25.1875
2025-06-18 17:45:00,B002,69.7,100.2,True,,100.2,False,observed,2025-06-18,2025,6,18,169,17,45,2,Wednesday,True,False,summer,weekday,25.05
2025-06-18 18:00:00,B002,68.8,92.37,True,,92.37,False,observed,2025-06-18,2025,6,18,169,18,0,2,Wednesday,True,False,summer,weekday,23.092500000000005
2025-06-18 18:15:00,B002,67.9,96.6,True,,96.6,False,observed,2025-06-18,2025,6,18,169,18,15,2,Wednesday,True,False,summer,weekday,24.15
2025-06-18 18:30:00,B002,66.9,90.43,True,,90.43,False,observed,2025-06-18,2025,6,18,169,18,30,2,Wednesday,True,False,summer,weekday,22.6075
2025-06-18 18:45:00,B002,65.9,104.18,True,,104.18,False,observed,2025-06-18,2025,6,18,169,18,45,2,Wednesday,True,False,summer,weekday,26.045
2025-06-18 19:00:00,B002,64.9,117.02,True,,117.02,False,observed,2025-06-18,2025,6,18,169,19,0,2,Wednesday,True,False,summer,weekday,29.255
2025-06-18 19:15:00,B002,64.0,97.92,True,,97.92,False,observed,2025-06-18,2025,6,18,169,19,15,2,Wednesday,True,False,summer,weekday,24.48
2025-06-18 19:30:00,B002,63.0,90.06,True,,90.06,False,observed,2025-06-18,2025,6,18,169,19,30,2,Wednesday,True,False,summer,weekday,22.515
2025-06-18 19:45:00,B002,62.0,105.43,True,,105.43,False,observed,2025-06-18,2025,6,18,169,19,45,2,Wednesday,True,False,summer,weekday,26.3575
2025-06-18 20:00:00,B002,61.0,95.66,True,,95.66,False,observed,2025-06-18,2025,6,18,169,20,0,2,Wednesday,True,False,summer,weekday,23.915
2025-06-18 20:15:00,B002,60.1,107.8,True,,107.8,False,observed,2025-06-18,2025,6,18,169,20,15,2,Wednesday,True,False,summer,weekday,26.95
2025-06-18 20:30:00,B002,59.2,98.31,True,,98.31,False,observed,2025-06-18,2025,6,18,169,20,30,2,Wednesday,True,False,summer,weekday,24.5775
2025-06-18 20:45:00,B002,58.2,96.21,True,,96.21,False,observed,2025-06-18,2025,6,18,169,20,45,2,Wednesday,True,False,summer,weekday,24.0525
2025-06-18 21:00:00,B002,57.4,98.93,True,,98.93,False,observed,2025-06-18,2025,6,18,169,21,0,2,Wednesday,True,False,summer,weekday,24.7325
2025-06-18 21:15:00,B002,56.5,104.55,True,,104.55,False,observed,2025-06-18,2025,6,18,169,21,15,2,Wednesday,True,False,summer,weekday,26.1375
2025-06-18 21:30:00,B002,55.7,98.64,True,,98.64,False,observed,2025-06-18,2025,6,18,169,21,30,2,Wednesday,True,False,summer,weekday,24.66
2025-06-18 21:45:00,B002,54.9,97.02,True,,97.02,False,observed,2025-06-18,2025,6,18,169,21,45,2,Wednesday,True,False,summer,weekday,24.255
2025-06-18 22:00:00,B002,54.1,98.81,True,,98.81,False,observed,2025-06-18,2025,6,18,169,22,0,2,Wednesday,True,False,summer,weekday,24.7025
2025-06-18 22:15:00,B002,53.4,92.37,True,,92.37,False,observed,2025-06-18,2025,6,18,169,22,15,2,Wednesday,True,False,summer,weekday,23.092500000000005
2025-06-18 22:30:00,B002,52.8,102.38,True,,102.38,False,observed,2025-06-18,2025,6,18,169,22,30,2,Wednesday,True,False,summer,weekday,25.594999999999995
2025-06-18 22:45:00,B002,52.1,89.28,True,,89.28,False,observed,2025-06-18,2025,6,18,169,22,45,2,Wednesday,True,False,summer,weekday,22.32
2025-06-18 23:00:00,B002,51.6,97.34,True,,97.34,False,observed,2025-06-18,2025,6,18,169,23,0,2,Wednesday,True,False,summer,weekday,24.335
2025-06-18 23:15:00,B002,51.1,104.56,True,,104.56,False,observed,2025-06-18,2025,6,18,169,23,15,2,Wednesday,True,False,summer,weekday,26.14
2025-06-18 23:30:00,B002,50.6,101.82,True,,101.82,False,observed,2025-06-18,2025,6,18,169,23,30,2,Wednesday,True,False,summer,weekday,25.455
2025-06-18 23:45:00,B002,50.2,103.54,True,,103.54,False,observed,2025-06-18,2025,6,18,169,23,45,2,Wednesday,True,False,summer,weekday,25.885
2025-06-19 00:00:00,B002,49.9,99.61,True,,99.61,False,observed,2025-06-19,2025,6,19,170,0,0,3,Thursday,True,False,summer,holiday,24.9025
2025-06-19 00:15:00,B002,57.0,107.02,True,,107.02,False,observed,2025-06-19,2025,6,19,170,0,15,3,Thursday,True,False,summer,holiday,26.755
2025-06-19 00:30:00,B002,56.8,105.55,True,,105.55,False,observed,2025-06-19,2025,6,19,170,0,30,3,Thursday,True,False,summer,holiday,26.3875
2025-06-19 00:45:00,B002,56.6,102.68,True,,102.68,False,observed,2025-06-19,2025,6,19,170,0,45,3,Thursday,True,False,summer,holiday,25.67
2025-06-19 01:00:00,B002,56.5,105.57,True,,105.57,False,observed,2025-06-19,2025,6,19,170,1,0,3,Thursday,True,False,summer,holiday,26.3925
2025-06-19 01:15:00,B002,56.5,104.5,True,,104.5,False,observed,2025-06-19,2025,6,19,170,1,15,3,Thursday,True,False,summer,holiday,26.125
2025-06-19 01:30:00,B002,56.6,97.36,True,,97.36,False,observed,2025-06-19,2025,6,19,170,1,30,3,Thursday,True,False,summer,holiday,24.34
2025-06-19 01:45:00,B002,56.7,91.94,True,,91.94,False,observed,2025-06-19,2025,6,19,170,1,45,3,Thursday,True,False,summer,holiday,22.985
2025-06-19 02:00:00,B002,56.8,102.52,True,,102.52,False,observed,2025-06-19,2025,6,19,170,2,0,3,Thursday,True,False,summer,holiday,25.63
2025-06-19 02:15:00,B002,57.1,103.28,True,,103.28,False,observed,2025-06-19,2025,6,19,170,2,15,3,Thursday,True,False,summer,holiday,25.82
2025-06-19 02:30:00,B002,57.4,106.54,True,,106.54,False,observed,2025-06-19,2025,6,19,170,2,30,3,Thursday,True,False,summer,holiday,26.635
2025-06-19 02:45:00,B002,57.7,94.38,True,,94.38,False,observed,2025-06-19,2025,6,19,170,2,45,3,Thursday,True,False,summer,holiday,23.594999999999995
2025-06-19 03:00:00,B002,58.1,94.56,True,,94.56,False,observed,2025-06-19,2025,6,19,170,3,0,3,Thursday,True,False,summer,holiday,23.64
2025-06-19 03:15:00,B002,58.6,102.76,True,,102.76,False,observed,2025-06-19,2025,6,19,170,3,15,3,Thursday,True,False,summer,holiday,25.69
2025-06-19 03:30:00,B002,59.2,99.57,True,,99.57,False,observed,2025-06-19,2025,6,19,170,3,30,3,Thursday,True,False,summer,holiday,24.8925
2025-06-19 03:45:00,B002,59.7,88.69,True,,88.69,False,observed,2025-06-19,2025,6,19,170,3,45,3,Thursday,True,False,summer,holiday,22.1725
2025-06-19 04:00:00,B002,60.4,102.25,True,,102.25,False,observed,2025-06-19,2025,6,19,170,4,0,3,Thursday,True,False,summer,holiday,25.5625
2025-06-19 04:15:00,B002,61.0,88.89,True,,88.89,False,observed,2025-06-19,2025,6,19,170,4,15,3,Thursday,True,False,summer,holiday,22.2225
2025-06-19 04:30:00,B002,61.8,94.33,True,,94.33,False,observed,2025-06-19,2025,6,19,170,4,30,3,Thursday,True,False,summer,holiday,23.5825
2025-06-19 04:45:00,B002,62.5,108.11,True,,108.11,False,observed,2025-06-19,2025,6,19,170,4,45,3,Thursday,True,False,summer,holiday,27.0275
2025-06-19 05:00:00,B002,63.3,110.95,True,,110.95,False,observed,2025-06-19,2025,6,19,170,5,0,3,Thursday,True,False,summer,holiday,27.7375
2025-06-19 05:15:00,B002,64.2,92.71,True,,92.71,False,observed,2025-06-19,2025,6,19,170,5,15,3,Thursday,True,False,summer,holiday,23.1775
2025-06-19 05:30:00,B002,65.1,98.03,True,,98.03,False,observed,2025-06-19,2025,6,19,170,5,30,3,Thursday,True,False,summer,holiday,24.5075
2025-06-19 05:45:00,B002,66.0,100.26,True,,100.26,False,observed,2025-06-19,2025,6,19,170,5,45,3,Thursday,True,False,summer,holiday,25.065
2025-06-19 06:00:00,B002,66.9,110.7,True,,110.7,False,observed,2025-06-19,2025,6,19,170,6,0,3,Thursday,True,False,summer,holiday,27.675
2025-06-19 06:15:00,B002,67.8,97.08,True,,97.08,False,observed,2025-06-19,2025,6,19,170,6,15,3,Thursday,True,False,summer,holiday,24.27
2025-06-19 06:30:00,B002,68.8,97.2,True,,97.2,False,observed,2025-06-19,2025,6,19,170,6,30,3,Thursday,True,False,summer,holiday,24.3
2025-06-19 06:45:00,B002,69.8,109.41,True,,109.41,False,observed,2025-06-19,2025,6,19,170,6,45,3,Thursday,True,False,summer,holiday,27.3525
2025-06-19 07:00:00,B002,70.7,97.97,True,,97.97,False,observed,2025-06-19,2025,6,19,170,7,0,3,Thursday,True,False,summer,holiday,24.4925
2025-06-19 07:15:00,B002,71.7,104.73,True,,104.73,False,observed,2025-06-19,2025,6,19,170,7,15,3,Thursday,True,False,summer,holiday,26.1825
2025-06-19 07:30:00,B002,72.7,91.82,True,,91.82,False,observed,2025-06-19,2025,6,19,170,7,30,3,Thursday,True,False,summer,holiday,22.955
2025-06-19 07:45:00,B002,73.7,100.12,True,,100.12,False,observed,2025-06-19,2025,6,19,170,7,45,3,Thursday,True,False,summer,holiday,25.030000000000005
2025-06-19 08:00:00,B002,74.6,91.94,True,,91.94,False,observed,2025-06-19,2025,6,19,170,8,0,3,Thursday,True,False,summer,holiday,22.985
2025-06-19 08:15:00,B002,75.6,99.06,True,,99.06,False,observed,2025-06-19,2025,6,19,170,8,15,3,Thursday,True,False,summer,holiday,24.765
2025-06-19 08:30:00,B002,76.5,115.91,True,,115.91,False,observed,2025-06-19,2025,6,19,170,8,30,3,Thursday,True,False,summer,holiday,28.9775
2025-06-19 08:45:00,B002,77.4,116.78,True,,116.78,False,observed,2025-06-19,2025,6,19,170,8,45,3,Thursday,True,False,summer,holiday,29.195
2025-06-19 09:00:00,B002,78.3,122.36,True,,122.36,False,observed,2025-06-19,2025,6,19,170,9,0,3,Thursday,True,False,summer,holiday,30.59
2025-06-19 09:15:00,B002,79.2,128.28,True,,128.28,False,observed,2025-06-19,2025,6,19,170,9,15,3,Thursday,True,False,summer,holiday,32.07
2025-06-19 09:30:00,B002,80.0,141.56,True,,141.56,False,observed,2025-06-19,2025,6,19,170,9,30,3,Thursday,True,False,summer,holiday,35.39
2025-06-19 09:45:00,B002,80.8,156.78,True,,156.78,False,observed,2025-06-19,2025,6,19,170,9,45,3,Thursday,True,False,summer,holiday,39.195
2025-06-19 10:00:00,B002,81.6,175.21,True,,175.21,False,observed,2025-06-19,2025,6,19,170,10,0,3,Thursday,True,False,summer,holiday,43.8025
2025-06-19 10:15:00,B002,82.3,170.36,True,,170.36,False,observed,2025-06-19,2025,6,19,170,10,15,3,Thursday,True,False,summer,holiday,42.59
2025-06-19 10:30:00,B002,82.9,200.44,True,,200.44,False,observed,2025-06-19,2025,6,19,170,10,30,3,Thursday,True,False,summer,holiday,50.11
2025-06-19 10:45:00,B002,83.5,228.09,True,,228.09,False,observed,2025-06-19,2025,6,19,170,10,45,3,Thursday,True,False,summer,holiday,57.0225
2025-06-19 11:00:00,B002,84.1,250.24,True,,250.24,False,observed,2025-06-19,2025,6,19,170,11,0,3,Thursday,True,False,summer,holiday,62.56000000000001
2025-06-19 11:15:00,B002,84.6,278.28,True,,278.28,False,observed,2025-06-19,2025,6,19,170,11,15,3,Thursday,True,False,summer,holiday,69.57
2025-06-19 11:30:00,B002,85.1,302.91,True,,302.91,False,observed,2025-06-19,2025,6,19,170,11,30,3,Thursday,True,False,summer,holiday,75.7275
2025-06-19 11:45:00,B002,85.4,324.2,True,,324.2,False,observed,2025-06-19,2025,6,19,170,11,45,3,Thursday,True,False,summer,holiday,81.05
2025-06-19 12:00:00,B002,85.8,345.6,True,,345.6,False,observed,2025-06-19,2025,6,19,170,12,0,3,Thursday,True,False,summer,holiday,86.4
2025-06-19 12:15:00,B002,86.1,366.73,True,,366.73,False,observed,2025-06-19,2025,6,19,170,12,15,3,Thursday,True,False,summer,holiday,91.68250000000002
2025-06-19 12:30:00,B002,86.3,390.03,True,,390.03,False,observed,2025-06-19,2025,6,19,170,12,30,3,Thursday,True,False,summer,holiday,97.5075
2025-06-19 12:45:00,B002,86.4,388.21,True,,388.21,False,observed,2025-06-19,2025,6,19,170,12,45,3,Thursday,True,False,summer,holiday,97.0525
2025-06-19 13:00:00,B002,86.5,395.6,True,,395.6,False,observed,2025-06-19,2025,6,19,170,13,0,3,Thursday,True,False,summer,holiday,98.9
2025-06-19 13:15:00,B002,86.5,394.12,True,,394.12,False,observed,2025-06-19,2025,6,19,170,13,15,3,Thursday,True,False,summer,holiday,98.53
2025-06-19 13:30:00,B002,86.5,393.32,True,,393.32,False,observed,2025-06-19,2025,6,19,170,13,30,3,Thursday,True,False,summer,holiday,98.33
2025-06-19 13:45:00,B002,86.4,367.62,True,,367.62,False,observed,2025-06-19,2025,6,19,170,13,45,3,Thursday,True,False,summer,holiday,91.905
2025-06-19 14:00:00,B002,86.2,356.14,True,,356.14,False,observed,2025-06-19,2025,6,19,170,14,0,3,Thursday,True,False,summer,holiday,89.035
2025-06-19 14:15:00,B002,86.0,335.44,True,,335.44,False,observed,2025-06-19,2025,6,19,170,14,15,3,Thursday,True,False,summer,holiday,83.86
2025-06-19 14:30:00,B002,85.7,303.33,True,,303.33,False,observed,2025-06-19,2025,6,19,170,14,30,3,Thursday,True,False,summer,holiday,75.8325
2025-06-19 14:45:00,B002,85.3,277.38,True,,277.38,False,observed,2025-06-19,2025,6,19,170,14,45,3,Thursday,True,False,summer,holiday,69.345
2025-06-19 15:00:00,B002,84.9,252.0,True,,252.0,False,observed,2025-06-19,2025,6,19,170,15,0,3,Thursday,True,False,summer,holiday,63.0
2025-06-19 15:15:00,B002,84.4,229.09,True,,229.09,False,observed,2025-06-19,2025,6,19,170,15,15,3,Thursday,True,False,summer,holiday,57.2725
2025-06-19 15:30:00,B002,83.9,214.38,True,,214.38,False,observed,2025-06-19,2025,6,19,170,15,30,3,Thursday,True,False,summer,holiday,53.595
2025-06-19 15:45:00,B002,83.3,191.64,True,,191.64,False,observed,2025-06-19,2025,6,19,170,15,45,3,Thursday,True,False,summer,holiday,47.91
2025-06-19 16:00:00,B002,82.7,175.16,True,,175.16,False,observed,2025-06-19,2025,6,19,170,16,0,3,Thursday,True,False,summer,holiday,43.79
2025-06-19 16:15:00,B002,82.0,152.94,True,,152.94,False,observed,2025-06-19,2025,6,19,170,16,15,3,Thursday,True,False,summer,holiday,38.235
2025-06-19 16:30:00,B002,81.3,142.07,True,,142.07,False,observed,2025-06-19,2025,6,19,170,16,30,3,Thursday,True,False,summer,holiday,35.5175
2025-06-19 16:45:00,B002,80.5,150.85,True,,150.85,False,observed,2025-06-19,2025,6,19,170,16,45,3,Thursday,True,False,summer,holiday,37.7125
2025-06-19 17:00:00,B002,79.7,128.65,True,,128.65,False,observed,2025-06-19,2025,6,19,170,17,0,3,Thursday,True,False,summer,holiday,32.1625
2025-06-19 17:15:00,B002,78.8,118.07,True,,118.07,False,observed,2025-06-19,2025,6,19,170,17,15,3,Thursday,True,False,summer,holiday,29.5175
2025-06-19 17:30:00,B002,78.0,125.26,True,,125.26,False,observed,2025-06-19,2025,6,19,170,17,30,3,Thursday,True,False,summer,holiday,31.315
2025-06-19 17:45:00,B002,77.1,113.03,True,,113.03,False,observed,2025-06-19,2025,6,19,170,17,45,3,Thursday,True,False,summer,holiday,28.2575
2025-06-19 18:00:00,B002,76.1,109.96,True,,109.96,False,observed,2025-06-19,2025,6,19,170,18,0,3,Thursday,True,False,summer,holiday,27.49
2025-06-19 18:15:00,B002,75.2,101.14,True,,101.14,False,observed,2025-06-19,2025,6,19,170,18,15,3,Thursday,True,False,summer,holiday,25.285
2025-06-19 18:30:00,B002,74.2,98.77,True,,98.77,False,observed,2025-06-19,2025,6,19,170,18,30,3,Thursday,True,False,summer,holiday,24.6925
2025-06-19 18:45:00,B002,73.3,99.37,True,,99.37,False,observed,2025-06-19,2025,6,19,170,18,45,3,Thursday,True,False,summer,holiday,24.842500000000005
2025-06-19 19:00:00,B002,72.3,91.92,True,,91.92,False,observed,2025-06-19,2025,6,19,170,19,0,3,Thursday,True,False,summer,holiday,22.98
2025-06-19 19:15:00,B002,71.3,99.59,True,,99.59,False,observed,2025-06-19,2025,6,19,170,19,15,3,Thursday,True,False,summer,holiday,24.8975
2025-06-19 19:30:00,B002,70.3,101.84,True,,101.84,False,observed,2025-06-19,2025,6,19,170,19,30,3,Thursday,True,False,summer,holiday,25.46
2025-06-19 19:45:00,B002,69.4,111.14,True,,111.14,False,observed,2025-06-19,2025,6,19,170,19,45,3,Thursday,True,False,summer,holiday,27.785
2025-06-19 20:00:00,B002,68.4,100.53,True,,100.53,False,observed,2025-06-19,2025,6,19,170,20,0,3,Thursday,True,False,summer,holiday,25.1325
2025-06-19 20:15:00,B002,67.4,86.0,True,,86.0,False,observed,2025-06-19,2025,6,19,170,20,15,3,Thursday,True,False,summer,holiday,21.5
2025-06-19 20:30:00,B002,66.5,99.44,True,,99.44,False,observed,2025-06-19,2025,6,19,170,20,30,3,Thursday,True,False,summer,holiday,24.86
2025-06-19 20:45:00,B002,65.6,116.44,True,,116.44,False,observed,2025-06-19,2025,6,19,170,20,45,3,Thursday,True,False,summer,holiday,29.11
2025-06-19 21:00:00,B002,64.7,105.2,True,,105.2,False,observed,2025-06-19,2025,6,19,170,21,0,3,Thursday,True,False,summer,holiday,26.3
2025-06-19 21:15:00,B002,63.8,95.14,True,,95.14,False,observed,2025-06-19,2025,6,19,170,21,15,3,Thursday,True,False,summer,holiday,23.785
2025-06-19 21:30:00,B002,63.0,103.55,True,,103.55,False,observed,2025-06-19,2025,6,19,170,21,30,3,Thursday,True,False,summer,holiday,25.8875
2025-06-19 21:45:00,B002,62.2,95.55,True,,95.55,False,observed,2025-06-19,2025,6,19,170,21,45,3,Thursday,True,False,summer,holiday,23.8875
2025-06-19 22:00:00,B002,61.5,91.88,True,,91.88,False,observed,2025-06-19,2025,6,19,170,22,0,3,Thursday,True,False,summer,holiday,22.969999999999995
2025-06-19 22:15:00,B002,60.8,97.91,True,,97.91,False,observed,2025-06-19,2025,6,19,170,22,15,3,Thursday,True,False,summer,holiday,24.4775
2025-06-19 22:30:00,B002,60.1,100.55,True,,100.55,False,observed,2025-06-19,2025,6,19,170,22,30,3,Thursday,True,False,summer,holiday,25.1375
2025-06-19 22:45:00,B002,59.5,88.77,True,,88.77,False,observed,2025-06-19,2025,6,19,170,22,45,3,Thursday,True,False,summer,holiday,22.1925
2025-06-19 23:00:00,B002,58.9,93.11,True,,93.11,False,observed,2025-06-19,2025,6,19,170,23,0,3,Thursday,True,False,summer,holiday,23.2775
2025-06-19 23:15:00,B002,58.4,100.06,True,,100.06,False,observed,2025-06-19,2025,6,19,170,23,15,3,Thursday,True,False,summer,holiday,25.015
2025-06-19 23:30:00,B002,58.0,97.55,True,,97.55,False,observed,2025-06-19,2025,6,19,170,23,30,3,Thursday,True,False,summer,holiday,24.3875
2025-06-19 23:45:00,B002,57.6,102.37,True,,102.37,False,observed,2025-06-19,2025,6,19,170,23,45,3,Thursday,True,False,summer,holiday,25.592500000000005
2025-06-20 00:00:00,B002,57.2,92.71,True,,92.71,False,observed,2025-06-20,2025,6,20,171,0,0,4,Friday,True,False,summer,weekday,23.1775
2025-06-20 00:15:00,B002,53.3,104.28,True,,104.28,False,observed,2025-06-20,2025,6,20,171,0,15,4,Friday,True,False,summer,weekday,26.07
2025-06-20 00:30:00,B002,53.1,92.9,True,,92.9,False,observed,2025-06-20,2025,6,20,171,0,30,4,Friday,True,False,summer,weekday,23.225
2025-06-20 00:45:00,B002,52.9,109.86,True,,109.86,False,observed,2025-06-20,2025,6,20,171,0,45,4,Friday,True,False,summer,weekday,27.465
2025-06-20 01:00:00,B002,52.8,89.71,True,,89.71,False,observed,2025-06-20,2025,6,20,171,1,0,4,Friday,True,False,summer,weekday,22.4275
2025-06-20 01:15:00,B002,52.8,93.44,True,,93.44,False,observed,2025-06-20,2025,6,20,171,1,15,4,Friday,True,False,summer,weekday,23.36
2025-06-20 01:30:00,B002,52.8,102.5,True,,102.5,False,observed,2025-06-20,2025,6,20,171,1,30,4,Friday,True,False,summer,weekday,25.625
2025-06-20 01:45:00,B002,53.0,109.99,True,,109.99,False,observed,2025-06-20,2025,6,20,171,1,45,4,Friday,True,False,summer,weekday,27.4975
2025-06-20 02:00:00,B002,53.1,101.89,True,,101.89,False,observed,2025-06-20,2025,6,20,171,2,0,4,Friday,True,False,summer,weekday,25.4725
2025-06-20 02:15:00,B002,53.4,103.38,True,,103.38,False,observed,2025-06-20,2025,6,20,171,2,15,4,Friday,True,False,summer,weekday,25.844999999999995
2025-06-20 02:30:00,B002,53.7,100.11,True,,100.11,False,observed,2025-06-20,2025,6,20,171,2,30,4,Friday,True,False,summer,weekday,25.0275
2025-06-20 02:45:00,B002,54.0,93.84,True,,93.84,False,observed,2025-06-20,2025,6,20,171,2,45,4,Friday,True,False,summer,weekday,23.46
2025-06-20 03:00:00,B002,54.4,97.06,True,,97.06,False,observed,2025-06-20,2025,6,20,171,3,0,4,Friday,True,False,summer,weekday,24.265
2025-06-20 03:15:00,B002,54.9,92.73,True,,92.73,False,observed,2025-06-20,2025,6,20,171,3,15,4,Friday,True,False,summer,weekday,23.1825
2025-06-20 03:30:00,B002,55.4,92.33,True,,92.33,False,observed,2025-06-20,2025,6,20,171,3,30,4,Friday,True,False,summer,weekday,23.0825
2025-06-20 03:45:00,B002,56.0,102.41,True,,102.41,False,observed,2025-06-20,2025,6,20,171,3,45,4,Friday,True,False,summer,weekday,25.6025
2025-06-20 04:00:00,B002,56.7,93.26,True,,93.26,False,observed,2025-06-20,2025,6,20,171,4,0,4,Friday,True,False,summer,weekday,23.315
2025-06-20 04:15:00,B002,57.3,101.92,True,,101.92,False,observed,2025-06-20,2025,6,20,171,4,15,4,Friday,True,False,summer,weekday,25.48
2025-06-20 04:30:00,B002,58.1,92.19,True,,92.19,False,observed,2025-06-20,2025,6,20,171,4,30,4,Friday,True,False,summer,weekday,23.0475
2025-06-20 04:45:00,B002,58.8,101.78,True,,101.78,False,observed,2025-06-20,2025,6,20,171,4,45,4,Friday,True,False,summer,weekday,25.445
2025-06-20 05:00:00,B002,59.6,97.07,True,,97.07,False,observed,2025-06-20,2025,6,20,171,5,0,4,Friday,True,False,summer,weekday,24.2675
2025-06-20 05:15:00,B002,60.5,108.44,True,,108.44,False,observed,2025-06-20,2025,6,20,171,5,15,4,Friday,True,False,summer,weekday,27.11
2025-06-20 05:30:00,B002,61.3,101.95,True,,101.95,False,observed,2025-06-20,2025,6,20,171,5,30,4,Friday,True,False,summer,weekday,25.4875
2025-06-20 05:45:00,B002,62.2,107.42,True,,107.42,False,observed,2025-06-20,2025,6,20,171,5,45,4,Friday,True,False,summer,weekday,26.855
2025-06-20 06:00:00,B002,63.2,95.48,True,,95.48,False,observed,2025-06-20,2025,6,20,171,6,0,4,Friday,True,False,summer,weekday,23.87
2025-06-20 06:15:00,B002,64.1,100.37,True,,100.37,False,observed,2025-06-20,2025,6,20,171,6,15,4,Friday,True,False,summer,weekday,25.092500000000005
2025-06-20 06:30:00,B002,65.1,94.18,True,,94.18,False,observed,2025-06-20,2025,6,20,171,6,30,4,Friday,True,False,summer,weekday,23.545
2025-06-20 06:45:00,B002,66.0,97.64,True,,97.64,False,observed,2025-06-20,2025,6,20,171,6,45,4,Friday,True,False,summer,weekday,24.41
2025-06-20 07:00:00,B002,67.0,98.65,True,,98.65,False,observed,2025-06-20,2025,6,20,171,7,0,4,Friday,True,False,summer,weekday,24.6625
2025-06-20 07:15:00,B002,68.0,96.04,True,,96.04,False,observed,2025-06-20,2025,6,20,171,7,15,4,Friday,True,False,summer,weekday,24.01
2025-06-20 07:30:00,B002,69.0,93.39,True,,93.39,False,observed,2025-06-20,2025,6,20,171,7,30,4,Friday,True,False,summer,weekday,23.3475
2025-06-20 07:45:00,B002,70.0,92.67,True,,92.67,False,observed,2025-06-20,2025,6,20,171,7,45,4,Friday,True,False,summer,weekday,23.1675
2025-06-20 08:00:00,B002,70.9,87.86,True,,87.86,False,observed,2025-06-20,2025,6,20,171,8,0,4,Friday,True,False,summer,weekday,21.965
2025-06-20 08:15:00,B002,71.9,96.71,True,,96.71,False,observed,2025-06-20,2025,6,20,171,8,15,4,Friday,True,False,summer,weekday,24.1775
2025-06-20 08:30:00,B002,72.8,108.55,True,,108.55,False,observed,2025-06-20,2025,6,20,171,8,30,4,Friday,True,False,summer,weekday,27.1375
2025-06-20 08:45:00,B002,73.7,97.75,True,,97.75,False,observed,2025-06-20,2025,6,20,171,8,45,4,Friday,True,False,summer,weekday,24.4375
2025-06-20 09:00:00,B002,74.6,102.78,True,,102.78,False,observed,2025-06-20,2025,6,20,171,9,0,4,Friday,True,False,summer,weekday,25.695
2025-06-20 09:15:00,B002,75.5,128.66,True,,128.66,False,observed,2025-06-20,2025,6,20,171,9,15,4,Friday,True,False,summer,weekday,32.165
2025-06-20 09:30:00,B002,76.3,124.22,True,,124.22,False,observed,2025-06-20,2025,6,20,171,9,30,4,Friday,True,False,summer,weekday,31.055
2025-06-20 09:45:00,B002,77.1,142.04,True,,142.04,False,observed,2025-06-20,2025,6,20,171,9,45,4,Friday,True,False,summer,weekday,35.51
2025-06-20 10:00:00,B002,77.8,158.31,True,,158.31,False,observed,2025-06-20,2025,6,20,171,10,0,4,Friday,True,False,summer,weekday,39.5775
2025-06-20 10:15:00,B002,78.5,175.23,True,,175.23,False,observed,2025-06-20,2025,6,20,171,10,15,4,Friday,True,False,summer,weekday,43.8075
2025-06-20 10:30:00,B002,79.2,181.45,True,,181.45,False,observed,2025-06-20,2025,6,20,171,10,30,4,Friday,True,False,summer,weekday,45.3625
2025-06-20 10:45:00,B002,79.8,210.9,True,,210.9,False,observed,2025-06-20,2025,6,20,171,10,45,4,Friday,True,False,summer,weekday,52.725
2025-06-20 11:00:00,B002,80.4,226.27,True,,226.27,False,observed,2025-06-20,2025,6,20,171,11,0,4,Friday,True,False,summer,weekday,56.5675
2025-06-20 11:15:00,B002,80.9,275.69,True,,275.69,False,observed,2025-06-20,2025,6,20,171,11,15,4,Friday,True,False,summer,weekday,68.9225
2025-06-20 11:30:00,B002,81.3,276.88,True,,276.88,False,observed,2025-06-20,2025,6,20,171,11,30,4,Friday,True,False,summer,weekday,69.22
2025-06-20 11:45:00,B002,81.7,304.89,True,,304.89,False,observed,2025-06-20,2025,6,20,171,11,45,4,Friday,True,False,summer,weekday,76.2225
2025-06-20 12:00:00,B002,82.1,327.67,True,,327.67,False,observed,2025-06-20,2025,6,20,171,12,0,4,Friday,True,False,summer,weekday,81.9175
2025-06-20 12:15:00,B002,82.3,344.36,True,,344.36,False,observed,2025-06-20,2025,6,20,171,12,15,4,Friday,True,False,summer,weekday,86.09
2025-06-20 12:30:00,B002,82.5,376.4,True,,376.4,False,observed,2025-06-20,2025,6,20,171,12,30,4,Friday,True,False,summer,weekday,94.1
2025-06-20 12:45:00,B002,82.7,392.29,True,,392.29,False,observed,2025-06-20,2025,6,20,171,12,45,4,Friday,True,False,summer,weekday,98.0725
2025-06-20 13:00:00,B002,82.8,378.26,True,,378.26,False,observed,2025-06-20,2025,6,20,171,13,0,4,Friday,True,False,summer,weekday,94.565
2025-06-20 13:15:00,B002,82.8,370.24,True,,370.24,False,observed,2025-06-20,2025,6,20,171,13,15,4,Friday,True,False,summer,weekday,92.56
2025-06-20 13:30:00,B002,82.8,355.68,True,,355.68,False,observed,2025-06-20,2025,6,20,171,13,30,4,Friday,True,False,summer,weekday,88.92
2025-06-20 13:45:00,B002,82.6,353.1,True,,353.1,False,observed,2025-06-20,2025,6,20,171,13,45,4,Friday,True,False,summer,weekday,88.275
2025-06-20 14:00:00,B002,82.5,333.64,True,,333.64,False,observed,2025-06-20,2025,6,20,171,14,0,4,Friday,True,False,summer,weekday,83.41
2025-06-20 14:15:00,B002,82.2,309.29,True,,309.29,False,observed,2025-06-20,2025,6,20,171,14,15,4,Friday,True,False,summer,weekday,77.3225
2025-06-20 14:30:00,B002,81.9,290.19,True,,290.19,False,observed,2025-06-20,2025,6,20,171,14,30,4,Friday,True,False,summer,weekday,72.5475
2025-06-20 14:45:00,B002,81.6,266.16,True,,266.16,False,observed,2025-06-20,2025,6,20,171,14,45,4,Friday,True,False,summer,weekday,66.54
2025-06-20 15:00:00,B002,81.2,241.06,True,,241.06,False,observed,2025-06-20,2025,6,20,171,15,0,4,Friday,True,False,summer,weekday,60.265
2025-06-20 15:15:00,B002,80.7,213.88,True,,213.88,False,observed,2025-06-20,2025,6,20,171,15,15,4,Friday,True,False,summer,weekday,53.47
2025-06-20 15:30:00,B002,80.2,187.79,True,,187.79,False,observed,2025-06-20,2025,6,20,171,15,30,4,Friday,True,False,summer,weekday,46.9475
2025-06-20 15:45:00,B002,79.6,179.39,True,,179.39,False,observed,2025-06-20,2025,6,20,171,15,45,4,Friday,True,False,summer,weekday,44.8475
2025-06-20 16:00:00,B002,78.9,158.97,True,,158.97,False,observed,2025-06-20,2025,6,20,171,16,0,4,Friday,True,False,summer,weekday,39.7425
2025-06-20 16:15:00,B002,78.3,150.17,True,,150.17,False,observed,2025-06-20,2025,6,20,171,16,15,4,Friday,True,False,summer,weekday,37.5425
2025-06-20 16:30:00,B002,77.5,137.76,True,,137.76,False,observed,2025-06-20,2025,6,20,171,16,30,4,Friday,True,False,summer,weekday,34.43999999999999
2025-06-20 16:45:00,B002,76.8,114.61,True,,114.61,False,observed,2025-06-20,2025,6,20,171,16,45,4,Friday,True,False,summer,weekday,28.6525
2025-06-20 17:00:00,B002,76.0,106.26,True,,106.26,False,observed,2025-06-20,2025,6,20,171,17,0,4,Friday,True,False,summer,weekday,26.565
2025-06-20 17:15:00,B002,75.1,103.33,True,,103.33,False,observed,2025-06-20,2025,6,20,171,17,15,4,Friday,True,False,summer,weekday,25.8325
2025-06-20 17:30:00,B002,74.3,98.45,True,,98.45,False,observed,2025-06-20,2025,6,20,171,17,30,4,Friday,True,False,summer,weekday,24.6125
2025-06-20 17:45:00,B002,73.4,107.58,True,,107.58,False,observed,2025-06-20,2025,6,20,171,17,45,4,Friday,True,False,summer,weekday,26.895
2025-06-20 18:00:00,B002,72.4,104.0,True,,104.0,False,observed,2025-06-20,2025,6,20,171,18,0,4,Friday,True,False,summer,weekday,26.0
2025-06-20 18:15:00,B002,71.5,107.74,True,,107.74,False,observed,2025-06-20,2025,6,20,171,18,15,4,Friday,True,False,summer,weekday,26.935
2025-06-20 18:30:00,B002,70.5,103.06,True,,103.06,False,observed,2025-06-20,2025,6,20,171,18,30,4,Friday,True,False,summer,weekday,25.765
2025-06-20 18:45:00,B002,69.6,101.64,True,,101.64,False,observed,2025-06-20,2025,6,20,171,18,45,4,Friday,True,False,summer,weekday,25.41
2025-06-20 19:00:00,B002,68.6,107.42,True,,107.42,False,observed,2025-06-20,2025,6,20,171,19,0,4,Friday,True,False,summer,weekday,26.855
2025-06-20 19:15:00,B002,67.6,102.94,True,,102.94,False,observed,2025-06-20,2025,6,20,171,19,15,4,Friday,True,False,summer,weekday,25.735
2025-06-20 19:30:00,B002,66.6,100.47,True,,100.47,False,observed,2025-06-20,2025,6,20,171,19,30,4,Friday,True,False,summer,weekday,25.1175
2025-06-20 19:45:00,B002,65.6,108.92,True,,108.92,False,observed,2025-06-20,2025,6,20,171,19,45,4,Friday,True,False,summer,weekday,27.23
2025-06-20 20:00:00,B002,64.7,100.71,True,,100.71,False,observed,2025-06-20,2025,6,20,171,20,0,4,Friday,True,False,summer,weekday,25.1775
2025-06-20 20:15:00,B002,63.7,98.18,True,,98.18,False,observed,2025-06-20,2025,6,20,171,20,15,4,Friday,True,False,summer,weekday,24.545
2025-06-20 20:30:00,B002,62.8,94.98,True,,94.98,False,observed,2025-06-20,2025,6,20,171,20,30,4,Friday,True,False,summer,weekday,23.745
2025-06-20 20:45:00,B002,61.9,104.22,True,,104.22,False,observed,2025-06-20,2025,6,20,171,20,45,4,Friday,True,False,summer,weekday,26.055
2025-06-20 21:00:00,B002,61.0,107.42,True,,107.42,False,observed,2025-06-20,2025,6,20,171,21,0,4,Friday,True,False,summer,weekday,26.855
2025-06-20 21:15:00,B002,60.1,99.7,True,,99.7,False,observed,2025-06-20,2025,6,20,171,21,15,4,Friday,True,False,summer,weekday,24.925
2025-06-20 21:30:00,B002,59.3,107.85,True,,107.85,False,observed,2025-06-20,2025,6,20,171,21,30,4,Friday,True,False,summer,weekday,26.9625
2025-06-20 21:45:00,B002,58.5,88.18,True,,88.18,False,observed,2025-06-20,2025,6,20,171,21,45,4,Friday,True,False,summer,weekday,22.045
2025-06-20 22:00:00,B002,57.8,99.67,True,,99.67,False,observed,2025-06-20,2025,6,20,171,22,0,4,Friday,True,False,summer,weekday,24.9175
2025-06-20 22:15:00,B002,57.1,99.76,True,,99.76,False,observed,2025-06-20,2025,6,20,171,22,15,4,Friday,True,False,summer,weekday,24.94
2025-06-20 22:30:00,B002,56.4,95.64,True,,95.64,False,observed,2025-06-20,2025,6,20,171,22,30,4,Friday,True,False,summer,weekday,23.91
2025-06-20 22:45:00,B002,55.8,114.3,True,,114.3,False,observed,2025-06-20,2025,6,20,171,22,45,4,Friday,True,False,summer,weekday,28.575
2025-06-20 23:00:00,B002,55.2,99.6,True,,99.6,False,observed,2025-06-20,2025,6,20,171,23,0,4,Friday,True,False,summer,weekday,24.9
2025-06-20 23:15:00,B002,54.7,97.55,True,,97.55,False,observed,2025-06-20,2025,6,20,171,23,15,4,Friday,True,False,summer,weekday,24.3875
2025-06-20 23:30:00,B002,54.3,100.16,True,,100.16,False,observed,2025-06-20,2025,6,20,171,23,30,4,Friday,True,False,summer,weekday,25.04
2025-06-20 23:45:00,B002,53.9,87.98,True,,87.98,False,observed,2025-06-20,2025,6,20,171,23,45,4,Friday,True,False,summer,weekday,21.995
2025-06-21 00:00:00,B002,53.5,35.44,True,,35.44,False,observed,2025-06-21,2025,6,21,172,0,0,5,Saturday,False,True,summer,weekend,8.859999999999998
2025-06-21 00:15:00,B002,52.7,45.9,True,,45.9,False,observed,2025-06-21,2025,6,21,172,0,15,5,Saturday,False,True,summer,weekend,11.475
2025-06-21 00:30:00,B002,52.5,36.23,True,,36.23,False,observed,2025-06-21,2025,6,21,172,0,30,5,Saturday,False,True,summer,weekend,9.0575
2025-06-21 00:45:00,B002,52.4,35.03,True,,35.03,False,observed,2025-06-21,2025,6,21,172,0,45,5,Saturday,False,True,summer,weekend,8.7575
2025-06-21 01:00:00,B002,52.3,47.86,True,,47.86,False,observed,2025-06-21,2025,6,21,172,1,0,5,Saturday,False,True,summer,weekend,11.965
2025-06-21 01:15:00,B002,52.3,48.04,True,,48.04,False,observed,2025-06-21,2025,6,21,172,1,15,5,Saturday,False,True,summer,weekend,12.01
2025-06-21 01:30:00,B002,52.3,43.1,True,,43.1,False,observed,2025-06-21,2025,6,21,172,1,30,5,Saturday,False,True,summer,weekend,10.775
2025-06-21 01:45:00,B002,52.4,37.27,True,,37.27,False,observed,2025-06-21,2025,6,21,172,1,45,5,Saturday,False,True,summer,weekend,9.3175
2025-06-21 02:00:00,B002,52.6,38.56,True,,38.56,False,observed,2025-06-21,2025,6,21,172,2,0,5,Saturday,False,True,summer,weekend,9.640000000000002
2025-06-21 02:15:00,B002,52.8,35.18,True,,35.18,False,observed,2025-06-21,2025,6,21,172,2,15,5,Saturday,False,True,summer,weekend,8.795
2025-06-21 02:30:00,B002,53.1,34.03,True,,34.03,False,observed,2025-06-21,2025,6,21,172,2,30,5,Saturday,False,True,summer,weekend,8.5075
2025-06-21 02:45:00,B002,53.5,33.73,True,,33.73,False,observed,2025-06-21,2025,6,21,172,2,45,5,Saturday,False,True,summer,weekend,8.4325
2025-06-21 03:00:00,B002,53.9,36.29,True,,36.29,False,observed,2025-06-21,2025,6,21,172,3,0,5,Saturday,False,True,summer,weekend,9.0725
2025-06-21 03:15:00,B002,54.4,33.79,True,,33.79,False,observed,2025-06-21,2025,6,21,172,3,15,5,Saturday,False,True,summer,weekend,8.4475
2025-06-21 03:30:00,B002,54.9,30.62,True,,30.62,False,observed,2025-06-21,2025,6,21,172,3,30,5,Saturday,False,True,summer,weekend,7.655
2025-06-21 03:45:00,B002,55.5,41.32,True,,41.32,False,observed,2025-06-21,2025,6,21,172,3,45,5,Saturday,False,True,summer,weekend,10.33
2025-06-21 04:00:00,B002,56.1,41.41,True,,41.41,False,observed,2025-06-21,2025,6,21,172,4,0,5,Saturday,False,True,summer,weekend,10.3525
2025-06-21 04:15:00,B002,56.8,50.2,True,,50.2,False,observed,2025-06-21,2025,6,21,172,4,15,5,Saturday,False,True,summer,weekend,12.55
2025-06-21 04:30:00,B002,57.5,35.99,True,,35.99,False,observed,2025-06-21,2025,6,21,172,4,30,5,Saturday,False,True,summer,weekend,8.9975
2025-06-21 04:45:00,B002,58.3,41.78,True,,41.78,False,observed,2025-06-21,2025,6,21,172,4,45,5,Saturday,False,True,summer,weekend,10.445
2025-06-21 05:00:00,B002,59.1,41.88,True,,41.88,False,observed,2025-06-21,2025,6,21,172,5,0,5,Saturday,False,True,summer,weekend,10.47
2025-06-21 05:15:00,B002,59.9,38.48,True,,38.48,False,observed,2025-06-21,2025,6,21,172,5,15,5,Saturday,False,True,summer,weekend,9.62
2025-06-21 05:30:00,B002,60.8,44.47,True,,44.47,False,observed,2025-06-21,2025,6,21,172,5,30,5,Saturday,False,True,summer,weekend,11.1175
2025-06-21 05:45:00,B002,61.7,44.65,True,,44.65,False,observed,2025-06-21,2025,6,21,172,5,45,5,Saturday,False,True,summer,weekend,11.1625
2025-06-21 06:00:00,B002,62.6,41.96,True,,41.96,False,observed,2025-06-21,2025,6,21,172,6,0,5,Saturday,False,True,summer,weekend,10.49
2025-06-21 06:15:00,B002,63.6,38.47,True,,38.47,False,observed,2025-06-21,2025,6,21,172,6,15,5,Saturday,False,True,summer,weekend,9.6175
2025-06-21 06:30:00,B002,64.5,37.85,True,,37.85,False,observed,2025-06-21,2025,6,21,172,6,30,5,Saturday,False,True,summer,weekend,9.4625
2025-06-21 06:45:00,B002,65.5,31.79,True,,31.79,False,observed,2025-06-21,2025,6,21,172,6,45,5,Saturday,False,True,summer,weekend,7.9475
2025-06-21 07:00:00,B002,66.5,35.16,True,,35.16,False,observed,2025-06-21,2025,6,21,172,7,0,5,Saturday,False,True,summer,weekend,8.79
2025-06-21 07:15:00,B002,67.5,36.27,True,,36.27,False,observed,2025-06-21,2025,6,21,172,7,15,5,Saturday,False,True,summer,weekend,9.0675
2025-06-21 07:30:00,B002,68.4,33.26,True,,33.26,False,observed,2025-06-21,2025,6,21,172,7,30,5,Saturday,False,True,summer,weekend,8.315
2025-06-21 07:45:00,B002,69.4,42.64,True,,42.64,False,observed,2025-06-21,2025,6,21,172,7,45,5,Saturday,False,True,summer,weekend,10.66
2025-06-21 08:00:00,B002,70.4,47.18,True,,47.18,False,observed,2025-06-21,2025,6,21,172,8,0,5,Saturday,False,True,summer,weekend,11.795
2025-06-21 08:15:00,B002,71.3,34.55,True,,34.55,False,observed,2025-06-21,2025,6,21,172,8,15,5,Saturday,False,True,summer,weekend,8.6375
2025-06-21 08:30:00,B002,72.3,41.7,True,,41.7,False,observed,2025-06-21,2025,6,21,172,8,30,5,Saturday,False,True,summer,weekend,10.425
2025-06-21 08:45:00,B002,73.2,33.8,True,,33.8,False,observed,2025-06-21,2025,6,21,172,8,45,5,Saturday,False,True,summer,weekend,8.45
2025-06-21 09:00:00,B002,74.1,38.17,True,,38.17,False,observed,2025-06-21,2025,6,21,172,9,0,5,Saturday,False,True,summer,weekend,9.5425
2025-06-21 09:15:00,B002,74.9,35.86,True,,35.86,False,observed,2025-06-21,2025,6,21,172,9,15,5,Saturday,False,True,summer,weekend,8.965
2025-06-21 09:30:00,B002,75.8,46.64,True,,46.64,False,observed,2025-06-21,2025,6,21,172,9,30,5,Saturday,False,True,summer,weekend,11.66
2025-06-21 09:45:00,B002,76.5,42.12,True,,42.12,False,observed,2025-06-21,2025,6,21,172,9,45,5,Saturday,False,True,summer,weekend,10.53
2025-06-21 10:00:00,B002,77.3,55.26,True,,55.26,False,observed,2025-06-21,2025,6,21,172,10,0,5,Saturday,False,True,summer,weekend,13.815
2025-06-21 10:15:00,B002,78.0,50.55,True,,50.55,False,observed,2025-06-21,2025,6,21,172,10,15,5,Saturday,False,True,summer,weekend,12.6375
2025-06-21 10:30:00,B002,78.7,50.77,True,,50.77,False,observed,2025-06-21,2025,6,21,172,10,30,5,Saturday,False,True,summer,weekend,12.6925
2025-06-21 10:45:00,B002,79.3,49.6,True,,49.6,False,observed,2025-06-21,2025,6,21,172,10,45,5,Saturday,False,True,summer,weekend,12.4
2025-06-21 11:00:00,B002,79.8,60.88,True,,60.88,False,observed,2025-06-21,2025,6,21,172,11,0,5,Saturday,False,True,summer,weekend,15.22
2025-06-21 11:15:00,B002,80.3,66.76,True,,66.76,False,observed,2025-06-21,2025,6,21,172,11,15,5,Saturday,False,True,summer,weekend,16.69
2025-06-21 11:30:00,B002,80.8,64.84,True,,64.84,False,observed,2025-06-21,2025,6,21,172,11,30,5,Saturday,False,True,summer,weekend,16.21
2025-06-21 11:45:00,B002,81.2,78.2,True,,78.2,False,observed,2025-06-21,2025,6,21,172,11,45,5,Saturday,False,True,summer,weekend,19.55
2025-06-21 12:00:00,B002,81.5,74.68,True,,74.68,False,observed,2025-06-21,2025,6,21,172,12,0,5,Saturday,False,True,summer,weekend,18.67
2025-06-21 12:15:00,B002,81.8,65.35,True,,65.35,False,observed,2025-06-21,2025,6,21,172,12,15,5,Saturday,False,True,summer,weekend,16.3375
2025-06-21 12:30:00,B002,82.0,66.13,True,,66.13,False,observed,2025-06-21,2025,6,21,172,12,30,5,Saturday,False,True,summer,weekend,16.5325
2025-06-21 12:45:00,B002,82.2,71.44,True,,71.44,False,observed,2025-06-21,2025,6,21,172,12,45,5,Saturday,False,True,summer,weekend,17.86
2025-06-21 13:00:00,B002,82.2,63.93,True,,63.93,False,observed,2025-06-21,2025,6,21,172,13,0,5,Saturday,False,True,summer,weekend,15.9825
2025-06-21 13:15:00,B002,82.3,76.03,True,,76.03,False,observed,2025-06-21,2025,6,21,172,13,15,5,Saturday,False,True,summer,weekend,19.0075
2025-06-21 13:30:00,B002,82.2,71.03,True,,71.03,False,observed,2025-06-21,2025,6,21,172,13,30,5,Saturday,False,True,summer,weekend,17.7575
2025-06-21 13:45:00,B002,82.1,69.96,True,,69.96,False,observed,2025-06-21,2025,6,21,172,13,45,5,Saturday,False,True,summer,weekend,17.49
2025-06-21 14:00:00,B002,81.9,71.85,True,,71.85,False,observed,2025-06-21,2025,6,21,172,14,0,5,Saturday,False,True,summer,weekend,17.9625
2025-06-21 14:15:00,B002,81.7,77.13,True,,77.13,False,observed,2025-06-21,2025,6,21,172,14,15,5,Saturday,False,True,summer,weekend,19.282499999999995
2025-06-21 14:30:00,B002,81.4,66.63,True,,66.63,False,observed,2025-06-21,2025,6,21,172,14,30,5,Saturday,False,True,summer,weekend,16.6575
2025-06-21 14:45:00,B002,81.0,63.49,True,,63.49,False,observed,2025-06-21,2025,6,21,172,14,45,5,Saturday,False,True,summer,weekend,15.8725
2025-06-21 15:00:00,B002,80.6,71.55,True,,71.55,False,observed,2025-06-21,2025,6,21,172,15,0,5,Saturday,False,True,summer,weekend,17.8875
2025-06-21 15:15:00,B002,80.2,66.41,True,,66.41,False,observed,2025-06-21,2025,6,21,172,15,15,5,Saturday,False,True,summer,weekend,16.6025
2025-06-21 15:30:00,B002,79.6,56.56,True,,56.56,False,observed,2025-06-21,2025,6,21,172,15,30,5,Saturday,False,True,summer,weekend,14.140000000000002
2025-06-21 15:45:00,B002,79.0,56.19,True,,56.19,False,observed,2025-06-21,2025,6,21,172,15,45,5,Saturday,False,True,summer,weekend,14.047499999999998
2025-06-21 16:00:00,B002,78.4,54.8,True,,54.8,False,observed,2025-06-21,2025,6,21,172,16,0,5,Saturday,False,True,summer,weekend,13.7
2025-06-21 16:15:00,B002,77.7,53.08,True,,53.08,False,observed,2025-06-21,2025,6,21,172,16,15,5,Saturday,False,True,summer,weekend,13.27
2025-06-21 16:30:00,B002,77.0,39.87,True,,39.87,False,observed,2025-06-21,2025,6,21,172,16,30,5,Saturday,False,True,summer,weekend,9.9675
2025-06-21 16:45:00,B002,76.2,35.69,True,,35.69,False,observed,2025-06-21,2025,6,21,172,16,45,5,Saturday,False,True,summer,weekend,8.922499999999998
2025-06-21 17:00:00,B002,75.4,36.4,True,,36.4,False,observed,2025-06-21,2025,6,21,172,17,0,5,Saturday,False,True,summer,weekend,9.1
2025-06-21 17:15:00,B002,74.6,34.21,True,,34.21,False,observed,2025-06-21,2025,6,21,172,17,15,5,Saturday,False,True,summer,weekend,8.5525
2025-06-21 17:30:00,B002,73.7,36.14,True,,36.14,False,observed,2025-06-21,2025,6,21,172,17,30,5,Saturday,False,True,summer,weekend,9.035
2025-06-21 17:45:00,B002,72.8,43.81,True,,43.81,False,observed,2025-06-21,2025,6,21,172,17,45,5,Saturday,False,True,summer,weekend,10.952500000000002
2025-06-21 18:00:00,B002,71.9,38.99,True,,38.99,False,observed,2025-06-21,2025,6,21,172,18,0,5,Saturday,False,True,summer,weekend,9.7475
2025-06-21 18:15:00,B002,71.0,41.18,True,,41.18,False,observed,2025-06-21,2025,6,21,172,18,15,5,Saturday,False,True,summer,weekend,10.295
2025-06-21 18:30:00,B002,70.0,32.65,True,,32.65,False,observed,2025-06-21,2025,6,21,172,18,30,5,Saturday,False,True,summer,weekend,8.1625
2025-06-21 18:45:00,B002,69.0,37.23,True,,37.23,False,observed,2025-06-21,2025,6,21,172,18,45,5,Saturday,False,True,summer,weekend,9.3075
2025-06-21 19:00:00,B002,68.0,43.52,True,,43.52,False,observed,2025-06-21,2025,6,21,172,19,0,5,Saturday,False,True,summer,weekend,10.88
2025-06-21 19:15:00,B002,67.1,43.57,True,,43.57,False,observed,2025-06-21,2025,6,21,172,19,15,5,Saturday,False,True,summer,weekend,10.8925
2025-06-21 19:30:00,B002,66.1,35.65,True,,35.65,False,observed,2025-06-21,2025,6,21,172,19,30,5,Saturday,False,True,summer,weekend,8.9125
2025-06-21 19:45:00,B002,65.1,40.97,True,,40.97,False,observed,2025-06-21,2025,6,21,172,19,45,5,Saturday,False,True,summer,weekend,10.2425
2025-06-21 20:00:00,B002,64.1,53.19,True,,53.19,False,observed,2025-06-21,2025,6,21,172,20,0,5,Saturday,False,True,summer,weekend,13.297499999999998
2025-06-21 20:15:00,B002,63.2,39.89,True,,39.89,False,observed,2025-06-21,2025,6,21,172,20,15,5,Saturday,False,True,summer,weekend,9.9725
2025-06-21 20:30:00,B002,62.3,35.84,True,,35.84,False,observed,2025-06-21,2025,6,21,172,20,30,5,Saturday,False,True,summer,weekend,8.96
2025-06-21 20:45:00,B002,61.3,38.96,True,,38.96,False,observed,2025-06-21,2025,6,21,172,20,45,5,Saturday,False,True,summer,weekend,9.74
2025-06-21 21:00:00,B002,60.5,40.55,True,,40.55,False,observed,2025-06-21,2025,6,21,172,21,0,5,Saturday,False,True,summer,weekend,10.1375
2025-06-21 21:15:00,B002,59.6,39.09,True,,39.09,False,observed,2025-06-21,2025,6,21,172,21,15,5,Saturday,False,True,summer,weekend,9.7725
2025-06-21 21:30:00,B002,58.8,39.81,True,,39.81,False,observed,2025-06-21,2025,6,21,172,21,30,5,Saturday,False,True,summer,weekend,9.952500000000002
2025-06-21 21:45:00,B002,58.0,31.34,True,,31.34,False,observed,2025-06-21,2025,6,21,172,21,45,5,Saturday,False,True,summer,weekend,7.835
2025-06-21 22:00:00,B002,57.2,34.22,True,,34.22,False,observed,2025-06-21,2025,6,21,172,22,0,5,Saturday,False,True,summer,weekend,8.555
2025-06-21 22:15:00,B002,56.5,39.1,True,,39.1,False,observed,2025-06-21,2025,6,21,172,22,15,5,Saturday,False,True,summer,weekend,9.775
2025-06-21 22:30:00,B002,55.9,39.01,True,,39.01,False,observed,2025-06-21,2025,6,21,172,22,30,5,Saturday,False,True,summer,weekend,9.7525
2025-06-21 22:45:00,B002,55.2,36.6,True,,36.6,False,observed,2025-06-21,2025,6,21,172,22,45,5,Saturday,False,True,summer,weekend,9.15
2025-06-21 23:00:00,B002,54.7,38.94,True,,38.94,False,observed,2025-06-21,2025,6,21,172,23,0,5,Saturday,False,True,summer,weekend,9.734999999999998
2025-06-21 23:15:00,B002,54.2,40.37,True,,40.37,False,observed,2025-06-21,2025,6,21,172,23,15,5,Saturday,False,True,summer,weekend,10.0925
2025-06-21 23:30:00,B002,53.7,45.34,True,,45.34,False,observed,2025-06-21,2025,6,21,172,23,30,5,Saturday,False,True,summer,weekend,11.335
2025-06-21 23:45:00,B002,53.3,39.4,True,,39.4,False,observed,2025-06-21,2025,6,21,172,23,45,5,Saturday,False,True,summer,weekend,9.85
2025-06-22 00:00:00,B002,53.0,42.39,True,,42.39,False,observed,2025-06-22,2025,6,22,173,0,0,6,Sunday,False,True,summer,weekend,10.5975
2025-06-01 00:15:00,B003,54.7,222.86,True,,222.86,False,observed,2025-06-01,2025,6,1,152,0,15,6,Sunday,False,True,summer,weekend,55.715
2025-06-01 00:30:00,B003,54.5,237.45,True,,237.45,False,observed,2025-06-01,2025,6,1,152,0,30,6,Sunday,False,True,summer,weekend,59.3625
2025-06-01 00:45:00,B003,54.3,245.48,True,,245.48,False,observed,2025-06-01,2025,6,1,152,0,45,6,Sunday,False,True,summer,weekend,61.37
2025-06-01 01:00:00,B003,54.2,256.4,True,,256.4,False,observed,2025-06-01,2025,6,1,152,1,0,6,Sunday,False,True,summer,weekend,64.1
2025-06-01 01:15:00,B003,54.2,262.99,True,,262.99,False,observed,2025-06-01,2025,6,1,152,1,15,6,Sunday,False,True,summer,weekend,65.7475
2025-06-01 01:30:00,B003,54.3,268.08,True,,268.08,False,observed,2025-06-01,2025,6,1,152,1,30,6,Sunday,False,True,summer,weekend,67.02
2025-06-01 01:45:00,B003,54.4,268.27,True,,268.27,False,observed,2025-06-01,2025,6,1,152,1,45,6,Sunday,False,True,summer,weekend,67.0675
2025-06-01 02:00:00,B003,54.5,271.22,True,,271.22,False,observed,2025-06-01,2025,6,1,152,2,0,6,Sunday,False,True,summer,weekend,67.805
2025-06-01 02:15:00,B003,54.8,274.08,True,,274.08,False,observed,2025-06-01,2025,6,1,152,2,15,6,Sunday,False,True,summer,weekend,68.52
2025-06-01 02:30:00,B003,55.1,261.88,True,,261.88,False,observed,2025-06-01,2025,6,1,152,2,30,6,Sunday,False,True,summer,weekend,65.47
2025-06-01 02:45:00,B003,55.4,256.28,True,,256.28,False,observed,2025-06-01,2025,6,1,152,2,45,6,Sunday,False,True,summer,weekend,64.07
2025-06-01 03:00:00,B003,55.9,252.97,True,,252.97,False,observed,2025-06-01,2025,6,1,152,3,0,6,Sunday,False,True,summer,weekend,63.2425
2025-06-01 03:15:00,B003,56.3,245.67,True,,245.67,False,observed,2025-06-01,2025,6,1,152,3,15,6,Sunday,False,True,summer,weekend,61.4175
2025-06-01 03:30:00,B003,56.9,230.47,True,,230.47,False,observed,2025-06-01,2025,6,1,152,3,30,6,Sunday,False,True,summer,weekend,57.6175
2025-06-01 03:45:00,B003,57.4,225.2,True,,225.2,False,observed,2025-06-01,2025,6,1,152,3,45,6,Sunday,False,True,summer,weekend,56.3
2025-06-01 04:00:00,B003,58.1,216.53,True,,216.53,False,observed,2025-06-01,2025,6,1,152,4,0,6,Sunday,False,True,summer,weekend,54.1325
2025-06-01 04:15:00,B003,58.8,198.14,True,,198.14,False,observed,2025-06-01,2025,6,1,152,4,15,6,Sunday,False,True,summer,weekend,49.535
2025-06-01 04:30:00,B003,59.5,201.34,True,,201.34,False,observed,2025-06-01,2025,6,1,152,4,30,6,Sunday,False,True,summer,weekend,50.335
2025-06-01 04:45:00,B003,60.2,195.98,True,,195.98,False,observed,2025-06-01,2025,6,1,152,4,45,6,Sunday,False,True,summer,weekend,48.995
2025-06-01 05:00:00,B003,61.0,191.38,True,,191.38,False,observed,2025-06-01,2025,6,1,152,5,0,6,Sunday,False,True,summer,weekend,47.845
2025-06-01 05:15:00,B003,61.9,195.69,True,,195.69,False,observed,2025-06-01,2025,6,1,152,5,15,6,Sunday,False,True,summer,weekend,48.9225
2025-06-01 05:30:00,B003,62.8,179.84,True,,179.84,False,observed,2025-06-01,2025,6,1,152,5,30,6,Sunday,False,True,summer,weekend,44.96
2025-06-01 05:45:00,B003,63.7,179.83,True,,179.83,False,observed,2025-06-01,2025,6,1,152,5,45,6,Sunday,False,True,summer,weekend,44.9575
2025-06-01 06:00:00,B003,64.6,169.51,True,,169.51,False,observed,2025-06-01,2025,6,1,152,6,0,6,Sunday,False,True,summer,weekend,42.37749999999999
2025-06-01 06:15:00,B003,65.5,179.22,True,,179.22,False,observed,2025-06-01,2025,6,1,152,6,15,6,Sunday,False,True,summer,weekend,44.805
2025-06-01 06:30:00,B003,66.5,179.02,True,,179.02,False,observed,2025-06-01,2025,6,1,152,6,30,6,Sunday,False,True,summer,weekend,44.755
2025-06-01 06:45:00,B003,67.5,178.05,True,,178.05,False,observed,2025-06-01,2025,6,1,152,6,45,6,Sunday,False,True,summer,weekend,44.5125
2025-06-01 07:00:00,B003,68.4,185.89,True,,185.89,False,observed,2025-06-01,2025,6,1,152,7,0,6,Sunday,False,True,summer,weekend,46.4725
2025-06-01 07:15:00,B003,69.4,184.5,True,,184.5,False,observed,2025-06-01,2025,6,1,152,7,15,6,Sunday,False,True,summer,weekend,46.125
2025-06-01 07:30:00,B003,70.4,180.5,True,,180.5,False,observed,2025-06-01,2025,6,1,152,7,30,6,Sunday,False,True,summer,weekend,45.125
2025-06-01 07:45:00,B003,71.4,178.2,True,,178.2,False,observed,2025-06-01,2025,6,1,152,7,45,6,Sunday,False,True,summer,weekend,44.55
2025-06-01 08:00:00,B003,72.3,185.16,True,,185.16,False,observed,2025-06-01,2025,6,1,152,8,0,6,Sunday,False,True,summer,weekend,46.29
2025-06-01 08:15:00,B003,73.3,179.92,True,,179.92,False,observed,2025-06-01,2025,6,1,152,8,15,6,Sunday,False,True,summer,weekend,44.98
2025-06-01 08:30:00,B003,74.2,175.92,True,,175.92,False,observed,2025-06-01,2025,6,1,152,8,30,6,Sunday,False,True,summer,weekend,43.98
2025-06-01 08:45:00,B003,75.1,171.42,True,,171.42,False,observed,2025-06-01,2025,6,1,152,8,45,6,Sunday,False,True,summer,weekend,42.855
2025-06-01 09:00:00,B003,76.0,177.8,True,,177.8,False,observed,2025-06-01,2025,6,1,152,9,0,6,Sunday,False,True,summer,weekend,44.45
2025-06-01 09:15:00,B003,76.9,183.77,True,,183.77,False,observed,2025-06-01,2025,6,1,152,9,15,6,Sunday,False,True,summer,weekend,45.9425
2025-06-01 09:30:00,B003,77.7,191.38,True,,191.38,False,observed,2025-06-01,2025,6,1,152,9,30,6,Sunday,False,True,summer,weekend,47.845
2025-06-01 09:45:00,B003,78.5,180.31,True,,180.31,False,observed,2025-06-01,2025,6,1,152,9,45,6,Sunday,False,True,summer,weekend,45.0775
2025-06-01 10:00:00,B003,79.3,176.17,True,,176.17,False,observed,2025-06-01,2025,6,1,152,10,0,6,Sunday,False,True,summer,weekend,44.0425
2025-06-01 10:15:00,B003,80.0,174.08,True,,174.08,False,observed,2025-06-01,2025,6,1,152,10,15,6,Sunday,False,True,summer,weekend,43.52
2025-06-01 10:30:00,B003,80.6,182.76,True,,182.76,False,observed,2025-06-01,2025,6,1,152,10,30,6,Sunday,False,True,summer,weekend,45.68999999999999
2025-06-01 10:45:00,B003,81.2,171.18,True,,171.18,False,observed,2025-06-01,2025,6,1,152,10,45,6,Sunday,False,True,summer,weekend,42.795
2025-06-01 11:00:00,B003,81.8,182.75,True,,182.75,False,observed,2025-06-01,2025,6,1,152,11,0,6,Sunday,False,True,summer,weekend,45.6875
2025-06-01 11:15:00,B003,82.3,184.09,True,,184.09,False,observed,2025-06-01,2025,6,1,152,11,15,6,Sunday,False,True,summer,weekend,46.0225
2025-06-01 11:30:00,B003,82.8,182.18,True,,182.18,False,observed,2025-06-01,2025,6,1,152,11,30,6,Sunday,False,True,summer,weekend,45.545
2025-06-01 11:45:00,B003,83.2,178.9,True,,178.9,False,observed,2025-06-01,2025,6,1,152,11,45,6,Sunday,False,True,summer,weekend,44.725
2025-06-01 12:00:00,B003,83.5,182.82,True,,182.82,False,observed,2025-06-01,2025,6,1,152,12,0,6,Sunday,False,True,summer,weekend,45.705
2025-06-01 12:15:00,B003,83.8,180.85,True,,180.85,False,observed,2025-06-01,2025,6,1,152,12,15,6,Sunday,False,True,summer,weekend,45.2125
2025-06-01 12:30:00,B003,84.0,176.11,True,,176.11,False,observed,2025-06-01,2025,6,1,152,12,30,6,Sunday,False,True,summer,weekend,44.0275
2025-06-01 12:45:00,B003,84.1,189.25,True,,189.25,False,observed,2025-06-01,2025,6,1,152,12,45,6,Sunday,False,True,summer,weekend,47.3125
2025-06-01 13:00:00,B003,84.2,178.24,True,,178.24,False,observed,2025-06-01,2025,6,1,152,13,0,6,Sunday,False,True,summer,weekend,44.56000000000001
2025-06-01 13:15:00,B003,84.2,183.88,True,,183.88,False,observed,2025-06-01,2025,6,1,152,13,15,6,Sunday,False,True,summer,weekend,45.97
2025-06-01 13:30:00,B003,84.2,167.91,True,,167.91,False,observed,2025-06-01,2025,6,1,152,13,30,6,Sunday,False,True,summer,weekend,41.9775
2025-06-01 13:45:00,B003,84.1,186.38,True,,186.38,False,observed,2025-06-01,2025,6,1,152,13,45,6,Sunday,False,True,summer,weekend,46.595
2025-06-01 14:00:00,B003,83.9,187.34,True,,187.34,False,observed,2025-06-01,2025,6,1,152,14,0,6,Sunday,False,True,summer,weekend,46.835
2025-06-01 14:15:00,B003,83.7,180.15,True,,180.15,False,observed,2025-06-01,2025,6,1,152,14,15,6,Sunday,False,True,summer,weekend,45.0375
2025-06-01 14:30:00,B003,83.4,182.79,True,,182.79,False,observed,2025-06-01,2025,6,1,152,14,30,6,Sunday,False,True,summer,weekend,45.6975
2025-06-01 14:45:00,B003,83.0,182.79,True,,182.79,False,observed,2025-06-01,2025,6,1,152,14,45,6,Sunday,False,True,summer,weekend,45.6975
2025-06-01 15:00:00,B003,82.6,176.79,True,,176.79,False,observed,2025-06-01,2025,6,1,152,15,0,6,Sunday,False,True,summer,weekend,44.1975
2025-06-01 15:15:00,B003,82.1,182.74,True,,182.74,False,observed,2025-06-01,2025,6,1,152,15,15,6,Sunday,False,True,summer,weekend,45.68500000000001
2025-06-01 15:30:00,B003,81.6,175.96,True,,175.96,False,observed,2025-06-01,2025,6,1,152,15,30,6,Sunday,False,True,summer,weekend,43.99
2025-06-01 15:45:00,B003,81.0,176.96,True,,176.96,False,observed,2025-06-01,2025,6,1,152,15,45,6,Sunday,False,True,summer,weekend,44.24
2025-06-01 16:00:00,B003,80.4,185.63,True,,185.63,False,observed,2025-06-01,2025,6,1,152,16,0,6,Sunday,False,True,summer,weekend,46.4075
2025-06-01 16:15:00,B003,79.7,184.87,True,,184.87,False,observed,2025-06-01,2025,6,1,152,16,15,6,Sunday,False,True,summer,weekend,46.2175
2025-06-01 16:30:00,B003,79.0,176.47,True,,176.47,False,observed,2025-06-01,2025,6,1,152,16,30,6,Sunday,False,True,summer,weekend,44.1175
2025-06-01 16:45:00,B003,78.2,176.33,True,,176.33,False,observed,2025-06-01,2025,6,1,152,16,45,6,Sunday,False,True,summer,weekend,44.0825
2025-06-01 17:00:00,B003,77.4,176.77,True,,176.77,False,observed,2025-06-01,2025,6,1,152,17,0,6,Sunday,False,True,summer,weekend,44.1925
2025-06-01 17:15:00,B003,76.5,183.66,True,,183.66,False,observed,2025-06-01,2025,6,1,152,17,15,6,Sunday,False,True,summer,weekend,45.915
2025-06-01 17:30:00,B003,75.7,175.0,True,,175.0,False,observed,2025-06-01,2025,6,1,152,17,30,6,Sunday,False,True,summer,weekend,43.75
2025-06-01 17:45:00,B003,74.8,181.78,True,,181.78,False,observed,2025-06-01,2025,6,1,152,17,45,6,Sunday,False,True,summer,weekend,45.445
2025-06-01 18:00:00,B003,73.9,183.73,True,,183.73,False,observed,2025-06-01,2025,6,1,152,18,0,6,Sunday,False,True,summer,weekend,45.9325
2025-06-01 18:15:00,B003,72.9,179.56,True,,179.56,False,observed,2025-06-01,2025,6,1,152,18,15,6,Sunday,False,True,summer,weekend,44.89
2025-06-01 18:30:00,B003,72.0,185.05,True,,185.05,False,observed,2025-06-01,2025,6,1,152,18,30,6,Sunday,False,True,summer,weekend,46.2625
2025-06-01 18:45:00,B003,71.0,178.48,True,,178.48,False,observed,2025-06-01,2025,6,1,152,18,45,6,Sunday,False,True,summer,weekend,44.62
2025-06-01 19:00:00,B003,70.0,178.93,True,,178.93,False,observed,2025-06-01,2025,6,1,152,19,0,6,Sunday,False,True,summer,weekend,44.7325
2025-06-01 19:15:00,B003,69.0,175.12,True,,175.12,False,observed,2025-06-01,2025,6,1,152,19,15,6,Sunday,False,True,summer,weekend,43.78
2025-06-01 19:30:00,B003,68.0,185.09,True,,185.09,False,observed,2025-06-01,2025,6,1,152,19,30,6,Sunday,False,True,summer,weekend,46.2725
2025-06-01 19:45:00,B003,67.1,176.18,True,,176.18,False,observed,2025-06-01,2025,6,1,152,19,45,6,Sunday,False,True,summer,weekend,44.045
2025-06-01 20:00:00,B003,66.1,181.78,True,,181.78,False,observed,2025-06-01,2025,6,1,152,20,0,6,Sunday,False,True,summer,weekend,45.445
2025-06-01 20:15:00,B003,65.1,179.7,True,,179.7,False,observed,2025-06-01,2025,6,1,152,20,15,6,Sunday,False,True,summer,weekend,44.925
2025-06-01 20:30:00,B003,64.2,174.84,True,,174.84,False,observed,2025-06-01,2025,6,1,152,20,30,6,Sunday,False,True,summer,weekend,43.71
2025-06-01 20:45:00,B003,63.3,177.15,True,,177.15,False,observed,2025-06-01,2025,6,1,152,20,45,6,Sunday,False,True,summer,weekend,44.2875
2025-06-01 21:00:00,B003,62.4,187.26,True,,187.26,False,observed,2025-06-01,2025,6,1,152,21,0,6,Sunday,False,True,summer,weekend,46.81499999999999
2025-06-01 21:15:00,B003,61.5,181.61,True,,181.61,False,observed,2025-06-01,2025,6,1,152,21,15,6,Sunday,False,True,summer,weekend,45.4025
2025-06-01 21:30:00,B003,60.7,175.95,True,,175.95,False,observed,2025-06-01,2025,6,1,152,21,30,6,Sunday,False,True,summer,weekend,43.9875
2025-06-01 21:45:00,B003,59.9,183.15,True,,183.15,False,observed,2025-06-01,2025,6,1,152,21,45,6,Sunday,False,True,summer,weekend,45.7875
2025-06-01 22:00:00,B003,59.2,181.84,True,,181.84,False,observed,2025-06-01,2025,6,1,152,22,0,6,Sunday,False,True,summer,weekend,45.46
2025-06-01 22:15:00,B003,58.5,201.22,True,,201.22,False,observed,2025-06-01,2025,6,1,152,22,15,6,Sunday,False,True,summer,weekend,50.305
2025-06-01 22:30:00,B003,57.8,187.34,True,,187.34,False,observed,2025-06-01,2025,6,1,152,22,30,6,Sunday,False,True,summer,weekend,46.835
2025-06-01 22:45:00,B003,57.2,186.7,True,,186.7,False,observed,2025-06-01,2025,6,1,152,22,45,6,Sunday,False,True,summer,weekend,46.675
2025-06-01 23:00:00,B003,56.6,199.28,True,,199.28,False,observed,2025-06-01,2025,6,1,152,23,0,6,Sunday,False,True,summer,weekend,49.82
2025-06-01 23:15:00,B003,56.1,187.56,True,,187.56,False,observed,2025-06-01,2025,6,1,152,23,15,6,Sunday,False,True,summer,weekend,46.89
2025-06-01 23:30:00,B003,55.7,202.91,True,,202.91,False,observed,2025-06-01,2025,6,1,152,23,30,6,Sunday,False,True,summer,weekend,50.7275
2025-06-01 23:45:00,B003,55.3,219.19,True,,219.19,False,observed,2025-06-01,2025,6,1,152,23,45,6,Sunday,False,True,summer,weekend,54.7975
2025-06-02 00:00:00,B003,55.0,216.42,True,,216.42,False,observed,2025-06-02,2025,6,2,153,0,0,0,Monday,True,False,summer,weekday,54.105
2025-06-02 00:15:00,B003,49.3,216.9,True,,216.9,False,observed,2025-06-02,2025,6,2,153,0,15,0,Monday,True,False,summer,weekday,54.225
2025-06-02 00:30:00,B003,49.1,232.61,True,,232.61,False,observed,2025-06-02,2025,6,2,153,0,30,0,Monday,True,False,summer,weekday,58.1525
2025-06-02 00:45:00,B003,48.9,250.87,True,,250.87,False,observed,2025-06-02,2025,6,2,153,0,45,0,Monday,True,False,summer,weekday,62.7175
2025-06-02 01:00:00,B003,48.9,253.95,True,,253.95,False,observed,2025-06-02,2025,6,2,153,1,0,0,Monday,True,False,summer,weekday,63.4875
2025-06-02 01:15:00,B003,48.8,255.23,True,,255.23,False,observed,2025-06-02,2025,6,2,153,1,15,0,Monday,True,False,summer,weekday,63.8075
2025-06-02 01:30:00,B003,48.9,261.71,True,,261.71,False,observed,2025-06-02,2025,6,2,153,1,30,0,Monday,True,False,summer,weekday,65.4275
2025-06-02 01:45:00,B003,49.0,265.96,True,,265.96,False,observed,2025-06-02,2025,6,2,153,1,45,0,Monday,True,False,summer,weekday,66.49
2025-06-02 02:00:00,B003,49.2,271.81,True,,271.81,False,observed,2025-06-02,2025,6,2,153,2,0,0,Monday,True,False,summer,weekday,67.9525
2025-06-02 02:15:00,B003,49.4,275.45,True,,275.45,False,observed,2025-06-02,2025,6,2,153,2,15,0,Monday,True,False,summer,weekday,68.8625
2025-06-02 02:30:00,B003,49.7,270.4,True,,270.4,False,observed,2025-06-02,2025,6,2,153,2,30,0,Monday,True,False,summer,weekday,67.6
2025-06-02 02:45:00,B003,50.1,261.7,True,,261.7,False,observed,2025-06-02,2025,6,2,153,2,45,0,Monday,True,False,summer,weekday,65.425
2025-06-02 03:00:00,B003,50.5,245.41,True,,245.41,False,observed,2025-06-02,2025,6,2,153,3,0,0,Monday,True,False,summer,weekday,61.3525
2025-06-02 03:15:00,B003,50.9,236.96,True,,236.96,False,observed,2025-06-02,2025,6,2,153,3,15,0,Monday,True,False,summer,weekday,59.24
2025-06-02 03:30:00,B003,51.5,237.25,True,,237.25,False,observed,2025-06-02,2025,6,2,153,3,30,0,Monday,True,False,summer,weekday,59.3125
2025-06-02 03:45:00,B003,52.1,218.84,True,,218.84,False,observed,2025-06-02,2025,6,2,153,3,45,0,Monday,True,False,summer,weekday,54.71
2025-06-02 04:00:00,B003,52.7,215.87,True,,215.87,False,observed,2025-06-02,2025,6,2,153,4,0,0,Monday,True,False,summer,weekday,53.9675
2025-06-02 04:15:00,B003,53.4,210.74,True,,210.74,False,observed,2025-06-02,2025,6,2,153,4,15,0,Monday,True,False,summer,weekday,52.68500000000001
2025-06-02 04:30:00,B003,54.1,196.75,True,,196.75,False,observed,2025-06-02,2025,6,2,153,4,30,0,Monday,True,False,summer,weekday,49.1875
2025-06-02 04:45:00,B003,54.9,191.64,True,,191.64,False,observed,2025-06-02,2025,6,2,153,4,45,0,Monday,True,False,summer,weekday,47.91
2025-06-02 05:00:00,B003,55.7,191.71,True,,191.71,False,observed,2025-06-02,2025,6,2,153,5,0,0,Monday,True,False,summer,weekday,47.9275
2025-06-02 05:15:00,B003,56.5,191.13,True,,191.13,False,observed,2025-06-02,2025,6,2,153,5,15,0,Monday,True,False,summer,weekday,47.7825
2025-06-02 05:30:00,B003,57.4,191.22,True,,191.22,False,observed,2025-06-02,2025,6,2,153,5,30,0,Monday,True,False,summer,weekday,47.805
2025-06-02 05:45:00,B003,58.3,186.99,True,,186.99,False,observed,2025-06-02,2025,6,2,153,5,45,0,Monday,True,False,summer,weekday,46.74750000000001
2025-06-02 06:00:00,B003,59.2,182.94,True,,182.94,False,observed,2025-06-02,2025,6,2,153,6,0,0,Monday,True,False,summer,weekday,45.735
2025-06-02 06:15:00,B003,60.1,177.89,True,,177.89,False,observed,2025-06-02,2025,6,2,153,6,15,0,Monday,True,False,summer,weekday,44.4725
2025-06-02 06:30:00,B003,61.1,175.65,True,,175.65,False,observed,2025-06-02,2025,6,2,153,6,30,0,Monday,True,False,summer,weekday,43.9125
2025-06-02 06:45:00,B003,62.1,178.04,True,,178.04,False,observed,2025-06-02,2025,6,2,153,6,45,0,Monday,True,False,summer,weekday,44.51
2025-06-02 07:00:00,B003,63.1,182.4,True,,182.4,False,observed,2025-06-02,2025,6,2,153,7,0,0,Monday,True,False,summer,weekday,45.6
2025-06-02 07:15:00,B003,64.0,181.88,True,,181.88,False,observed,2025-06-02,2025,6,2,153,7,15,0,Monday,True,False,summer,weekday,45.47
2025-06-02 07:30:00,B003,65.0,169.61,True,,169.61,False,observed,2025-06-02,2025,6,2,153,7,30,0,Monday,True,False,summer,weekday,42.4025
2025-06-02 07:45:00,B003,66.0,176.13,True,,176.13,False,observed,2025-06-02,2025,6,2,153,7,45,0,Monday,True,False,summer,weekday,44.0325
2025-06-02 08:00:00,B003,67.0,186.05,True,,186.05,False,observed,2025-06-02,2025,6,2,153,8,0,0,Monday,True,False,summer,weekday,46.5125
2025-06-02 08:15:00,B003,67.9,180.41,True,,180.41,False,observed,2025-06-02,2025,6,2,153,8,15,0,Monday,True,False,summer,weekday,45.1025
2025-06-02 08:30:00,B003,68.8,172.92,True,,172.92,False,observed,2025-06-02,2025,6,2,153,8,30,0,Monday,True,False,summer,weekday,43.23
2025-06-02 08:45:00,B003,69.8,191.78,True,,191.78,False,observed,2025-06-02,2025,6,2,153,8,45,0,Monday,True,False,summer,weekday,47.945
2025-06-02 09:00:00,B003,70.6,179.86,True,,179.86,False,observed,2025-06-02,2025,6,2,153,9,0,0,Monday,True,False,summer,weekday,44.965
2025-06-02 09:15:00,B003,71.5,181.92,True,,181.92,False,observed,2025-06-02,2025,6,2,153,9,15,0,Monday,True,False,summer,weekday,45.48
2025-06-02 09:30:00,B003,72.3,182.0,True,,182.0,False,observed,2025-06-02,2025,6,2,153,9,30,0,Monday,True,False,summer,weekday,45.5
2025-06-02 09:45:00,B003,73.1,178.16,True,,178.16,False,observed,2025-06-02,2025,6,2,153,9,45,0,Monday,True,False,summer,weekday,44.54
2025-06-02 10:00:00,B003,73.9,176.36,True,,176.36,False,observed,2025-06-02,2025,6,2,153,10,0,0,Monday,True,False,summer,weekday,44.09
2025-06-02 10:15:00,B003,74.6,190.61,True,,190.61,False,observed,2025-06-02,2025,6,2,153,10,15,0,Monday,True,False,summer,weekday,47.6525
2025-06-02 10:30:00,B003,75.2,185.02,True,,185.02,False,observed,2025-06-02,2025,6,2,153,10,30,0,Monday,True,False,summer,weekday,46.255
2025-06-02 10:45:00,B003,75.9,184.11,True,,184.11,False,observed,2025-06-02,2025,6,2,153,10,45,0,Monday,True,False,summer,weekday,46.0275
2025-06-02 11:00:00,B003,76.4,182.88,True,,182.88,False,observed,2025-06-02,2025,6,2,153,11,0,0,Monday,True,False,summer,weekday,45.72
2025-06-02 11:15:00,B003,76.9,174.98,True,,174.98,False,observed,2025-06-02,2025,6,2,153,11,15,0,Monday,True,False,summer,weekday,43.745
2025-06-02 11:30:00,B003,77.4,186.39,True,,186.39,False,observed,2025-06-02,2025,6,2,153,11,30,0,Monday,True,False,summer,weekday,46.5975
2025-06-02 11:45:00,B003,77.8,175.78,True,,175.78,False,observed,2025-06-02,2025,6,2,153,11,45,0,Monday,True,False,summer,weekday,43.945
2025-06-02 12:00:00,B003,78.1,181.42,True,,181.42,False,observed,2025-06-02,2025,6,2,153,12,0,0,Monday,True,False,summer,weekday,45.355
2025-06-02 12:15:00,B003,78.4,171.8,True,,171.8,False,observed,2025-06-02,2025,6,2,153,12,15,0,Monday,True,False,summer,weekday,42.95
2025-06-02 12:30:00,B003,78.6,169.8,True,,169.8,False,observed,2025-06-02,2025,6,2,153,12,30,0,Monday,True,False,summer,weekday,42.45
2025-06-02 12:45:00,B003,78.7,181.59,True,,181.59,False,observed,2025-06-02,2025,6,2,153,12,45,0,Monday,True,False,summer,weekday,45.3975
2025-06-02 13:00:00,B003,78.8,175.95,True,,175.95,False,observed,2025-06-02,2025,6,2,153,13,0,0,Monday,True,False,summer,weekday,43.9875
2025-06-02 13:15:00,B003,78.8,170.05,True,,170.05,False,observed,2025-06-02,2025,6,2,153,13,15,0,Monday,True,False,summer,weekday,42.5125
2025-06-02 13:30:00,B003,78.8,182.7,True,,182.7,False,observed,2025-06-02,2025,6,2,153,13,30,0,Monday,True,False,summer,weekday,45.675
2025-06-02 13:45:00,B003,78.7,190.6,True,,190.6,False,observed,2025-06-02,2025,6,2,153,13,45,0,Monday,True,False,summer,weekday,47.65
2025-06-02 14:00:00,B003,78.5,186.95,True,,186.95,False,observed,2025-06-02,2025,6,2,153,14,0,0,Monday,True,False,summer,weekday,46.7375
2025-06-02 14:15:00,B003,78.3,178.71,True,,178.71,False,observed,2025-06-02,2025,6,2,153,14,15,0,Monday,True,False,summer,weekday,44.6775
2025-06-02 14:30:00,B003,78.0,180.04,True,,180.04,False,observed,2025-06-02,2025,6,2,153,14,30,0,Monday,True,False,summer,weekday,45.01
2025-06-02 14:45:00,B003,77.6,184.44,True,,184.44,False,observed,2025-06-02,2025,6,2,153,14,45,0,Monday,True,False,summer,weekday,46.11
2025-06-02 15:00:00,B003,77.2,185.61,True,,185.61,False,observed,2025-06-02,2025,6,2,153,15,0,0,Monday,True,False,summer,weekday,46.4025
2025-06-02 15:15:00,B003,76.7,178.28,True,,178.28,False,observed,2025-06-02,2025,6,2,153,15,15,0,Monday,True,False,summer,weekday,44.57
2025-06-02 15:30:00,B003,76.2,180.17,True,,180.17,False,observed,2025-06-02,2025,6,2,153,15,30,0,Monday,True,False,summer,weekday,45.0425
2025-06-02 15:45:00,B003,75.6,181.5,True,,181.5,False,observed,2025-06-02,2025,6,2,153,15,45,0,Monday,True,False,summer,weekday,45.375
2025-06-02 16:00:00,B003,75.0,182.77,True,,182.77,False,observed,2025-06-02,2025,6,2,153,16,0,0,Monday,True,False,summer,weekday,45.6925
2025-06-02 16:15:00,B003,74.3,179.33,True,,179.33,False,observed,2025-06-02,2025,6,2,153,16,15,0,Monday,True,False,summer,weekday,44.8325
2025-06-02 16:30:00,B003,73.6,179.4,True,,179.4,False,observed,2025-06-02,2025,6,2,153,16,30,0,Monday,True,False,summer,weekday,44.85
2025-06-02 16:45:00,B003,72.8,186.9,True,,186.9,False,observed,2025-06-02,2025,6,2,153,16,45,0,Monday,True,False,summer,weekday,46.725
2025-06-02 17:00:00,B003,72.0,186.05,True,,186.05,False,observed,2025-06-02,2025,6,2,153,17,0,0,Monday,True,False,summer,weekday,46.5125
2025-06-02 17:15:00,B003,71.2,182.39,True,,182.39,False,observed,2025-06-02,2025,6,2,153,17,15,0,Monday,True,False,summer,weekday,45.5975
2025-06-02 17:30:00,B003,70.3,188.6,True,,188.6,False,observed,2025-06-02,2025,6,2,153,17,30,0,Monday,True,False,summer,weekday,47.15
2025-06-02 17:45:00,B003,69.4,178.07,True,,178.07,False,observed,2025-06-02,2025,6,2,153,17,45,0,Monday,True,False,summer,weekday,44.5175
2025-06-02 18:00:00,B003,68.5,188.11,True,,188.11,False,observed,2025-06-02,2025,6,2,153,18,0,0,Monday,True,False,summer,weekday,47.0275
2025-06-02 18:15:00,B003,67.5,182.71,True,,182.71,False,observed,2025-06-02,2025,6,2,153,18,15,0,Monday,True,False,summer,weekday,45.6775
2025-06-02 18:30:00,B003,66.6,196.36,True,,196.36,False,observed,2025-06-02,2025,6,2,153,18,30,0,Monday,True,False,summer,weekday,49.09
2025-06-02 18:45:00,B003,65.6,174.04,True,,174.04,False,observed,2025-06-02,2025,6,2,153,18,45,0,Monday,True,False,summer,weekday,43.51
2025-06-02 19:00:00,B003,64.6,176.55,True,,176.55,False,observed,2025-06-02,2025,6,2,153,19,0,0,Monday,True,False,summer,weekday,44.1375
2025-06-02 19:15:00,B003,63.6,182.1,True,,182.1,False,observed,2025-06-02,2025,6,2,153,19,15,0,Monday,True,False,summer,weekday,45.525
2025-06-02 19:30:00,B003,62.7,181.99,True,,181.99,False,observed,2025-06-02,2025,6,2,153,19,30,0,Monday,True,False,summer,weekday,45.49750000000001
2025-06-02 19:45:00,B003,61.7,189.77,True,,189.77,False,observed,2025-06-02,2025,6,2,153,19,45,0,Monday,True,False,summer,weekday,47.4425
2025-06-02 20:00:00,B003,60.7,176.69,True,,176.69,False,observed,2025-06-02,2025,6,2,153,20,0,0,Monday,True,False,summer,weekday,44.1725
2025-06-02 20:15:00,B003,59.8,184.58,True,,184.58,False,observed,2025-06-02,2025,6,2,153,20,15,0,Monday,True,False,summer,weekday,46.145
2025-06-02 20:30:00,B003,58.8,185.92,True,,185.92,False,observed,2025-06-02,2025,6,2,153,20,30,0,Monday,True,False,summer,weekday,46.48
2025-06-02 20:45:00,B003,57.9,183.72,True,,183.72,False,observed,2025-06-02,2025,6,2,153,20,45,0,Monday,True,False,summer,weekday,45.93
2025-06-02 21:00:00,B003,57.0,175.54,True,,175.54,False,observed,2025-06-02,2025,6,2,153,21,0,0,Monday,True,False,summer,weekday,43.885
2025-06-02 21:15:00,B003,56.2,187.64,True,,187.64,False,observed,2025-06-02,2025,6,2,153,21,15,0,Monday,True,False,summer,weekday,46.91
2025-06-02 21:30:00,B003,55.3,187.15,True,,187.15,False,observed,2025-06-02,2025,6,2,153,21,30,0,Monday,True,False,summer,weekday,46.7875
2025-06-02 21:45:00,B003,54.6,184.62,True,,184.62,False,observed,2025-06-02,2025,6,2,153,21,45,0,Monday,True,False,summer,weekday,46.155
2025-06-02 22:00:00,B003,53.8,183.59,True,,183.59,False,observed,2025-06-02,2025,6,2,153,22,0,0,Monday,True,False,summer,weekday,45.8975
2025-06-02 22:15:00,B003,53.1,185.08,True,,185.08,False,observed,2025-06-02,2025,6,2,153,22,15,0,Monday,True,False,summer,weekday,46.27
2025-06-02 22:30:00,B003,52.4,185.52,True,,185.52,False,observed,2025-06-02,2025,6,2,153,22,30,0,Monday,True,False,summer,weekday,46.38
2025-06-02 22:45:00,B003,51.8,191.81,True,,191.81,False,observed,2025-06-02,2025,6,2,153,22,45,0,Monday,True,False,summer,weekday,47.9525
2025-06-02 23:00:00,B003,51.3,192.34,True,,192.34,False,observed,2025-06-02,2025,6,2,153,23,0,0,Monday,True,False,summer,weekday,48.085
2025-06-02 23:15:00,B003,50.8,192.52,True,,192.52,False,observed,2025-06-02,2025,6,2,153,23,15,0,Monday,True,False,summer,weekday,48.13
2025-06-02 23:30:00,B003,50.3,197.2,True,,197.2,False,observed,2025-06-02,2025,6,2,153,23,30,0,Monday,True,False,summer,weekday,49.3
2025-06-02 23:45:00,B003,49.9,205.46,True,,205.46,False,observed,2025-06-02,2025,6,2,153,23,45,0,Monday,True,False,summer,weekday,51.365
2025-06-03 00:00:00,B003,49.6,218.11,True,,218.11,False,observed,2025-06-03,2025,6,3,154,0,0,1,Tuesday,True,False,summer,weekday,54.5275
2025-06-03 00:15:00,B003,56.5,225.44,True,,225.44,False,observed,2025-06-03,2025,6,3,154,0,15,1,Tuesday,True,False,summer,weekday,56.36
2025-06-03 00:30:00,B003,56.3,235.66,True,,235.66,False,observed,2025-06-03,2025,6,3,154,0,30,1,Tuesday,True,False,summer,weekday,58.915
2025-06-03 00:45:00,B003,56.1,246.1,True,,246.1,False,observed,2025-06-03,2025,6,3,154,0,45,1,Tuesday,True,False,summer,weekday,61.525
2025-06-03 01:00:00,B003,56.0,248.93,True,,248.93,False,observed,2025-06-03,2025,6,3,154,1,0,1,Tuesday,True,False,summer,weekday,62.2325
2025-06-03 01:15:00,B003,56.0,266.75,True,,266.75,False,observed,2025-06-03,2025,6,3,154,1,15,1,Tuesday,True,False,summer,weekday,66.6875
2025-06-03 01:30:00,B003,56.0,263.8,True,,263.8,False,observed,2025-06-03,2025,6,3,154,1,30,1,Tuesday,True,False,summer,weekday,65.95
2025-06-03 01:45:00,B003,56.2,266.59,True,,266.59,False,observed,2025-06-03,2025,6,3,154,1,45,1,Tuesday,True,False,summer,weekday,66.6475
2025-06-03 02:00:00,B003,56.3,272.41,True,,272.41,False,observed,2025-06-03,2025,6,3,154,2,0,1,Tuesday,True,False,summer,weekday,68.1025
2025-06-03 02:15:00,B003,56.6,259.58,True,,259.58,False,observed,2025-06-03,2025,6,3,154,2,15,1,Tuesday,True,False,summer,weekday,64.895
2025-06-03 02:30:00,B003,56.9,261.18,True,,261.18,False,observed,2025-06-03,2025,6,3,154,2,30,1,Tuesday,True,False,summer,weekday,65.295
2025-06-03 02:45:00,B003,57.2,264.33,True,,264.33,False,observed,2025-06-03,2025,6,3,154,2,45,1,Tuesday,True,False,summer,weekday,66.0825
2025-06-03 03:00:00,B003,57.6,243.38,True,,243.38,False,observed,2025-06-03,2025,6,3,154,3,0,1,Tuesday,True,False,summer,weekday,60.845
2025-06-03 03:15:00,B003,58.1,249.19,True,,249.19,False,observed,2025-06-03,2025,6,3,154,3,15,1,Tuesday,True,False,summer,weekday,62.2975
2025-06-03 03:30:00,B003,58.6,242.14,True,,242.14,False,observed,2025-06-03,2025,6,3,154,3,30,1,Tuesday,True,False,summer,weekday,60.535
2025-06-03 03:45:00,B003,59.2,223.72,True,,223.72,False,observed,2025-06-03,2025,6,3,154,3,45,1,Tuesday,True,False,summer,weekday,55.93
2025-06-03 04:00:00,B003,59.9,218.46,True,,218.46,False,observed,2025-06-03,2025,6,3,154,4,0,1,Tuesday,True,False,summer,weekday,54.615
2025-06-03 04:15:00,B003,60.5,214.81,True,,214.81,False,observed,2025-06-03,2025,6,3,154,4,15,1,Tuesday,True,False,summer,weekday,53.7025
2025-06-03 04:30:00,B003,61.3,200.11,True,,200.11,False,observed,2025-06-03,2025,6,3,154,4,30,1,Tuesday,True,False,summer,weekday,50.0275
2025-06-03 04:45:00,B003,62.0,201.1,True,,201.1,False,observed,2025-06-03,2025,6,3,154,4,45,1,Tuesday,True,False,summer,weekday,50.275
2025-06-03 05:00:00,B003,62.8,188.82,True,,188.82,False,observed,2025-06-03,2025,6,3,154,5,0,1,Tuesday,True,False,summer,weekday,47.205
2025-06-03 05:15:00,B003,63.7,186.22,True,,186.22,False,observed,2025-06-03,2025,6,3,154,5,15,1,Tuesday,True,False,summer,weekday,46.555
2025-06-03 05:30:00,B003,64.5,181.92,True,,181.92,False,observed,2025-06-03,2025,6,3,154,5,30,1,Tuesday,True,False,summer,weekday,45.48
2025-06-03 05:45:00,B003,65.4,185.67,True,,185.67,False,observed,2025-06-03,2025,6,3,154,5,45,1,Tuesday,True,False,summer,weekday,46.4175
2025-06-03 06:00:00,B003,66.4,188.36,True,,188.36,False,observed,2025-06-03,2025,6,3,154,6,0,1,Tuesday,True,False,summer,weekday,47.09
2025-06-03 06:15:00,B003,67.3,180.71,True,,180.71,False,observed,2025-06-03,2025,6,3,154,6,15,1,Tuesday,True,False,summer,weekday,45.1775
2025-06-03 06:30:00,B003,68.3,174.64,True,,174.64,False,observed,2025-06-03,2025,6,3,154,6,30,1,Tuesday,True,False,summer,weekday,43.66
2025-06-03 06:45:00,B003,69.2,175.18,True,,175.18,False,observed,2025-06-03,2025,6,3,154,6,45,1,Tuesday,True,False,summer,weekday,43.795
2025-06-03 07:00:00,B003,70.2,182.32,True,,182.32,False,observed,2025-06-03,2025,6,3,154,7,0,1,Tuesday,True,False,summer,weekday,45.58
2025-06-03 07:15:00,B003,71.2,189.42,True,,189.42,False,observed,2025-06-03,2025,6,3,154,7,15,1,Tuesday,True,False,summer,weekday,47.355
2025-06-03 07:30:00,B003,72.2,182.08,True,,182.08,False,observed,2025-06-03,2025,6,3,154,7,30,1,Tuesday,True,False,summer,weekday,45.52
2025-06-03 07:45:00,B003,73.2,178.12,True,,178.12,False,observed,2025-06-03,2025,6,3,154,7,45,1,Tuesday,True,False,summer,weekday,44.53
2025-06-03 08:00:00,B003,74.1,183.86,True,,183.86,False,observed,2025-06-03,2025,6,3,154,8,0,1,Tuesday,True,False,summer,weekday,45.965
2025-06-03 08:15:00,B003,75.1,178.82,True,,178.82,False,observed,2025-06-03,2025,6,3,154,8,15,1,Tuesday,True,False,summer,weekday,44.705
2025-06-03 08:30:00,B003,76.0,178.12,True,,178.12,False,observed,2025-06-03,2025,6,3,154,8,30,1,Tuesday,True,False,summer,weekday,44.53
2025-06-03 08:45:00,B003,76.9,175.21,True,,175.21,False,observed,2025-06-03,2025,6,3,154,8,45,1,Tuesday,True,False,summer,weekday,43.8025
2025-06-03 09:00:00,B003,77.8,187.04,True,,187.04,False,observed,2025-06-03,2025,6,3,154,9,0,1,Tuesday,True,False,summer,weekday,46.76
2025-06-03 09:15:00,B003,78.7,167.3,True,,167.3,False,observed,2025-06-03,2025,6,3,154,9,15,1,Tuesday,True,False,summer,weekday,41.825
2025-06-03 09:30:00,B003,79.5,183.99,True,,183.99,False,observed,2025-06-03,2025,6,3,154,9,30,1,Tuesday,True,False,summer,weekday,45.99750000000001
2025-06-03 09:45:00,B003,80.3,177.68,True,,177.68,False,observed,2025-06-03,2025,6,3,154,9,45,1,Tuesday,True,False,summer,weekday,44.42
2025-06-03 10:00:00,B003,81.0,177.95,True,,177.95,False,observed,2025-06-03,2025,6,3,154,10,0,1,Tuesday,True,False,summer,weekday,44.4875
2025-06-03 10:15:00,B003,81.7,188.46,True,,188.46,False,observed,2025-06-03,2025,6,3,154,10,15,1,Tuesday,True,False,summer,weekday,47.115
2025-06-03 10:30:00,B003,82.4,176.43,True,,176.43,False,observed,2025-06-03,2025,6,3,154,10,30,1,Tuesday,True,False,summer,weekday,44.1075
2025-06-03 10:45:00,B003,83.0,176.6,True,,176.6,False,observed,2025-06-03,2025,6,3,154,10,45,1,Tuesday,True,False,summer,weekday,44.15
2025-06-03 11:00:00,B003,83.6,179.35,True,,179.35,False,observed,2025-06-03,2025,6,3,154,11,0,1,Tuesday,True,False,summer,weekday,44.8375
2025-06-03 11:15:00,B003,84.1,182.07,True,,182.07,False,observed,2025-06-03,2025,6,3,154,11,15,1,Tuesday,True,False,summer,weekday,45.5175
2025-06-03 11:30:00,B003,84.5,177.79,True,,177.79,False,observed,2025-06-03,2025,6,3,154,11,30,1,Tuesday,True,False,summer,weekday,44.4475
2025-06-03 11:45:00,B003,84.9,172.13,True,,172.13,False,observed,2025-06-03,2025,6,3,154,11,45,1,Tuesday,True,False,summer,weekday,43.0325
2025-06-03 12:00:00,B003,85.3,175.67,True,,175.67,False,observed,2025-06-03,2025,6,3,154,12,0,1,Tuesday,True,False,summer,weekday,43.9175
2025-06-03 12:15:00,B003,85.5,186.41,True,,186.41,False,observed,2025-06-03,2025,6,3,154,12,15,1,Tuesday,True,False,summer,weekday,46.6025
2025-06-03 12:30:00,B003,85.8,180.37,True,,180.37,False,observed,2025-06-03,2025,6,3,154,12,30,1,Tuesday,True,False,summer,weekday,45.0925
2025-06-03 12:45:00,B003,85.9,182.26,True,,182.26,False,observed,2025-06-03,2025,6,3,154,12,45,1,Tuesday,True,False,summer,weekday,45.56499999999999
2025-06-03 13:00:00,B003,86.0,178.69,True,,178.69,False,observed,2025-06-03,2025,6,3,154,13,0,1,Tuesday,True,False,summer,weekday,44.6725
2025-06-03 13:15:00,B003,86.0,176.7,True,,176.7,False,observed,2025-06-03,2025,6,3,154,13,15,1,Tuesday,True,False,summer,weekday,44.175
2025-06-03 13:30:00,B003,86.0,188.39,True,,188.39,False,observed,2025-06-03,2025,6,3,154,13,30,1,Tuesday,True,False,summer,weekday,47.0975
2025-06-03 13:45:00,B003,85.8,179.06,True,,179.06,False,observed,2025-06-03,2025,6,3,154,13,45,1,Tuesday,True,False,summer,weekday,44.765
2025-06-03 14:00:00,B003,85.7,177.78,True,,177.78,False,observed,2025-06-03,2025,6,3,154,14,0,1,Tuesday,True,False,summer,weekday,44.445
2025-06-03 14:15:00,B003,85.4,185.48,True,,185.48,False,observed,2025-06-03,2025,6,3,154,14,15,1,Tuesday,True,False,summer,weekday,46.37
2025-06-03 14:30:00,B003,85.1,176.39,True,,176.39,False,observed,2025-06-03,2025,6,3,154,14,30,1,Tuesday,True,False,summer,weekday,44.0975
2025-06-03 14:45:00,B003,84.8,177.03,True,,177.03,False,observed,2025-06-03,2025,6,3,154,14,45,1,Tuesday,True,False,summer,weekday,44.2575
2025-06-03 15:00:00,B003,84.4,180.05,True,,180.05,False,observed,2025-06-03,2025,6,3,154,15,0,1,Tuesday,True,False,summer,weekday,45.0125
2025-06-03 15:15:00,B003,83.9,180.0,True,,180.0,False,observed,2025-06-03,2025,6,3,154,15,15,1,Tuesday,True,False,summer,weekday,45.0
2025-06-03 15:30:00,B003,83.4,181.3,True,,181.3,False,observed,2025-06-03,2025,6,3,154,15,30,1,Tuesday,True,False,summer,weekday,45.325
2025-06-03 15:45:00,B003,82.8,190.46,True,,190.46,False,observed,2025-06-03,2025,6,3,154,15,45,1,Tuesday,True,False,summer,weekday,47.615
2025-06-03 16:00:00,B003,82.1,181.68,True,,181.68,False,observed,2025-06-03,2025,6,3,154,16,0,1,Tuesday,True,False,summer,weekday,45.42
2025-06-03 16:15:00,B003,81.5,168.11,True,,168.11,False,observed,2025-06-03,2025,6,3,154,16,15,1,Tuesday,True,False,summer,weekday,42.0275
2025-06-03 16:30:00,B003,80.7,181.63,True,,181.63,False,observed,2025-06-03,2025,6,3,154,16,30,1,Tuesday,True,False,summer,weekday,45.4075
2025-06-03 16:45:00,B003,80.0,180.19,True,,180.19,False,observed,2025-06-03,2025,6,3,154,16,45,1,Tuesday,True,False,summer,weekday,45.0475
2025-06-03 17:00:00,B003,79.2,180.22,True,,180.22,False,observed,2025-06-03,2025,6,3,154,17,0,1,Tuesday,True,False,summer,weekday,45.055
2025-06-03 17:15:00,B003,78.3,181.23,True,,181.23,False,observed,2025-06-03,2025,6,3,154,17,15,1,Tuesday,True,False,summer,weekday,45.3075
2025-06-03 17:30:00,B003,77.5,179.86,True,,179.86,False,observed,2025-06-03,2025,6,3,154,17,30,1,Tuesday,True,False,summer,weekday,44.965
2025-06-03 17:45:00,B003,76.6,179.74,True,,179.74,False,observed,2025-06-03,2025,6,3,154,17,45,1,Tuesday,True,False,summer,weekday,44.93500000000001
2025-06-03 18:00:00,B003,75.6,183.07,True,,183.07,False,observed,2025-06-03,2025,6,3,154,18,0,1,Tuesday,True,False,summer,weekday,45.7675
2025-06-03 18:15:00,B003,74.7,177.29,True,,177.29,False,observed,2025-06-03,2025,6,3,154,18,15,1,Tuesday,True,False,summer,weekday,44.3225
2025-06-03 18:30:00,B003,73.7,175.26,True,,175.26,False,observed,2025-06-03,2025,6,3,154,18,30,1,Tuesday,True,False,summer,weekday,43.81499999999999
2025-06-03 18:45:00,B003,72.8,195.12,True,,195.12,False,observed,2025-06-03,2025,6,3,154,18,45,1,Tuesday,True,False,summer,weekday,48.78
2025-06-03 19:00:00,B003,71.8,176.42,True,,176.42,False,observed,2025-06-03,2025,6,3,154,19,0,1,Tuesday,True,False,summer,weekday,44.105
2025-06-03 19:15:00,B003,70.8,180.5,True,,180.5,False,observed,2025-06-03,2025,6,3,154,19,15,1,Tuesday,True,False,summer,weekday,45.125
2025-06-03 19:30:00,B003,69.8,172.53,True,,172.53,False,observed,2025-06-03,2025,6,3,154,19,30,1,Tuesday,True,False,summer,weekday,43.1325
2025-06-03 19:45:00,B003,68.8,180.6,True,,180.6,False,observed,2025-06-03,2025,6,3,154,19,45,1,Tuesday,True,False,summer,weekday,45.15
2025-06-03 20:00:00,B003,67.9,175.36,True,,175.36,False,observed,2025-06-03,2025,6,3,154,20,0,1,Tuesday,True,False,summer,weekday,43.84
2025-06-03 20:15:00,B003,66.9,177.85,True,,177.85,False,observed,2025-06-03,2025,6,3,154,20,15,1,Tuesday,True,False,summer,weekday,44.4625
2025-06-03 20:30:00,B003,66.0,185.33,True,,185.33,False,observed,2025-06-03,2025,6,3,154,20,30,1,Tuesday,True,False,summer,weekday,46.3325
2025-06-03 20:45:00,B003,65.1,182.56,True,,182.56,False,observed,2025-06-03,2025,6,3,154,20,45,1,Tuesday,True,False,summer,weekday,45.64
2025-06-03 21:00:00,B003,64.2,183.19,True,,183.19,False,observed,2025-06-03,2025,6,3,154,21,0,1,Tuesday,True,False,summer,weekday,45.7975
2025-06-03 21:15:00,B003,63.3,171.74,True,,171.74,False,observed,2025-06-03,2025,6,3,154,21,15,1,Tuesday,True,False,summer,weekday,42.93500000000001
2025-06-03 21:30:00,B003,62.5,190.18,True,,190.18,False,observed,2025-06-03,2025,6,3,154,21,30,1,Tuesday,True,False,summer,weekday,47.545
2025-06-03 21:45:00,B003,61.7,175.67,True,,175.67,False,observed,2025-06-03,2025,6,3,154,21,45,1,Tuesday,True,False,summer,weekday,43.9175
2025-06-03 22:00:00,B003,61.0,190.21,True,,190.21,False,observed,2025-06-03,2025,6,3,154,22,0,1,Tuesday,True,False,summer,weekday,47.5525
2025-06-03 22:15:00,B003,60.3,189.06,True,,189.06,False,observed,2025-06-03,2025,6,3,154,22,15,1,Tuesday,True,False,summer,weekday,47.265
2025-06-03 22:30:00,B003,59.6,188.8,True,,188.8,False,observed,2025-06-03,2025,6,3,154,22,30,1,Tuesday,True,False,summer,weekday,47.2
2025-06-03 22:45:00,B003,59.0,184.33,True,,184.33,False,observed,2025-06-03,2025,6,3,154,22,45,1,Tuesday,True,False,summer,weekday,46.0825
2025-06-03 23:00:00,B003,58.4,192.94,True,,192.94,False,observed,2025-06-03,2025,6,3,154,23,0,1,Tuesday,True,False,summer,weekday,48.235
2025-06-03 23:15:00,B003,57.9,194.41,True,,194.41,False,observed,2025-06-03,2025,6,3,154,23,15,1,Tuesday,True,False,summer,weekday,48.6025
2025-06-03 23:30:00,B003,57.5,202.59,True,,202.59,False,observed,2025-06-03,2025,6,3,154,23,30,1,Tuesday,True,False,summer,weekday,50.6475
2025-06-03 23:45:00,B003,57.1,207.97,True,,207.97,False,observed,2025-06-03,2025,6,3,154,23,45,1,Tuesday,True,False,summer,weekday,51.9925
2025-06-04 00:00:00,B003,56.7,206.81,True,,206.81,False,observed,2025-06-04,2025,6,4,155,0,0,2,Wednesday,True,False,summer,weekday,51.7025
2025-06-04 00:15:00,B003,57.2,231.18,True,,231.18,False,observed,2025-06-04,2025,6,4,155,0,15,2,Wednesday,True,False,summer,weekday,57.795
2025-06-04 00:30:00,B003,57.0,234.18,True,,234.18,False,observed,2025-06-04,2025,6,4,155,0,30,2,Wednesday,True,False,summer,weekday,58.545
2025-06-04 00:45:00,B003,56.9,241.17,True,,241.17,False,observed,2025-06-04,2025,6,4,155,0,45,2,Wednesday,True,False,summer,weekday,60.2925
2025-06-04 01:00:00,B003,56.8,249.26,True,,249.26,False,observed,2025-06-04,2025,6,4,155,1,0,2,Wednesday,True,False,summer,weekday,62.31499999999999
2025-06-04 01:15:00,B003,56.8,261.22,True,,261.22,False,observed,2025-06-04,2025,6,4,155,1,15,2,Wednesday,True,False,summer,weekday,65.305
2025-06-04 01:30:00,B003,56.8,260.67,True,,260.67,False,observed,2025-06-04,2025,6,4,155,1,30,2,Wednesday,True,False,summer,weekday,65.1675
2025-06-04 01:45:00,B003,56.9,257.48,True,,257.48,False,observed,2025-06-04,2025,6,4,155,1,45,2,Wednesday,True,False,summer,weekday,64.37
2025-06-04 02:00:00,B003,57.1,272.04,True,,272.04,False,observed,2025-06-04,2025,6,4,155,2,0,2,Wednesday,True,False,summer,weekday,68.01
2025-06-04 02:15:00,B003,57.3,271.35,True,,271.35,False,observed,2025-06-04,2025,6,4,155,2,15,2,Wednesday,True,False,summer,weekday,67.8375
2025-06-04 02:30:00,B003,57.6,264.14,True,,264.14,False,observed,2025-06-04,2025,6,4,155,2,30,2,Wednesday,True,False,summer,weekday,66.035
2025-06-04 02:45:00,B003,58.0,253.69,True,,253.69,False,observed,2025-06-04,2025,6,4,155,2,45,2,Wednesday,True,False,summer,weekday,63.4225
2025-06-04 03:00:00,B003,58.4,252.51,True,,252.51,False,observed,2025-06-04,2025,6,4,155,3,0,2,Wednesday,True,False,summer,weekday,63.12749999999999
2025-06-04 03:15:00,B003,58.9,236.28,True,,236.28,False,observed,2025-06-04,2025,6,4,155,3,15,2,Wednesday,True,False,summer,weekday,59.07
2025-06-04 03:30:00,B003,59.4,229.45,True,,229.45,False,observed,2025-06-04,2025,6,4,155,3,30,2,Wednesday,True,False,summer,weekday,57.3625
2025-06-04 03:45:00,B003,60.0,221.82,True,,221.82,False,observed,2025-06-04,2025,6,4,155,3,45,2,Wednesday,True,False,summer,weekday,55.455
2025-06-04 04:00:00,B003,60.6,221.22,True,,221.22,False,observed,2025-06-04,2025,6,4,155,4,0,2,Wednesday,True,False,summer,weekday,55.305
2025-06-04 04:15:00,B003,61.3,207.41,True,,207.41,False,observed,2025-06-04,2025,6,4,155,4,15,2,Wednesday,True,False,summer,weekday,51.8525
2025-06-04 04:30:00,B003,62.0,200.2,True,,200.2,False,observed,2025-06-04,2025,6,4,155,4,30,2,Wednesday,True,False,summer,weekday,50.05
2025-06-04 04:45:00,B003,62.8,206.54,True,,206.54,False,observed,2025-06-04,2025,6,4,155,4,45,2,Wednesday,True,False,summer,weekday,51.635
2025-06-04 05:00:00,B003,63.6,193.94,True,,193.94,False,observed,2025-06-04,2025,6,4,155,5,0,2,Wednesday,True,False,summer,weekday,48.485
2025-06-04 05:15:00,B003,64.4,190.3,True,,190.3,False,observed,2025-06-04,2025,6,4,155,5,15,2,Wednesday,True,False,summer,weekday,47.575
2025-06-04 05:30:00,B003,65.3,184.07,True,,184.07,False,observed,2025-06-04,2025,6,4,155,5,30,2,Wednesday,True,False,summer,weekday,46.0175
2025-06-04 05:45:00,B003,66.2,180.97,True,,180.97,False,observed,2025-06-04,2025,6,4,155,5,45,2,Wednesday,True,False,summer,weekday,45.2425
2025-06-04 06:00:00,B003,67.1,171.64,True,,171.64,False,observed,2025-06-04,2025,6,4,155,6,0,2,Wednesday,True,False,summer,weekday,42.91
2025-06-04 06:15:00,B003,68.1,186.47,True,,186.47,False,observed,2025-06-04,2025,6,4,155,6,15,2,Wednesday,True,False,summer,weekday,46.6175
2025-06-04 06:30:00,B003,69.0,183.24,True,,183.24,False,observed,2025-06-04,2025,6,4,155,6,30,2,Wednesday,True,False,summer,weekday,45.81000000000001
2025-06-04 06:45:00,B003,70.0,179.7,True,,179.7,False,observed,2025-06-04,2025,6,4,155,6,45,2,Wednesday,True,False,summer,weekday,44.925
2025-06-04 07:00:00,B003,71.0,179.66,True,,179.66,False,observed,2025-06-04,2025,6,4,155,7,0,2,Wednesday,True,False,summer,weekday,44.915
2025-06-04 07:15:00,B003,72.0,183.88,True,,183.88,False,observed,2025-06-04,2025,6,4,155,7,15,2,Wednesday,True,False,summer,weekday,45.97
2025-06-04 07:30:00,B003,72.9,172.33,True,,172.33,False,observed,2025-06-04,2025,6,4,155,7,30,2,Wednesday,True,False,summer,weekday,43.0825
2025-06-04 07:45:00,B003,73.9,177.11,True,,177.11,False,observed,2025-06-04,2025,6,4,155,7,45,2,Wednesday,True,False,summer,weekday,44.2775
2025-06-04 08:00:00,B003,74.9,174.35,True,,174.35,False,observed,2025-06-04,2025,6,4,155,8,0,2,Wednesday,True,False,summer,weekday,43.5875
2025-06-04 08:15:00,B003,75.8,188.87,True,,188.87,False,observed,2025-06-04,2025,6,4,155,8,15,2,Wednesday,True,False,summer,weekday,47.2175
2025-06-04 08:30:00,B003,76.8,184.39,True,,184.39,False,observed,2025-06-04,2025,6,4,155,8,30,2,Wednesday,True,False,summer,weekday,46.0975
2025-06-04 08:45:00,B003,77.7,168.99,True,,168.99,False,observed,2025-06-04,2025,6,4,155,8,45,2,Wednesday,True,False,summer,weekday,42.24750000000001
2025-06-04 09:00:00,B003,78.6,172.43,True,,172.43,False,observed,2025-06-04,2025,6,4,155,9,0,2,Wednesday,True,False,summer,weekday,43.1075
2025-06-04 09:15:00,B003,79.4,179.34,True,,179.34,False,observed,2025-06-04,2025,6,4,155,9,15,2,Wednesday,True,False,summer,weekday,44.835
2025-06-04 09:30:00,B003,80.3,177.64,True,,177.64,False,observed,2025-06-04,2025,6,4,155,9,30,2,Wednesday,True,False,summer,weekday,44.41
2025-06-04 09:45:00,B003,81.0,173.38,True,,173.38,False,observed,2025-06-04,2025,6,4,155,9,45,2,Wednesday,True,False,summer,weekday,43.345
2025-06-04 10:00:00,B003,81.8,189.72,True,,189.72,False,observed,2025-06-04,2025,6,4,155,10,0,2,Wednesday,True,False,summer,weekday,47.43
2025-06-04 10:15:00,B003,82.5,181.56,True,,181.56,False,observed,2025-06-04,2025,6,4,155,10,15,2,Wednesday,True,False,summer,weekday,45.39
2025-06-04 10:30:00,B003,83.2,182.37,True,,182.37,False,observed,2025-06-04,2025,6,4,155,10,30,2,Wednesday,True,False,summer,weekday,45.5925
2025-06-04 10:45:00,B003,83.8,176.54,True,,176.54,False,observed,2025-06-04,2025,6,4,155,10,45,2,Wednesday,True,False,summer,weekday,44.135
2025-06-04 11:00:00,B003,84.3,183.61,True,,183.61,False,observed,2025-06-04,2025,6,4,155,11,0,2,Wednesday,True,False,summer,weekday,45.9025
2025-06-04 11:15:00,B003,84.8,178.1,True,,178.1,False,observed,2025-06-04,2025,6,4,155,11,15,2,Wednesday,True,False,summer,weekday,44.525
2025-06-04 11:30:00,B003,85.3,178.58,True,,178.58,False,observed,2025-06-04,2025,6,4,155,11,30,2,Wednesday,True,False,summer,weekday,44.645
2025-06-04 11:45:00,B003,85.7,183.06,True,,183.06,False,observed,2025-06-04,2025,6,4,155,11,45,2,Wednesday,True,False,summer,weekday,45.765
2025-06-04 12:00:00,B003,86.0,171.86,True,,171.86,False,observed,2025-06-04,2025,6,4,155,12,0,2,Wednesday,True,False,summer,weekday,42.965
2025-06-04 12:15:00,B003,86.3,187.99,True,,187.99,False,observed,2025-06-04,2025,6,4,155,12,15,2,Wednesday,True,False,summer,weekday,46.99750000000001
2025-06-04 12:30:00,B003,86.5,180.91,True,,180.91,False,observed,2025-06-04,2025,6,4,155,12,30,2,Wednesday,True,False,summer,weekday,45.2275
2025-06-04 12:45:00,B003,86.7,186.4,True,,186.4,False,observed,2025-06-04,2025,6,4,155,12,45,2,Wednesday,True,False,summer,weekday,46.6
2025-06-04 13:00:00,B003,86.7,174.62,True,,174.62,False,observed,2025-06-04,2025,6,4,155,13,0,2,Wednesday,True,False,summer,weekday,43.655
2025-06-04 13:15:00,B003,86.8,175.38,True,,175.38,False,observed,2025-06-04,2025,6,4,155,13,15,2,Wednesday,True,False,summer,weekday,43.845
2025-06-04 13:30:00,B003,86.7,174.19,True,,174.19,False,observed,2025-06-04,2025,6,4,155,13,30,2,Wednesday,True,False,summer,weekday,43.5475
2025-06-04 13:45:00,B003,86.6,181.25,True,,181.25,False,observed,2025-06-04,2025,6,4,155,13,45,2,Wednesday,True,False,summer,weekday,45.3125
2025-06-04 14:00:00,B003,86.4,180.33,True,,180.33,False,observed,2025-06-04,2025,6,4,155,14,0,2,Wednesday,True,False,summer,weekday,45.0825
2025-06-04 14:15:00,B003,86.2,177.68,True,,177.68,False,observed,2025-06-04,2025,6,4,155,14,15,2,Wednesday,True,False,summer,weekday,44.42
2025-06-04 14:30:00,B003,85.9,174.93,True,,174.93,False,observed,2025-06-04,2025,6,4,155,14,30,2,Wednesday,True,False,summer,weekday,43.7325
2025-06-04 14:45:00,B003,85.5,173.67,True,,173.67,False,observed,2025-06-04,2025,6,4,155,14,45,2,Wednesday,True,False,summer,weekday,43.4175
2025-06-04 15:00:00,B003,85.1,179.76,True,,179.76,False,observed,2025-06-04,2025,6,4,155,15,0,2,Wednesday,True,False,summer,weekday,44.93999999999999
2025-06-04 15:15:00,B003,84.7,177.67,True,,177.67,False,observed,2025-06-04,2025,6,4,155,15,15,2,Wednesday,True,False,summer,weekday,44.4175
2025-06-04 15:30:00,B003,84.1,176.57,True,,176.57,False,observed,2025-06-04,2025,6,4,155,15,30,2,Wednesday,True,False,summer,weekday,44.1425
2025-06-04 15:45:00,B003,83.5,187.74,True,,187.74,False,observed,2025-06-04,2025,6,4,155,15,45,2,Wednesday,True,False,summer,weekday,46.93500000000001
2025-06-04 16:00:00,B003,82.9,179.59,True,,179.59,False,observed,2025-06-04,2025,6,4,155,16,0,2,Wednesday,True,False,summer,weekday,44.8975
2025-06-04 16:15:00,B003,82.2,186.35,True,,186.35,False,observed,2025-06-04,2025,6,4,155,16,15,2,Wednesday,True,False,summer,weekday,46.5875
2025-06-04 16:30:00,B003,81.5,177.33,True,,177.33,False,observed,2025-06-04,2025,6,4,155,16,30,2,Wednesday,True,False,summer,weekday,44.3325
2025-06-04 16:45:00,B003,80.7,181.22,True,,181.22,False,observed,2025-06-04,2025,6,4,155,16,45,2,Wednesday,True,False,summer,weekday,45.305
2025-06-04 17:00:00,B003,79.9,179.72,True,,179.72,False,observed,2025-06-04,2025,6,4,155,17,0,2,Wednesday,True,False,summer,weekday,44.93
2025-06-04 17:15:00,B003,79.1,171.51,True,,171.51,False,observed,2025-06-04,2025,6,4,155,17,15,2,Wednesday,True,False,summer,weekday,42.87749999999999
2025-06-04 17:30:00,B003,78.2,187.14,True,,187.14,False,observed,2025-06-04,2025,6,4,155,17,30,2,Wednesday,True,False,summer,weekday,46.785
2025-06-04 17:45:00,B003,77.3,179.32,True,,179.32,False,observed,2025-06-04,2025,6,4,155,17,45,2,Wednesday,True,False,summer,weekday,44.83
2025-06-04 18:00:00,B003,76.4,183.73,True,,183.73,False,observed,2025-06-04,2025,6,4,155,18,0,2,Wednesday,True,False,summer,weekday,45.9325
2025-06-04 18:15:00,B003,75.5,176.24,True,,176.24,False,observed,2025-06-04,2025,6,4,155,18,15,2,Wednesday,True,False,summer,weekday,44.06000000000001
2025-06-04 18:30:00,B003,74.5,179.18,True,,179.18,False,observed,2025-06-04,2025,6,4,155,18,30,2,Wednesday,True,False,summer,weekday,44.795
2025-06-04 18:45:00,B003,73.5,175.67,True,,175.67,False,observed,2025-06-04,2025,6,4,155,18,45,2,Wednesday,True,False,summer,weekday,43.9175
2025-06-04 19:00:00,B003,72.5,186.18,True,,186.18,False,observed,2025-06-04,2025,6,4,155,19,0,2,Wednesday,True,False,summer,weekday,46.545
2025-06-04 19:15:00,B003,71.6,181.56,True,,181.56,False,observed,2025-06-04,2025,6,4,155,19,15,2,Wednesday,True,False,summer,weekday,45.39
2025-06-04 19:30:00,B003,70.6,181.84,True,,181.84,False,observed,2025-06-04,2025,6,4,155,19,30,2,Wednesday,True,False,summer,weekday,45.46
2025-06-04 19:45:00,B003,69.6,186.81,True,,186.81,False,observed,2025-06-04,2025,6,4,155,19,45,2,Wednesday,True,False,summer,weekday,46.7025
2025-06-04 20:00:00,B003,68.6,185.81,True,,185.81,False,observed,2025-06-04,2025,6,4,155,20,0,2,Wednesday,True,False,summer,weekday,46.4525
2025-06-04 20:15:00,B003,67.7,183.88,True,,183.88,False,observed,2025-06-04,2025,6,4,155,20,15,2,Wednesday,True,False,summer,weekday,45.97
2025-06-04 20:30:00,B003,66.8,173.0,True,,173.0,False,observed,2025-06-04,2025,6,4,155,20,30,2,Wednesday,True,False,summer,weekday,43.25
2025-06-04 20:45:00,B003,65.8,176.72,True,,176.72,False,observed,2025-06-04,2025,6,4,155,20,45,2,Wednesday,True,False,summer,weekday,44.18
2025-06-04 21:00:00,B003,65.0,175.33,True,,175.33,False,observed,2025-06-04,2025,6,4,155,21,0,2,Wednesday,True,False,summer,weekday,43.8325
2025-06-04 21:15:00,B003,64.1,184.24,True,,184.24,False,observed,2025-06-04,2025,6,4,155,21,15,2,Wednesday,True,False,summer,weekday,46.06000000000001
2025-06-04 21:30:00,B003,63.3,181.85,True,,181.85,False,observed,2025-06-04,2025,6,4,155,21,30,2,Wednesday,True,False,summer,weekday,45.4625
2025-06-04 21:45:00,B003,62.5,174.67,True,,174.67,False,observed,2025-06-04,2025,6,4,155,21,45,2,Wednesday,True,False,summer,weekday,43.6675
2025-06-04 22:00:00,B003,61.7,181.63,True,,181.63,False,observed,2025-06-04,2025,6,4,155,22,0,2,Wednesday,True,False,summer,weekday,45.4075
2025-06-04 22:15:00,B003,61.0,176.48,True,,176.48,False,observed,2025-06-04,2025,6,4,155,22,15,2,Wednesday,True,False,summer,weekday,44.12
2025-06-04 22:30:00,B003,60.4,185.65,True,,185.65,False,observed,2025-06-04,2025,6,4,155,22,30,2,Wednesday,True,False,summer,weekday,46.4125
2025-06-04 22:45:00,B003,59.7,180.33,True,,180.33,False,observed,2025-06-04,2025,6,4,155,22,45,2,Wednesday,True,False,summer,weekday,45.0825
2025-06-04 23:00:00,B003,59.2,194.82,True,,194.82,False,observed,2025-06-04,2025,6,4,155,23,0,2,Wednesday,True,False,summer,weekday,48.705
2025-06-04 23:15:00,B003,58.7,198.65,True,,198.65,False,observed,2025-06-04,2025,6,4,155,23,15,2,Wednesday,True,False,summer,weekday,49.6625
2025-06-04 23:30:00,B003,58.2,211.98,True,,211.98,False,observed,2025-06-04,2025,6,4,155,23,30,2,Wednesday,True,False,summer,weekday,52.995
2025-06-04 23:45:00,B003,57.8,213.46,True,,213.46,False,observed,2025-06-04,2025,6,4,155,23,45,2,Wednesday,True,False,summer,weekday,53.365
2025-06-05 00:00:00,B003,57.5,214.89,True,,214.89,False,observed,2025-06-05,2025,6,5,156,0,0,3,Thursday,True,False,summer,weekday,53.7225
2025-06-05 00:15:00,B003,45.7,229.66,True,,229.66,False,observed,2025-06-05,2025,6,5,156,0,15,3,Thursday,True,False,summer,weekday,57.415
2025-06-05 00:30:00,B003,45.4,227.6,True,,227.6,False,observed,2025-06-05,2025,6,5,156,0,30,3,Thursday,True,False,summer,weekday,56.9
2025-06-05 00:45:00,B003,45.3,238.79,True,,238.79,False,observed,2025-06-05,2025,6,5,156,0,45,3,Thursday,True,False,summer,weekday,59.6975
2025-06-05 01:00:00,B003,45.2,253.73,True,,253.73,False,observed,2025-06-05,2025,6,5,156,1,0,3,Thursday,True,False,summer,weekday,63.4325
2025-06-05 01:15:00,B003,45.2,248.63,True,,248.63,False,observed,2025-06-05,2025,6,5,156,1,15,3,Thursday,True,False,summer,weekday,62.1575
2025-06-05 01:30:00,B003,45.2,264.95,True,,264.95,False,observed,2025-06-05,2025,6,5,156,1,30,3,Thursday,True,False,summer,weekday,66.2375
2025-06-05 01:45:00,B003,45.4,263.66,True,,263.66,False,observed,2025-06-05,2025,6,5,156,1,45,3,Thursday,True,False,summer,weekday,65.915
2025-06-05 02:00:00,B003,45.5,270.51,True,,270.51,False,observed,2025-06-05,2025,6,5,156,2,0,3,Thursday,True,False,summer,weekday,67.6275
2025-06-05 02:15:00,B003,45.8,263.37,True,,263.37,False,observed,2025-06-05,2025,6,5,156,2,15,3,Thursday,True,False,summer,weekday,65.8425
2025-06-05 02:30:00,B003,46.1,267.26,True,,267.26,False,observed,2025-06-05,2025,6,5,156,2,30,3,Thursday,True,False,summer,weekday,66.815
2025-06-05 02:45:00,B003,46.4,259.52,True,,259.52,False,observed,2025-06-05,2025,6,5,156,2,45,3,Thursday,True,False,summer,weekday,64.88
2025-06-05 03:00:00,B003,46.8,259.07,True,,259.07,False,observed,2025-06-05,2025,6,5,156,3,0,3,Thursday,True,False,summer,weekday,64.7675
2025-06-05 03:15:00,B003,47.3,243.63,True,,243.63,False,observed,2025-06-05,2025,6,5,156,3,15,3,Thursday,True,False,summer,weekday,60.9075
2025-06-05 03:30:00,B003,47.8,230.74,True,,230.74,False,observed,2025-06-05,2025,6,5,156,3,30,3,Thursday,True,False,summer,weekday,57.68500000000001
2025-06-05 03:45:00,B003,48.4,224.34,True,,224.34,False,observed,2025-06-05,2025,6,5,156,3,45,3,Thursday,True,False,summer,weekday,56.085
2025-06-05 04:00:00,B003,49.0,210.28,True,,210.28,False,observed,2025-06-05,2025,6,5,156,4,0,3,Thursday,True,False,summer,weekday,52.57
2025-06-05 04:15:00,B003,49.7,211.25,True,,211.25,False,observed,2025-06-05,2025,6,5,156,4,15,3,Thursday,True,False,summer,weekday,52.8125
2025-06-05 04:30:00,B003,50.5,205.39,True,,205.39,False,observed,2025-06-05,2025,6,5,156,4,30,3,Thursday,True,False,summer,weekday,51.3475
2025-06-05 04:45:00,B003,51.2,209.11,True,,209.11,False,observed,2025-06-05,2025,6,5,156,4,45,3,Thursday,True,False,summer,weekday,52.2775
2025-06-05 05:00:00,B003,52.0,189.07,True,,189.07,False,observed,2025-06-05,2025,6,5,156,5,0,3,Thursday,True,False,summer,weekday,47.2675
2025-06-05 05:15:00,B003,52.9,187.27,True,,187.27,False,observed,2025-06-05,2025,6,5,156,5,15,3,Thursday,True,False,summer,weekday,46.8175
2025-06-05 05:30:00,B003,53.7,183.04,True,,183.04,False,observed,2025-06-05,2025,6,5,156,5,30,3,Thursday,True,False,summer,weekday,45.76
2025-06-05 05:45:00,B003,54.6,185.01,True,,185.01,False,observed,2025-06-05,2025,6,5,156,5,45,3,Thursday,True,False,summer,weekday,46.25249999999999
2025-06-05 06:00:00,B003,55.6,184.48,True,,184.48,False,observed,2025-06-05,2025,6,5,156,6,0,3,Thursday,True,False,summer,weekday,46.12
2025-06-05 06:15:00,B003,56.5,181.36,True,,181.36,False,observed,2025-06-05,2025,6,5,156,6,15,3,Thursday,True,False,summer,weekday,45.34
2025-06-05 06:30:00,B003,57.5,186.43,True,,186.43,False,observed,2025-06-05,2025,6,5,156,6,30,3,Thursday,True,False,summer,weekday,46.6075
2025-06-05 06:45:00,B003,58.4,177.51,True,,177.51,False,observed,2025-06-05,2025,6,5,156,6,45,3,Thursday,True,False,summer,weekday,44.37749999999999
2025-06-05 07:00:00,B003,59.4,185.28,True,,185.28,False,observed,2025-06-05,2025,6,5,156,7,0,3,Thursday,True,False,summer,weekday,46.32
2025-06-05 07:15:00,B003,60.4,182.89,True,,182.89,False,observed,2025-06-05,2025,6,5,156,7,15,3,Thursday,True,False,summer,weekday,45.7225
2025-06-05 07:30:00,B003,61.4,180.05,True,,180.05,False,observed,2025-06-05,2025,6,5,156,7,30,3,Thursday,True,False,summer,weekday,45.0125
2025-06-05 07:45:00,B003,62.3,178.48,True,,178.48,False,observed,2025-06-05,2025,6,5,156,7,45,3,Thursday,True,False,summer,weekday,44.62
2025-06-05 08:00:00,B003,63.3,192.16,True,,192.16,False,observed,2025-06-05,2025,6,5,156,8,0,3,Thursday,True,False,summer,weekday,48.04
2025-06-05 08:15:00,B003,64.3,175.93,True,,175.93,False,observed,2025-06-05,2025,6,5,156,8,15,3,Thursday,True,False,summer,weekday,43.9825
2025-06-05 08:30:00,B003,65.2,181.5,True,,181.5,False,observed,2025-06-05,2025,6,5,156,8,30,3,Thursday,True,False,summer,weekday,45.375
2025-06-05 08:45:00,B003,66.1,176.25,True,,176.25,False,observed,2025-06-05,2025,6,5,156,8,45,3,Thursday,True,False,summer,weekday,44.0625
2025-06-05 09:00:00,B003,67.0,188.93,True,,188.93,False,observed,2025-06-05,2025,6,5,156,9,0,3,Thursday,True,False,summer,weekday,47.2325
2025-06-05 09:15:00,B003,67.9,184.43,True,,184.43,False,observed,2025-06-05,2025,6,5,156,9,15,3,Thursday,True,False,summer,weekday,46.1075
2025-06-05 09:30:00,B003,68.7,176.61,True,,176.61,False,observed,2025-06-05,2025,6,5,156,9,30,3,Thursday,True,False,summer,weekday,44.1525
2025-06-05 09:45:00,B003,69.5,182.56,True,,182.56,False,observed,2025-06-05,2025,6,5,156,9,45,3,Thursday,True,False,summer,weekday,45.64
2025-06-05 10:00:00,B003,70.2,181.29,True,,181.29,False,observed,2025-06-05,2025,6,5,156,10,0,3,Thursday,True,False,summer,weekday,45.3225
2025-06-05 10:15:00,B003,70.9,177.42,True,,177.42,False,observed,2025-06-05,2025,6,5,156,10,15,3,Thursday,True,False,summer,weekday,44.355
2025-06-05 10:30:00,B003,71.6,183.79,True,,183.79,False,observed,2025-06-05,2025,6,5,156,10,30,3,Thursday,True,False,summer,weekday,45.9475
2025-06-05 10:45:00,B003,72.2,181.95,True,,181.95,False,observed,2025-06-05,2025,6,5,156,10,45,3,Thursday,True,False,summer,weekday,45.4875
2025-06-05 11:00:00,B003,72.8,181.08,True,,181.08,False,observed,2025-06-05,2025,6,5,156,11,0,3,Thursday,True,False,summer,weekday,45.27
2025-06-05 11:15:00,B003,73.3,179.79,True,,179.79,False,observed,2025-06-05,2025,6,5,156,11,15,3,Thursday,True,False,summer,weekday,44.9475
2025-06-05 11:30:00,B003,73.7,182.16,True,,182.16,False,observed,2025-06-05,2025,6,5,156,11,30,3,Thursday,True,False,summer,weekday,45.54
2025-06-05 11:45:00,B003,74.1,181.15,True,,181.15,False,observed,2025-06-05,2025,6,5,156,11,45,3,Thursday,True,False,summer,weekday,45.2875
2025-06-05 12:00:00,B003,74.5,180.3,True,,180.3,False,observed,2025-06-05,2025,6,5,156,12,0,3,Thursday,True,False,summer,weekday,45.075
2025-06-05 12:15:00,B003,74.7,176.79,True,,176.79,False,observed,2025-06-05,2025,6,5,156,12,15,3,Thursday,True,False,summer,weekday,44.1975
2025-06-05 12:30:00,B003,74.9,188.47,True,,188.47,False,observed,2025-06-05,2025,6,5,156,12,30,3,Thursday,True,False,summer,weekday,47.1175
2025-06-05 12:45:00,B003,75.1,174.75,True,,174.75,False,observed,2025-06-05,2025,6,5,156,12,45,3,Thursday,True,False,summer,weekday,43.6875
2025-06-05 13:00:00,B003,75.2,182.14,True,,182.14,False,observed,2025-06-05,2025,6,5,156,13,0,3,Thursday,True,False,summer,weekday,45.535
2025-06-05 13:15:00,B003,75.2,178.4,True,,178.4,False,observed,2025-06-05,2025,6,5,156,13,15,3,Thursday,True,False,summer,weekday,44.6
2025-06-05 13:30:00,B003,75.1,188.8,True,,188.8,False,observed,2025-06-05,2025,6,5,156,13,30,3,Thursday,True,False,summer,weekday,47.2
2025-06-05 13:45:00,B003,75.0,175.48,True,,175.48,False,observed,2025-06-05,2025,6,5,156,13,45,3,Thursday,True,False,summer,weekday,43.87
2025-06-05 14:00:00,B003,74.9,176.32,True,,176.32,False,observed,2025-06-05,2025,6,5,156,14,0,3,Thursday,True,False,summer,weekday,44.08
2025-06-05 14:15:00,B003,74.6,175.15,True,,175.15,False,observed,2025-06-05,2025,6,5,156,14,15,3,Thursday,True,False,summer,weekday,43.7875
2025-06-05 14:30:00,B003,74.3,181.62,True,,181.62,False,observed,2025-06-05,2025,6,5,156,14,30,3,Thursday,True,False,summer,weekday,45.405
2025-06-05 14:45:00,B003,74.0,173.13,True,,173.13,False,observed,2025-06-05,2025,6,5,156,14,45,3,Thursday,True,False,summer,weekday,43.2825
2025-06-05 15:00:00,B003,73.6,177.61,True,,177.61,False,observed,2025-06-05,2025,6,5,156,15,0,3,Thursday,True,False,summer,weekday,44.4025
2025-06-05 15:15:00,B003,73.1,169.24,True,,169.24,False,observed,2025-06-05,2025,6,5,156,15,15,3,Thursday,True,False,summer,weekday,42.31000000000001
2025-06-05 15:30:00,B003,72.6,181.2,True,,181.2,False,observed,2025-06-05,2025,6,5,156,15,30,3,Thursday,True,False,summer,weekday,45.3
2025-06-05 15:45:00,B003,72.0,177.5,True,,177.5,False,observed,2025-06-05,2025,6,5,156,15,45,3,Thursday,True,False,summer,weekday,44.375
2025-06-05 16:00:00,B003,71.3,172.56,True,,172.56,False,observed,2025-06-05,2025,6,5,156,16,0,3,Thursday,True,False,summer,weekday,43.14
2025-06-05 16:15:00,B003,70.7,185.43,True,,185.43,False,observed,2025-06-05,2025,6,5,156,16,15,3,Thursday,True,False,summer,weekday,46.3575
2025-06-05 16:30:00,B003,69.9,173.46,True,,173.46,False,observed,2025-06-05,2025,6,5,156,16,30,3,Thursday,True,False,summer,weekday,43.365
2025-06-05 16:45:00,B003,69.2,183.98,True,,183.98,False,observed,2025-06-05,2025,6,5,156,16,45,3,Thursday,True,False,summer,weekday,45.995
2025-06-05 17:00:00,B003,68.4,176.49,True,,176.49,False,observed,2025-06-05,2025,6,5,156,17,0,3,Thursday,True,False,summer,weekday,44.12250000000001
2025-06-05 17:15:00,B003,67.5,188.01,True,,188.01,False,observed,2025-06-05,2025,6,5,156,17,15,3,Thursday,True,False,summer,weekday,47.00249999999999
2025-06-05 17:30:00,B003,66.7,183.75,True,,183.75,False,observed,2025-06-05,2025,6,5,156,17,30,3,Thursday,True,False,summer,weekday,45.9375
2025-06-05 17:45:00,B003,65.8,174.96,True,,174.96,False,observed,2025-06-05,2025,6,5,156,17,45,3,Thursday,True,False,summer,weekday,43.74
2025-06-05 18:00:00,B003,64.8,175.41,True,,175.41,False,observed,2025-06-05,2025,6,5,156,18,0,3,Thursday,True,False,summer,weekday,43.8525
2025-06-05 18:15:00,B003,63.9,183.03,True,,183.03,False,observed,2025-06-05,2025,6,5,156,18,15,3,Thursday,True,False,summer,weekday,45.7575
2025-06-05 18:30:00,B003,62.9,178.69,True,,178.69,False,observed,2025-06-05,2025,6,5,156,18,30,3,Thursday,True,False,summer,weekday,44.6725
2025-06-05 18:45:00,B003,62.0,179.15,True,,179.15,False,observed,2025-06-05,2025,6,5,156,18,45,3,Thursday,True,False,summer,weekday,44.7875
2025-06-05 19:00:00,B003,61.0,186.36,True,,186.36,False,observed,2025-06-05,2025,6,5,156,19,0,3,Thursday,True,False,summer,weekday,46.59
2025-06-05 19:15:00,B003,60.0,176.26,True,,176.26,False,observed,2025-06-05,2025,6,5,156,19,15,3,Thursday,True,False,summer,weekday,44.06499999999999
2025-06-05 19:30:00,B003,59.0,180.46,True,,180.46,False,observed,2025-06-05,2025,6,5,156,19,30,3,Thursday,True,False,summer,weekday,45.115
2025-06-05 19:45:00,B003,58.0,184.79,True,,184.79,False,observed,2025-06-05,2025,6,5,156,19,45,3,Thursday,True,False,summer,weekday,46.1975
2025-06-05 20:00:00,B003,57.1,184.08,True,,184.08,False,observed,2025-06-05,2025,6,5,156,20,0,3,Thursday,True,False,summer,weekday,46.02
2025-06-05 20:15:00,B003,56.1,179.26,True,,179.26,False,observed,2025-06-05,2025,6,5,156,20,15,3,Thursday,True,False,summer,weekday,44.81499999999999
2025-06-05 20:30:00,B003,55.2,178.66,True,,178.66,False,observed,2025-06-05,2025,6,5,156,20,30,3,Thursday,True,False,summer,weekday,44.665
2025-06-05 20:45:00,B003,54.3,171.5,True,,171.5,False,observed,2025-06-05,2025,6,5,156,20,45,3,Thursday,True,False,summer,weekday,42.875
2025-06-05 21:00:00,B003,53.4,175.07,True,,175.07,False,observed,2025-06-05,2025,6,5,156,21,0,3,Thursday,True,False,summer,weekday,43.7675
2025-06-05 21:15:00,B003,52.5,182.19,True,,182.19,False,observed,2025-06-05,2025,6,5,156,21,15,3,Thursday,True,False,summer,weekday,45.5475
2025-06-05 21:30:00,B003,51.7,180.31,True,,180.31,False,observed,2025-06-05,2025,6,5,156,21,30,3,Thursday,True,False,summer,weekday,45.0775
2025-06-05 21:45:00,B003,50.9,182.0,True,,182.0,False,observed,2025-06-05,2025,6,5,156,21,45,3,Thursday,True,False,summer,weekday,45.5
2025-06-05 22:00:00,B003,50.2,187.77,True,,187.77,False,observed,2025-06-05,2025,6,5,156,22,0,3,Thursday,True,False,summer,weekday,46.9425
2025-06-05 22:15:00,B003,49.5,178.02,True,,178.02,False,observed,2025-06-05,2025,6,5,156,22,15,3,Thursday,True,False,summer,weekday,44.505
2025-06-05 22:30:00,B003,48.8,184.73,True,,184.73,False,observed,2025-06-05,2025,6,5,156,22,30,3,Thursday,True,False,summer,weekday,46.1825
2025-06-05 22:45:00,B003,48.2,189.55,True,,189.55,False,observed,2025-06-05,2025,6,5,156,22,45,3,Thursday,True,False,summer,weekday,47.3875
2025-06-05 23:00:00,B003,47.6,188.66,True,,188.66,False,observed,2025-06-05,2025,6,5,156,23,0,3,Thursday,True,False,summer,weekday,47.165
2025-06-05 23:15:00,B003,47.1,203.92,True,,203.92,False,observed,2025-06-05,2025,6,5,156,23,15,3,Thursday,True,False,summer,weekday,50.98
2025-06-05 23:30:00,B003,46.7,206.98,True,,206.98,False,observed,2025-06-05,2025,6,5,156,23,30,3,Thursday,True,False,summer,weekday,51.745
2025-06-05 23:45:00,B003,46.3,210.67,True,,210.67,False,observed,2025-06-05,2025,6,5,156,23,45,3,Thursday,True,False,summer,weekday,52.6675
2025-06-06 00:00:00,B003,45.9,225.97,True,,225.97,False,observed,2025-06-06,2025,6,6,157,0,0,4,Friday,True,False,summer,weekday,56.4925
2025-06-06 00:15:00,B003,48.3,218.08,True,,218.08,False,observed,2025-06-06,2025,6,6,157,0,15,4,Friday,True,False,summer,weekday,54.52
2025-06-06 00:30:00,B003,48.0,234.55,True,,234.55,False,observed,2025-06-06,2025,6,6,157,0,30,4,Friday,True,False,summer,weekday,58.6375
2025-06-06 00:45:00,B003,47.9,245.43,True,,245.43,False,observed,2025-06-06,2025,6,6,157,0,45,4,Friday,True,False,summer,weekday,61.3575
2025-06-06 01:00:00,B003,47.8,247.49,True,,247.49,False,observed,2025-06-06,2025,6,6,157,1,0,4,Friday,True,False,summer,weekday,61.87250000000001
2025-06-06 01:15:00,B003,47.8,260.93,True,,260.93,False,observed,2025-06-06,2025,6,6,157,1,15,4,Friday,True,False,summer,weekday,65.2325
2025-06-06 01:30:00,B003,47.8,259.6,True,,259.6,False,observed,2025-06-06,2025,6,6,157,1,30,4,Friday,True,False,summer,weekday,64.9
2025-06-06 01:45:00,B003,47.9,272.21,True,,272.21,False,observed,2025-06-06,2025,6,6,157,1,45,4,Friday,True,False,summer,weekday,68.0525
2025-06-06 02:00:00,B003,48.1,275.29,True,,275.29,False,observed,2025-06-06,2025,6,6,157,2,0,4,Friday,True,False,summer,weekday,68.8225
2025-06-06 02:15:00,B003,48.4,270.12,True,,270.12,False,observed,2025-06-06,2025,6,6,157,2,15,4,Friday,True,False,summer,weekday,67.53
2025-06-06 02:30:00,B003,48.7,255.87,True,,255.87,False,observed,2025-06-06,2025,6,6,157,2,30,4,Friday,True,False,summer,weekday,63.9675
2025-06-06 02:45:00,B003,49.0,254.59,True,,254.59,False,observed,2025-06-06,2025,6,6,157,2,45,4,Friday,True,False,summer,weekday,63.6475
2025-06-06 03:00:00,B003,49.4,254.89,True,,254.89,False,observed,2025-06-06,2025,6,6,157,3,0,4,Friday,True,False,summer,weekday,63.7225
2025-06-06 03:15:00,B003,49.9,243.7,True,,243.7,False,observed,2025-06-06,2025,6,6,157,3,15,4,Friday,True,False,summer,weekday,60.925
2025-06-06 03:30:00,B003,50.4,221.12,True,,221.12,False,observed,2025-06-06,2025,6,6,157,3,30,4,Friday,True,False,summer,weekday,55.28
2025-06-06 03:45:00,B003,51.0,231.78,True,,231.78,False,observed,2025-06-06,2025,6,6,157,3,45,4,Friday,True,False,summer,weekday,57.945
2025-06-06 04:00:00,B003,51.6,217.68,True,,217.68,False,observed,2025-06-06,2025,6,6,157,4,0,4,Friday,True,False,summer,weekday,54.42
2025-06-06 04:15:00,B003,52.3,205.12,True,,205.12,False,observed,2025-06-06,2025,6,6,157,4,15,4,Friday,True,False,summer,weekday,51.28
2025-06-06 04:30:00,B003,53.0,207.42,True,,207.42,False,observed,2025-06-06,2025,6,6,157,4,30,4,Friday,True,False,summer,weekday,51.855
2025-06-06 04:45:00,B003,53.8,193.38,True,,193.38,False,observed,2025-06-06,2025,6,6,157,4,45,4,Friday,True,False,summer,weekday,48.345
2025-06-06 05:00:00,B003,54.6,188.74,True,,188.74,False,observed,2025-06-06,2025,6,6,157,5,0,4,Friday,True,False,summer,weekday,47.18500000000001
2025-06-06 05:15:00,B003,55.5,190.4,True,,190.4,False,observed,2025-06-06,2025,6,6,157,5,15,4,Friday,True,False,summer,weekday,47.6
2025-06-06 05:30:00,B003,56.3,194.82,True,,194.82,False,observed,2025-06-06,2025,6,6,157,5,30,4,Friday,True,False,summer,weekday,48.705
2025-06-06 05:45:00,B003,57.2,192.07,True,,192.07,False,observed,2025-06-06,2025,6,6,157,5,45,4,Friday,True,False,summer,weekday,48.0175
2025-06-06 06:00:00,B003,58.2,184.37,True,,184.37,False,observed,2025-06-06,2025,6,6,157,6,0,4,Friday,True,False,summer,weekday,46.0925
2025-06-06 06:15:00,B003,59.1,183.94,True,,183.94,False,observed,2025-06-06,2025,6,6,157,6,15,4,Friday,True,False,summer,weekday,45.985
2025-06-06 06:30:00,B003,60.1,184.96,True,,184.96,False,observed,2025-06-06,2025,6,6,157,6,30,4,Friday,True,False,summer,weekday,46.24
2025-06-06 06:45:00,B003,61.0,174.31,True,,174.31,False,observed,2025-06-06,2025,6,6,157,6,45,4,Friday,True,False,summer,weekday,43.5775
2025-06-06 07:00:00,B003,62.0,183.57,True,,183.57,False,observed,2025-06-06,2025,6,6,157,7,0,4,Friday,True,False,summer,weekday,45.8925
2025-06-06 07:15:00,B003,63.0,176.53,True,,176.53,False,observed,2025-06-06,2025,6,6,157,7,15,4,Friday,True,False,summer,weekday,44.1325
2025-06-06 07:30:00,B003,64.0,181.7,True,,181.7,False,observed,2025-06-06,2025,6,6,157,7,30,4,Friday,True,False,summer,weekday,45.425
2025-06-06 07:45:00,B003,64.9,178.92,True,,178.92,False,observed,2025-06-06,2025,6,6,157,7,45,4,Friday,True,False,summer,weekday,44.73
2025-06-06 08:00:00,B003,65.9,182.54,True,,182.54,False,observed,2025-06-06,2025,6,6,157,8,0,4,Friday,True,False,summer,weekday,45.635
2025-06-06 08:15:00,B003,66.9,180.61,True,,180.61,False,observed,2025-06-06,2025,6,6,157,8,15,4,Friday,True,False,summer,weekday,45.1525
2025-06-06 08:30:00,B003,67.8,164.64,True,,164.64,False,observed,2025-06-06,2025,6,6,157,8,30,4,Friday,True,False,summer,weekday,41.16
2025-06-06 08:45:00,B003,68.7,180.9,True,,180.9,False,observed,2025-06-06,2025,6,6,157,8,45,4,Friday,True,False,summer,weekday,45.225
2025-06-06 09:00:00,B003,69.6,183.21,True,,183.21,False,observed,2025-06-06,2025,6,6,157,9,0,4,Friday,True,False,summer,weekday,45.8025
2025-06-06 09:15:00,B003,70.5,182.23,True,,182.23,False,observed,2025-06-06,2025,6,6,157,9,15,4,Friday,True,False,summer,weekday,45.5575
2025-06-06 09:30:00,B003,71.3,179.49,True,,179.49,False,observed,2025-06-06,2025,6,6,157,9,30,4,Friday,True,False,summer,weekday,44.87250000000001
2025-06-06 09:45:00,B003,72.1,188.21,True,,188.21,False,observed,2025-06-06,2025,6,6,157,9,45,4,Friday,True,False,summer,weekday,47.0525
2025-06-06 10:00:00,B003,72.8,181.56,True,,181.56,False,observed,2025-06-06,2025,6,6,157,10,0,4,Friday,True,False,summer,weekday,45.39
2025-06-06 10:15:00,B003,73.5,182.19,True,,182.19,False,observed,2025-06-06,2025,6,6,157,10,15,4,Friday,True,False,summer,weekday,45.5475
2025-06-06 10:30:00,B003,74.2,185.22,True,,185.22,False,observed,2025-06-06,2025,6,6,157,10,30,4,Friday,True,False,summer,weekday,46.305
2025-06-06 10:45:00,B003,74.8,181.81,True,,181.81,False,observed,2025-06-06,2025,6,6,157,10,45,4,Friday,True,False,summer,weekday,45.4525
2025-06-06 11:00:00,B003,75.4,175.51,True,,175.51,False,observed,2025-06-06,2025,6,6,157,11,0,4,Friday,True,False,summer,weekday,43.87749999999999
2025-06-06 11:15:00,B003,75.9,167.81,True,,167.81,False,observed,2025-06-06,2025,6,6,157,11,15,4,Friday,True,False,summer,weekday,41.9525
2025-06-06 11:30:00,B003,76.3,177.61,True,,177.61,False,observed,2025-06-06,2025,6,6,157,11,30,4,Friday,True,False,summer,weekday,44.4025
2025-06-06 11:45:00,B003,76.7,183.8,True,,183.8,False,observed,2025-06-06,2025,6,6,157,11,45,4,Friday,True,False,summer,weekday,45.95
2025-06-06 12:00:00,B003,77.1,178.23,True,,178.23,False,observed,2025-06-06,2025,6,6,157,12,0,4,Friday,True,False,summer,weekday,44.5575
2025-06-06 12:15:00,B003,77.3,184.01,True,,184.01,False,observed,2025-06-06,2025,6,6,157,12,15,4,Friday,True,False,summer,weekday,46.00249999999999
2025-06-06 12:30:00,B003,77.5,180.74,True,,180.74,False,observed,2025-06-06,2025,6,6,157,12,30,4,Friday,True,False,summer,weekday,45.18500000000001
2025-06-06 12:45:00,B003,77.7,186.44,True,,186.44,False,observed,2025-06-06,2025,6,6,157,12,45,4,Friday,True,False,summer,weekday,46.61
2025-06-06 13:00:00,B003,77.8,178.52,True,,178.52,False,observed,2025-06-06,2025,6,6,157,13,0,4,Friday,True,False,summer,weekday,44.63
2025-06-06 13:15:00,B003,77.8,182.34,True,,182.34,False,observed,2025-06-06,2025,6,6,157,13,15,4,Friday,True,False,summer,weekday,45.585
2025-06-06 13:30:00,B003,77.7,182.53,True,,182.53,False,observed,2025-06-06,2025,6,6,157,13,30,4,Friday,True,False,summer,weekday,45.6325
2025-06-06 13:45:00,B003,77.6,187.51,True,,187.51,False,observed,2025-06-06,2025,6,6,157,13,45,4,Friday,True,False,summer,weekday,46.87749999999999
2025-06-06 14:00:00,B003,77.5,171.47,True,,171.47,False,observed,2025-06-06,2025,6,6,157,14,0,4,Friday,True,False,summer,weekday,42.8675
2025-06-06 14:15:00,B003,77.2,177.71,True,,177.71,False,observed,2025-06-06,2025,6,6,157,14,15,4,Friday,True,False,summer,weekday,44.4275
2025-06-06 14:30:00,B003,76.9,184.24,True,,184.24,False,observed,2025-06-06,2025,6,6,157,14,30,4,Friday,True,False,summer,weekday,46.06000000000001
2025-06-06 14:45:00,B003,76.6,187.73,True,,187.73,False,observed,2025-06-06,2025,6,6,157,14,45,4,Friday,True,False,summer,weekday,46.9325
2025-06-06 15:00:00,B003,76.2,181.2,True,,181.2,False,observed,2025-06-06,2025,6,6,157,15,0,4,Friday,True,False,summer,weekday,45.3
2025-06-06 15:15:00,B003,75.7,178.54,True,,178.54,False,observed,2025-06-06,2025,6,6,157,15,15,4,Friday,True,False,summer,weekday,44.635
2025-06-06 15:30:00,B003,75.2,183.79,True,,183.79,False,observed,2025-06-06,2025,6,6,157,15,30,4,Friday,True,False,summer,weekday,45.9475
2025-06-06 15:45:00,B003,74.6,184.34,True,,184.34,False,observed,2025-06-06,2025,6,6,157,15,45,4,Friday,True,False,summer,weekday,46.085
2025-06-06 16:00:00,B003,73.9,178.2,True,,178.2,False,observed,2025-06-06,2025,6,6,157,16,0,4,Friday,True,False,summer,weekday,44.55
2025-06-06 16:15:00,B003,73.3,181.65,True,,181.65,False,observed,2025-06-06,2025,6,6,157,16,15,4,Friday,True,False,summer,weekday,45.4125
2025-06-06 16:30:00,B003,72.5,185.9,True,,185.9,False,observed,2025-06-06,2025,6,6,157,16,30,4,Friday,True,False,summer,weekday,46.475
2025-06-06 16:45:00,B003,71.8,189.45,True,,189.45,False,observed,2025-06-06,2025,6,6,157,16,45,4,Friday,True,False,summer,weekday,47.3625
2025-06-06 17:00:00,B003,71.0,183.71,True,,183.71,False,observed,2025-06-06,2025,6,6,157,17,0,4,Friday,True,False,summer,weekday,45.9275
2025-06-06 17:15:00,B003,70.1,180.22,True,,180.22,False,observed,2025-06-06,2025,6,6,157,17,15,4,Friday,True,False,summer,weekday,45.055
2025-06-06 17:30:00,B003,69.2,179.73,True,,179.73,False,observed,2025-06-06,2025,6,6,157,17,30,4,Friday,True,False,summer,weekday,44.9325
2025-06-06 17:45:00,B003,68.3,182.79,True,,182.79,False,observed,2025-06-06,2025,6,6,157,17,45,4,Friday,True,False,summer,weekday,45.6975
2025-06-06 18:00:00,B003,67.4,179.42,True,,179.42,False,observed,2025-06-06,2025,6,6,157,18,0,4,Friday,True,False,summer,weekday,44.855
2025-06-06 18:15:00,B003,66.5,180.95,True,,180.95,False,observed,2025-06-06,2025,6,6,157,18,15,4,Friday,True,False,summer,weekday,45.2375
2025-06-06 18:30:00,B003,65.5,174.71,True,,174.71,False,observed,2025-06-06,2025,6,6,157,18,30,4,Friday,True,False,summer,weekday,43.6775
2025-06-06 18:45:00,B003,64.6,186.49,True,,186.49,False,observed,2025-06-06,2025,6,6,157,18,45,4,Friday,True,False,summer,weekday,46.62250000000001
2025-06-06 19:00:00,B003,63.6,174.3,True,,174.3,False,observed,2025-06-06,2025,6,6,157,19,0,4,Friday,True,False,summer,weekday,43.575
2025-06-06 19:15:00,B003,62.6,177.84,True,,177.84,False,observed,2025-06-06,2025,6,6,157,19,15,4,Friday,True,False,summer,weekday,44.46
2025-06-06 19:30:00,B003,61.6,180.5,True,,180.5,False,observed,2025-06-06,2025,6,6,157,19,30,4,Friday,True,False,summer,weekday,45.125
2025-06-06 19:45:00,B003,60.6,189.97,True,,189.97,False,observed,2025-06-06,2025,6,6,157,19,45,4,Friday,True,False,summer,weekday,47.4925
2025-06-06 20:00:00,B003,59.7,177.92,True,,177.92,False,observed,2025-06-06,2025,6,6,157,20,0,4,Friday,True,False,summer,weekday,44.48
2025-06-06 20:15:00,B003,58.7,176.73,True,,176.73,False,observed,2025-06-06,2025,6,6,157,20,15,4,Friday,True,False,summer,weekday,44.1825
2025-06-06 20:30:00,B003,57.8,177.35,True,,177.35,False,observed,2025-06-06,2025,6,6,157,20,30,4,Friday,True,False,summer,weekday,44.3375
2025-06-06 20:45:00,B003,56.9,188.49,True,,188.49,False,observed,2025-06-06,2025,6,6,157,20,45,4,Friday,True,False,summer,weekday,47.12250000000001
2025-06-06 21:00:00,B003,56.0,166.29,True,,166.29,False,observed,2025-06-06,2025,6,6,157,21,0,4,Friday,True,False,summer,weekday,41.5725
2025-06-06 21:15:00,B003,55.1,175.58,True,,175.58,False,observed,2025-06-06,2025,6,6,157,21,15,4,Friday,True,False,summer,weekday,43.895
2025-06-06 21:30:00,B003,54.3,194.66,True,,194.66,False,observed,2025-06-06,2025,6,6,157,21,30,4,Friday,True,False,summer,weekday,48.665
2025-06-06 21:45:00,B003,53.5,184.58,True,,184.58,False,observed,2025-06-06,2025,6,6,157,21,45,4,Friday,True,False,summer,weekday,46.145
2025-06-06 22:00:00,B003,52.8,177.04,True,,177.04,False,observed,2025-06-06,2025,6,6,157,22,0,4,Friday,True,False,summer,weekday,44.26
2025-06-06 22:15:00,B003,52.0,183.74,True,,183.74,False,observed,2025-06-06,2025,6,6,157,22,15,4,Friday,True,False,summer,weekday,45.93500000000001
2025-06-06 22:30:00,B003,51.4,186.25,True,,186.25,False,observed,2025-06-06,2025,6,6,157,22,30,4,Friday,True,False,summer,weekday,46.5625
2025-06-06 22:45:00,B003,50.8,192.84,True,,192.84,False,observed,2025-06-06,2025,6,6,157,22,45,4,Friday,True,False,summer,weekday,48.21
2025-06-06 23:00:00,B003,50.2,201.38,True,,201.38,False,observed,2025-06-06,2025,6,6,157,23,0,4,Friday,True,False,summer,weekday,50.345
2025-06-06 23:15:00,B003,49.7,198.71,True,,198.71,False,observed,2025-06-06,2025,6,6,157,23,15,4,Friday,True,False,summer,weekday,49.6775
2025-06-06 23:30:00,B003,49.3,199.74,True,,199.74,False,observed,2025-06-06,2025,6,6,157,23,30,4,Friday,True,False,summer,weekday,49.93500000000001
2025-06-06 23:45:00,B003,48.9,213.15,True,,213.15,False,observed,2025-06-06,2025,6,6,157,23,45,4,Friday,True,False,summer,weekday,53.2875
2025-06-07 00:00:00,B003,48.5,213.51,True,,213.51,False,observed,2025-06-07,2025,6,7,158,0,0,5,Saturday,False,True,summer,weekend,53.37749999999999
2025-06-07 00:15:00,B003,54.0,220.4,True,,220.4,False,observed,2025-06-07,2025,6,7,158,0,15,5,Saturday,False,True,summer,weekend,55.1
2025-06-07 00:30:00,B003,53.8,225.79,True,,225.79,False,observed,2025-06-07,2025,6,7,158,0,30,5,Saturday,False,True,summer,weekend,56.4475
2025-06-07 00:45:00,B003,53.6,235.77,True,,235.77,False,observed,2025-06-07,2025,6,7,158,0,45,5,Saturday,False,True,summer,weekend,58.9425
2025-06-07 01:00:00,B003,53.5,247.58,True,,247.58,False,observed,2025-06-07,2025,6,7,158,1,0,5,Saturday,False,True,summer,weekend,61.895
2025-06-07 01:15:00,B003,53.5,253.54,True,,253.54,False,observed,2025-06-07,2025,6,7,158,1,15,5,Saturday,False,True,summer,weekend,63.385
2025-06-07 01:30:00,B003,53.6,266.7,True,,266.7,False,observed,2025-06-07,2025,6,7,158,1,30,5,Saturday,False,True,summer,weekend,66.675
2025-06-07 01:45:00,B003,53.7,262.76,True,,262.76,False,observed,2025-06-07,2025,6,7,158,1,45,5,Saturday,False,True,summer,weekend,65.69
2025-06-07 02:00:00,B003,53.8,254.28,True,,254.28,False,observed,2025-06-07,2025,6,7,158,2,0,5,Saturday,False,True,summer,weekend,63.57
2025-06-07 02:15:00,B003,54.1,263.54,True,,263.54,False,observed,2025-06-07,2025,6,7,158,2,15,5,Saturday,False,True,summer,weekend,65.885
2025-06-07 02:30:00,B003,54.4,262.78,True,,262.78,False,observed,2025-06-07,2025,6,7,158,2,30,5,Saturday,False,True,summer,weekend,65.695
2025-06-07 02:45:00,B003,54.7,256.4,True,,256.4,False,observed,2025-06-07,2025,6,7,158,2,45,5,Saturday,False,True,summer,weekend,64.1
2025-06-07 03:00:00,B003,55.1,259.66,True,,259.66,False,observed,2025-06-07,2025,6,7,158,3,0,5,Saturday,False,True,summer,weekend,64.915
2025-06-07 03:15:00,B003,55.6,240.53,True,,240.53,False,observed,2025-06-07,2025,6,7,158,3,15,5,Saturday,False,True,summer,weekend,60.1325
2025-06-07 03:30:00,B003,56.1,238.99,True,,238.99,False,observed,2025-06-07,2025,6,7,158,3,30,5,Saturday,False,True,summer,weekend,59.74750000000001
2025-06-07 03:45:00,B003,56.7,225.48,True,,225.48,False,observed,2025-06-07,2025,6,7,158,3,45,5,Saturday,False,True,summer,weekend,56.37
2025-06-07 04:00:00,B003,57.4,216.79,True,,216.79,False,observed,2025-06-07,2025,6,7,158,4,0,5,Saturday,False,True,summer,weekend,54.1975
2025-06-07 04:15:00,B003,58.0,205.04,True,,205.04,False,observed,2025-06-07,2025,6,7,158,4,15,5,Saturday,False,True,summer,weekend,51.26
2025-06-07 04:30:00,B003,58.8,202.15,True,,202.15,False,observed,2025-06-07,2025,6,7,158,4,30,5,Saturday,False,True,summer,weekend,50.5375
2025-06-07 04:45:00,B003,59.5,192.94,True,,192.94,False,observed,2025-06-07,2025,6,7,158,4,45,5,Saturday,False,True,summer,weekend,48.235
2025-06-07 05:00:00,B003,60.3,193.03,True,,193.03,False,observed,2025-06-07,2025,6,7,158,5,0,5,Saturday,False,True,summer,weekend,48.2575
2025-06-07 05:15:00,B003,61.2,187.43,True,,187.43,False,observed,2025-06-07,2025,6,7,158,5,15,5,Saturday,False,True,summer,weekend,46.8575
2025-06-07 05:30:00,B003,62.1,181.19,True,,181.19,False,observed,2025-06-07,2025,6,7,158,5,30,5,Saturday,False,True,summer,weekend,45.2975
2025-06-07 05:45:00,B003,63.0,188.91,True,,188.91,False,observed,2025-06-07,2025,6,7,158,5,45,5,Saturday,False,True,summer,weekend,47.2275
2025-06-07 06:00:00,B003,63.9,184.71,True,,184.71,False,observed,2025-06-07,2025,6,7,158,6,0,5,Saturday,False,True,summer,weekend,46.1775
2025-06-07 06:15:00,B003,64.8,179.39,True,,179.39,False,observed,2025-06-07,2025,6,7,158,6,15,5,Saturday,False,True,summer,weekend,44.8475
2025-06-07 06:30:00,B003,65.8,181.73,True,,181.73,False,observed,2025-06-07,2025,6,7,158,6,30,5,Saturday,False,True,summer,weekend,45.4325
2025-06-07 06:45:00,B003,66.7,180.18,True,,180.18,False,observed,2025-06-07,2025,6,7,158,6,45,5,Saturday,False,True,summer,weekend,45.045
2025-06-07 07:00:00,B003,67.7,176.01,True,,176.01,False,observed,2025-06-07,2025,6,7,158,7,0,5,Saturday,False,True,summer,weekend,44.00249999999999
2025-06-07 07:15:00,B003,68.7,180.55,True,,180.55,False,observed,2025-06-07,2025,6,7,158,7,15,5,Saturday,False,True,summer,weekend,45.1375
2025-06-07 07:30:00,B003,69.7,177.0,True,,177.0,False,observed,2025-06-07,2025,6,7,158,7,30,5,Saturday,False,True,summer,weekend,44.25
2025-06-07 07:45:00,B003,70.7,175.33,True,,175.33,False,observed,2025-06-07,2025,6,7,158,7,45,5,Saturday,False,True,summer,weekend,43.8325
2025-06-07 08:00:00,B003,71.6,171.92,True,,171.92,False,observed,2025-06-07,2025,6,7,158,8,0,5,Saturday,False,True,summer,weekend,42.98
2025-06-07 08:15:00,B003,72.6,178.22,True,,178.22,False,observed,2025-06-07,2025,6,7,158,8,15,5,Saturday,False,True,summer,weekend,44.555
2025-06-07 08:30:00,B003,73.5,182.84,True,,182.84,False,observed,2025-06-07,2025,6,7,158,8,30,5,Saturday,False,True,summer,weekend,45.71
2025-06-07 08:45:00,B003,74.4,176.53,True,,176.53,False,observed,2025-06-07,2025,6,7,158,8,45,5,Saturday,False,True,summer,weekend,44.1325
2025-06-07 09:00:00,B003,75.3,192.61,True,,192.61,False,observed,2025-06-07,2025,6,7,158,9,0,5,Saturday,False,True,summer,weekend,48.1525
2025-06-07 09:15:00,B003,76.2,184.43,True,,184.43,False,observed,2025-06-07,2025,6,7,158,9,15,5,Saturday,False,True,summer,weekend,46.1075
2025-06-07 09:30:00,B003,77.0,186.52,True,,186.52,False,observed,2025-06-07,2025,6,7,158,9,30,5,Saturday,False,True,summer,weekend,46.63
2025-06-07 09:45:00,B003,77.8,183.98,True,,183.98,False,observed,2025-06-07,2025,6,7,158,9,45,5,Saturday,False,True,summer,weekend,45.995
2025-06-07 10:00:00,B003,78.5,189.26,True,,189.26,False,observed,2025-06-07,2025,6,7,158,10,0,5,Saturday,False,True,summer,weekend,47.31499999999999
2025-06-07 10:15:00,B003,79.3,176.07,True,,176.07,False,observed,2025-06-07,2025,6,7,158,10,15,5,Saturday,False,True,summer,weekend,44.0175
2025-06-07 10:30:00,B003,79.9,167.2,True,,167.2,False,observed,2025-06-07,2025,6,7,158,10,30,5,Saturday,False,True,summer,weekend,41.8
2025-06-07 10:45:00,B003,80.5,177.77,True,,177.77,False,observed,2025-06-07,2025,6,7,158,10,45,5,Saturday,False,True,summer,weekend,44.4425
2025-06-07 11:00:00,B003,81.1,182.79,True,,182.79,False,observed,2025-06-07,2025,6,7,158,11,0,5,Saturday,False,True,summer,weekend,45.6975
2025-06-07 11:15:00,B003,81.6,180.76,True,,180.76,False,observed,2025-06-07,2025,6,7,158,11,15,5,Saturday,False,True,summer,weekend,45.18999999999999
2025-06-07 11:30:00,B003,82.1,181.38,True,,181.38,False,observed,2025-06-07,2025,6,7,158,11,30,5,Saturday,False,True,summer,weekend,45.345
2025-06-07 11:45:00,B003,82.4,186.6,True,,186.6,False,observed,2025-06-07,2025,6,7,158,11,45,5,Saturday,False,True,summer,weekend,46.65
2025-06-07 12:00:00,B003,82.8,181.91,True,,181.91,False,observed,2025-06-07,2025,6,7,158,12,0,5,Saturday,False,True,summer,weekend,45.4775
2025-06-07 12:15:00,B003,83.0,183.99,True,,183.99,False,observed,2025-06-07,2025,6,7,158,12,15,5,Saturday,False,True,summer,weekend,45.99750000000001
2025-06-07 12:30:00,B003,83.3,175.3,True,,175.3,False,observed,2025-06-07,2025,6,7,158,12,30,5,Saturday,False,True,summer,weekend,43.825
2025-06-07 12:45:00,B003,83.4,174.52,True,,174.52,False,observed,2025-06-07,2025,6,7,158,12,45,5,Saturday,False,True,summer,weekend,43.63
2025-06-07 13:00:00,B003,83.5,188.07,True,,188.07,False,observed,2025-06-07,2025,6,7,158,13,0,5,Saturday,False,True,summer,weekend,47.0175
2025-06-07 13:15:00,B003,83.5,180.5,True,,180.5,False,observed,2025-06-07,2025,6,7,158,13,15,5,Saturday,False,True,summer,weekend,45.125
2025-06-07 13:30:00,B003,83.5,176.88,True,,176.88,False,observed,2025-06-07,2025,6,7,158,13,30,5,Saturday,False,True,summer,weekend,44.22
2025-06-07 13:45:00,B003,83.4,176.89,True,,176.89,False,observed,2025-06-07,2025,6,7,158,13,45,5,Saturday,False,True,summer,weekend,44.2225
2025-06-07 14:00:00,B003,83.2,176.75,True,,176.75,False,observed,2025-06-07,2025,6,7,158,14,0,5,Saturday,False,True,summer,weekend,44.1875
2025-06-07 14:15:00,B003,82.9,176.46,True,,176.46,False,observed,2025-06-07,2025,6,7,158,14,15,5,Saturday,False,True,summer,weekend,44.115
2025-06-07 14:30:00,B003,82.7,173.58,True,,173.58,False,observed,2025-06-07,2025,6,7,158,14,30,5,Saturday,False,True,summer,weekend,43.395
2025-06-07 14:45:00,B003,82.3,172.5,True,,172.5,False,observed,2025-06-07,2025,6,7,158,14,45,5,Saturday,False,True,summer,weekend,43.125
2025-06-07 15:00:00,B003,81.9,179.02,True,,179.02,False,observed,2025-06-07,2025,6,7,158,15,0,5,Saturday,False,True,summer,weekend,44.755
2025-06-07 15:15:00,B003,81.4,177.04,True,,177.04,False,observed,2025-06-07,2025,6,7,158,15,15,5,Saturday,False,True,summer,weekend,44.26
2025-06-07 15:30:00,B003,80.9,185.54,True,,185.54,False,observed,2025-06-07,2025,6,7,158,15,30,5,Saturday,False,True,summer,weekend,46.385
2025-06-07 15:45:00,B003,80.3,181.47,True,,181.47,False,observed,2025-06-07,2025,6,7,158,15,45,5,Saturday,False,True,summer,weekend,45.3675
2025-06-07 16:00:00,B003,79.7,181.33,True,,181.33,False,observed,2025-06-07,2025,6,7,158,16,0,5,Saturday,False,True,summer,weekend,45.3325
2025-06-07 16:15:00,B003,79.0,176.28,True,,176.28,False,observed,2025-06-07,2025,6,7,158,16,15,5,Saturday,False,True,summer,weekend,44.07
2025-06-07 16:30:00,B003,78.3,179.39,True,,179.39,False,observed,2025-06-07,2025,6,7,158,16,30,5,Saturday,False,True,summer,weekend,44.8475
2025-06-07 16:45:00,B003,77.5,181.81,True,,181.81,False,observed,2025-06-07,2025,6,7,158,16,45,5,Saturday,False,True,summer,weekend,45.4525
2025-06-07 17:00:00,B003,76.7,183.58,True,,183.58,False,observed,2025-06-07,2025,6,7,158,17,0,5,Saturday,False,True,summer,weekend,45.895
2025-06-07 17:15:00,B003,75.8,179.53,True,,179.53,False,observed,2025-06-07,2025,6,7,158,17,15,5,Saturday,False,True,summer,weekend,44.8825
2025-06-07 17:30:00,B003,75.0,185.4,True,,185.4,False,observed,2025-06-07,2025,6,7,158,17,30,5,Saturday,False,True,summer,weekend,46.35
2025-06-07 17:45:00,B003,74.1,180.04,True,,180.04,False,observed,2025-06-07,2025,6,7,158,17,45,5,Saturday,False,True,summer,weekend,45.01
2025-06-07 18:00:00,B003,73.1,183.96,True,,183.96,False,observed,2025-06-07,2025,6,7,158,18,0,5,Saturday,False,True,summer,weekend,45.99
2025-06-07 18:15:00,B003,72.2,177.55,True,,177.55,False,observed,2025-06-07,2025,6,7,158,18,15,5,Saturday,False,True,summer,weekend,44.3875
2025-06-07 18:30:00,B003,71.2,170.94,True,,170.94,False,observed,2025-06-07,2025,6,7,158,18,30,5,Saturday,False,True,summer,weekend,42.735
2025-06-07 18:45:00,B003,70.3,181.34,True,,181.34,False,observed,2025-06-07,2025,6,7,158,18,45,5,Saturday,False,True,summer,weekend,45.335
2025-06-07 19:00:00,B003,69.3,183.63,True,,183.63,False,observed,2025-06-07,2025,6,7,158,19,0,5,Saturday,False,True,summer,weekend,45.9075
2025-06-07 19:15:00,B003,68.3,182.88,True,,182.88,False,observed,2025-06-07,2025,6,7,158,19,15,5,Saturday,False,True,summer,weekend,45.72
2025-06-07 19:30:00,B003,67.3,182.12,True,,182.12,False,observed,2025-06-07,2025,6,7,158,19,30,5,Saturday,False,True,summer,weekend,45.53
2025-06-07 19:45:00,B003,66.4,178.27,True,,178.27,False,observed,2025-06-07,2025,6,7,158,19,45,5,Saturday,False,True,summer,weekend,44.5675
2025-06-07 20:00:00,B003,65.4,176.0,True,,176.0,False,observed,2025-06-07,2025,6,7,158,20,0,5,Saturday,False,True,summer,weekend,44.0
2025-06-07 20:15:00,B003,64.4,182.82,True,,182.82,False,observed,2025-06-07,2025,6,7,158,20,15,5,Saturday,False,True,summer,weekend,45.705
2025-06-07 20:30:00,B003,63.5,182.24,True,,182.24,False,observed,2025-06-07,2025,6,7,158,20,30,5,Saturday,False,True,summer,weekend,45.56000000000001
2025-06-07 20:45:00,B003,62.6,177.39,True,,177.39,False,observed,2025-06-07,2025,6,7,158,20,45,5,Saturday,False,True,summer,weekend,44.3475
2025-06-07 21:00:00,B003,61.7,185.9,True,,185.9,False,observed,2025-06-07,2025,6,7,158,21,0,5,Saturday,False,True,summer,weekend,46.475
2025-06-07 21:15:00,B003,60.8,176.18,True,,176.18,False,observed,2025-06-07,2025,6,7,158,21,15,5,Saturday,False,True,summer,weekend,44.045
2025-06-07 21:30:00,B003,60.0,178.08,True,,178.08,False,observed,2025-06-07,2025,6,7,158,21,30,5,Saturday,False,True,summer,weekend,44.52
2025-06-07 21:45:00,B003,59.2,189.81,True,,189.81,False,observed,2025-06-07,2025,6,7,158,21,45,5,Saturday,False,True,summer,weekend,47.4525
2025-06-07 22:00:00,B003,58.5,186.91,True,,186.91,False,observed,2025-06-07,2025,6,7,158,22,0,5,Saturday,False,True,summer,weekend,46.7275
2025-06-07 22:15:00,B003,57.8,182.16,True,,182.16,False,observed,2025-06-07,2025,6,7,158,22,15,5,Saturday,False,True,summer,weekend,45.54
2025-06-07 22:30:00,B003,57.1,187.35,True,,187.35,False,observed,2025-06-07,2025,6,7,158,22,30,5,Saturday,False,True,summer,weekend,46.8375
2025-06-07 22:45:00,B003,56.5,189.38,True,,189.38,False,observed,2025-06-07,2025,6,7,158,22,45,5,Saturday,False,True,summer,weekend,47.345
2025-06-07 23:00:00,B003,55.9,178.45,True,,178.45,False,observed,2025-06-07,2025,6,7,158,23,0,5,Saturday,False,True,summer,weekend,44.6125
2025-06-07 23:15:00,B003,55.4,192.23,True,,192.23,False,observed,2025-06-07,2025,6,7,158,23,15,5,Saturday,False,True,summer,weekend,48.0575
2025-06-07 23:30:00,B003,55.0,202.19,True,,202.19,False,observed,2025-06-07,2025,6,7,158,23,30,5,Saturday,False,True,summer,weekend,50.5475
2025-06-07 23:45:00,B003,54.6,207.44,True,,207.44,False,observed,2025-06-07,2025,6,7,158,23,45,5,Saturday,False,True,summer,weekend,51.86
2025-06-08 00:00:00,B003,54.2,218.24,True,,218.24,False,observed,2025-06-08,2025,6,8,159,0,0,6,Sunday,False,True,summer,weekend,54.56000000000001
2025-06-08 00:15:00,B003,52.2,231.22,True,,231.22,False,observed,2025-06-08,2025,6,8,159,0,15,6,Sunday,False,True,summer,weekend,57.805
2025-06-08 00:30:00,B003,52.0,232.98,True,,232.98,False,observed,2025-06-08,2025,6,8,159,0,30,6,Sunday,False,True,summer,weekend,58.245
2025-06-08 00:45:00,B003,51.8,238.31,True,,238.31,False,observed,2025-06-08,2025,6,8,159,0,45,6,Sunday,False,True,summer,weekend,59.5775
2025-06-08 01:00:00,B003,51.8,253.69,True,,253.69,False,observed,2025-06-08,2025,6,8,159,1,0,6,Sunday,False,True,summer,weekend,63.4225
2025-06-08 01:15:00,B003,51.7,257.79,True,,257.79,False,observed,2025-06-08,2025,6,8,159,1,15,6,Sunday,False,True,summer,weekend,64.4475
2025-06-08 01:30:00,B003,51.8,264.36,True,,264.36,False,observed,2025-06-08,2025,6,8,159,1,30,6,Sunday,False,True,summer,weekend,66.09
2025-06-08 01:45:00,B003,51.9,267.3,True,,267.3,False,observed,2025-06-08,2025,6,8,159,1,45,6,Sunday,False,True,summer,weekend,66.825
2025-06-08 02:00:00,B003,52.1,281.21,True,,281.21,False,observed,2025-06-08,2025,6,8,159,2,0,6,Sunday,False,True,summer,weekend,70.3025
2025-06-08 02:15:00,B003,52.3,257.56,True,,257.56,False,observed,2025-06-08,2025,6,8,159,2,15,6,Sunday,False,True,summer,weekend,64.39
2025-06-08 02:30:00,B003,52.6,263.19,True,,263.19,False,observed,2025-06-08,2025,6,8,159,2,30,6,Sunday,False,True,summer,weekend,65.7975
2025-06-08 02:45:00,B003,53.0,259.41,True,,259.41,False,observed,2025-06-08,2025,6,8,159,2,45,6,Sunday,False,True,summer,weekend,64.8525
2025-06-08 03:00:00,B003,53.4,248.16,True,,248.16,False,observed,2025-06-08,2025,6,8,159,3,0,6,Sunday,False,True,summer,weekend,62.04
2025-06-08 03:15:00,B003,53.8,248.1,True,,248.1,False,observed,2025-06-08,2025,6,8,159,3,15,6,Sunday,False,True,summer,weekend,62.025
2025-06-08 03:30:00,B003,54.4,238.65,True,,238.65,False,observed,2025-06-08,2025,6,8,159,3,30,6,Sunday,False,True,summer,weekend,59.6625
2025-06-08 03:45:00,B003,55.0,225.33,True,,225.33,False,observed,2025-06-08,2025,6,8,159,3,45,6,Sunday,False,True,summer,weekend,56.3325
2025-06-08 04:00:00,B003,55.6,215.65,True,,215.65,False,observed,2025-06-08,2025,6,8,159,4,0,6,Sunday,False,True,summer,weekend,53.9125
2025-06-08 04:15:00,B003,56.3,208.66,True,,208.66,False,observed,2025-06-08,2025,6,8,159,4,15,6,Sunday,False,True,summer,weekend,52.165
2025-06-08 04:30:00,B003,57.0,201.92,True,,201.92,False,observed,2025-06-08,2025,6,8,159,4,30,6,Sunday,False,True,summer,weekend,50.48
2025-06-08 04:45:00,B003,57.8,196.37,True,,196.37,False,observed,2025-06-08,2025,6,8,159,4,45,6,Sunday,False,True,summer,weekend,49.0925
2025-06-08 05:00:00,B003,58.6,191.24,True,,191.24,False,observed,2025-06-08,2025,6,8,159,5,0,6,Sunday,False,True,summer,weekend,47.81000000000001
2025-06-08 05:15:00,B003,59.4,189.87,True,,189.87,False,observed,2025-06-08,2025,6,8,159,5,15,6,Sunday,False,True,summer,weekend,47.4675
2025-06-08 05:30:00,B003,60.3,189.68,True,,189.68,False,observed,2025-06-08,2025,6,8,159,5,30,6,Sunday,False,True,summer,weekend,47.42
2025-06-08 05:45:00,B003,61.2,177.8,True,,177.8,False,observed,2025-06-08,2025,6,8,159,5,45,6,Sunday,False,True,summer,weekend,44.45
2025-06-08 06:00:00,B003,62.1,177.32,True,,177.32,False,observed,2025-06-08,2025,6,8,159,6,0,6,Sunday,False,True,summer,weekend,44.33
2025-06-08 06:15:00,B003,63.0,172.88,True,,172.88,False,observed,2025-06-08,2025,6,8,159,6,15,6,Sunday,False,True,summer,weekend,43.22
2025-06-08 06:30:00,B003,64.0,185.33,True,,185.33,False,observed,2025-06-08,2025,6,8,159,6,30,6,Sunday,False,True,summer,weekend,46.3325
2025-06-08 06:45:00,B003,65.0,181.85,True,,181.85,False,observed,2025-06-08,2025,6,8,159,6,45,6,Sunday,False,True,summer,weekend,45.4625
2025-06-08 07:00:00,B003,65.9,182.87,True,,182.87,False,observed,2025-06-08,2025,6,8,159,7,0,6,Sunday,False,True,summer,weekend,45.7175
2025-06-08 07:15:00,B003,66.9,173.05,True,,173.05,False,observed,2025-06-08,2025,6,8,159,7,15,6,Sunday,False,True,summer,weekend,43.2625
2025-06-08 07:30:00,B003,67.9,189.03,True,,189.03,False,observed,2025-06-08,2025,6,8,159,7,30,6,Sunday,False,True,summer,weekend,47.2575
2025-06-08 07:45:00,B003,68.9,177.01,True,,177.01,False,observed,2025-06-08,2025,6,8,159,7,45,6,Sunday,False,True,summer,weekend,44.25249999999999
2025-06-08 08:00:00,B003,69.9,180.87,True,,180.87,False,observed,2025-06-08,2025,6,8,159,8,0,6,Sunday,False,True,summer,weekend,45.2175
2025-06-08 08:15:00,B003,70.8,184.29,True,,184.29,False,observed,2025-06-08,2025,6,8,159,8,15,6,Sunday,False,True,summer,weekend,46.0725
2025-06-08 08:30:00,B003,71.7,175.07,True,,175.07,False,observed,2025-06-08,2025,6,8,159,8,30,6,Sunday,False,True,summer,weekend,43.7675
2025-06-08 08:45:00,B003,72.7,177.27,True,,177.27,False,observed,2025-06-08,2025,6,8,159,8,45,6,Sunday,False,True,summer,weekend,44.3175
2025-06-08 09:00:00,B003,73.5,180.9,True,,180.9,False,observed,2025-06-08,2025,6,8,159,9,0,6,Sunday,False,True,summer,weekend,45.225
2025-06-08 09:15:00,B003,74.4,194.29,True,,194.29,False,observed,2025-06-08,2025,6,8,159,9,15,6,Sunday,False,True,summer,weekend,48.5725
2025-06-08 09:30:00,B003,75.2,181.51,True,,181.51,False,observed,2025-06-08,2025,6,8,159,9,30,6,Sunday,False,True,summer,weekend,45.37749999999999
2025-06-08 09:45:00,B003,76.0,188.03,True,,188.03,False,observed,2025-06-08,2025,6,8,159,9,45,6,Sunday,False,True,summer,weekend,47.0075
2025-06-08 10:00:00,B003,76.8,186.03,True,,186.03,False,observed,2025-06-08,2025,6,8,159,10,0,6,Sunday,False,True,summer,weekend,46.5075
2025-06-08 10:15:00,B003,77.5,181.84,True,,181.84,False,observed,2025-06-08,2025,6,8,159,10,15,6,Sunday,False,True,summer,weekend,45.46
2025-06-08 10:30:00,B003,78.1,175.05,True,,175.05,False,observed,2025-06-08,2025,6,8,159,10,30,6,Sunday,False,True,summer,weekend,43.7625
2025-06-08 10:45:00,B003,78.8,185.3,True,,185.3,False,observed,2025-06-08,2025,6,8,159,10,45,6,Sunday,False,True,summer,weekend,46.325
2025-06-08 11:00:00,B003,79.3,172.51,True,,172.51,False,observed,2025-06-08,2025,6,8,159,11,0,6,Sunday,False,True,summer,weekend,43.12749999999999
2025-06-08 11:15:00,B003,79.8,188.0,True,,188.0,False,observed,2025-06-08,2025,6,8,159,11,15,6,Sunday,False,True,summer,weekend,47.0
2025-06-08 11:30:00,B003,80.3,181.0,True,,181.0,False,observed,2025-06-08,2025,6,8,159,11,30,6,Sunday,False,True,summer,weekend,45.25
2025-06-08 11:45:00,B003,80.7,166.75,True,,166.75,False,observed,2025-06-08,2025,6,8,159,11,45,6,Sunday,False,True,summer,weekend,41.6875
2025-06-08 12:00:00,B003,81.0,178.3,True,,178.3,False,observed,2025-06-08,2025,6,8,159,12,0,6,Sunday,False,True,summer,weekend,44.575
2025-06-08 12:15:00,B003,81.3,183.27,True,,183.27,False,observed,2025-06-08,2025,6,8,159,12,15,6,Sunday,False,True,summer,weekend,45.8175
2025-06-08 12:30:00,B003,81.5,178.81,True,,178.81,False,observed,2025-06-08,2025,6,8,159,12,30,6,Sunday,False,True,summer,weekend,44.7025
2025-06-08 12:45:00,B003,81.6,183.58,True,,183.58,False,observed,2025-06-08,2025,6,8,159,12,45,6,Sunday,False,True,summer,weekend,45.895
2025-06-08 13:00:00,B003,81.7,175.75,True,,175.75,False,observed,2025-06-08,2025,6,8,159,13,0,6,Sunday,False,True,summer,weekend,43.9375
2025-06-08 13:15:00,B003,81.7,173.47,True,,173.47,False,observed,2025-06-08,2025,6,8,159,13,15,6,Sunday,False,True,summer,weekend,43.3675
2025-06-08 13:30:00,B003,81.7,179.64,True,,179.64,False,observed,2025-06-08,2025,6,8,159,13,30,6,Sunday,False,True,summer,weekend,44.91
2025-06-08 13:45:00,B003,81.6,180.16,True,,180.16,False,observed,2025-06-08,2025,6,8,159,13,45,6,Sunday,False,True,summer,weekend,45.04
2025-06-08 14:00:00,B003,81.4,178.26,True,,178.26,False,observed,2025-06-08,2025,6,8,159,14,0,6,Sunday,False,True,summer,weekend,44.56499999999999
2025-06-08 14:15:00,B003,81.2,186.14,True,,186.14,False,observed,2025-06-08,2025,6,8,159,14,15,6,Sunday,False,True,summer,weekend,46.535
2025-06-08 14:30:00,B003,80.9,175.75,True,,175.75,False,observed,2025-06-08,2025,6,8,159,14,30,6,Sunday,False,True,summer,weekend,43.9375
2025-06-08 14:45:00,B003,80.5,181.57,True,,181.57,False,observed,2025-06-08,2025,6,8,159,14,45,6,Sunday,False,True,summer,weekend,45.3925
2025-06-08 15:00:00,B003,80.1,180.34,True,,180.34,False,observed,2025-06-08,2025,6,8,159,15,0,6,Sunday,False,True,summer,weekend,45.085
2025-06-08 15:15:00,B003,79.6,172.22,True,,172.22,False,observed,2025-06-08,2025,6,8,159,15,15,6,Sunday,False,True,summer,weekend,43.055
2025-06-08 15:30:00,B003,79.1,173.4,True,,173.4,False,observed,2025-06-08,2025,6,8,159,15,30,6,Sunday,False,True,summer,weekend,43.35
2025-06-08 15:45:00,B003,78.5,180.06,True,,180.06,False,observed,2025-06-08,2025,6,8,159,15,45,6,Sunday,False,True,summer,weekend,45.015
2025-06-08 16:00:00,B003,77.9,189.91,True,,189.91,False,observed,2025-06-08,2025,6,8,159,16,0,6,Sunday,False,True,summer,weekend,47.4775
2025-06-08 16:15:00,B003,77.2,182.9,True,,182.9,False,observed,2025-06-08,2025,6,8,159,16,15,6,Sunday,False,True,summer,weekend,45.725
2025-06-08 16:30:00,B003,76.5,171.37,True,,171.37,False,observed,2025-06-08,2025,6,8,159,16,30,6,Sunday,False,True,summer,weekend,42.8425
2025-06-08 16:45:00,B003,75.7,164.45,True,,164.45,False,observed,2025-06-08,2025,6,8,159,16,45,6,Sunday,False,True,summer,weekend,41.1125
2025-06-08 17:00:00,B003,74.9,183.67,True,,183.67,False,observed,2025-06-08,2025,6,8,159,17,0,6,Sunday,False,True,summer,weekend,45.9175
2025-06-08 17:15:00,B003,74.1,179.52,True,,179.52,False,observed,2025-06-08,2025,6,8,159,17,15,6,Sunday,False,True,summer,weekend,44.88
2025-06-08 17:30:00,B003,73.2,185.71,True,,185.71,False,observed,2025-06-08,2025,6,8,159,17,30,6,Sunday,False,True,summer,weekend,46.4275
2025-06-08 17:45:00,B003,72.3,175.6,True,,175.6,False,observed,2025-06-08,2025,6,8,159,17,45,6,Sunday,False,True,summer,weekend,43.9
2025-06-08 18:00:00,B003,71.4,181.75,True,,181.75,False,observed,2025-06-08,2025,6,8,159,18,0,6,Sunday,False,True,summer,weekend,45.4375
2025-06-08 18:15:00,B003,70.4,184.23,True,,184.23,False,observed,2025-06-08,2025,6,8,159,18,15,6,Sunday,False,True,summer,weekend,46.0575
2025-06-08 18:30:00,B003,69.5,177.76,True,,177.76,False,observed,2025-06-08,2025,6,8,159,18,30,6,Sunday,False,True,summer,weekend,44.43999999999999
2025-06-08 18:45:00,B003,68.5,177.87,True,,177.87,False,observed,2025-06-08,2025,6,8,159,18,45,6,Sunday,False,True,summer,weekend,44.4675
2025-06-08 19:00:00,B003,67.5,180.13,True,,180.13,False,observed,2025-06-08,2025,6,8,159,19,0,6,Sunday,False,True,summer,weekend,45.0325
2025-06-08 19:15:00,B003,66.5,182.72,True,,182.72,False,observed,2025-06-08,2025,6,8,159,19,15,6,Sunday,False,True,summer,weekend,45.68
2025-06-08 19:30:00,B003,65.6,179.94,True,,179.94,False,observed,2025-06-08,2025,6,8,159,19,30,6,Sunday,False,True,summer,weekend,44.985
2025-06-08 19:45:00,B003,64.6,184.89,True,,184.89,False,observed,2025-06-08,2025,6,8,159,19,45,6,Sunday,False,True,summer,weekend,46.2225
2025-06-08 20:00:00,B003,63.6,177.72,True,,177.72,False,observed,2025-06-08,2025,6,8,159,20,0,6,Sunday,False,True,summer,weekend,44.43
2025-06-08 20:15:00,B003,62.7,173.42,True,,173.42,False,observed,2025-06-08,2025,6,8,159,20,15,6,Sunday,False,True,summer,weekend,43.355
2025-06-08 20:30:00,B003,61.7,189.99,True,,189.99,False,observed,2025-06-08,2025,6,8,159,20,30,6,Sunday,False,True,summer,weekend,47.49750000000001
2025-06-08 20:45:00,B003,60.8,177.17,True,,177.17,False,observed,2025-06-08,2025,6,8,159,20,45,6,Sunday,False,True,summer,weekend,44.2925
2025-06-08 21:00:00,B003,59.9,177.51,True,,177.51,False,observed,2025-06-08,2025,6,8,159,21,0,6,Sunday,False,True,summer,weekend,44.37749999999999
2025-06-08 21:15:00,B003,59.1,180.27,True,,180.27,False,observed,2025-06-08,2025,6,8,159,21,15,6,Sunday,False,True,summer,weekend,45.0675
2025-06-08 21:30:00,B003,58.2,181.34,True,,181.34,False,observed,2025-06-08,2025,6,8,159,21,30,6,Sunday,False,True,summer,weekend,45.335
2025-06-08 21:45:00,B003,57.4,179.69,True,,179.69,False,observed,2025-06-08,2025,6,8,159,21,45,6,Sunday,False,True,summer,weekend,44.9225
2025-06-08 22:00:00,B003,56.7,182.48,True,,182.48,False,observed,2025-06-08,2025,6,8,159,22,0,6,Sunday,False,True,summer,weekend,45.62
2025-06-08 22:15:00,B003,56.0,183.76,True,,183.76,False,observed,2025-06-08,2025,6,8,159,22,15,6,Sunday,False,True,summer,weekend,45.93999999999999
2025-06-08 22:30:00,B003,55.3,186.79,True,,186.79,False,observed,2025-06-08,2025,6,8,159,22,30,6,Sunday,False,True,summer,weekend,46.6975
2025-06-08 22:45:00,B003,54.7,176.82,True,,176.82,False,observed,2025-06-08,2025,6,8,159,22,45,6,Sunday,False,True,summer,weekend,44.205
2025-06-08 23:00:00,B003,54.2,201.58,True,,201.58,False,observed,2025-06-08,2025,6,8,159,23,0,6,Sunday,False,True,summer,weekend,50.395
2025-06-08 23:15:00,B003,53.6,196.03,True,,196.03,False,observed,2025-06-08,2025,6,8,159,23,15,6,Sunday,False,True,summer,weekend,49.0075
2025-06-08 23:30:00,B003,53.2,205.34,True,,205.34,False,observed,2025-06-08,2025,6,8,159,23,30,6,Sunday,False,True,summer,weekend,51.335
2025-06-08 23:45:00,B003,52.8,202.33,True,,202.33,False,observed,2025-06-08,2025,6,8,159,23,45,6,Sunday,False,True,summer,weekend,50.5825
2025-06-09 00:00:00,B003,52.5,214.65,True,,214.65,False,observed,2025-06-09,2025,6,9,160,0,0,0,Monday,True,False,summer,weekday,53.6625
2025-06-09 00:15:00,B003,53.4,222.21,True,,222.21,False,observed,2025-06-09,2025,6,9,160,0,15,0,Monday,True,False,summer,weekday,55.5525
2025-06-09 00:30:00,B003,53.2,241.94,True,,241.94,False,observed,2025-06-09,2025,6,9,160,0,30,0,Monday,True,False,summer,weekday,60.485
2025-06-09 00:45:00,B003,53.0,240.67,True,,240.67,False,observed,2025-06-09,2025,6,9,160,0,45,0,Monday,True,False,summer,weekday,60.1675
2025-06-09 01:00:00,B003,53.0,255.86,True,,255.86,False,observed,2025-06-09,2025,6,9,160,1,0,0,Monday,True,False,summer,weekday,63.965
2025-06-09 01:15:00,B003,52.9,256.17,True,,256.17,False,observed,2025-06-09,2025,6,9,160,1,15,0,Monday,True,False,summer,weekday,64.0425
2025-06-09 01:30:00,B003,53.0,262.87,True,,262.87,False,observed,2025-06-09,2025,6,9,160,1,30,0,Monday,True,False,summer,weekday,65.7175
2025-06-09 01:45:00,B003,53.1,267.53,True,,267.53,False,observed,2025-06-09,2025,6,9,160,1,45,0,Monday,True,False,summer,weekday,66.8825
2025-06-09 02:00:00,B003,53.3,276.42,True,,276.42,False,observed,2025-06-09,2025,6,9,160,2,0,0,Monday,True,False,summer,weekday,69.105
2025-06-09 02:15:00,B003,53.5,259.31,True,,259.31,False,observed,2025-06-09,2025,6,9,160,2,15,0,Monday,True,False,summer,weekday,64.8275
2025-06-09 02:30:00,B003,53.8,258.56,True,,258.56,False,observed,2025-06-09,2025,6,9,160,2,30,0,Monday,True,False,summer,weekday,64.64
2025-06-09 02:45:00,B003,54.2,249.69,True,,249.69,False,observed,2025-06-09,2025,6,9,160,2,45,0,Monday,True,False,summer,weekday,62.4225
2025-06-09 03:00:00,B003,54.6,246.63,True,,246.63,False,observed,2025-06-09,2025,6,9,160,3,0,0,Monday,True,False,summer,weekday,61.6575
2025-06-09 03:15:00,B003,55.0,239.54,True,,239.54,False,observed,2025-06-09,2025,6,9,160,3,15,0,Monday,True,False,summer,weekday,59.885
2025-06-09 03:30:00,B003,55.6,226.52,True,,226.52,False,observed,2025-06-09,2025,6,9,160,3,30,0,Monday,True,False,summer,weekday,56.63
2025-06-09 03:45:00,B003,56.2,221.9,True,,221.9,False,observed,2025-06-09,2025,6,9,160,3,45,0,Monday,True,False,summer,weekday,55.475
2025-06-09 04:00:00,B003,56.8,206.93,True,,206.93,False,observed,2025-06-09,2025,6,9,160,4,0,0,Monday,True,False,summer,weekday,51.7325
2025-06-09 04:15:00,B003,57.5,204.13,True,,204.13,False,observed,2025-06-09,2025,6,9,160,4,15,0,Monday,True,False,summer,weekday,51.0325
2025-06-09 04:30:00,B003,58.2,208.44,True,,208.44,False,observed,2025-06-09,2025,6,9,160,4,30,0,Monday,True,False,summer,weekday,52.11
2025-06-09 04:45:00,B003,59.0,198.78,True,,198.78,False,observed,2025-06-09,2025,6,9,160,4,45,0,Monday,True,False,summer,weekday,49.695
2025-06-09 05:00:00,B003,59.8,193.12,True,,193.12,False,observed,2025-06-09,2025,6,9,160,5,0,0,Monday,True,False,summer,weekday,48.28
2025-06-09 05:15:00,B003,60.6,183.59,True,,183.59,False,observed,2025-06-09,2025,6,9,160,5,15,0,Monday,True,False,summer,weekday,45.8975
2025-06-09 05:30:00,B003,61.5,178.24,True,,178.24,False,observed,2025-06-09,2025,6,9,160,5,30,0,Monday,True,False,summer,weekday,44.56000000000001
2025-06-09 05:45:00,B003,62.4,178.26,True,,178.26,False,observed,2025-06-09,2025,6,9,160,5,45,0,Monday,True,False,summer,weekday,44.56499999999999
2025-06-09 06:00:00,B003,63.3,182.35,True,,182.35,False,observed,2025-06-09,2025,6,9,160,6,0,0,Monday,True,False,summer,weekday,45.5875
2025-06-09 06:15:00,B003,64.2,185.97,True,,185.97,False,observed,2025-06-09,2025,6,9,160,6,15,0,Monday,True,False,summer,weekday,46.4925
2025-06-09 06:30:00,B003,65.2,185.51,True,,185.51,False,observed,2025-06-09,2025,6,9,160,6,30,0,Monday,True,False,summer,weekday,46.37749999999999
2025-06-09 06:45:00,B003,66.2,183.75,True,,183.75,False,observed,2025-06-09,2025,6,9,160,6,45,0,Monday,True,False,summer,weekday,45.9375
2025-06-09 07:00:00,B003,67.1,176.66,True,,176.66,False,observed,2025-06-09,2025,6,9,160,7,0,0,Monday,True,False,summer,weekday,44.165
2025-06-09 07:15:00,B003,68.1,180.32,True,,180.32,False,observed,2025-06-09,2025,6,9,160,7,15,0,Monday,True,False,summer,weekday,45.08
2025-06-09 07:30:00,B003,69.1,178.5,True,,178.5,False,observed,2025-06-09,2025,6,9,160,7,30,0,Monday,True,False,summer,weekday,44.625
2025-06-09 07:45:00,B003,70.1,179.05,True,,179.05,False,observed,2025-06-09,2025,6,9,160,7,45,0,Monday,True,False,summer,weekday,44.7625
2025-06-09 08:00:00,B003,71.1,190.22,True,,190.22,False,observed,2025-06-09,2025,6,9,160,8,0,0,Monday,True,False,summer,weekday,47.555
2025-06-09 08:15:00,B003,72.0,171.21,True,,171.21,False,observed,2025-06-09,2025,6,9,160,8,15,0,Monday,True,False,summer,weekday,42.8025
2025-06-09 08:30:00,B003,72.9,178.83,True,,178.83,False,observed,2025-06-09,2025,6,9,160,8,30,0,Monday,True,False,summer,weekday,44.7075
2025-06-09 08:45:00,B003,73.9,186.06,True,,186.06,False,observed,2025-06-09,2025,6,9,160,8,45,0,Monday,True,False,summer,weekday,46.515
2025-06-09 09:00:00,B003,74.7,172.67,True,,172.67,False,observed,2025-06-09,2025,6,9,160,9,0,0,Monday,True,False,summer,weekday,43.1675
2025-06-09 09:15:00,B003,75.6,176.78,True,,176.78,False,observed,2025-06-09,2025,6,9,160,9,15,0,Monday,True,False,summer,weekday,44.195
2025-06-09 09:30:00,B003,76.4,177.36,True,,177.36,False,observed,2025-06-09,2025,6,9,160,9,30,0,Monday,True,False,summer,weekday,44.34
2025-06-09 09:45:00,B003,77.2,178.88,True,,178.88,False,observed,2025-06-09,2025,6,9,160,9,45,0,Monday,True,False,summer,weekday,44.72
2025-06-09 10:00:00,B003,78.0,172.02,True,,172.02,False,observed,2025-06-09,2025,6,9,160,10,0,0,Monday,True,False,summer,weekday,43.005
2025-06-09 10:15:00,B003,78.7,182.98,True,,182.98,False,observed,2025-06-09,2025,6,9,160,10,15,0,Monday,True,False,summer,weekday,45.745
2025-06-09 10:30:00,B003,79.3,183.33,True,,183.33,False,observed,2025-06-09,2025,6,9,160,10,30,0,Monday,True,False,summer,weekday,45.8325
2025-06-09 10:45:00,B003,80.0,182.54,True,,182.54,False,observed,2025-06-09,2025,6,9,160,10,45,0,Monday,True,False,summer,weekday,45.635
2025-06-09 11:00:00,B003,80.5,175.65,True,,175.65,False,observed,2025-06-09,2025,6,9,160,11,0,0,Monday,True,False,summer,weekday,43.9125
2025-06-09 11:15:00,B003,81.0,180.43,True,,180.43,False,observed,2025-06-09,2025,6,9,160,11,15,0,Monday,True,False,summer,weekday,45.1075
2025-06-09 11:30:00,B003,81.5,175.5,True,,175.5,False,observed,2025-06-09,2025,6,9,160,11,30,0,Monday,True,False,summer,weekday,43.875
2025-06-09 11:45:00,B003,81.9,178.34,True,,178.34,False,observed,2025-06-09,2025,6,9,160,11,45,0,Monday,True,False,summer,weekday,44.585
2025-06-09 12:00:00,B003,82.2,190.77,True,,190.77,False,observed,2025-06-09,2025,6,9,160,12,0,0,Monday,True,False,summer,weekday,47.6925
2025-06-09 12:15:00,B003,82.5,180.48,True,,180.48,False,observed,2025-06-09,2025,6,9,160,12,15,0,Monday,True,False,summer,weekday,45.12
2025-06-09 12:30:00,B003,82.7,174.06,True,,174.06,False,observed,2025-06-09,2025,6,9,160,12,30,0,Monday,True,False,summer,weekday,43.515
2025-06-09 12:45:00,B003,82.8,180.9,True,,180.9,False,observed,2025-06-09,2025,6,9,160,12,45,0,Monday,True,False,summer,weekday,45.225
2025-06-09 13:00:00,B003,82.9,173.24,True,,173.24,False,observed,2025-06-09,2025,6,9,160,13,0,0,Monday,True,False,summer,weekday,43.31000000000001
2025-06-09 13:15:00,B003,82.9,174.0,True,,174.0,False,observed,2025-06-09,2025,6,9,160,13,15,0,Monday,True,False,summer,weekday,43.5
2025-06-09 13:30:00,B003,82.9,174.79,True,,174.79,False,observed,2025-06-09,2025,6,9,160,13,30,0,Monday,True,False,summer,weekday,43.6975
2025-06-09 13:45:00,B003,82.8,177.78,True,,177.78,False,observed,2025-06-09,2025,6,9,160,13,45,0,Monday,True,False,summer,weekday,44.445
2025-06-09 14:00:00,B003,82.6,184.68,True,,184.68,False,observed,2025-06-09,2025,6,9,160,14,0,0,Monday,True,False,summer,weekday,46.17
2025-06-09 14:15:00,B003,82.4,182.89,True,,182.89,False,observed,2025-06-09,2025,6,9,160,14,15,0,Monday,True,False,summer,weekday,45.7225
2025-06-09 14:30:00,B003,82.1,182.61,True,,182.61,False,observed,2025-06-09,2025,6,9,160,14,30,0,Monday,True,False,summer,weekday,45.6525
2025-06-09 14:45:00,B003,81.7,174.51,True,,174.51,False,observed,2025-06-09,2025,6,9,160,14,45,0,Monday,True,False,summer,weekday,43.62749999999999
2025-06-09 15:00:00,B003,81.3,177.29,True,,177.29,False,observed,2025-06-09,2025,6,9,160,15,0,0,Monday,True,False,summer,weekday,44.3225
2025-06-09 15:15:00,B003,80.8,181.36,True,,181.36,False,observed,2025-06-09,2025,6,9,160,15,15,0,Monday,True,False,summer,weekday,45.34
2025-06-09 15:30:00,B003,80.3,176.86,True,,176.86,False,observed,2025-06-09,2025,6,9,160,15,30,0,Monday,True,False,summer,weekday,44.215
2025-06-09 15:45:00,B003,79.7,178.61,True,,178.61,False,observed,2025-06-09,2025,6,9,160,15,45,0,Monday,True,False,summer,weekday,44.6525
2025-06-09 16:00:00,B003,79.1,182.21,True,,182.21,False,observed,2025-06-09,2025,6,9,160,16,0,0,Monday,True,False,summer,weekday,45.5525
2025-06-09 16:15:00,B003,78.4,178.26,True,,178.26,False,observed,2025-06-09,2025,6,9,160,16,15,0,Monday,True,False,summer,weekday,44.56499999999999
2025-06-09 16:30:00,B003,77.7,181.13,True,,181.13,False,observed,2025-06-09,2025,6,9,160,16,30,0,Monday,True,False,summer,weekday,45.2825
2025-06-09 16:45:00,B003,76.9,187.96,True,,187.96,False,observed,2025-06-09,2025,6,9,160,16,45,0,Monday,True,False,summer,weekday,46.99
2025-06-09 17:00:00,B003,76.1,179.14,True,,179.14,False,observed,2025-06-09,2025,6,9,160,17,0,0,Monday,True,False,summer,weekday,44.785
2025-06-09 17:15:00,B003,75.3,185.9,True,,185.9,False,observed,2025-06-09,2025,6,9,160,17,15,0,Monday,True,False,summer,weekday,46.475
2025-06-09 17:30:00,B003,74.4,182.8,True,,182.8,False,observed,2025-06-09,2025,6,9,160,17,30,0,Monday,True,False,summer,weekday,45.7
2025-06-09 17:45:00,B003,73.5,172.66,True,,172.66,False,observed,2025-06-09,2025,6,9,160,17,45,0,Monday,True,False,summer,weekday,43.165
2025-06-09 18:00:00,B003,72.6,174.49,True,,174.49,False,observed,2025-06-09,2025,6,9,160,18,0,0,Monday,True,False,summer,weekday,43.62250000000001
2025-06-09 18:15:00,B003,71.6,175.83,True,,175.83,False,observed,2025-06-09,2025,6,9,160,18,15,0,Monday,True,False,summer,weekday,43.9575
2025-06-09 18:30:00,B003,70.7,175.73,True,,175.73,False,observed,2025-06-09,2025,6,9,160,18,30,0,Monday,True,False,summer,weekday,43.9325
2025-06-09 18:45:00,B003,69.7,179.55,True,,179.55,False,observed,2025-06-09,2025,6,9,160,18,45,0,Monday,True,False,summer,weekday,44.8875
2025-06-09 19:00:00,B003,68.7,183.07,True,,183.07,False,observed,2025-06-09,2025,6,9,160,19,0,0,Monday,True,False,summer,weekday,45.7675
2025-06-09 19:15:00,B003,67.7,186.28,True,,186.28,False,observed,2025-06-09,2025,6,9,160,19,15,0,Monday,True,False,summer,weekday,46.57
2025-06-09 19:30:00,B003,66.8,181.55,True,,181.55,False,observed,2025-06-09,2025,6,9,160,19,30,0,Monday,True,False,summer,weekday,45.3875
2025-06-09 19:45:00,B003,65.8,177.79,True,,177.79,False,observed,2025-06-09,2025,6,9,160,19,45,0,Monday,True,False,summer,weekday,44.4475
2025-06-09 20:00:00,B003,64.8,169.62,True,,169.62,False,observed,2025-06-09,2025,6,9,160,20,0,0,Monday,True,False,summer,weekday,42.405
2025-06-09 20:15:00,B003,63.9,180.41,True,,180.41,False,observed,2025-06-09,2025,6,9,160,20,15,0,Monday,True,False,summer,weekday,45.1025
2025-06-09 20:30:00,B003,62.9,180.24,True,,180.24,False,observed,2025-06-09,2025,6,9,160,20,30,0,Monday,True,False,summer,weekday,45.06000000000001
2025-06-09 20:45:00,B003,62.0,181.11,True,,181.11,False,observed,2025-06-09,2025,6,9,160,20,45,0,Monday,True,False,summer,weekday,45.2775
2025-06-09 21:00:00,B003,61.1,190.88,True,,190.88,False,observed,2025-06-09,2025,6,9,160,21,0,0,Monday,True,False,summer,weekday,47.72
2025-06-09 21:15:00,B003,60.3,186.8,True,,186.8,False,observed,2025-06-09,2025,6,9,160,21,15,0,Monday,True,False,summer,weekday,46.7
2025-06-09 21:30:00,B003,59.4,184.93,True,,184.93,False,observed,2025-06-09,2025,6,9,160,21,30,0,Monday,True,False,summer,weekday,46.2325
2025-06-09 21:45:00,B003,58.6,176.82,True,,176.82,False,observed,2025-06-09,2025,6,9,160,21,45,0,Monday,True,False,summer,weekday,44.205
2025-06-09 22:00:00,B003,57.9,180.01,True,,180.01,False,observed,2025-06-09,2025,6,9,160,22,0,0,Monday,True,False,summer,weekday,45.00249999999999
2025-06-09 22:15:00,B003,57.2,183.48,True,,183.48,False,observed,2025-06-09,2025,6,9,160,22,15,0,Monday,True,False,summer,weekday,45.87
2025-06-09 22:30:00,B003,56.5,182.04,True,,182.04,False,observed,2025-06-09,2025,6,9,160,22,30,0,Monday,True,False,summer,weekday,45.51
2025-06-09 22:45:00,B003,55.9,191.11,True,,191.11,False,observed,2025-06-09,2025,6,9,160,22,45,0,Monday,True,False,summer,weekday,47.7775
2025-06-09 23:00:00,B003,55.4,193.96,True,,193.96,False,observed,2025-06-09,2025,6,9,160,23,0,0,Monday,True,False,summer,weekday,48.49
2025-06-09 23:15:00,B003,54.8,191.32,True,,191.32,False,observed,2025-06-09,2025,6,9,160,23,15,0,Monday,True,False,summer,weekday,47.83
2025-06-09 23:30:00,B003,54.4,208.43,True,,208.43,False,observed,2025-06-09,2025,6,9,160,23,30,0,Monday,True,False,summer,weekday,52.1075
2025-06-09 23:45:00,B003,54.0,209.73,True,,209.73,False,observed,2025-06-09,2025,6,9,160,23,45,0,Monday,True,False,summer,weekday,52.4325
2025-06-10 00:00:00,B003,53.7,208.35,True,,208.35,False,observed,2025-06-10,2025,6,10,161,0,0,1,Tuesday,True,False,summer,weekday,52.0875
2025-06-10 00:15:00,B003,50.0,225.31,True,,225.31,False,observed,2025-06-10,2025,6,10,161,0,15,1,Tuesday,True,False,summer,weekday,56.3275
2025-06-10 00:30:00,B003,49.8,235.99,True,,235.99,False,observed,2025-06-10,2025,6,10,161,0,30,1,Tuesday,True,False,summer,weekday,58.99750000000001
2025-06-10 00:45:00,B003,49.7,248.46,True,,248.46,False,observed,2025-06-10,2025,6,10,161,0,45,1,Tuesday,True,False,summer,weekday,62.115
2025-06-10 01:00:00,B003,49.6,250.38,True,,250.38,False,observed,2025-06-10,2025,6,10,161,1,0,1,Tuesday,True,False,summer,weekday,62.595
2025-06-10 01:15:00,B003,49.6,263.56,True,,263.56,False,observed,2025-06-10,2025,6,10,161,1,15,1,Tuesday,True,False,summer,weekday,65.89
2025-06-10 01:30:00,B003,49.6,266.07,True,,266.07,False,observed,2025-06-10,2025,6,10,161,1,30,1,Tuesday,True,False,summer,weekday,66.5175
2025-06-10 01:45:00,B003,49.7,262.18,True,,262.18,False,observed,2025-06-10,2025,6,10,161,1,45,1,Tuesday,True,False,summer,weekday,65.545
2025-06-10 02:00:00,B003,49.9,262.92,True,,262.92,False,observed,2025-06-10,2025,6,10,161,2,0,1,Tuesday,True,False,summer,weekday,65.73
2025-06-10 02:15:00,B003,50.2,274.37,True,,274.37,False,observed,2025-06-10,2025,6,10,161,2,15,1,Tuesday,True,False,summer,weekday,68.5925
2025-06-10 02:30:00,B003,50.4,271.12,True,,271.12,False,observed,2025-06-10,2025,6,10,161,2,30,1,Tuesday,True,False,summer,weekday,67.78
2025-06-10 02:45:00,B003,50.8,261.04,True,,261.04,False,observed,2025-06-10,2025,6,10,161,2,45,1,Tuesday,True,False,summer,weekday,65.26
2025-06-10 03:00:00,B003,51.2,259.54,True,,259.54,False,observed,2025-06-10,2025,6,10,161,3,0,1,Tuesday,True,False,summer,weekday,64.885
2025-06-10 03:15:00,B003,51.7,248.88,True,,248.88,False,observed,2025-06-10,2025,6,10,161,3,15,1,Tuesday,True,False,summer,weekday,62.22
2025-06-10 03:30:00,B003,52.2,238.01,True,,238.01,False,observed,2025-06-10,2025,6,10,161,3,30,1,Tuesday,True,False,summer,weekday,59.50249999999999
2025-06-10 03:45:00,B003,52.8,221.01,True,,221.01,False,observed,2025-06-10,2025,6,10,161,3,45,1,Tuesday,True,False,summer,weekday,55.25249999999999
2025-06-10 04:00:00,B003,53.4,225.66,True,,225.66,False,observed,2025-06-10,2025,6,10,161,4,0,1,Tuesday,True,False,summer,weekday,56.415
2025-06-10 04:15:00,B003,54.1,211.9,True,,211.9,False,observed,2025-06-10,2025,6,10,161,4,15,1,Tuesday,True,False,summer,weekday,52.975
2025-06-10 04:30:00,B003,54.8,200.51,True,,200.51,False,observed,2025-06-10,2025,6,10,161,4,30,1,Tuesday,True,False,summer,weekday,50.12749999999999
2025-06-10 04:45:00,B003,55.6,193.42,True,,193.42,False,observed,2025-06-10,2025,6,10,161,4,45,1,Tuesday,True,False,summer,weekday,48.355
2025-06-10 05:00:00,B003,56.4,193.46,True,,193.46,False,observed,2025-06-10,2025,6,10,161,5,0,1,Tuesday,True,False,summer,weekday,48.365
2025-06-10 05:15:00,B003,57.3,180.25,True,,180.25,False,observed,2025-06-10,2025,6,10,161,5,15,1,Tuesday,True,False,summer,weekday,45.0625
2025-06-10 05:30:00,B003,58.1,189.41,True,,189.41,False,observed,2025-06-10,2025,6,10,161,5,30,1,Tuesday,True,False,summer,weekday,47.3525
2025-06-10 05:45:00,B003,59.0,179.19,True,,179.19,False,observed,2025-06-10,2025,6,10,161,5,45,1,Tuesday,True,False,summer,weekday,44.7975
2025-06-10 06:00:00,B003,60.0,184.42,True,,184.42,False,observed,2025-06-10,2025,6,10,161,6,0,1,Tuesday,True,False,summer,weekday,46.105
2025-06-10 06:15:00,B003,60.9,179.02,True,,179.02,False,observed,2025-06-10,2025,6,10,161,6,15,1,Tuesday,True,False,summer,weekday,44.755
2025-06-10 06:30:00,B003,61.9,179.68,True,,179.68,False,observed,2025-06-10,2025,6,10,161,6,30,1,Tuesday,True,False,summer,weekday,44.92
2025-06-10 06:45:00,B003,62.8,176.81,True,,176.81,False,observed,2025-06-10,2025,6,10,161,6,45,1,Tuesday,True,False,summer,weekday,44.2025
2025-06-10 07:00:00,B003,63.8,179.54,True,,179.54,False,observed,2025-06-10,2025,6,10,161,7,0,1,Tuesday,True,False,summer,weekday,44.885
2025-06-10 07:15:00,B003,64.8,189.64,True,,189.64,False,observed,2025-06-10,2025,6,10,161,7,15,1,Tuesday,True,False,summer,weekday,47.41
2025-06-10 07:30:00,B003,65.8,187.03,True,,187.03,False,observed,2025-06-10,2025,6,10,161,7,30,1,Tuesday,True,False,summer,weekday,46.7575
2025-06-10 07:45:00,B003,66.7,181.83,True,,181.83,False,observed,2025-06-10,2025,6,10,161,7,45,1,Tuesday,True,False,summer,weekday,45.4575
2025-06-10 08:00:00,B003,67.7,179.9,True,,179.9,False,observed,2025-06-10,2025,6,10,161,8,0,1,Tuesday,True,False,summer,weekday,44.975
2025-06-10 08:15:00,B003,68.7,184.24,True,,184.24,False,observed,2025-06-10,2025,6,10,161,8,15,1,Tuesday,True,False,summer,weekday,46.06000000000001
2025-06-10 08:30:00,B003,69.6,185.66,True,,185.66,False,observed,2025-06-10,2025,6,10,161,8,30,1,Tuesday,True,False,summer,weekday,46.415
2025-06-10 08:45:00,B003,70.5,175.85,True,,175.85,False,observed,2025-06-10,2025,6,10,161,8,45,1,Tuesday,True,False,summer,weekday,43.9625
2025-06-10 09:00:00,B003,71.4,179.61,True,,179.61,False,observed,2025-06-10,2025,6,10,161,9,0,1,Tuesday,True,False,summer,weekday,44.9025
2025-06-10 09:15:00,B003,72.3,170.89,True,,170.89,False,observed,2025-06-10,2025,6,10,161,9,15,1,Tuesday,True,False,summer,weekday,42.7225
2025-06-10 09:30:00,B003,73.1,185.62,True,,185.62,False,observed,2025-06-10,2025,6,10,161,9,30,1,Tuesday,True,False,summer,weekday,46.405
2025-06-10 09:45:00,B003,73.9,190.33,True,,190.33,False,observed,2025-06-10,2025,6,10,161,9,45,1,Tuesday,True,False,summer,weekday,47.5825
2025-06-10 10:00:00,B003,74.6,180.4,True,,180.4,False,observed,2025-06-10,2025,6,10,161,10,0,1,Tuesday,True,False,summer,weekday,45.1
2025-06-10 10:15:00,B003,75.3,169.37,True,,169.37,False,observed,2025-06-10,2025,6,10,161,10,15,1,Tuesday,True,False,summer,weekday,42.3425
2025-06-10 10:30:00,B003,76.0,183.04,True,,183.04,False,observed,2025-06-10,2025,6,10,161,10,30,1,Tuesday,True,False,summer,weekday,45.76
2025-06-10 10:45:00,B003,76.6,175.48,True,,175.48,False,observed,2025-06-10,2025,6,10,161,10,45,1,Tuesday,True,False,summer,weekday,43.87
2025-06-10 11:00:00,B003,77.2,176.68,True,,176.68,False,observed,2025-06-10,2025,6,10,161,11,0,1,Tuesday,True,False,summer,weekday,44.17
2025-06-10 11:15:00,B003,77.7,183.13,True,,183.13,False,observed,2025-06-10,2025,6,10,161,11,15,1,Tuesday,True,False,summer,weekday,45.7825
2025-06-10 11:30:00,B003,78.1,181.27,True,,181.27,False,observed,2025-06-10,2025,6,10,161,11,30,1,Tuesday,True,False,summer,weekday,45.3175
2025-06-10 11:45:00,B003,78.5,177.56,True,,177.56,False,observed,2025-06-10,2025,6,10,161,11,45,1,Tuesday,True,False,summer,weekday,44.39
2025-06-10 12:00:00,B003,78.9,176.75,True,,176.75,False,observed,2025-06-10,2025,6,10,161,12,0,1,Tuesday,True,False,summer,weekday,44.1875
2025-06-10 12:15:00,B003,79.1,180.63,True,,180.63,False,observed,2025-06-10,2025,6,10,161,12,15,1,Tuesday,True,False,summer,weekday,45.1575
2025-06-10 12:30:00,B003,79.3,177.95,True,,177.95,False,observed,2025-06-10,2025,6,10,161,12,30,1,Tuesday,True,False,summer,weekday,44.4875
2025-06-10 12:45:00,B003,79.5,174.45,True,,174.45,False,observed,2025-06-10,2025,6,10,161,12,45,1,Tuesday,True,False,summer,weekday,43.6125
2025-06-10 13:00:00,B003,79.6,178.34,True,,178.34,False,observed,2025-06-10,2025,6,10,161,13,0,1,Tuesday,True,False,summer,weekday,44.585
2025-06-10 13:15:00,B003,79.6,181.7,True,,181.7,False,observed,2025-06-10,2025,6,10,161,13,15,1,Tuesday,True,False,summer,weekday,45.425
2025-06-10 13:30:00,B003,79.5,179.11,True,,179.11,False,observed,2025-06-10,2025,6,10,161,13,30,1,Tuesday,True,False,summer,weekday,44.7775
2025-06-10 13:45:00,B003,79.4,172.93,True,,172.93,False,observed,2025-06-10,2025,6,10,161,13,45,1,Tuesday,True,False,summer,weekday,43.2325
2025-06-10 14:00:00,B003,79.3,184.95,True,,184.95,False,observed,2025-06-10,2025,6,10,161,14,0,1,Tuesday,True,False,summer,weekday,46.2375
2025-06-10 14:15:00,B003,79.0,166.31,True,,166.31,False,observed,2025-06-10,2025,6,10,161,14,15,1,Tuesday,True,False,summer,weekday,41.5775
2025-06-10 14:30:00,B003,78.7,177.77,True,,177.77,False,observed,2025-06-10,2025,6,10,161,14,30,1,Tuesday,True,False,summer,weekday,44.4425
2025-06-10 14:45:00,B003,78.4,176.9,True,,176.9,False,observed,2025-06-10,2025,6,10,161,14,45,1,Tuesday,True,False,summer,weekday,44.225
2025-06-10 15:00:00,B003,78.0,180.74,True,,180.74,False,observed,2025-06-10,2025,6,10,161,15,0,1,Tuesday,True,False,summer,weekday,45.18500000000001
2025-06-10 15:15:00,B003,77.5,182.81,True,,182.81,False,observed,2025-06-10,2025,6,10,161,15,15,1,Tuesday,True,False,summer,weekday,45.7025
2025-06-10 15:30:00,B003,76.9,185.63,True,,185.63,False,observed,2025-06-10,2025,6,10,161,15,30,1,Tuesday,True,False,summer,weekday,46.4075
2025-06-10 15:45:00,B003,76.4,176.44,True,,176.44,False,observed,2025-06-10,2025,6,10,161,15,45,1,Tuesday,True,False,summer,weekday,44.11
2025-06-10 16:00:00,B003,75.7,182.93,True,,182.93,False,observed,2025-06-10,2025,6,10,161,16,0,1,Tuesday,True,False,summer,weekday,45.7325
2025-06-10 16:15:00,B003,75.1,180.98,True,,180.98,False,observed,2025-06-10,2025,6,10,161,16,15,1,Tuesday,True,False,summer,weekday,45.245
2025-06-10 16:30:00,B003,74.3,171.44,True,,171.44,False,observed,2025-06-10,2025,6,10,161,16,30,1,Tuesday,True,False,summer,weekday,42.86
2025-06-10 16:45:00,B003,73.6,189.5,True,,189.5,False,observed,2025-06-10,2025,6,10,161,16,45,1,Tuesday,True,False,summer,weekday,47.375
2025-06-10 17:00:00,B003,72.8,172.81,True,,172.81,False,observed,2025-06-10,2025,6,10,161,17,0,1,Tuesday,True,False,summer,weekday,43.2025
2025-06-10 17:15:00,B003,71.9,182.1,True,,182.1,False,observed,2025-06-10,2025,6,10,161,17,15,1,Tuesday,True,False,summer,weekday,45.525
2025-06-10 17:30:00,B003,71.0,181.95,True,,181.95,False,observed,2025-06-10,2025,6,10,161,17,30,1,Tuesday,True,False,summer,weekday,45.4875
2025-06-10 17:45:00,B003,70.1,181.38,True,,181.38,False,observed,2025-06-10,2025,6,10,161,17,45,1,Tuesday,True,False,summer,weekday,45.345
2025-06-10 18:00:00,B003,69.2,177.53,True,,177.53,False,observed,2025-06-10,2025,6,10,161,18,0,1,Tuesday,True,False,summer,weekday,44.3825
2025-06-10 18:15:00,B003,68.3,184.14,True,,184.14,False,observed,2025-06-10,2025,6,10,161,18,15,1,Tuesday,True,False,summer,weekday,46.035
2025-06-10 18:30:00,B003,67.3,172.2,True,,172.2,False,observed,2025-06-10,2025,6,10,161,18,30,1,Tuesday,True,False,summer,weekday,43.05
2025-06-10 18:45:00,B003,66.4,179.67,True,,179.67,False,observed,2025-06-10,2025,6,10,161,18,45,1,Tuesday,True,False,summer,weekday,44.9175
2025-06-10 19:00:00,B003,65.4,177.18,True,,177.18,False,observed,2025-06-10,2025,6,10,161,19,0,1,Tuesday,True,False,summer,weekday,44.295
2025-06-10 19:15:00,B003,64.4,176.62,True,,176.62,False,observed,2025-06-10,2025,6,10,161,19,15,1,Tuesday,True,False,summer,weekday,44.155
2025-06-10 19:30:00,B003,63.4,182.15,True,,182.15,False,observed,2025-06-10,2025,6,10,161,19,30,1,Tuesday,True,False,summer,weekday,45.5375
2025-06-10 19:45:00,B003,62.4,185.4,True,,185.4,False,observed,2025-06-10,2025,6,10,161,19,45,1,Tuesday,True,False,summer,weekday,46.35
2025-06-10 20:00:00,B003,61.5,178.31,True,,178.31,False,observed,2025-06-10,2025,6,10,161,20,0,1,Tuesday,True,False,summer,weekday,44.5775
2025-06-10 20:15:00,B003,60.5,183.96,True,,183.96,False,observed,2025-06-10,2025,6,10,161,20,15,1,Tuesday,True,False,summer,weekday,45.99
2025-06-10 20:30:00,B003,59.6,180.36,True,,180.36,False,observed,2025-06-10,2025,6,10,161,20,30,1,Tuesday,True,False,summer,weekday,45.09
2025-06-10 20:45:00,B003,58.7,175.73,True,,175.73,False,observed,2025-06-10,2025,6,10,161,20,45,1,Tuesday,True,False,summer,weekday,43.9325
2025-06-10 21:00:00,B003,57.8,179.06,True,,179.06,False,observed,2025-06-10,2025,6,10,161,21,0,1,Tuesday,True,False,summer,weekday,44.765
2025-06-10 21:15:00,B003,56.9,179.1,True,,179.1,False,observed,2025-06-10,2025,6,10,161,21,15,1,Tuesday,True,False,summer,weekday,44.775
2025-06-10 21:30:00,B003,56.1,177.52,True,,177.52,False,observed,2025-06-10,2025,6,10,161,21,30,1,Tuesday,True,False,summer,weekday,44.38
2025-06-10 21:45:00,B003,55.3,183.77,True,,183.77,False,observed,2025-06-10,2025,6,10,161,21,45,1,Tuesday,True,False,summer,weekday,45.9425
2025-06-10 22:00:00,B003,54.6,183.74,True,,183.74,False,observed,2025-06-10,2025,6,10,161,22,0,1,Tuesday,True,False,summer,weekday,45.93500000000001
2025-06-10 22:15:00,B003,53.8,176.0,True,,176.0,False,observed,2025-06-10,2025,6,10,161,22,15,1,Tuesday,True,False,summer,weekday,44.0
2025-06-10 22:30:00,B003,53.2,177.66,True,,177.66,False,observed,2025-06-10,2025,6,10,161,22,30,1,Tuesday,True,False,summer,weekday,44.415
2025-06-10 22:45:00,B003,52.6,190.73,True,,190.73,False,observed,2025-06-10,2025,6,10,161,22,45,1,Tuesday,True,False,summer,weekday,47.6825
2025-06-10 23:00:00,B003,52.0,188.1,True,,188.1,False,observed,2025-06-10,2025,6,10,161,23,0,1,Tuesday,True,False,summer,weekday,47.025
2025-06-10 23:15:00,B003,51.5,198.27,True,,198.27,False,observed,2025-06-10,2025,6,10,161,23,15,1,Tuesday,True,False,summer,weekday,49.5675
2025-06-10 23:30:00,B003,51.0,206.35,True,,206.35,False,observed,2025-06-10,2025,6,10,161,23,30,1,Tuesday,True,False,summer,weekday,51.5875
2025-06-10 23:45:00,B003,50.7,202.86,True,,202.86,False,observed,2025-06-10,2025,6,10,161,23,45,1,Tuesday,True,False,summer,weekday,50.715
2025-06-11 00:00:00,B003,50.3,209.94,True,,209.94,False,observed,2025-06-11,2025,6,11,162,0,0,2,Wednesday,True,False,summer,weekday,52.485
2025-06-11 00:15:00,B003,57.0,233.94,True,,233.94,False,observed,2025-06-11,2025,6,11,162,0,15,2,Wednesday,True,False,summer,weekday,58.485
2025-06-11 00:30:00,B003,56.8,236.35,True,,236.35,False,observed,2025-06-11,2025,6,11,162,0,30,2,Wednesday,True,False,summer,weekday,59.0875
2025-06-11 00:45:00,B003,56.6,241.5,True,,241.5,False,observed,2025-06-11,2025,6,11,162,0,45,2,Wednesday,True,False,summer,weekday,60.375
2025-06-11 01:00:00,B003,56.5,247.4,True,,247.4,False,observed,2025-06-11,2025,6,11,162,1,0,2,Wednesday,True,False,summer,weekday,61.85
2025-06-11 01:15:00,B003,56.5,256.87,True,,256.87,False,observed,2025-06-11,2025,6,11,162,1,15,2,Wednesday,True,False,summer,weekday,64.2175
2025-06-11 01:30:00,B003,56.6,259.18,True,,259.18,False,observed,2025-06-11,2025,6,11,162,1,30,2,Wednesday,True,False,summer,weekday,64.795
2025-06-11 01:45:00,B003,56.7,273.18,True,,273.18,False,observed,2025-06-11,2025,6,11,162,1,45,2,Wednesday,True,False,summer,weekday,68.295
2025-06-11 02:00:00,B003,56.8,266.12,True,,266.12,False,observed,2025-06-11,2025,6,11,162,2,0,2,Wednesday,True,False,summer,weekday,66.53
2025-06-11 02:15:00,B003,57.1,274.23,True,,274.23,False,observed,2025-06-11,2025,6,11,162,2,15,2,Wednesday,True,False,summer,weekday,68.55750000000002
2025-06-11 02:30:00,B003,57.4,263.13,True,,263.13,False,observed,2025-06-11,2025,6,11,162,2,30,2,Wednesday,True,False,summer,weekday,65.7825
2025-06-11 02:45:00,B003,57.7,254.21,True,,254.21,False,observed,2025-06-11,2025,6,11,162,2,45,2,Wednesday,True,False,summer,weekday,63.5525
2025-06-11 03:00:00,B003,58.2,249.93,True,,249.93,False,observed,2025-06-11,2025,6,11,162,3,0,2,Wednesday,True,False,summer,weekday,62.4825
2025-06-11 03:15:00,B003,58.6,230.48,True,,230.48,False,observed,2025-06-11,2025,6,11,162,3,15,2,Wednesday,True,False,summer,weekday,57.62
2025-06-11 03:30:00,B003,59.2,233.98,True,,233.98,False,observed,2025-06-11,2025,6,11,162,3,30,2,Wednesday,True,False,summer,weekday,58.495
2025-06-11 03:45:00,B003,59.7,224.72,True,,224.72,False,observed,2025-06-11,2025,6,11,162,3,45,2,Wednesday,True,False,summer,weekday,56.18
2025-06-11 04:00:00,B003,60.4,221.12,True,,221.12,False,observed,2025-06-11,2025,6,11,162,4,0,2,Wednesday,True,False,summer,weekday,55.28
2025-06-11 04:15:00,B003,61.1,199.79,True,,199.79,False,observed,2025-06-11,2025,6,11,162,4,15,2,Wednesday,True,False,summer,weekday,49.9475
2025-06-11 04:30:00,B003,61.8,208.25,True,,208.25,False,observed,2025-06-11,2025,6,11,162,4,30,2,Wednesday,True,False,summer,weekday,52.0625
2025-06-11 04:45:00,B003,62.5,200.87,True,,200.87,False,observed,2025-06-11,2025,6,11,162,4,45,2,Wednesday,True,False,summer,weekday,50.2175
2025-06-11 05:00:00,B003,63.3,198.44,True,,198.44,False,observed,2025-06-11,2025,6,11,162,5,0,2,Wednesday,True,False,summer,weekday,49.61
2025-06-11 05:15:00,B003,64.2,188.34,True,,188.34,False,observed,2025-06-11,2025,6,11,162,5,15,2,Wednesday,True,False,summer,weekday,47.085
2025-06-11 05:30:00,B003,65.1,190.99,True,,190.99,False,observed,2025-06-11,2025,6,11,162,5,30,2,Wednesday,True,False,summer,weekday,47.74750000000001
2025-06-11 05:45:00,B003,66.0,176.6,True,,176.6,False,observed,2025-06-11,2025,6,11,162,5,45,2,Wednesday,True,False,summer,weekday,44.15
2025-06-11 06:00:00,B003,66.9,186.14,True,,186.14,False,observed,2025-06-11,2025,6,11,162,6,0,2,Wednesday,True,False,summer,weekday,46.535
2025-06-11 06:15:00,B003,67.8,177.77,True,,177.77,False,observed,2025-06-11,2025,6,11,162,6,15,2,Wednesday,True,False,summer,weekday,44.4425
2025-06-11 06:30:00,B003,68.8,172.74,True,,172.74,False,observed,2025-06-11,2025,6,11,162,6,30,2,Wednesday,True,False,summer,weekday,43.18500000000001
2025-06-11 06:45:00,B003,69.8,174.98,True,,174.98,False,observed,2025-06-11,2025,6,11,162,6,45,2,Wednesday,True,False,summer,weekday,43.745
2025-06-11 07:00:00,B003,70.7,180.38,True,,180.38,False,observed,2025-06-11,2025,6,11,162,7,0,2,Wednesday,True,False,summer,weekday,45.095
2025-06-11 07:15:00,B003,71.7,176.08,True,,176.08,False,observed,2025-06-11,2025,6,11,162,7,15,2,Wednesday,True,False,summer,weekday,44.02
2025-06-11 07:30:00,B003,72.7,181.99,True,,181.99,False,observed,2025-06-11,2025,6,11,162,7,30,2,Wednesday,True,False,summer,weekday,45.49750000000001
2025-06-11 07:45:00,B003,73.7,171.02,True,,171.02,False,observed,2025-06-11,2025,6,11,162,7,45,2,Wednesday,True,False,summer,weekday,42.755
2025-06-11 08:00:00,B003,74.6,169.39,True,,169.39,False,observed,2025-06-11,2025,6,11,162,8,0,2,Wednesday,True,False,summer,weekday,42.3475
2025-06-11 08:15:00,B003,75.6,186.88,True,,186.88,False,observed,2025-06-11,2025,6,11,162,8,15,2,Wednesday,True,False,summer,weekday,46.72
2025-06-11 08:30:00,B003,76.5,184.53,True,,184.53,False,observed,2025-06-11,2025,6,11,162,8,30,2,Wednesday,True,False,summer,weekday,46.1325
2025-06-11 08:45:00,B003,77.4,174.76,True,,174.76,False,observed,2025-06-11,2025,6,11,162,8,45,2,Wednesday,True,False,summer,weekday,43.68999999999999
2025-06-11 09:00:00,B003,78.3,179.99,True,,179.99,False,observed,2025-06-11,2025,6,11,162,9,0,2,Wednesday,True,False,summer,weekday,44.99750000000001
2025-06-11 09:15:00,B003,79.2,185.1,True,,185.1,False,observed,2025-06-11,2025,6,11,162,9,15,2,Wednesday,True,False,summer,weekday,46.275
2025-06-11 09:30:00,B003,80.0,182.1,True,,182.1,False,observed,2025-06-11,2025,6,11,162,9,30,2,Wednesday,True,False,summer,weekday,45.525
2025-06-11 09:45:00,B003,80.8,180.74,True,,180.74,False,observed,2025-06-11,2025,6,11,162,9,45,2,Wednesday,True,False,summer,weekday,45.18500000000001
2025-06-11 10:00:00,B003,81.6,185.48,True,,185.48,False,observed,2025-06-11,2025,6,11,162,10,0,2,Wednesday,True,False,summer,weekday,46.37
2025-06-11 10:15:00,B003,82.3,176.35,True,,176.35,False,observed,2025-06-11,2025,6,11,162,10,15,2,Wednesday,True,False,summer,weekday,44.0875
2025-06-11 10:30:00,B003,82.9,180.16,True,,180.16,False,observed,2025-06-11,2025,6,11,162,10,30,2,Wednesday,True,False,summer,weekday,45.04
2025-06-11 10:45:00,B003,83.5,179.91,True,,179.91,False,observed,2025-06-11,2025,6,11,162,10,45,2,Wednesday,True,False,summer,weekday,44.9775
2025-06-11 11:00:00,B003,84.1,178.64,True,,178.64,False,observed,2025-06-11,2025,6,11,162,11,0,2,Wednesday,True,False,summer,weekday,44.66
2025-06-11 11:15:00,B003,84.6,178.05,True,,178.05,False,observed,2025-06-11,2025,6,11,162,11,15,2,Wednesday,True,False,summer,weekday,44.5125
2025-06-11 11:30:00,B003,85.1,180.36,True,,180.36,False,observed,2025-06-11,2025,6,11,162,11,30,2,Wednesday,True,False,summer,weekday,45.09
2025-06-11 11:45:00,B003,85.4,180.17,True,,180.17,False,observed,2025-06-11,2025,6,11,162,11,45,2,Wednesday,True,False,summer,weekday,45.0425
2025-06-11 12:00:00,B003,85.8,174.76,True,,174.76,False,observed,2025-06-11,2025,6,11,162,12,0,2,Wednesday,True,False,summer,weekday,43.68999999999999
2025-06-11 12:15:00,B003,86.1,184.01,True,,184.01,False,observed,2025-06-11,2025,6,11,162,12,15,2,Wednesday,True,False,summer,weekday,46.00249999999999
2025-06-11 12:30:00,B003,86.3,175.12,True,,175.12,False,observed,2025-06-11,2025,6,11,162,12,30,2,Wednesday,True,False,summer,weekday,43.78
2025-06-11 12:45:00,B003,86.4,178.91,True,,178.91,False,observed,2025-06-11,2025,6,11,162,12,45,2,Wednesday,True,False,summer,weekday,44.7275
2025-06-11 13:00:00,B003,86.5,178.52,True,,178.52,False,observed,2025-06-11,2025,6,11,162,13,0,2,Wednesday,True,False,summer,weekday,44.63
2025-06-11 13:15:00,B003,86.5,181.79,True,,181.79,False,observed,2025-06-11,2025,6,11,162,13,15,2,Wednesday,True,False,summer,weekday,45.4475
2025-06-11 13:30:00,B003,86.5,169.4,True,,169.4,False,observed,2025-06-11,2025,6,11,162,13,30,2,Wednesday,True,False,summer,weekday,42.35
2025-06-11 13:45:00,B003,86.4,184.45,True,,184.45,False,observed,2025-06-11,2025,6,11,162,13,45,2,Wednesday,True,False,summer,weekday,46.1125
2025-06-11 14:00:00,B003,86.2,176.62,True,,176.62,False,observed,2025-06-11,2025,6,11,162,14,0,2,Wednesday,True,False,summer,weekday,44.155
2025-06-11 14:15:00,B003,86.0,186.1,True,,186.1,False,observed,2025-06-11,2025,6,11,162,14,15,2,Wednesday,True,False,summer,weekday,46.525
2025-06-11 14:30:00,B003,85.7,177.61,True,,177.61,False,observed,2025-06-11,2025,6,11,162,14,30,2,Wednesday,True,False,summer,weekday,44.4025
2025-06-11 14:45:00,B003,85.3,179.76,True,,179.76,False,observed,2025-06-11,2025,6,11,162,14,45,2,Wednesday,True,False,summer,weekday,44.93999999999999
2025-06-11 15:00:00,B003,84.9,189.57,True,,189.57,False,observed,2025-06-11,2025,6,11,162,15,0,2,Wednesday,True,False,summer,weekday,47.3925
2025-06-11 15:15:00,B003,84.4,178.61,True,,178.61,False,observed,2025-06-11,2025,6,11,162,15,15,2,Wednesday,True,False,summer,weekday,44.6525
2025-06-11 15:30:00,B003,83.9,186.19,True,,186.19,False,observed,2025-06-11,2025,6,11,162,15,30,2,Wednesday,True,False,summer,weekday,46.5475
2025-06-11 15:45:00,B003,83.3,180.2,True,,180.2,False,observed,2025-06-11,2025,6,11,162,15,45,2,Wednesday,True,False,summer,weekday,45.05
2025-06-11 16:00:00,B003,82.7,182.08,True,,182.08,False,observed,2025-06-11,2025,6,11,162,16,0,2,Wednesday,True,False,summer,weekday,45.52
2025-06-11 16:15:00,B003,82.0,180.35,True,,180.35,False,observed,2025-06-11,2025,6,11,162,16,15,2,Wednesday,True,False,summer,weekday,45.0875
2025-06-11 16:30:00,B003,81.3,184.24,True,,184.24,False,observed,2025-06-11,2025,6,11,162,16,30,2,Wednesday,True,False,summer,weekday,46.06000000000001
2025-06-11 16:45:00,B003,80.5,176.57,True,,176.57,False,observed,2025-06-11,2025,6,11,162,16,45,2,Wednesday,True,False,summer,weekday,44.1425
2025-06-11 17:00:00,B003,79.7,175.08,True,,175.08,False,observed,2025-06-11,2025,6,11,162,17,0,2,Wednesday,True,False,summer,weekday,43.77
2025-06-11 17:15:00,B003,78.8,176.81,True,,176.81,False,observed,2025-06-11,2025,6,11,162,17,15,2,Wednesday,True,False,summer,weekday,44.2025
2025-06-11 17:30:00,B003,78.0,180.5,True,,180.5,False,observed,2025-06-11,2025,6,11,162,17,30,2,Wednesday,True,False,summer,weekday,45.125
2025-06-11 17:45:00,B003,77.1,178.9,True,,178.9,False,observed,2025-06-11,2025,6,11,162,17,45,2,Wednesday,True,False,summer,weekday,44.725
2025-06-11 18:00:00,B003,76.2,183.55,True,,183.55,False,observed,2025-06-11,2025,6,11,162,18,0,2,Wednesday,True,False,summer,weekday,45.8875
2025-06-11 18:15:00,B003,75.2,186.52,True,,186.52,False,observed,2025-06-11,2025,6,11,162,18,15,2,Wednesday,True,False,summer,weekday,46.63
2025-06-11 18:30:00,B003,74.3,175.12,True,,175.12,False,observed,2025-06-11,2025,6,11,162,18,30,2,Wednesday,True,False,summer,weekday,43.78
2025-06-11 18:45:00,B003,73.3,176.33,True,,176.33,False,observed,2025-06-11,2025,6,11,162,18,45,2,Wednesday,True,False,summer,weekday,44.0825
2025-06-11 19:00:00,B003,72.3,172.82,True,,172.82,False,observed,2025-06-11,2025,6,11,162,19,0,2,Wednesday,True,False,summer,weekday,43.205
2025-06-11 19:15:00,B003,71.3,190.16,True,,190.16,False,observed,2025-06-11,2025,6,11,162,19,15,2,Wednesday,True,False,summer,weekday,47.54
2025-06-11 19:30:00,B003,70.3,181.53,True,,181.53,False,observed,2025-06-11,2025,6,11,162,19,30,2,Wednesday,True,False,summer,weekday,45.3825
2025-06-11 19:45:00,B003,69.4,182.41,True,,182.41,False,observed,2025-06-11,2025,6,11,162,19,45,2,Wednesday,True,False,summer,weekday,45.6025
2025-06-11 20:00:00,B003,68.4,173.33,True,,173.33,False,observed,2025-06-11,2025,6,11,162,20,0,2,Wednesday,True,False,summer,weekday,43.3325
2025-06-11 20:15:00,B003,67.4,180.05,True,,180.05,False,observed,2025-06-11,2025,6,11,162,20,15,2,Wednesday,True,False,summer,weekday,45.0125
2025-06-11 20:30:00,B003,66.5,182.65,True,,182.65,False,observed,2025-06-11,2025,6,11,162,20,30,2,Wednesday,True,False,summer,weekday,45.6625
2025-06-11 20:45:00,B003,65.6,178.93,True,,178.93,False,observed,2025-06-11,2025,6,11,162,20,45,2,Wednesday,True,False,summer,weekday,44.7325
2025-06-11 21:00:00,B003,64.7,185.73,True,,185.73,False,observed,2025-06-11,2025,6,11,162,21,0,2,Wednesday,True,False,summer,weekday,46.4325
2025-06-11 21:15:00,B003,63.8,192.16,True,,192.16,False,observed,2025-06-11,2025,6,11,162,21,15,2,Wednesday,True,False,summer,weekday,48.04
2025-06-11 21:30:00,B003,63.0,176.26,True,,176.26,False,observed,2025-06-11,2025,6,11,162,21,30,2,Wednesday,True,False,summer,weekday,44.06499999999999
2025-06-11 21:45:00,B003,62.2,176.52,True,,176.52,False,observed,2025-06-11,2025,6,11,162,21,45,2,Wednesday,True,False,summer,weekday,44.13
2025-06-11 22:00:00,B003,61.5,178.18,True,,178.18,False,observed,2025-06-11,2025,6,11,162,22,0,2,Wednesday,True,False,summer,weekday,44.545
2025-06-11 22:15:00,B003,60.8,191.99,True,,191.99,False,observed,2025-06-11,2025,6,11,162,22,15,2,Wednesday,True,False,summer,weekday,47.99750000000001
2025-06-11 22:30:00,B003,60.1,191.13,True,,191.13,False,observed,2025-06-11,2025,6,11,162,22,30,2,Wednesday,True,False,summer,weekday,47.7825
2025-06-11 22:45:00,B003,59.5,187.93,True,,187.93,False,observed,2025-06-11,2025,6,11,162,22,45,2,Wednesday,True,False,summer,weekday,46.9825
2025-06-11 23:00:00,B003,58.9,192.36,True,,192.36,False,observed,2025-06-11,2025,6,11,162,23,0,2,Wednesday,True,False,summer,weekday,48.09
2025-06-11 23:15:00,B003,58.4,192.68,True,,192.68,False,observed,2025-06-11,2025,6,11,162,23,15,2,Wednesday,True,False,summer,weekday,48.17
2025-06-11 23:30:00,B003,58.0,206.89,True,,206.89,False,observed,2025-06-11,2025,6,11,162,23,30,2,Wednesday,True,False,summer,weekday,51.7225
2025-06-11 23:45:00,B003,57.6,207.32,True,,207.32,False,observed,2025-06-11,2025,6,11,162,23,45,2,Wednesday,True,False,summer,weekday,51.83
2025-06-12 00:00:00,B003,57.3,215.7,True,,215.7,False,observed,2025-06-12,2025,6,12,163,0,0,3,Thursday,True,False,summer,weekday,53.925
2025-06-12 00:15:00,B003,56.6,228.61,True,,228.61,False,observed,2025-06-12,2025,6,12,163,0,15,3,Thursday,True,False,summer,weekday,57.1525
2025-06-12 00:30:00,B003,56.4,233.65,True,,233.65,False,observed,2025-06-12,2025,6,12,163,0,30,3,Thursday,True,False,summer,weekday,58.4125
2025-06-12 00:45:00,B003,56.2,242.42,True,,242.42,False,observed,2025-06-12,2025,6,12,163,0,45,3,Thursday,True,False,summer,weekday,60.605
2025-06-12 01:00:00,B003,56.1,252.12,True,,252.12,False,observed,2025-06-12,2025,6,12,163,1,0,3,Thursday,True,False,summer,weekday,63.03
2025-06-12 01:15:00,B003,56.1,263.4,True,,263.4,False,observed,2025-06-12,2025,6,12,163,1,15,3,Thursday,True,False,summer,weekday,65.85
2025-06-12 01:30:00,B003,56.2,273.37,True,,273.37,False,observed,2025-06-12,2025,6,12,163,1,30,3,Thursday,True,False,summer,weekday,68.3425
2025-06-12 01:45:00,B003,56.3,271.69,True,,271.69,False,observed,2025-06-12,2025,6,12,163,1,45,3,Thursday,True,False,summer,weekday,67.9225
2025-06-12 02:00:00,B003,56.4,274.02,True,,274.02,False,observed,2025-06-12,2025,6,12,163,2,0,3,Thursday,True,False,summer,weekday,68.50499999999998
2025-06-12 02:15:00,B003,56.7,267.76,True,,267.76,False,observed,2025-06-12,2025,6,12,163,2,15,3,Thursday,True,False,summer,weekday,66.94
2025-06-12 02:30:00,B003,57.0,261.6,True,,261.6,False,observed,2025-06-12,2025,6,12,163,2,30,3,Thursday,True,False,summer,weekday,65.4
2025-06-12 02:45:00,B003,57.3,262.69,True,,262.69,False,observed,2025-06-12,2025,6,12,163,2,45,3,Thursday,True,False,summer,weekday,65.6725
2025-06-12 03:00:00,B003,57.7,252.92,True,,252.92,False,observed,2025-06-12,2025,6,12,163,3,0,3,Thursday,True,False,summer,weekday,63.23
2025-06-12 03:15:00,B003,58.2,236.49,True,,236.49,False,observed,2025-06-12,2025,6,12,163,3,15,3,Thursday,True,False,summer,weekday,59.12250000000001
2025-06-12 03:30:00,B003,58.7,232.95,True,,232.95,False,observed,2025-06-12,2025,6,12,163,3,30,3,Thursday,True,False,summer,weekday,58.2375
2025-06-12 03:45:00,B003,59.3,225.16,True,,225.16,False,observed,2025-06-12,2025,6,12,163,3,45,3,Thursday,True,False,summer,weekday,56.29
2025-06-12 04:00:00,B003,60.0,214.45,True,,214.45,False,observed,2025-06-12,2025,6,12,163,4,0,3,Thursday,True,False,summer,weekday,53.6125
2025-06-12 04:15:00,B003,60.6,216.63,True,,216.63,False,observed,2025-06-12,2025,6,12,163,4,15,3,Thursday,True,False,summer,weekday,54.1575
2025-06-12 04:30:00,B003,61.4,204.84,True,,204.84,False,observed,2025-06-12,2025,6,12,163,4,30,3,Thursday,True,False,summer,weekday,51.21
2025-06-12 04:45:00,B003,62.1,203.63,True,,203.63,False,observed,2025-06-12,2025,6,12,163,4,45,3,Thursday,True,False,summer,weekday,50.9075
2025-06-12 05:00:00,B003,62.9,193.5,True,,193.5,False,observed,2025-06-12,2025,6,12,163,5,0,3,Thursday,True,False,summer,weekday,48.375
2025-06-12 05:15:00,B003,63.8,189.01,True,,189.01,False,observed,2025-06-12,2025,6,12,163,5,15,3,Thursday,True,False,summer,weekday,47.25249999999999
2025-06-12 05:30:00,B003,64.7,181.23,True,,181.23,False,observed,2025-06-12,2025,6,12,163,5,30,3,Thursday,True,False,summer,weekday,45.3075
2025-06-12 05:45:00,B003,65.6,184.01,True,,184.01,False,observed,2025-06-12,2025,6,12,163,5,45,3,Thursday,True,False,summer,weekday,46.00249999999999
2025-06-12 06:00:00,B003,66.5,182.64,True,,182.64,False,observed,2025-06-12,2025,6,12,163,6,0,3,Thursday,True,False,summer,weekday,45.66
2025-06-12 06:15:00,B003,67.4,174.79,True,,174.79,False,observed,2025-06-12,2025,6,12,163,6,15,3,Thursday,True,False,summer,weekday,43.6975
2025-06-12 06:30:00,B003,68.4,178.3,True,,178.3,False,observed,2025-06-12,2025,6,12,163,6,30,3,Thursday,True,False,summer,weekday,44.575
2025-06-12 06:45:00,B003,69.3,178.98,True,,178.98,False,observed,2025-06-12,2025,6,12,163,6,45,3,Thursday,True,False,summer,weekday,44.745
2025-06-12 07:00:00,B003,70.3,182.42,True,,182.42,False,observed,2025-06-12,2025,6,12,163,7,0,3,Thursday,True,False,summer,weekday,45.605
2025-06-12 07:15:00,B003,71.3,182.5,True,,182.5,False,observed,2025-06-12,2025,6,12,163,7,15,3,Thursday,True,False,summer,weekday,45.625
2025-06-12 07:30:00,B003,72.3,177.2,True,,177.2,False,observed,2025-06-12,2025,6,12,163,7,30,3,Thursday,True,False,summer,weekday,44.3
2025-06-12 07:45:00,B003,73.3,182.4,True,,182.4,False,observed,2025-06-12,2025,6,12,163,7,45,3,Thursday,True,False,summer,weekday,45.6
2025-06-12 08:00:00,B003,74.2,179.12,True,,179.12,False,observed,2025-06-12,2025,6,12,163,8,0,3,Thursday,True,False,summer,weekday,44.78
2025-06-12 08:15:00,B003,75.2,165.67,True,,165.67,False,observed,2025-06-12,2025,6,12,163,8,15,3,Thursday,True,False,summer,weekday,41.4175
2025-06-12 08:30:00,B003,76.1,177.58,True,,177.58,False,observed,2025-06-12,2025,6,12,163,8,30,3,Thursday,True,False,summer,weekday,44.395
2025-06-12 08:45:00,B003,77.0,185.4,True,,185.4,False,observed,2025-06-12,2025,6,12,163,8,45,3,Thursday,True,False,summer,weekday,46.35
2025-06-12 09:00:00,B003,77.9,171.59,True,,171.59,False,observed,2025-06-12,2025,6,12,163,9,0,3,Thursday,True,False,summer,weekday,42.8975
2025-06-12 09:15:00,B003,78.8,180.56,True,,180.56,False,observed,2025-06-12,2025,6,12,163,9,15,3,Thursday,True,False,summer,weekday,45.14
2025-06-12 09:30:00,B003,79.6,187.93,True,,187.93,False,observed,2025-06-12,2025,6,12,163,9,30,3,Thursday,True,False,summer,weekday,46.9825
2025-06-12 09:45:00,B003,80.4,176.2,True,,176.2,False,observed,2025-06-12,2025,6,12,163,9,45,3,Thursday,True,False,summer,weekday,44.05
2025-06-12 10:00:00,B003,81.1,180.01,True,,180.01,False,observed,2025-06-12,2025,6,12,163,10,0,3,Thursday,True,False,summer,weekday,45.00249999999999
2025-06-12 10:15:00,B003,81.9,173.48,True,,173.48,False,observed,2025-06-12,2025,6,12,163,10,15,3,Thursday,True,False,summer,weekday,43.37
2025-06-12 10:30:00,B003,82.5,188.14,True,,188.14,False,observed,2025-06-12,2025,6,12,163,10,30,3,Thursday,True,False,summer,weekday,47.035
2025-06-12 10:45:00,B003,83.1,179.58,True,,179.58,False,observed,2025-06-12,2025,6,12,163,10,45,3,Thursday,True,False,summer,weekday,44.895
2025-06-12 11:00:00,B003,83.7,180.23,True,,180.23,False,observed,2025-06-12,2025,6,12,163,11,0,3,Thursday,True,False,summer,weekday,45.0575
2025-06-12 11:15:00,B003,84.2,186.77,True,,186.77,False,observed,2025-06-12,2025,6,12,163,11,15,3,Thursday,True,False,summer,weekday,46.6925
2025-06-12 11:30:00,B003,84.6,183.31,True,,183.31,False,observed,2025-06-12,2025,6,12,163,11,30,3,Thursday,True,False,summer,weekday,45.8275
2025-06-12 11:45:00,B003,85.0,175.62,True,,175.62,False,observed,2025-06-12,2025,6,12,163,11,45,3,Thursday,True,False,summer,weekday,43.905
2025-06-12 12:00:00,B003,85.4,176.76,True,,176.76,False,observed,2025-06-12,2025,6,12,163,12,0,3,Thursday,True,False,summer,weekday,44.18999999999999
2025-06-12 12:15:00,B003,85.6,182.47,True,,182.47,False,observed,2025-06-12,2025,6,12,163,12,15,3,Thursday,True,False,summer,weekday,45.6175
2025-06-12 12:30:00,B003,85.9,176.88,True,,176.88,False,observed,2025-06-12,2025,6,12,163,12,30,3,Thursday,True,False,summer,weekday,44.22
2025-06-12 12:45:00,B003,86.0,169.41,True,,169.41,False,observed,2025-06-12,2025,6,12,163,12,45,3,Thursday,True,False,summer,weekday,42.3525
2025-06-12 13:00:00,B003,86.1,179.73,True,,179.73,False,observed,2025-06-12,2025,6,12,163,13,0,3,Thursday,True,False,summer,weekday,44.9325
2025-06-12 13:15:00,B003,86.1,172.6,True,,172.6,False,observed,2025-06-12,2025,6,12,163,13,15,3,Thursday,True,False,summer,weekday,43.15
2025-06-12 13:30:00,B003,86.1,188.08,True,,188.08,False,observed,2025-06-12,2025,6,12,163,13,30,3,Thursday,True,False,summer,weekday,47.02
2025-06-12 13:45:00,B003,86.0,180.88,True,,180.88,False,observed,2025-06-12,2025,6,12,163,13,45,3,Thursday,True,False,summer,weekday,45.22
2025-06-12 14:00:00,B003,85.8,175.47,True,,175.47,False,observed,2025-06-12,2025,6,12,163,14,0,3,Thursday,True,False,summer,weekday,43.8675
2025-06-12 14:15:00,B003,85.5,176.51,True,,176.51,False,observed,2025-06-12,2025,6,12,163,14,15,3,Thursday,True,False,summer,weekday,44.12749999999999
2025-06-12 14:30:00,B003,85.3,170.55,True,,170.55,False,observed,2025-06-12,2025,6,12,163,14,30,3,Thursday,True,False,summer,weekday,42.6375
2025-06-12 14:45:00,B003,84.9,174.5,True,,174.5,False,observed,2025-06-12,2025,6,12,163,14,45,3,Thursday,True,False,summer,weekday,43.625
2025-06-12 15:00:00,B003,84.5,185.08,True,,185.08,False,observed,2025-06-12,2025,6,12,163,15,0,3,Thursday,True,False,summer,weekday,46.27
2025-06-12 15:15:00,B003,84.0,191.16,True,,191.16,False,observed,2025-06-12,2025,6,12,163,15,15,3,Thursday,True,False,summer,weekday,47.79
2025-06-12 15:30:00,B003,83.5,183.63,True,,183.63,False,observed,2025-06-12,2025,6,12,163,15,30,3,Thursday,True,False,summer,weekday,45.9075
2025-06-12 15:45:00,B003,82.9,179.54,True,,179.54,False,observed,2025-06-12,2025,6,12,163,15,45,3,Thursday,True,False,summer,weekday,44.885
2025-06-12 16:00:00,B003,82.3,177.84,True,,177.84,False,observed,2025-06-12,2025,6,12,163,16,0,3,Thursday,True,False,summer,weekday,44.46
2025-06-12 16:15:00,B003,81.6,175.22,True,,175.22,False,observed,2025-06-12,2025,6,12,163,16,15,3,Thursday,True,False,summer,weekday,43.805
2025-06-12 16:30:00,B003,80.9,190.3,True,,190.3,False,observed,2025-06-12,2025,6,12,163,16,30,3,Thursday,True,False,summer,weekday,47.575
2025-06-12 16:45:00,B003,80.1,179.06,True,,179.06,False,observed,2025-06-12,2025,6,12,163,16,45,3,Thursday,True,False,summer,weekday,44.765
2025-06-12 17:00:00,B003,79.3,190.58,True,,190.58,False,observed,2025-06-12,2025,6,12,163,17,0,3,Thursday,True,False,summer,weekday,47.645
2025-06-12 17:15:00,B003,78.4,186.97,True,,186.97,False,observed,2025-06-12,2025,6,12,163,17,15,3,Thursday,True,False,summer,weekday,46.7425
2025-06-12 17:30:00,B003,77.6,171.3,True,,171.3,False,observed,2025-06-12,2025,6,12,163,17,30,3,Thursday,True,False,summer,weekday,42.825
2025-06-12 17:45:00,B003,76.7,176.67,True,,176.67,False,observed,2025-06-12,2025,6,12,163,17,45,3,Thursday,True,False,summer,weekday,44.1675
2025-06-12 18:00:00,B003,75.7,176.65,True,,176.65,False,observed,2025-06-12,2025,6,12,163,18,0,3,Thursday,True,False,summer,weekday,44.1625
2025-06-12 18:15:00,B003,74.8,179.6,True,,179.6,False,observed,2025-06-12,2025,6,12,163,18,15,3,Thursday,True,False,summer,weekday,44.9
2025-06-12 18:30:00,B003,73.8,179.7,True,,179.7,False,observed,2025-06-12,2025,6,12,163,18,30,3,Thursday,True,False,summer,weekday,44.925
2025-06-12 18:45:00,B003,72.9,194.98,True,,194.98,False,observed,2025-06-12,2025,6,12,163,18,45,3,Thursday,True,False,summer,weekday,48.745
2025-06-12 19:00:00,B003,71.9,174.62,True,,174.62,False,observed,2025-06-12,2025,6,12,163,19,0,3,Thursday,True,False,summer,weekday,43.655
2025-06-12 19:15:00,B003,70.9,181.15,True,,181.15,False,observed,2025-06-12,2025,6,12,163,19,15,3,Thursday,True,False,summer,weekday,45.2875
2025-06-12 19:30:00,B003,69.9,183.09,True,,183.09,False,observed,2025-06-12,2025,6,12,163,19,30,3,Thursday,True,False,summer,weekday,45.7725
2025-06-12 19:45:00,B003,69.0,180.01,True,,180.01,False,observed,2025-06-12,2025,6,12,163,19,45,3,Thursday,True,False,summer,weekday,45.00249999999999
2025-06-12 20:00:00,B003,68.0,180.58,True,,180.58,False,observed,2025-06-12,2025,6,12,163,20,0,3,Thursday,True,False,summer,weekday,45.145
2025-06-12 20:15:00,B003,67.0,174.83,True,,174.83,False,observed,2025-06-12,2025,6,12,163,20,15,3,Thursday,True,False,summer,weekday,43.7075
2025-06-12 20:30:00,B003,66.1,180.64,True,,180.64,False,observed,2025-06-12,2025,6,12,163,20,30,3,Thursday,True,False,summer,weekday,45.16
2025-06-12 20:45:00,B003,65.2,182.75,True,,182.75,False,observed,2025-06-12,2025,6,12,163,20,45,3,Thursday,True,False,summer,weekday,45.6875
2025-06-12 21:00:00,B003,64.3,181.99,True,,181.99,False,observed,2025-06-12,2025,6,12,163,21,0,3,Thursday,True,False,summer,weekday,45.49750000000001
2025-06-12 21:15:00,B003,63.4,183.45,True,,183.45,False,observed,2025-06-12,2025,6,12,163,21,15,3,Thursday,True,False,summer,weekday,45.8625
2025-06-12 21:30:00,B003,62.6,188.06,True,,188.06,False,observed,2025-06-12,2025,6,12,163,21,30,3,Thursday,True,False,summer,weekday,47.015
2025-06-12 21:45:00,B003,61.8,186.31,True,,186.31,False,observed,2025-06-12,2025,6,12,163,21,45,3,Thursday,True,False,summer,weekday,46.5775
2025-06-12 22:00:00,B003,61.1,182.93,True,,182.93,False,observed,2025-06-12,2025,6,12,163,22,0,3,Thursday,True,False,summer,weekday,45.7325
2025-06-12 22:15:00,B003,60.4,178.1,True,,178.1,False,observed,2025-06-12,2025,6,12,163,22,15,3,Thursday,True,False,summer,weekday,44.525
2025-06-12 22:30:00,B003,59.7,182.92,True,,182.92,False,observed,2025-06-12,2025,6,12,163,22,30,3,Thursday,True,False,summer,weekday,45.73
2025-06-12 22:45:00,B003,59.1,187.51,True,,187.51,False,observed,2025-06-12,2025,6,12,163,22,45,3,Thursday,True,False,summer,weekday,46.87749999999999
2025-06-12 23:00:00,B003,58.5,193.44,True,,193.44,False,observed,2025-06-12,2025,6,12,163,23,0,3,Thursday,True,False,summer,weekday,48.36
2025-06-12 23:15:00,B003,58.0,194.37,True,,194.37,False,observed,2025-06-12,2025,6,12,163,23,15,3,Thursday,True,False,summer,weekday,48.5925
2025-06-12 23:30:00,B003,57.6,197.76,True,,197.76,False,observed,2025-06-12,2025,6,12,163,23,30,3,Thursday,True,False,summer,weekday,49.43999999999999
2025-06-12 23:45:00,B003,57.2,203.28,True,,203.28,False,observed,2025-06-12,2025,6,12,163,23,45,3,Thursday,True,False,summer,weekday,50.82
2025-06-13 00:00:00,B003,56.8,208.74,True,,208.74,False,observed,2025-06-13,2025,6,13,164,0,0,4,Friday,True,False,summer,weekday,52.18500000000001
2025-06-13 00:15:00,B003,53.7,224.4,True,,224.4,False,observed,2025-06-13,2025,6,13,164,0,15,4,Friday,True,False,summer,weekday,56.1
2025-06-13 00:30:00,B003,53.5,227.24,True,,227.24,False,observed,2025-06-13,2025,6,13,164,0,30,4,Friday,True,False,summer,weekday,56.81000000000001
2025-06-13 00:45:00,B003,53.4,238.6,True,,238.6,False,observed,2025-06-13,2025,6,13,164,0,45,4,Friday,True,False,summer,weekday,59.65
2025-06-13 01:00:00,B003,53.3,250.1,True,,250.1,False,observed,2025-06-13,2025,6,13,164,1,0,4,Friday,True,False,summer,weekday,62.525
2025-06-13 01:15:00,B003,53.3,252.75,True,,252.75,False,observed,2025-06-13,2025,6,13,164,1,15,4,Friday,True,False,summer,weekday,63.1875
2025-06-13 01:30:00,B003,53.3,267.04,True,,267.04,False,observed,2025-06-13,2025,6,13,164,1,30,4,Friday,True,False,summer,weekday,66.76
2025-06-13 01:45:00,B003,53.4,272.46,True,,272.46,False,observed,2025-06-13,2025,6,13,164,1,45,4,Friday,True,False,summer,weekday,68.115
2025-06-13 02:00:00,B003,53.6,267.25,True,,267.25,False,observed,2025-06-13,2025,6,13,164,2,0,4,Friday,True,False,summer,weekday,66.8125
2025-06-13 02:15:00,B003,53.8,266.57,True,,266.57,False,observed,2025-06-13,2025,6,13,164,2,15,4,Friday,True,False,summer,weekday,66.6425
2025-06-13 02:30:00,B003,54.1,267.82,True,,267.82,False,observed,2025-06-13,2025,6,13,164,2,30,4,Friday,True,False,summer,weekday,66.955
2025-06-13 02:45:00,B003,54.5,255.85,True,,255.85,False,observed,2025-06-13,2025,6,13,164,2,45,4,Friday,True,False,summer,weekday,63.9625
2025-06-13 03:00:00,B003,54.9,248.15,True,,248.15,False,observed,2025-06-13,2025,6,13,164,3,0,4,Friday,True,False,summer,weekday,62.0375
2025-06-13 03:15:00,B003,55.4,249.58,True,,249.58,False,observed,2025-06-13,2025,6,13,164,3,15,4,Friday,True,False,summer,weekday,62.395
2025-06-13 03:30:00,B003,55.9,239.01,True,,239.01,False,observed,2025-06-13,2025,6,13,164,3,30,4,Friday,True,False,summer,weekday,59.75249999999999
2025-06-13 03:45:00,B003,56.5,228.58,True,,228.58,False,observed,2025-06-13,2025,6,13,164,3,45,4,Friday,True,False,summer,weekday,57.145
2025-06-13 04:00:00,B003,57.1,221.63,True,,221.63,False,observed,2025-06-13,2025,6,13,164,4,0,4,Friday,True,False,summer,weekday,55.4075
2025-06-13 04:15:00,B003,57.8,199.33,True,,199.33,False,observed,2025-06-13,2025,6,13,164,4,15,4,Friday,True,False,summer,weekday,49.8325
2025-06-13 04:30:00,B003,58.5,209.21,True,,209.21,False,observed,2025-06-13,2025,6,13,164,4,30,4,Friday,True,False,summer,weekday,52.3025
2025-06-13 04:45:00,B003,59.3,198.72,True,,198.72,False,observed,2025-06-13,2025,6,13,164,4,45,4,Friday,True,False,summer,weekday,49.68
2025-06-13 05:00:00,B003,60.1,197.23,True,,197.23,False,observed,2025-06-13,2025,6,13,164,5,0,4,Friday,True,False,summer,weekday,49.3075
2025-06-13 05:15:00,B003,60.9,190.54,True,,190.54,False,observed,2025-06-13,2025,6,13,164,5,15,4,Friday,True,False,summer,weekday,47.635
2025-06-13 05:30:00,B003,61.8,186.16,True,,186.16,False,observed,2025-06-13,2025,6,13,164,5,30,4,Friday,True,False,summer,weekday,46.54
2025-06-13 05:45:00,B003,62.7,182.58,True,,182.58,False,observed,2025-06-13,2025,6,13,164,5,45,4,Friday,True,False,summer,weekday,45.645
2025-06-13 06:00:00,B003,63.6,184.41,True,,184.41,False,observed,2025-06-13,2025,6,13,164,6,0,4,Friday,True,False,summer,weekday,46.1025
2025-06-13 06:15:00,B003,64.6,180.07,True,,180.07,False,observed,2025-06-13,2025,6,13,164,6,15,4,Friday,True,False,summer,weekday,45.0175
2025-06-13 06:30:00,B003,65.5,185.34,True,,185.34,False,observed,2025-06-13,2025,6,13,164,6,30,4,Friday,True,False,summer,weekday,46.335
2025-06-13 06:45:00,B003,66.5,172.67,True,,172.67,False,observed,2025-06-13,2025,6,13,164,6,45,4,Friday,True,False,summer,weekday,43.1675
2025-06-13 07:00:00,B003,67.5,177.64,True,,177.64,False,observed,2025-06-13,2025,6,13,164,7,0,4,Friday,True,False,summer,weekday,44.41
2025-06-13 07:15:00,B003,68.5,190.42,True,,190.42,False,observed,2025-06-13,2025,6,13,164,7,15,4,Friday,True,False,summer,weekday,47.605
2025-06-13 07:30:00,B003,69.4,176.98,True,,176.98,False,observed,2025-06-13,2025,6,13,164,7,30,4,Friday,True,False,summer,weekday,44.245
2025-06-13 07:45:00,B003,70.4,178.86,True,,178.86,False,observed,2025-06-13,2025,6,13,164,7,45,4,Friday,True,False,summer,weekday,44.715
2025-06-13 08:00:00,B003,71.4,175.62,True,,175.62,False,observed,2025-06-13,2025,6,13,164,8,0,4,Friday,True,False,summer,weekday,43.905
2025-06-13 08:15:00,B003,72.3,181.69,True,,181.69,False,observed,2025-06-13,2025,6,13,164,8,15,4,Friday,True,False,summer,weekday,45.4225
2025-06-13 08:30:00,B003,73.3,176.33,True,,176.33,False,observed,2025-06-13,2025,6,13,164,8,30,4,Friday,True,False,summer,weekday,44.0825
2025-06-13 08:45:00,B003,74.2,179.08,True,,179.08,False,observed,2025-06-13,2025,6,13,164,8,45,4,Friday,True,False,summer,weekday,44.77
2025-06-13 09:00:00,B003,75.1,184.25,True,,184.25,False,observed,2025-06-13,2025,6,13,164,9,0,4,Friday,True,False,summer,weekday,46.0625
2025-06-13 09:15:00,B003,75.9,176.51,True,,176.51,False,observed,2025-06-13,2025,6,13,164,9,15,4,Friday,True,False,summer,weekday,44.12749999999999
2025-06-13 09:30:00,B003,76.8,183.94,True,,183.94,False,observed,2025-06-13,2025,6,13,164,9,30,4,Friday,True,False,summer,weekday,45.985
2025-06-13 09:45:00,B003,77.6,184.11,True,,184.11,False,observed,2025-06-13,2025,6,13,164,9,45,4,Friday,True,False,summer,weekday,46.0275
2025-06-13 10:00:00,B003,78.3,185.27,True,,185.27,False,observed,2025-06-13,2025,6,13,164,10,0,4,Friday,True,False,summer,weekday,46.3175
2025-06-13 10:15:00,B003,79.0,180.7,True,,180.7,False,observed,2025-06-13,2025,6,13,164,10,15,4,Friday,True,False,summer,weekday,45.175
2025-06-13 10:30:00,B003,79.7,196.21,True,,196.21,False,observed,2025-06-13,2025,6,13,164,10,30,4,Friday,True,False,summer,weekday,49.0525
2025-06-13 10:45:00,B003,80.3,185.27,True,,185.27,False,observed,2025-06-13,2025,6,13,164,10,45,4,Friday,True,False,summer,weekday,46.3175
2025-06-13 11:00:00,B003,80.8,181.62,True,,181.62,False,observed,2025-06-13,2025,6,13,164,11,0,4,Friday,True,False,summer,weekday,45.405
2025-06-13 11:15:00,B003,81.4,175.62,True,,175.62,False,observed,2025-06-13,2025,6,13,164,11,15,4,Friday,True,False,summer,weekday,43.905
2025-06-13 11:30:00,B003,81.8,179.51,True,,179.51,False,observed,2025-06-13,2025,6,13,164,11,30,4,Friday,True,False,summer,weekday,44.87749999999999
2025-06-13 11:45:00,B003,82.2,187.13,True,,187.13,False,observed,2025-06-13,2025,6,13,164,11,45,4,Friday,True,False,summer,weekday,46.7825
2025-06-13 12:00:00,B003,82.5,188.55,True,,188.55,False,observed,2025-06-13,2025,6,13,164,12,0,4,Friday,True,False,summer,weekday,47.1375
2025-06-13 12:15:00,B003,82.8,187.39,True,,187.39,False,observed,2025-06-13,2025,6,13,164,12,15,4,Friday,True,False,summer,weekday,46.8475
2025-06-13 12:30:00,B003,83.0,183.93,True,,183.93,False,observed,2025-06-13,2025,6,13,164,12,30,4,Friday,True,False,summer,weekday,45.9825
2025-06-13 12:45:00,B003,83.2,173.72,True,,173.72,False,observed,2025-06-13,2025,6,13,164,12,45,4,Friday,True,False,summer,weekday,43.43
2025-06-13 13:00:00,B003,83.2,182.44,True,,182.44,False,observed,2025-06-13,2025,6,13,164,13,0,4,Friday,True,False,summer,weekday,45.61
2025-06-13 13:15:00,B003,83.3,173.79,True,,173.79,False,observed,2025-06-13,2025,6,13,164,13,15,4,Friday,True,False,summer,weekday,43.4475
2025-06-13 13:30:00,B003,83.2,172.56,True,,172.56,False,observed,2025-06-13,2025,6,13,164,13,30,4,Friday,True,False,summer,weekday,43.14
2025-06-13 13:45:00,B003,83.1,181.2,True,,181.2,False,observed,2025-06-13,2025,6,13,164,13,45,4,Friday,True,False,summer,weekday,45.3
2025-06-13 14:00:00,B003,82.9,182.62,True,,182.62,False,observed,2025-06-13,2025,6,13,164,14,0,4,Friday,True,False,summer,weekday,45.655
2025-06-13 14:15:00,B003,82.7,184.52,True,,184.52,False,observed,2025-06-13,2025,6,13,164,14,15,4,Friday,True,False,summer,weekday,46.13
2025-06-13 14:30:00,B003,82.4,182.49,True,,182.49,False,observed,2025-06-13,2025,6,13,164,14,30,4,Friday,True,False,summer,weekday,45.62250000000001
2025-06-13 14:45:00,B003,82.0,182.66,True,,182.66,False,observed,2025-06-13,2025,6,13,164,14,45,4,Friday,True,False,summer,weekday,45.665
2025-06-13 15:00:00,B003,81.6,175.08,True,,175.08,False,observed,2025-06-13,2025,6,13,164,15,0,4,Friday,True,False,summer,weekday,43.77
2025-06-13 15:15:00,B003,81.2,179.48,True,,179.48,False,observed,2025-06-13,2025,6,13,164,15,15,4,Friday,True,False,summer,weekday,44.87
2025-06-13 15:30:00,B003,80.6,172.46,True,,172.46,False,observed,2025-06-13,2025,6,13,164,15,30,4,Friday,True,False,summer,weekday,43.115
2025-06-13 15:45:00,B003,80.0,169.98,True,,169.98,False,observed,2025-06-13,2025,6,13,164,15,45,4,Friday,True,False,summer,weekday,42.495
2025-06-13 16:00:00,B003,79.4,183.7,True,,183.7,False,observed,2025-06-13,2025,6,13,164,16,0,4,Friday,True,False,summer,weekday,45.925
2025-06-13 16:15:00,B003,78.7,176.23,True,,176.23,False,observed,2025-06-13,2025,6,13,164,16,15,4,Friday,True,False,summer,weekday,44.0575
2025-06-13 16:30:00,B003,78.0,184.36,True,,184.36,False,observed,2025-06-13,2025,6,13,164,16,30,4,Friday,True,False,summer,weekday,46.09
2025-06-13 16:45:00,B003,77.2,185.54,True,,185.54,False,observed,2025-06-13,2025,6,13,164,16,45,4,Friday,True,False,summer,weekday,46.385
2025-06-13 17:00:00,B003,76.4,176.9,True,,176.9,False,observed,2025-06-13,2025,6,13,164,17,0,4,Friday,True,False,summer,weekday,44.225
2025-06-13 17:15:00,B003,75.6,182.95,True,,182.95,False,observed,2025-06-13,2025,6,13,164,17,15,4,Friday,True,False,summer,weekday,45.7375
2025-06-13 17:30:00,B003,74.7,176.69,True,,176.69,False,observed,2025-06-13,2025,6,13,164,17,30,4,Friday,True,False,summer,weekday,44.1725
2025-06-13 17:45:00,B003,73.8,170.77,True,,170.77,False,observed,2025-06-13,2025,6,13,164,17,45,4,Friday,True,False,summer,weekday,42.6925
2025-06-13 18:00:00,B003,72.9,180.62,True,,180.62,False,observed,2025-06-13,2025,6,13,164,18,0,4,Friday,True,False,summer,weekday,45.155
2025-06-13 18:15:00,B003,72.0,177.65,True,,177.65,False,observed,2025-06-13,2025,6,13,164,18,15,4,Friday,True,False,summer,weekday,44.4125
2025-06-13 18:30:00,B003,71.0,177.8,True,,177.8,False,observed,2025-06-13,2025,6,13,164,18,30,4,Friday,True,False,summer,weekday,44.45
2025-06-13 18:45:00,B003,70.0,189.88,True,,189.88,False,observed,2025-06-13,2025,6,13,164,18,45,4,Friday,True,False,summer,weekday,47.47
2025-06-13 19:00:00,B003,69.0,172.37,True,,172.37,False,observed,2025-06-13,2025,6,13,164,19,0,4,Friday,True,False,summer,weekday,43.0925
2025-06-13 19:15:00,B003,68.1,181.92,True,,181.92,False,observed,2025-06-13,2025,6,13,164,19,15,4,Friday,True,False,summer,weekday,45.48
2025-06-13 19:30:00,B003,67.1,175.03,True,,175.03,False,observed,2025-06-13,2025,6,13,164,19,30,4,Friday,True,False,summer,weekday,43.7575
2025-06-13 19:45:00,B003,66.1,184.56,True,,184.56,False,observed,2025-06-13,2025,6,13,164,19,45,4,Friday,True,False,summer,weekday,46.14
2025-06-13 20:00:00,B003,65.1,181.52,True,,181.52,False,observed,2025-06-13,2025,6,13,164,20,0,4,Friday,True,False,summer,weekday,45.38
2025-06-13 20:15:00,B003,64.2,181.95,True,,181.95,False,observed,2025-06-13,2025,6,13,164,20,15,4,Friday,True,False,summer,weekday,45.4875
2025-06-13 20:30:00,B003,63.3,175.38,True,,175.38,False,observed,2025-06-13,2025,6,13,164,20,30,4,Friday,True,False,summer,weekday,43.845
2025-06-13 20:45:00,B003,62.3,176.37,True,,176.37,False,observed,2025-06-13,2025,6,13,164,20,45,4,Friday,True,False,summer,weekday,44.0925
2025-06-13 21:00:00,B003,61.5,184.98,True,,184.98,False,observed,2025-06-13,2025,6,13,164,21,0,4,Friday,True,False,summer,weekday,46.245
2025-06-13 21:15:00,B003,60.6,189.45,True,,189.45,False,observed,2025-06-13,2025,6,13,164,21,15,4,Friday,True,False,summer,weekday,47.3625
2025-06-13 21:30:00,B003,59.8,183.4,True,,183.4,False,observed,2025-06-13,2025,6,13,164,21,30,4,Friday,True,False,summer,weekday,45.85
2025-06-13 21:45:00,B003,59.0,177.14,True,,177.14,False,observed,2025-06-13,2025,6,13,164,21,45,4,Friday,True,False,summer,weekday,44.285
2025-06-13 22:00:00,B003,58.2,184.27,True,,184.27,False,observed,2025-06-13,2025,6,13,164,22,0,4,Friday,True,False,summer,weekday,46.0675
2025-06-13 22:15:00,B003,57.5,196.09,True,,196.09,False,observed,2025-06-13,2025,6,13,164,22,15,4,Friday,True,False,summer,weekday,49.0225
2025-06-13 22:30:00,B003,56.9,186.43,True,,186.43,False,observed,2025-06-13,2025,6,13,164,22,30,4,Friday,True,False,summer,weekday,46.6075
2025-06-13 22:45:00,B003,56.2,195.92,True,,195.92,False,observed,2025-06-13,2025,6,13,164,22,45,4,Friday,True,False,summer,weekday,48.98
2025-06-13 23:00:00,B003,55.7,188.48,True,,188.48,False,observed,2025-06-13,2025,6,13,164,23,0,4,Friday,True,False,summer,weekday,47.12
2025-06-13 23:15:00,B003,55.2,196.55,True,,196.55,False,observed,2025-06-13,2025,6,13,164,23,15,4,Friday,True,False,summer,weekday,49.1375
2025-06-13 23:30:00,B003,54.7,205.54,True,,205.54,False,observed,2025-06-13,2025,6,13,164,23,30,4,Friday,True,False,summer,weekday,51.385
2025-06-13 23:45:00,B003,54.3,211.21,True,,211.21,False,observed,2025-06-13,2025,6,13,164,23,45,4,Friday,True,False,summer,weekday,52.8025
2025-06-14 00:00:00,B003,54.0,213.17,True,,213.17,False,observed,2025-06-14,2025,6,14,165,0,0,5,Saturday,False,True,summer,weekend,53.2925
2025-06-14 00:15:00,B003,58.0,221.52,True,,221.52,False,observed,2025-06-14,2025,6,14,165,0,15,5,Saturday,False,True,summer,weekend,55.38
2025-06-14 00:30:00,B003,57.8,239.53,True,,239.53,False,observed,2025-06-14,2025,6,14,165,0,30,5,Saturday,False,True,summer,weekend,59.8825
2025-06-14 00:45:00,B003,57.6,249.56,True,,249.56,False,observed,2025-06-14,2025,6,14,165,0,45,5,Saturday,False,True,summer,weekend,62.39
2025-06-14 01:00:00,B003,57.5,259.63,True,,259.63,False,observed,2025-06-14,2025,6,14,165,1,0,5,Saturday,False,True,summer,weekend,64.9075
2025-06-14 01:15:00,B003,57.5,268.44,True,,268.44,False,observed,2025-06-14,2025,6,14,165,1,15,5,Saturday,False,True,summer,weekend,67.11
2025-06-14 01:30:00,B003,57.6,265.81,True,,265.81,False,observed,2025-06-14,2025,6,14,165,1,30,5,Saturday,False,True,summer,weekend,66.4525
2025-06-14 01:45:00,B003,57.7,267.2,True,,267.2,False,observed,2025-06-14,2025,6,14,165,1,45,5,Saturday,False,True,summer,weekend,66.8
2025-06-14 02:00:00,B003,57.8,276.75,True,,276.75,False,observed,2025-06-14,2025,6,14,165,2,0,5,Saturday,False,True,summer,weekend,69.1875
2025-06-14 02:15:00,B003,58.1,272.32,True,,272.32,False,observed,2025-06-14,2025,6,14,165,2,15,5,Saturday,False,True,summer,weekend,68.08
2025-06-14 02:30:00,B003,58.4,260.22,True,,260.22,False,observed,2025-06-14,2025,6,14,165,2,30,5,Saturday,False,True,summer,weekend,65.055
2025-06-14 02:45:00,B003,58.7,254.26,True,,254.26,False,observed,2025-06-14,2025,6,14,165,2,45,5,Saturday,False,True,summer,weekend,63.56499999999999
2025-06-14 03:00:00,B003,59.1,254.53,True,,254.53,False,observed,2025-06-14,2025,6,14,165,3,0,5,Saturday,False,True,summer,weekend,63.6325
2025-06-14 03:15:00,B003,59.6,242.71,True,,242.71,False,observed,2025-06-14,2025,6,14,165,3,15,5,Saturday,False,True,summer,weekend,60.6775
2025-06-14 03:30:00,B003,60.1,234.46,True,,234.46,False,observed,2025-06-14,2025,6,14,165,3,30,5,Saturday,False,True,summer,weekend,58.615
2025-06-14 03:45:00,B003,60.7,230.93,True,,230.93,False,observed,2025-06-14,2025,6,14,165,3,45,5,Saturday,False,True,summer,weekend,57.7325
2025-06-14 04:00:00,B003,61.4,220.8,True,,220.8,False,observed,2025-06-14,2025,6,14,165,4,0,5,Saturday,False,True,summer,weekend,55.2
2025-06-14 04:15:00,B003,62.0,215.87,True,,215.87,False,observed,2025-06-14,2025,6,14,165,4,15,5,Saturday,False,True,summer,weekend,53.9675
2025-06-14 04:30:00,B003,62.8,192.78,True,,192.78,False,observed,2025-06-14,2025,6,14,165,4,30,5,Saturday,False,True,summer,weekend,48.195
2025-06-14 04:45:00,B003,63.5,198.03,True,,198.03,False,observed,2025-06-14,2025,6,14,165,4,45,5,Saturday,False,True,summer,weekend,49.5075
2025-06-14 05:00:00,B003,64.3,195.65,True,,195.65,False,observed,2025-06-14,2025,6,14,165,5,0,5,Saturday,False,True,summer,weekend,48.9125
2025-06-14 05:15:00,B003,65.2,180.97,True,,180.97,False,observed,2025-06-14,2025,6,14,165,5,15,5,Saturday,False,True,summer,weekend,45.2425
2025-06-14 05:30:00,B003,66.1,182.64,True,,182.64,False,observed,2025-06-14,2025,6,14,165,5,30,5,Saturday,False,True,summer,weekend,45.66
2025-06-14 05:45:00,B003,67.0,179.75,True,,179.75,False,observed,2025-06-14,2025,6,14,165,5,45,5,Saturday,False,True,summer,weekend,44.9375
2025-06-14 06:00:00,B003,67.9,182.68,True,,182.68,False,observed,2025-06-14,2025,6,14,165,6,0,5,Saturday,False,True,summer,weekend,45.67
2025-06-14 06:15:00,B003,68.8,189.76,True,,189.76,False,observed,2025-06-14,2025,6,14,165,6,15,5,Saturday,False,True,summer,weekend,47.43999999999999
2025-06-14 06:30:00,B003,69.8,191.11,True,,191.11,False,observed,2025-06-14,2025,6,14,165,6,30,5,Saturday,False,True,summer,weekend,47.7775
2025-06-14 06:45:00,B003,70.7,176.53,True,,176.53,False,observed,2025-06-14,2025,6,14,165,6,45,5,Saturday,False,True,summer,weekend,44.1325
2025-06-14 07:00:00,B003,71.7,182.98,True,,182.98,False,observed,2025-06-14,2025,6,14,165,7,0,5,Saturday,False,True,summer,weekend,45.745
2025-06-14 07:15:00,B003,72.7,182.99,True,,182.99,False,observed,2025-06-14,2025,6,14,165,7,15,5,Saturday,False,True,summer,weekend,45.74750000000001
2025-06-14 07:30:00,B003,73.7,182.05,True,,182.05,False,observed,2025-06-14,2025,6,14,165,7,30,5,Saturday,False,True,summer,weekend,45.5125
2025-06-14 07:45:00,B003,74.7,182.05,True,,182.05,False,observed,2025-06-14,2025,6,14,165,7,45,5,Saturday,False,True,summer,weekend,45.5125
2025-06-14 08:00:00,B003,75.6,181.55,True,,181.55,False,observed,2025-06-14,2025,6,14,165,8,0,5,Saturday,False,True,summer,weekend,45.3875
2025-06-14 08:15:00,B003,76.6,188.45,True,,188.45,False,observed,2025-06-14,2025,6,14,165,8,15,5,Saturday,False,True,summer,weekend,47.1125
2025-06-14 08:30:00,B003,77.5,185.52,True,,185.52,False,observed,2025-06-14,2025,6,14,165,8,30,5,Saturday,False,True,summer,weekend,46.38
2025-06-14 08:45:00,B003,78.4,174.7,True,,174.7,False,observed,2025-06-14,2025,6,14,165,8,45,5,Saturday,False,True,summer,weekend,43.675
2025-06-14 09:00:00,B003,79.3,183.98,True,,183.98,False,observed,2025-06-14,2025,6,14,165,9,0,5,Saturday,False,True,summer,weekend,45.995
2025-06-14 09:15:00,B003,80.2,184.46,True,,184.46,False,observed,2025-06-14,2025,6,14,165,9,15,5,Saturday,False,True,summer,weekend,46.115
2025-06-14 09:30:00,B003,81.0,181.58,True,,181.58,False,observed,2025-06-14,2025,6,14,165,9,30,5,Saturday,False,True,summer,weekend,45.395
2025-06-14 09:45:00,B003,81.8,185.66,True,,185.66,False,observed,2025-06-14,2025,6,14,165,9,45,5,Saturday,False,True,summer,weekend,46.415
2025-06-14 10:00:00,B003,82.5,180.94,True,,180.94,False,observed,2025-06-14,2025,6,14,165,10,0,5,Saturday,False,True,summer,weekend,45.235
2025-06-14 10:15:00,B003,83.3,181.0,True,,181.0,False,observed,2025-06-14,2025,6,14,165,10,15,5,Saturday,False,True,summer,weekend,45.25
2025-06-14 10:30:00,B003,83.9,180.61,True,,180.61,False,observed,2025-06-14,2025,6,14,165,10,30,5,Saturday,False,True,summer,weekend,45.1525
2025-06-14 10:45:00,B003,84.5,169.91,True,,169.91,False,observed,2025-06-14,2025,6,14,165,10,45,5,Saturday,False,True,summer,weekend,42.4775
2025-06-14 11:00:00,B003,85.1,179.6,True,,179.6,False,observed,2025-06-14,2025,6,14,165,11,0,5,Saturday,False,True,summer,weekend,44.9
2025-06-14 11:15:00,B003,85.6,176.66,True,,176.66,False,observed,2025-06-14,2025,6,14,165,11,15,5,Saturday,False,True,summer,weekend,44.165
2025-06-14 11:30:00,B003,86.0,174.07,True,,174.07,False,observed,2025-06-14,2025,6,14,165,11,30,5,Saturday,False,True,summer,weekend,43.5175
2025-06-14 11:45:00,B003,86.4,187.17,True,,187.17,False,observed,2025-06-14,2025,6,14,165,11,45,5,Saturday,False,True,summer,weekend,46.7925
2025-06-14 12:00:00,B003,86.8,182.52,True,,182.52,False,observed,2025-06-14,2025,6,14,165,12,0,5,Saturday,False,True,summer,weekend,45.63
2025-06-14 12:15:00,B003,87.0,179.85,True,,179.85,False,observed,2025-06-14,2025,6,14,165,12,15,5,Saturday,False,True,summer,weekend,44.9625
2025-06-14 12:30:00,B003,87.3,177.18,True,,177.18,False,observed,2025-06-14,2025,6,14,165,12,30,5,Saturday,False,True,summer,weekend,44.295
2025-06-14 12:45:00,B003,87.4,181.48,True,,181.48,False,observed,2025-06-14,2025,6,14,165,12,45,5,Saturday,False,True,summer,weekend,45.37
2025-06-14 13:00:00,B003,87.5,184.96,True,,184.96,False,observed,2025-06-14,2025,6,14,165,13,0,5,Saturday,False,True,summer,weekend,46.24
2025-06-14 13:15:00,B003,87.5,175.87,True,,175.87,False,observed,2025-06-14,2025,6,14,165,13,15,5,Saturday,False,True,summer,weekend,43.9675
2025-06-14 13:30:00,B003,87.5,179.98,True,,179.98,False,observed,2025-06-14,2025,6,14,165,13,30,5,Saturday,False,True,summer,weekend,44.995
2025-06-14 13:45:00,B003,87.4,184.34,True,,184.34,False,observed,2025-06-14,2025,6,14,165,13,45,5,Saturday,False,True,summer,weekend,46.085
2025-06-14 14:00:00,B003,87.2,170.32,True,,170.32,False,observed,2025-06-14,2025,6,14,165,14,0,5,Saturday,False,True,summer,weekend,42.58
2025-06-14 14:15:00,B003,86.9,179.71,True,,179.71,False,observed,2025-06-14,2025,6,14,165,14,15,5,Saturday,False,True,summer,weekend,44.9275
2025-06-14 14:30:00,B003,86.6,177.85,True,,177.85,False,observed,2025-06-14,2025,6,14,165,14,30,5,Saturday,False,True,summer,weekend,44.4625
2025-06-14 14:45:00,B003,86.3,179.33,True,,179.33,False,observed,2025-06-14,2025,6,14,165,14,45,5,Saturday,False,True,summer,weekend,44.8325
2025-06-14 15:00:00,B003,85.9,177.49,True,,177.49,False,observed,2025-06-14,2025,6,14,165,15,0,5,Saturday,False,True,summer,weekend,44.37250000000001
2025-06-14 15:15:00,B003,85.4,180.69,True,,180.69,False,observed,2025-06-14,2025,6,14,165,15,15,5,Saturday,False,True,summer,weekend,45.1725
2025-06-14 15:30:00,B003,84.9,189.62,True,,189.62,False,observed,2025-06-14,2025,6,14,165,15,30,5,Saturday,False,True,summer,weekend,47.405
2025-06-14 15:45:00,B003,84.3,178.38,True,,178.38,False,observed,2025-06-14,2025,6,14,165,15,45,5,Saturday,False,True,summer,weekend,44.595
2025-06-14 16:00:00,B003,83.7,181.46,True,,181.46,False,observed,2025-06-14,2025,6,14,165,16,0,5,Saturday,False,True,summer,weekend,45.365
2025-06-14 16:15:00,B003,83.0,189.97,True,,189.97,False,observed,2025-06-14,2025,6,14,165,16,15,5,Saturday,False,True,summer,weekend,47.4925
2025-06-14 16:30:00,B003,82.3,177.25,True,,177.25,False,observed,2025-06-14,2025,6,14,165,16,30,5,Saturday,False,True,summer,weekend,44.3125
2025-06-14 16:45:00,B003,81.5,189.07,True,,189.07,False,observed,2025-06-14,2025,6,14,165,16,45,5,Saturday,False,True,summer,weekend,47.2675
2025-06-14 17:00:00,B003,80.7,180.03,True,,180.03,False,observed,2025-06-14,2025,6,14,165,17,0,5,Saturday,False,True,summer,weekend,45.0075
2025-06-14 17:15:00,B003,79.8,188.91,True,,188.91,False,observed,2025-06-14,2025,6,14,165,17,15,5,Saturday,False,True,summer,weekend,47.2275
2025-06-14 17:30:00,B003,79.0,183.75,True,,183.75,False,observed,2025-06-14,2025,6,14,165,17,30,5,Saturday,False,True,summer,weekend,45.9375
2025-06-14 17:45:00,B003,78.1,181.54,True,,181.54,False,observed,2025-06-14,2025,6,14,165,17,45,5,Saturday,False,True,summer,weekend,45.385
2025-06-14 18:00:00,B003,77.1,179.67,True,,179.67,False,observed,2025-06-14,2025,6,14,165,18,0,5,Saturday,False,True,summer,weekend,44.9175
2025-06-14 18:15:00,B003,76.2,176.88,True,,176.88,False,observed,2025-06-14,2025,6,14,165,18,15,5,Saturday,False,True,summer,weekend,44.22
2025-06-14 18:30:00,B003,75.2,180.38,True,,180.38,False,observed,2025-06-14,2025,6,14,165,18,30,5,Saturday,False,True,summer,weekend,45.095
2025-06-14 18:45:00,B003,74.3,184.49,True,,184.49,False,observed,2025-06-14,2025,6,14,165,18,45,5,Saturday,False,True,summer,weekend,46.12250000000001
2025-06-14 19:00:00,B003,73.3,179.94,True,,179.94,False,observed,2025-06-14,2025,6,14,165,19,0,5,Saturday,False,True,summer,weekend,44.985
2025-06-14 19:15:00,B003,72.3,178.42,True,,178.42,False,observed,2025-06-14,2025,6,14,165,19,15,5,Saturday,False,True,summer,weekend,44.605
2025-06-14 19:30:00,B003,71.3,178.75,True,,178.75,False,observed,2025-06-14,2025,6,14,165,19,30,5,Saturday,False,True,summer,weekend,44.6875
2025-06-14 19:45:00,B003,70.4,184.98,True,,184.98,False,observed,2025-06-14,2025,6,14,165,19,45,5,Saturday,False,True,summer,weekend,46.245
2025-06-14 20:00:00,B003,69.4,186.16,True,,186.16,False,observed,2025-06-14,2025,6,14,165,20,0,5,Saturday,False,True,summer,weekend,46.54
2025-06-14 20:15:00,B003,68.4,176.72,True,,176.72,False,observed,2025-06-14,2025,6,14,165,20,15,5,Saturday,False,True,summer,weekend,44.18
2025-06-14 20:30:00,B003,67.5,176.77,True,,176.77,False,observed,2025-06-14,2025,6,14,165,20,30,5,Saturday,False,True,summer,weekend,44.1925
2025-06-14 20:45:00,B003,66.6,182.09,True,,182.09,False,observed,2025-06-14,2025,6,14,165,20,45,5,Saturday,False,True,summer,weekend,45.5225
2025-06-14 21:00:00,B003,65.7,187.99,True,,187.99,False,observed,2025-06-14,2025,6,14,165,21,0,5,Saturday,False,True,summer,weekend,46.99750000000001
2025-06-14 21:15:00,B003,64.8,186.33,True,,186.33,False,observed,2025-06-14,2025,6,14,165,21,15,5,Saturday,False,True,summer,weekend,46.5825
2025-06-14 21:30:00,B003,64.0,174.74,True,,174.74,False,observed,2025-06-14,2025,6,14,165,21,30,5,Saturday,False,True,summer,weekend,43.68500000000001
2025-06-14 21:45:00,B003,63.2,180.31,True,,180.31,False,observed,2025-06-14,2025,6,14,165,21,45,5,Saturday,False,True,summer,weekend,45.0775
2025-06-14 22:00:00,B003,62.5,177.92,True,,177.92,False,observed,2025-06-14,2025,6,14,165,22,0,5,Saturday,False,True,summer,weekend,44.48
2025-06-14 22:15:00,B003,61.8,182.62,True,,182.62,False,observed,2025-06-14,2025,6,14,165,22,15,5,Saturday,False,True,summer,weekend,45.655
2025-06-14 22:30:00,B003,61.1,193.94,True,,193.94,False,observed,2025-06-14,2025,6,14,165,22,30,5,Saturday,False,True,summer,weekend,48.485
2025-06-14 22:45:00,B003,60.5,181.49,True,,181.49,False,observed,2025-06-14,2025,6,14,165,22,45,5,Saturday,False,True,summer,weekend,45.37250000000001
2025-06-14 23:00:00,B003,59.9,184.09,True,,184.09,False,observed,2025-06-14,2025,6,14,165,23,0,5,Saturday,False,True,summer,weekend,46.0225
2025-06-14 23:15:00,B003,59.4,192.62,True,,192.62,False,observed,2025-06-14,2025,6,14,165,23,15,5,Saturday,False,True,summer,weekend,48.155
2025-06-14 23:30:00,B003,59.0,203.88,True,,203.88,False,observed,2025-06-14,2025,6,14,165,23,30,5,Saturday,False,True,summer,weekend,50.97
2025-06-14 23:45:00,B003,58.6,212.32,True,,212.32,False,observed,2025-06-14,2025,6,14,165,23,45,5,Saturday,False,True,summer,weekend,53.08
2025-06-15 00:00:00,B003,58.2,219.19,True,,219.19,False,observed,2025-06-15,2025,6,15,166,0,0,6,Sunday,False,True,summer,weekend,54.7975
2025-06-15 00:15:00,B003,55.3,231.45,True,,231.45,False,observed,2025-06-15,2025,6,15,166,0,15,6,Sunday,False,True,summer,weekend,57.8625
2025-06-15 00:30:00,B003,55.1,225.77,True,,225.77,False,observed,2025-06-15,2025,6,15,166,0,30,6,Sunday,False,True,summer,weekend,56.4425
2025-06-15 00:45:00,B003,55.0,249.54,True,,249.54,False,observed,2025-06-15,2025,6,15,166,0,45,6,Sunday,False,True,summer,weekend,62.385
2025-06-15 01:00:00,B003,54.9,250.51,True,,250.51,False,observed,2025-06-15,2025,6,15,166,1,0,6,Sunday,False,True,summer,weekend,62.62749999999999
2025-06-15 01:15:00,B003,54.9,263.08,True,,263.08,False,observed,2025-06-15,2025,6,15,166,1,15,6,Sunday,False,True,summer,weekend,65.77
2025-06-15 01:30:00,B003,54.9,258.52,True,,258.52,False,observed,2025-06-15,2025,6,15,166,1,30,6,Sunday,False,True,summer,weekend,64.63
2025-06-15 01:45:00,B003,55.0,268.78,True,,268.78,False,observed,2025-06-15,2025,6,15,166,1,45,6,Sunday,False,True,summer,weekend,67.195
2025-06-15 02:00:00,B003,55.2,271.18,True,,271.18,False,observed,2025-06-15,2025,6,15,166,2,0,6,Sunday,False,True,summer,weekend,67.795
2025-06-15 02:15:00,B003,55.4,274.54,True,,274.54,False,observed,2025-06-15,2025,6,15,166,2,15,6,Sunday,False,True,summer,weekend,68.635
2025-06-15 02:30:00,B003,55.7,257.21,True,,257.21,False,observed,2025-06-15,2025,6,15,166,2,30,6,Sunday,False,True,summer,weekend,64.3025
2025-06-15 02:45:00,B003,56.1,259.58,True,,259.58,False,observed,2025-06-15,2025,6,15,166,2,45,6,Sunday,False,True,summer,weekend,64.895
2025-06-15 03:00:00,B003,56.5,246.64,True,,246.64,False,observed,2025-06-15,2025,6,15,166,3,0,6,Sunday,False,True,summer,weekend,61.66
2025-06-15 03:15:00,B003,57.0,246.13,True,,246.13,False,observed,2025-06-15,2025,6,15,166,3,15,6,Sunday,False,True,summer,weekend,61.5325
2025-06-15 03:30:00,B003,57.5,238.47,True,,238.47,False,observed,2025-06-15,2025,6,15,166,3,30,6,Sunday,False,True,summer,weekend,59.6175
2025-06-15 03:45:00,B003,58.1,232.01,True,,232.01,False,observed,2025-06-15,2025,6,15,166,3,45,6,Sunday,False,True,summer,weekend,58.00249999999999
2025-06-15 04:00:00,B003,58.7,214.32,True,,214.32,False,observed,2025-06-15,2025,6,15,166,4,0,6,Sunday,False,True,summer,weekend,53.58
2025-06-15 04:15:00,B003,59.4,213.85,True,,213.85,False,observed,2025-06-15,2025,6,15,166,4,15,6,Sunday,False,True,summer,weekend,53.4625
2025-06-15 04:30:00,B003,60.1,209.25,True,,209.25,False,observed,2025-06-15,2025,6,15,166,4,30,6,Sunday,False,True,summer,weekend,52.3125
2025-06-15 04:45:00,B003,60.9,188.55,True,,188.55,False,observed,2025-06-15,2025,6,15,166,4,45,6,Sunday,False,True,summer,weekend,47.1375
2025-06-15 05:00:00,B003,61.7,195.24,True,,195.24,False,observed,2025-06-15,2025,6,15,166,5,0,6,Sunday,False,True,summer,weekend,48.81000000000001
2025-06-15 05:15:00,B003,62.5,193.4,True,,193.4,False,observed,2025-06-15,2025,6,15,166,5,15,6,Sunday,False,True,summer,weekend,48.35
2025-06-15 05:30:00,B003,63.4,184.62,True,,184.62,False,observed,2025-06-15,2025,6,15,166,5,30,6,Sunday,False,True,summer,weekend,46.155
2025-06-15 05:45:00,B003,64.3,177.9,True,,177.9,False,observed,2025-06-15,2025,6,15,166,5,45,6,Sunday,False,True,summer,weekend,44.475
2025-06-15 06:00:00,B003,65.2,187.29,True,,187.29,False,observed,2025-06-15,2025,6,15,166,6,0,6,Sunday,False,True,summer,weekend,46.8225
2025-06-15 06:15:00,B003,66.2,175.63,True,,175.63,False,observed,2025-06-15,2025,6,15,166,6,15,6,Sunday,False,True,summer,weekend,43.9075
2025-06-15 06:30:00,B003,67.1,180.11,True,,180.11,False,observed,2025-06-15,2025,6,15,166,6,30,6,Sunday,False,True,summer,weekend,45.0275
2025-06-15 06:45:00,B003,68.1,180.4,True,,180.4,False,observed,2025-06-15,2025,6,15,166,6,45,6,Sunday,False,True,summer,weekend,45.1
2025-06-15 07:00:00,B003,69.1,183.93,True,,183.93,False,observed,2025-06-15,2025,6,15,166,7,0,6,Sunday,False,True,summer,weekend,45.9825
2025-06-15 07:15:00,B003,70.1,177.06,True,,177.06,False,observed,2025-06-15,2025,6,15,166,7,15,6,Sunday,False,True,summer,weekend,44.265
2025-06-15 07:30:00,B003,71.0,176.69,True,,176.69,False,observed,2025-06-15,2025,6,15,166,7,30,6,Sunday,False,True,summer,weekend,44.1725
2025-06-15 07:45:00,B003,72.0,180.55,True,,180.55,False,observed,2025-06-15,2025,6,15,166,7,45,6,Sunday,False,True,summer,weekend,45.1375
2025-06-15 08:00:00,B003,73.0,185.06,True,,185.06,False,observed,2025-06-15,2025,6,15,166,8,0,6,Sunday,False,True,summer,weekend,46.265
2025-06-15 08:15:00,B003,73.9,191.45,True,,191.45,False,observed,2025-06-15,2025,6,15,166,8,15,6,Sunday,False,True,summer,weekend,47.8625
2025-06-15 08:30:00,B003,74.9,172.47,True,,172.47,False,observed,2025-06-15,2025,6,15,166,8,30,6,Sunday,False,True,summer,weekend,43.1175
2025-06-15 08:45:00,B003,75.8,181.58,True,,181.58,False,observed,2025-06-15,2025,6,15,166,8,45,6,Sunday,False,True,summer,weekend,45.395
2025-06-15 09:00:00,B003,76.7,174.57,True,,174.57,False,observed,2025-06-15,2025,6,15,166,9,0,6,Sunday,False,True,summer,weekend,43.6425
2025-06-15 09:15:00,B003,77.5,185.09,True,,185.09,False,observed,2025-06-15,2025,6,15,166,9,15,6,Sunday,False,True,summer,weekend,46.2725
2025-06-15 09:30:00,B003,78.4,175.31,True,,175.31,False,observed,2025-06-15,2025,6,15,166,9,30,6,Sunday,False,True,summer,weekend,43.8275
2025-06-15 09:45:00,B003,79.2,176.63,True,,176.63,False,observed,2025-06-15,2025,6,15,166,9,45,6,Sunday,False,True,summer,weekend,44.1575
2025-06-15 10:00:00,B003,79.9,177.05,True,,177.05,False,observed,2025-06-15,2025,6,15,166,10,0,6,Sunday,False,True,summer,weekend,44.2625
2025-06-15 10:15:00,B003,80.6,179.62,True,,179.62,False,observed,2025-06-15,2025,6,15,166,10,15,6,Sunday,False,True,summer,weekend,44.905
2025-06-15 10:30:00,B003,81.3,181.62,True,,181.62,False,observed,2025-06-15,2025,6,15,166,10,30,6,Sunday,False,True,summer,weekend,45.405
2025-06-15 10:45:00,B003,81.9,182.42,True,,182.42,False,observed,2025-06-15,2025,6,15,166,10,45,6,Sunday,False,True,summer,weekend,45.605
2025-06-15 11:00:00,B003,82.5,179.97,True,,179.97,False,observed,2025-06-15,2025,6,15,166,11,0,6,Sunday,False,True,summer,weekend,44.9925
2025-06-15 11:15:00,B003,83.0,173.35,True,,173.35,False,observed,2025-06-15,2025,6,15,166,11,15,6,Sunday,False,True,summer,weekend,43.3375
2025-06-15 11:30:00,B003,83.4,183.64,True,,183.64,False,observed,2025-06-15,2025,6,15,166,11,30,6,Sunday,False,True,summer,weekend,45.91
2025-06-15 11:45:00,B003,83.8,179.74,True,,179.74,False,observed,2025-06-15,2025,6,15,166,11,45,6,Sunday,False,True,summer,weekend,44.93500000000001
2025-06-15 12:00:00,B003,84.1,185.81,True,,185.81,False,observed,2025-06-15,2025,6,15,166,12,0,6,Sunday,False,True,summer,weekend,46.4525
2025-06-15 12:15:00,B003,84.4,176.46,True,,176.46,False,observed,2025-06-15,2025,6,15,166,12,15,6,Sunday,False,True,summer,weekend,44.115
2025-06-15 12:30:00,B003,84.6,171.99,True,,171.99,False,observed,2025-06-15,2025,6,15,166,12,30,6,Sunday,False,True,summer,weekend,42.99750000000001
2025-06-15 12:45:00,B003,84.8,179.83,True,,179.83,False,observed,2025-06-15,2025,6,15,166,12,45,6,Sunday,False,True,summer,weekend,44.9575
2025-06-15 13:00:00,B003,84.8,186.48,True,,186.48,False,observed,2025-06-15,2025,6,15,166,13,0,6,Sunday,False,True,summer,weekend,46.62
2025-06-15 13:15:00,B003,84.9,180.8,True,,180.8,False,observed,2025-06-15,2025,6,15,166,13,15,6,Sunday,False,True,summer,weekend,45.2
2025-06-15 13:30:00,B003,84.8,179.0,True,,179.0,False,observed,2025-06-15,2025,6,15,166,13,30,6,Sunday,False,True,summer,weekend,44.75
2025-06-15 13:45:00,B003,84.7,175.65,True,,175.65,False,observed,2025-06-15,2025,6,15,166,13,45,6,Sunday,False,True,summer,weekend,43.9125
2025-06-15 14:00:00,B003,84.5,188.79,True,,188.79,False,observed,2025-06-15,2025,6,15,166,14,0,6,Sunday,False,True,summer,weekend,47.1975
2025-06-15 14:15:00,B003,84.3,174.85,True,,174.85,False,observed,2025-06-15,2025,6,15,166,14,15,6,Sunday,False,True,summer,weekend,43.7125
2025-06-15 14:30:00,B003,84.0,176.37,True,,176.37,False,observed,2025-06-15,2025,6,15,166,14,30,6,Sunday,False,True,summer,weekend,44.0925
2025-06-15 14:45:00,B003,83.7,182.85,True,,182.85,False,observed,2025-06-15,2025,6,15,166,14,45,6,Sunday,False,True,summer,weekend,45.7125
2025-06-15 15:00:00,B003,83.2,170.72,True,,170.72,False,observed,2025-06-15,2025,6,15,166,15,0,6,Sunday,False,True,summer,weekend,42.68
2025-06-15 15:15:00,B003,82.8,186.37,True,,186.37,False,observed,2025-06-15,2025,6,15,166,15,15,6,Sunday,False,True,summer,weekend,46.5925
2025-06-15 15:30:00,B003,82.2,183.12,True,,183.12,False,observed,2025-06-15,2025,6,15,166,15,30,6,Sunday,False,True,summer,weekend,45.78
2025-06-15 15:45:00,B003,81.6,184.5,True,,184.5,False,observed,2025-06-15,2025,6,15,166,15,45,6,Sunday,False,True,summer,weekend,46.125
2025-06-15 16:00:00,B003,81.0,182.79,True,,182.79,False,observed,2025-06-15,2025,6,15,166,16,0,6,Sunday,False,True,summer,weekend,45.6975
2025-06-15 16:15:00,B003,80.3,179.19,True,,179.19,False,observed,2025-06-15,2025,6,15,166,16,15,6,Sunday,False,True,summer,weekend,44.7975
2025-06-15 16:30:00,B003,79.6,174.68,True,,174.68,False,observed,2025-06-15,2025,6,15,166,16,30,6,Sunday,False,True,summer,weekend,43.67
2025-06-15 16:45:00,B003,78.8,179.3,True,,179.3,False,observed,2025-06-15,2025,6,15,166,16,45,6,Sunday,False,True,summer,weekend,44.825
2025-06-15 17:00:00,B003,78.0,175.12,True,,175.12,False,observed,2025-06-15,2025,6,15,166,17,0,6,Sunday,False,True,summer,weekend,43.78
2025-06-15 17:15:00,B003,77.2,182.43,True,,182.43,False,observed,2025-06-15,2025,6,15,166,17,15,6,Sunday,False,True,summer,weekend,45.6075
2025-06-15 17:30:00,B003,76.3,184.03,True,,184.03,False,observed,2025-06-15,2025,6,15,166,17,30,6,Sunday,False,True,summer,weekend,46.0075
2025-06-15 17:45:00,B003,75.4,187.38,True,,187.38,False,observed,2025-06-15,2025,6,15,166,17,45,6,Sunday,False,True,summer,weekend,46.845
2025-06-15 18:00:00,B003,74.5,181.86,True,,181.86,False,observed,2025-06-15,2025,6,15,166,18,0,6,Sunday,False,True,summer,weekend,45.465
2025-06-15 18:15:00,B003,73.6,184.62,True,,184.62,False,observed,2025-06-15,2025,6,15,166,18,15,6,Sunday,False,True,summer,weekend,46.155
2025-06-15 18:30:00,B003,72.6,178.51,True,,178.51,False,observed,2025-06-15,2025,6,15,166,18,30,6,Sunday,False,True,summer,weekend,44.62749999999999
2025-06-15 18:45:00,B003,71.6,177.61,True,,177.61,False,observed,2025-06-15,2025,6,15,166,18,45,6,Sunday,False,True,summer,weekend,44.4025
2025-06-15 19:00:00,B003,70.7,182.37,True,,182.37,False,observed,2025-06-15,2025,6,15,166,19,0,6,Sunday,False,True,summer,weekend,45.5925
2025-06-15 19:15:00,B003,69.7,178.07,True,,178.07,False,observed,2025-06-15,2025,6,15,166,19,15,6,Sunday,False,True,summer,weekend,44.5175
2025-06-15 19:30:00,B003,68.7,181.35,True,,181.35,False,observed,2025-06-15,2025,6,15,166,19,30,6,Sunday,False,True,summer,weekend,45.3375
2025-06-15 19:45:00,B003,67.7,174.71,True,,174.71,False,observed,2025-06-15,2025,6,15,166,19,45,6,Sunday,False,True,summer,weekend,43.6775
2025-06-15 20:00:00,B003,66.8,175.62,True,,175.62,False,observed,2025-06-15,2025,6,15,166,20,0,6,Sunday,False,True,summer,weekend,43.905
2025-06-15 20:15:00,B003,65.8,183.24,True,,183.24,False,observed,2025-06-15,2025,6,15,166,20,15,6,Sunday,False,True,summer,weekend,45.81000000000001
2025-06-15 20:30:00,B003,64.9,184.54,True,,184.54,False,observed,2025-06-15,2025,6,15,166,20,30,6,Sunday,False,True,summer,weekend,46.135
2025-06-15 20:45:00,B003,63.9,175.27,True,,175.27,False,observed,2025-06-15,2025,6,15,166,20,45,6,Sunday,False,True,summer,weekend,43.8175
2025-06-15 21:00:00,B003,63.1,183.7,True,,183.7,False,observed,2025-06-15,2025,6,15,166,21,0,6,Sunday,False,True,summer,weekend,45.925
2025-06-15 21:15:00,B003,62.2,177.93,True,,177.93,False,observed,2025-06-15,2025,6,15,166,21,15,6,Sunday,False,True,summer,weekend,44.4825
2025-06-15 21:30:00,B003,61.4,181.08,True,,181.08,False,observed,2025-06-15,2025,6,15,166,21,30,6,Sunday,False,True,summer,weekend,45.27
2025-06-15 21:45:00,B003,60.6,188.71,True,,188.71,False,observed,2025-06-15,2025,6,15,166,21,45,6,Sunday,False,True,summer,weekend,47.1775
2025-06-15 22:00:00,B003,59.8,186.61,True,,186.61,False,observed,2025-06-15,2025,6,15,166,22,0,6,Sunday,False,True,summer,weekend,46.6525
2025-06-15 22:15:00,B003,59.1,187.93,True,,187.93,False,observed,2025-06-15,2025,6,15,166,22,15,6,Sunday,False,True,summer,weekend,46.9825
2025-06-15 22:30:00,B003,58.5,195.46,True,,195.46,False,observed,2025-06-15,2025,6,15,166,22,30,6,Sunday,False,True,summer,weekend,48.865
2025-06-15 22:45:00,B003,57.9,185.09,True,,185.09,False,observed,2025-06-15,2025,6,15,166,22,45,6,Sunday,False,True,summer,weekend,46.2725
2025-06-15 23:00:00,B003,57.3,187.25,True,,187.25,False,observed,2025-06-15,2025,6,15,166,23,0,6,Sunday,False,True,summer,weekend,46.8125
2025-06-15 23:15:00,B003,56.8,193.15,True,,193.15,False,observed,2025-06-15,2025,6,15,166,23,15,6,Sunday,False,True,summer,weekend,48.2875
2025-06-15 23:30:00,B003,56.3,201.17,True,,201.17,False,observed,2025-06-15,2025,6,15,166,23,30,6,Sunday,False,True,summer,weekend,50.2925
2025-06-15 23:45:00,B003,55.9,197.45,True,,197.45,False,observed,2025-06-15,2025,6,15,166,23,45,6,Sunday,False,True,summer,weekend,49.3625
2025-06-16 00:00:00,B003,55.6,215.96,True,,215.96,False,observed,2025-06-16,2025,6,16,167,0,0,0,Monday,True,False,summer,weekday,53.99
2025-06-16 00:15:00,B003,50.0,222.85,True,,222.85,False,observed,2025-06-16,2025,6,16,167,0,15,0,Monday,True,False,summer,weekday,55.7125
2025-06-16 00:30:00,B003,49.8,238.51,True,,238.51,False,observed,2025-06-16,2025,6,16,167,0,30,0,Monday,True,False,summer,weekday,59.62749999999999
2025-06-16 00:45:00,B003,49.7,245.36,True,,245.36,False,observed,2025-06-16,2025,6,16,167,0,45,0,Monday,True,False,summer,weekday,61.34
2025-06-16 01:00:00,B003,49.6,249.06,True,,249.06,False,observed,2025-06-16,2025,6,16,167,1,0,0,Monday,True,False,summer,weekday,62.265
2025-06-16 01:15:00,B003,49.6,262.37,True,,262.37,False,observed,2025-06-16,2025,6,16,167,1,15,0,Monday,True,False,summer,weekday,65.5925
2025-06-16 01:30:00,B003,49.6,268.75,True,,268.75,False,observed,2025-06-16,2025,6,16,167,1,30,0,Monday,True,False,summer,weekday,67.1875
2025-06-16 01:45:00,B003,49.7,264.92,True,,264.92,False,observed,2025-06-16,2025,6,16,167,1,45,0,Monday,True,False,summer,weekday,66.23
2025-06-16 02:00:00,B003,49.9,267.53,True,,267.53,False,observed,2025-06-16,2025,6,16,167,2,0,0,Monday,True,False,summer,weekday,66.8825
2025-06-16 02:15:00,B003,50.1,257.63,True,,257.63,False,observed,2025-06-16,2025,6,16,167,2,15,0,Monday,True,False,summer,weekday,64.4075
2025-06-16 02:30:00,B003,50.4,259.68,True,,259.68,False,observed,2025-06-16,2025,6,16,167,2,30,0,Monday,True,False,summer,weekday,64.92
2025-06-16 02:45:00,B003,50.8,255.71,True,,255.71,False,observed,2025-06-16,2025,6,16,167,2,45,0,Monday,True,False,summer,weekday,63.9275
2025-06-16 03:00:00,B003,51.2,252.44,True,,252.44,False,observed,2025-06-16,2025,6,16,167,3,0,0,Monday,True,False,summer,weekday,63.11
2025-06-16 03:15:00,B003,51.7,238.87,True,,238.87,False,observed,2025-06-16,2025,6,16,167,3,15,0,Monday,True,False,summer,weekday,59.7175
2025-06-16 03:30:00,B003,52.2,232.02,True,,232.02,False,observed,2025-06-16,2025,6,16,167,3,30,0,Monday,True,False,summer,weekday,58.005
2025-06-16 03:45:00,B003,52.8,219.44,True,,219.44,False,observed,2025-06-16,2025,6,16,167,3,45,0,Monday,True,False,summer,weekday,54.86
2025-06-16 04:00:00,B003,53.4,217.86,True,,217.86,False,observed,2025-06-16,2025,6,16,167,4,0,0,Monday,True,False,summer,weekday,54.465
2025-06-16 04:15:00,B003,54.1,211.35,True,,211.35,False,observed,2025-06-16,2025,6,16,167,4,15,0,Monday,True,False,summer,weekday,52.8375
2025-06-16 04:30:00,B003,54.8,204.45,True,,204.45,False,observed,2025-06-16,2025,6,16,167,4,30,0,Monday,True,False,summer,weekday,51.1125
2025-06-16 04:45:00,B003,55.6,196.83,True,,196.83,False,observed,2025-06-16,2025,6,16,167,4,45,0,Monday,True,False,summer,weekday,49.2075
2025-06-16 05:00:00,B003,56.4,184.47,True,,184.47,False,observed,2025-06-16,2025,6,16,167,5,0,0,Monday,True,False,summer,weekday,46.1175
2025-06-16 05:15:00,B003,57.2,185.51,True,,185.51,False,observed,2025-06-16,2025,6,16,167,5,15,0,Monday,True,False,summer,weekday,46.37749999999999
2025-06-16 05:30:00,B003,58.1,183.88,True,,183.88,False,observed,2025-06-16,2025,6,16,167,5,30,0,Monday,True,False,summer,weekday,45.97
2025-06-16 05:45:00,B003,59.0,181.94,True,,181.94,False,observed,2025-06-16,2025,6,16,167,5,45,0,Monday,True,False,summer,weekday,45.485
2025-06-16 06:00:00,B003,59.9,182.95,True,,182.95,False,observed,2025-06-16,2025,6,16,167,6,0,0,Monday,True,False,summer,weekday,45.7375
2025-06-16 06:15:00,B003,60.9,188.75,True,,188.75,False,observed,2025-06-16,2025,6,16,167,6,15,0,Monday,True,False,summer,weekday,47.1875
2025-06-16 06:30:00,B003,61.8,185.06,True,,185.06,False,observed,2025-06-16,2025,6,16,167,6,30,0,Monday,True,False,summer,weekday,46.265
2025-06-16 06:45:00,B003,62.8,175.66,True,,175.66,False,observed,2025-06-16,2025,6,16,167,6,45,0,Monday,True,False,summer,weekday,43.915
2025-06-16 07:00:00,B003,63.8,183.74,True,,183.74,False,observed,2025-06-16,2025,6,16,167,7,0,0,Monday,True,False,summer,weekday,45.93500000000001
2025-06-16 07:15:00,B003,64.8,183.4,True,,183.4,False,observed,2025-06-16,2025,6,16,167,7,15,0,Monday,True,False,summer,weekday,45.85
2025-06-16 07:30:00,B003,65.7,176.08,True,,176.08,False,observed,2025-06-16,2025,6,16,167,7,30,0,Monday,True,False,summer,weekday,44.02
2025-06-16 07:45:00,B003,66.7,184.3,True,,184.3,False,observed,2025-06-16,2025,6,16,167,7,45,0,Monday,True,False,summer,weekday,46.075
2025-06-16 08:00:00,B003,67.7,179.23,True,,179.23,False,observed,2025-06-16,2025,6,16,167,8,0,0,Monday,True,False,summer,weekday,44.8075
2025-06-16 08:15:00,B003,68.6,172.97,True,,172.97,False,observed,2025-06-16,2025,6,16,167,8,15,0,Monday,True,False,summer,weekday,43.2425
2025-06-16 08:30:00,B003,69.6,182.28,True,,182.28,False,observed,2025-06-16,2025,6,16,167,8,30,0,Monday,True,False,summer,weekday,45.57
2025-06-16 08:45:00,B003,70.5,181.09,True,,181.09,False,observed,2025-06-16,2025,6,16,167,8,45,0,Monday,True,False,summer,weekday,45.2725
2025-06-16 09:00:00,B003,71.4,178.86,True,,178.86,False,observed,2025-06-16,2025,6,16,167,9,0,0,Monday,True,False,summer,weekday,44.715
2025-06-16 09:15:00,B003,72.2,179.81,True,,179.81,False,observed,2025-06-16,2025,6,16,167,9,15,0,Monday,True,False,summer,weekday,44.9525
2025-06-16 09:30:00,B003,73.1,176.4,True,,176.4,False,observed,2025-06-16,2025,6,16,167,9,30,0,Monday,True,False,summer,weekday,44.1
2025-06-16 09:45:00,B003,73.8,183.05,True,,183.05,False,observed,2025-06-16,2025,6,16,167,9,45,0,Monday,True,False,summer,weekday,45.7625
2025-06-16 10:00:00,B003,74.6,179.78,True,,179.78,False,observed,2025-06-16,2025,6,16,167,10,0,0,Monday,True,False,summer,weekday,44.945
2025-06-16 10:15:00,B003,75.3,180.83,True,,180.83,False,observed,2025-06-16,2025,6,16,167,10,15,0,Monday,True,False,summer,weekday,45.2075
2025-06-16 10:30:00,B003,76.0,181.79,True,,181.79,False,observed,2025-06-16,2025,6,16,167,10,30,0,Monday,True,False,summer,weekday,45.4475
2025-06-16 10:45:00,B003,76.6,174.23,True,,174.23,False,observed,2025-06-16,2025,6,16,167,10,45,0,Monday,True,False,summer,weekday,43.5575
2025-06-16 11:00:00,B003,77.1,175.53,True,,175.53,False,observed,2025-06-16,2025,6,16,167,11,0,0,Monday,True,False,summer,weekday,43.8825
2025-06-16 11:15:00,B003,77.7,168.95,True,,168.95,False,observed,2025-06-16,2025,6,16,167,11,15,0,Monday,True,False,summer,weekday,42.2375
2025-06-16 11:30:00,B003,78.1,182.82,True,,182.82,False,observed,2025-06-16,2025,6,16,167,11,30,0,Monday,True,False,summer,weekday,45.705
2025-06-16 11:45:00,B003,78.5,173.94,True,,173.94,False,observed,2025-06-16,2025,6,16,167,11,45,0,Monday,True,False,summer,weekday,43.485
2025-06-16 12:00:00,B003,78.8,180.66,True,,180.66,False,observed,2025-06-16,2025,6,16,167,12,0,0,Monday,True,False,summer,weekday,45.165
2025-06-16 12:15:00,B003,79.1,181.85,True,,181.85,False,observed,2025-06-16,2025,6,16,167,12,15,0,Monday,True,False,summer,weekday,45.4625
2025-06-16 12:30:00,B003,79.3,183.01,True,,183.01,False,observed,2025-06-16,2025,6,16,167,12,30,0,Monday,True,False,summer,weekday,45.75249999999999
2025-06-16 12:45:00,B003,79.5,173.98,True,,173.98,False,observed,2025-06-16,2025,6,16,167,12,45,0,Monday,True,False,summer,weekday,43.495
2025-06-16 13:00:00,B003,79.5,179.67,True,,179.67,False,observed,2025-06-16,2025,6,16,167,13,0,0,Monday,True,False,summer,weekday,44.9175
2025-06-16 13:15:00,B003,79.6,188.35,True,,188.35,False,observed,2025-06-16,2025,6,16,167,13,15,0,Monday,True,False,summer,weekday,47.0875
2025-06-16 13:30:00,B003,79.5,188.57,True,,188.57,False,observed,2025-06-16,2025,6,16,167,13,30,0,Monday,True,False,summer,weekday,47.1425
2025-06-16 13:45:00,B003,79.4,184.94,True,,184.94,False,observed,2025-06-16,2025,6,16,167,13,45,0,Monday,True,False,summer,weekday,46.235
2025-06-16 14:00:00,B003,79.2,181.69,True,,181.69,False,observed,2025-06-16,2025,6,16,167,14,0,0,Monday,True,False,summer,weekday,45.4225
2025-06-16 14:15:00,B003,79.0,174.97,True,,174.97,False,observed,2025-06-16,2025,6,16,167,14,15,0,Monday,True,False,summer,weekday,43.7425
2025-06-16 14:30:00,B003,78.7,183.59,True,,183.59,False,observed,2025-06-16,2025,6,16,167,14,30,0,Monday,True,False,summer,weekday,45.8975
2025-06-16 14:45:00,B003,78.3,179.21,True,,179.21,False,observed,2025-06-16,2025,6,16,167,14,45,0,Monday,True,False,summer,weekday,44.8025
2025-06-16 15:00:00,B003,77.9,182.8,True,,182.8,False,observed,2025-06-16,2025,6,16,167,15,0,0,Monday,True,False,summer,weekday,45.7
2025-06-16 15:15:00,B003,77.5,176.84,True,,176.84,False,observed,2025-06-16,2025,6,16,167,15,15,0,Monday,True,False,summer,weekday,44.21
2025-06-16 15:30:00,B003,76.9,179.14,True,,179.14,False,observed,2025-06-16,2025,6,16,167,15,30,0,Monday,True,False,summer,weekday,44.785
2025-06-16 15:45:00,B003,76.3,180.82,True,,180.82,False,observed,2025-06-16,2025,6,16,167,15,45,0,Monday,True,False,summer,weekday,45.205
2025-06-16 16:00:00,B003,75.7,181.23,True,,181.23,False,observed,2025-06-16,2025,6,16,167,16,0,0,Monday,True,False,summer,weekday,45.3075
2025-06-16 16:15:00,B003,75.0,182.47,True,,182.47,False,observed,2025-06-16,2025,6,16,167,16,15,0,Monday,True,False,summer,weekday,45.6175
2025-06-16 16:30:00,B003,74.3,177.1,True,,177.1,False,observed,2025-06-16,2025,6,16,167,16,30,0,Monday,True,False,summer,weekday,44.275
2025-06-16 16:45:00,B003,73.5,173.28,True,,173.28,False,observed,2025-06-16,2025,6,16,167,16,45,0,Monday,True,False,summer,weekday,43.32
2025-06-16 17:00:00,B003,72.7,188.12,True,,188.12,False,observed,2025-06-16,2025,6,16,167,17,0,0,Monday,True,False,summer,weekday,47.03
2025-06-16 17:15:00,B003,71.9,192.45,True,,192.45,False,observed,2025-06-16,2025,6,16,167,17,15,0,Monday,True,False,summer,weekday,48.1125
2025-06-16 17:30:00,B003,71.0,182.24,True,,182.24,False,observed,2025-06-16,2025,6,16,167,17,30,0,Monday,True,False,summer,weekday,45.56000000000001
2025-06-16 17:45:00,B003,70.1,173.38,True,,173.38,False,observed,2025-06-16,2025,6,16,167,17,45,0,Monday,True,False,summer,weekday,43.345
2025-06-16 18:00:00,B003,69.2,176.13,True,,176.13,False,observed,2025-06-16,2025,6,16,167,18,0,0,Monday,True,False,summer,weekday,44.0325
2025-06-16 18:15:00,B003,68.3,182.55,True,,182.55,False,observed,2025-06-16,2025,6,16,167,18,15,0,Monday,True,False,summer,weekday,45.6375
2025-06-16 18:30:00,B003,67.3,186.71,True,,186.71,False,observed,2025-06-16,2025,6,16,167,18,30,0,Monday,True,False,summer,weekday,46.6775
2025-06-16 18:45:00,B003,66.3,173.94,True,,173.94,False,observed,2025-06-16,2025,6,16,167,18,45,0,Monday,True,False,summer,weekday,43.485
2025-06-16 19:00:00,B003,65.3,179.38,True,,179.38,False,observed,2025-06-16,2025,6,16,167,19,0,0,Monday,True,False,summer,weekday,44.845
2025-06-16 19:15:00,B003,64.4,180.98,True,,180.98,False,observed,2025-06-16,2025,6,16,167,19,15,0,Monday,True,False,summer,weekday,45.245
2025-06-16 19:30:00,B003,63.4,184.33,True,,184.33,False,observed,2025-06-16,2025,6,16,167,19,30,0,Monday,True,False,summer,weekday,46.0825
2025-06-16 19:45:00,B003,62.4,178.3,True,,178.3,False,observed,2025-06-16,2025,6,16,167,19,45,0,Monday,True,False,summer,weekday,44.575
2025-06-16 20:00:00,B003,61.4,172.21,True,,172.21,False,observed,2025-06-16,2025,6,16,167,20,0,0,Monday,True,False,summer,weekday,43.0525
2025-06-16 20:15:00,B003,60.5,183.16,True,,183.16,False,observed,2025-06-16,2025,6,16,167,20,15,0,Monday,True,False,summer,weekday,45.79
2025-06-16 20:30:00,B003,59.6,185.73,True,,185.73,False,observed,2025-06-16,2025,6,16,167,20,30,0,Monday,True,False,summer,weekday,46.4325
2025-06-16 20:45:00,B003,58.6,179.78,True,,179.78,False,observed,2025-06-16,2025,6,16,167,20,45,0,Monday,True,False,summer,weekday,44.945
2025-06-16 21:00:00,B003,57.8,182.37,True,,182.37,False,observed,2025-06-16,2025,6,16,167,21,0,0,Monday,True,False,summer,weekday,45.5925
2025-06-16 21:15:00,B003,56.9,178.23,True,,178.23,False,observed,2025-06-16,2025,6,16,167,21,15,0,Monday,True,False,summer,weekday,44.5575
2025-06-16 21:30:00,B003,56.1,176.77,True,,176.77,False,observed,2025-06-16,2025,6,16,167,21,30,0,Monday,True,False,summer,weekday,44.1925
2025-06-16 21:45:00,B003,55.3,186.76,True,,186.76,False,observed,2025-06-16,2025,6,16,167,21,45,0,Monday,True,False,summer,weekday,46.68999999999999
2025-06-16 22:00:00,B003,54.5,184.51,True,,184.51,False,observed,2025-06-16,2025,6,16,167,22,0,0,Monday,True,False,summer,weekday,46.12749999999999
2025-06-16 22:15:00,B003,53.8,186.41,True,,186.41,False,observed,2025-06-16,2025,6,16,167,22,15,0,Monday,True,False,summer,weekday,46.6025
2025-06-16 22:30:00,B003,53.2,193.43,True,,193.43,False,observed,2025-06-16,2025,6,16,167,22,30,0,Monday,True,False,summer,weekday,48.3575
2025-06-16 22:45:00,B003,52.5,183.33,True,,183.33,False,observed,2025-06-16,2025,6,16,167,22,45,0,Monday,True,False,summer,weekday,45.8325
2025-06-16 23:00:00,B003,52.0,189.42,True,,189.42,False,observed,2025-06-16,2025,6,16,167,23,0,0,Monday,True,False,summer,weekday,47.355
2025-06-16 23:15:00,B003,51.5,197.55,True,,197.55,False,observed,2025-06-16,2025,6,16,167,23,15,0,Monday,True,False,summer,weekday,49.3875
2025-06-16 23:30:00,B003,51.0,199.62,True,,199.62,False,observed,2025-06-16,2025,6,16,167,23,30,0,Monday,True,False,summer,weekday,49.905
2025-06-16 23:45:00,B003,50.6,213.13,True,,213.13,False,observed,2025-06-16,2025,6,16,167,23,45,0,Monday,True,False,summer,weekday,53.2825
2025-06-17 00:00:00,B003,50.3,216.06,True,,216.06,False,observed,2025-06-17,2025,6,17,168,0,0,1,Tuesday,True,False,summer,weekday,54.015
2025-06-17 00:15:00,B003,54.9,220.61,True,,220.61,False,observed,2025-06-17,2025,6,17,168,0,15,1,Tuesday,True,False,summer,weekday,55.1525
2025-06-17 00:30:00,B003,54.7,234.92,True,,234.92,False,observed,2025-06-17,2025,6,17,168,0,30,1,Tuesday,True,False,summer,weekday,58.73
2025-06-17 00:45:00,B003,54.6,244.45,True,,244.45,False,observed,2025-06-17,2025,6,17,168,0,45,1,Tuesday,True,False,summer,weekday,61.1125
2025-06-17 01:00:00,B003,54.5,256.74,True,,256.74,False,observed,2025-06-17,2025,6,17,168,1,0,1,Tuesday,True,False,summer,weekday,64.185
2025-06-17 01:15:00,B003,54.5,261.39,True,,261.39,False,observed,2025-06-17,2025,6,17,168,1,15,1,Tuesday,True,False,summer,weekday,65.3475
2025-06-17 01:30:00,B003,54.5,267.44,True,,267.44,False,observed,2025-06-17,2025,6,17,168,1,30,1,Tuesday,True,False,summer,weekday,66.86
2025-06-17 01:45:00,B003,54.6,270.36,True,,270.36,False,observed,2025-06-17,2025,6,17,168,1,45,1,Tuesday,True,False,summer,weekday,67.59
2025-06-17 02:00:00,B003,54.8,269.06,True,,269.06,False,observed,2025-06-17,2025,6,17,168,2,0,1,Tuesday,True,False,summer,weekday,67.265
2025-06-17 02:15:00,B003,55.0,265.18,True,,265.18,False,observed,2025-06-17,2025,6,17,168,2,15,1,Tuesday,True,False,summer,weekday,66.295
2025-06-17 02:30:00,B003,55.3,266.58,True,,266.58,False,observed,2025-06-17,2025,6,17,168,2,30,1,Tuesday,True,False,summer,weekday,66.645
2025-06-17 02:45:00,B003,55.7,257.76,True,,257.76,False,observed,2025-06-17,2025,6,17,168,2,45,1,Tuesday,True,False,summer,weekday,64.44
2025-06-17 03:00:00,B003,56.1,260.52,True,,260.52,False,observed,2025-06-17,2025,6,17,168,3,0,1,Tuesday,True,False,summer,weekday,65.13
2025-06-17 03:15:00,B003,56.6,250.31,True,,250.31,False,observed,2025-06-17,2025,6,17,168,3,15,1,Tuesday,True,False,summer,weekday,62.5775
2025-06-17 03:30:00,B003,57.1,237.75,True,,237.75,False,observed,2025-06-17,2025,6,17,168,3,30,1,Tuesday,True,False,summer,weekday,59.4375
2025-06-17 03:45:00,B003,57.7,227.46,True,,227.46,False,observed,2025-06-17,2025,6,17,168,3,45,1,Tuesday,True,False,summer,weekday,56.865
2025-06-17 04:00:00,B003,58.3,216.56,True,,216.56,False,observed,2025-06-17,2025,6,17,168,4,0,1,Tuesday,True,False,summer,weekday,54.14
2025-06-17 04:15:00,B003,59.0,202.91,True,,202.91,False,observed,2025-06-17,2025,6,17,168,4,15,1,Tuesday,True,False,summer,weekday,50.7275
2025-06-17 04:30:00,B003,59.7,201.36,True,,201.36,False,observed,2025-06-17,2025,6,17,168,4,30,1,Tuesday,True,False,summer,weekday,50.34
2025-06-17 04:45:00,B003,60.5,197.27,True,,197.27,False,observed,2025-06-17,2025,6,17,168,4,45,1,Tuesday,True,False,summer,weekday,49.3175
2025-06-17 05:00:00,B003,61.3,193.33,True,,193.33,False,observed,2025-06-17,2025,6,17,168,5,0,1,Tuesday,True,False,summer,weekday,48.3325
2025-06-17 05:15:00,B003,62.1,190.95,True,,190.95,False,observed,2025-06-17,2025,6,17,168,5,15,1,Tuesday,True,False,summer,weekday,47.7375
2025-06-17 05:30:00,B003,63.0,190.52,True,,190.52,False,observed,2025-06-17,2025,6,17,168,5,30,1,Tuesday,True,False,summer,weekday,47.63
2025-06-17 05:45:00,B003,63.9,180.49,True,,180.49,False,observed,2025-06-17,2025,6,17,168,5,45,1,Tuesday,True,False,summer,weekday,45.12250000000001
2025-06-17 06:00:00,B003,64.8,179.16,True,,179.16,False,observed,2025-06-17,2025,6,17,168,6,0,1,Tuesday,True,False,summer,weekday,44.79
2025-06-17 06:15:00,B003,65.8,188.88,True,,188.88,False,observed,2025-06-17,2025,6,17,168,6,15,1,Tuesday,True,False,summer,weekday,47.22
2025-06-17 06:30:00,B003,66.7,184.85,True,,184.85,False,observed,2025-06-17,2025,6,17,168,6,30,1,Tuesday,True,False,summer,weekday,46.2125
2025-06-17 06:45:00,B003,67.7,178.64,True,,178.64,False,observed,2025-06-17,2025,6,17,168,6,45,1,Tuesday,True,False,summer,weekday,44.66
2025-06-17 07:00:00,B003,68.7,179.81,True,,179.81,False,observed,2025-06-17,2025,6,17,168,7,0,1,Tuesday,True,False,summer,weekday,44.9525
2025-06-17 07:15:00,B003,69.7,179.68,True,,179.68,False,observed,2025-06-17,2025,6,17,168,7,15,1,Tuesday,True,False,summer,weekday,44.92
2025-06-17 07:30:00,B003,70.7,180.27,True,,180.27,False,observed,2025-06-17,2025,6,17,168,7,30,1,Tuesday,True,False,summer,weekday,45.0675
2025-06-17 07:45:00,B003,71.6,182.42,True,,182.42,False,observed,2025-06-17,2025,6,17,168,7,45,1,Tuesday,True,False,summer,weekday,45.605
2025-06-17 08:00:00,B003,72.6,192.71,True,,192.71,False,observed,2025-06-17,2025,6,17,168,8,0,1,Tuesday,True,False,summer,weekday,48.1775
2025-06-17 08:15:00,B003,73.5,180.96,True,,180.96,False,observed,2025-06-17,2025,6,17,168,8,15,1,Tuesday,True,False,summer,weekday,45.24
2025-06-17 08:30:00,B003,74.5,183.32,True,,183.32,False,observed,2025-06-17,2025,6,17,168,8,30,1,Tuesday,True,False,summer,weekday,45.83
2025-06-17 08:45:00,B003,75.4,171.57,True,,171.57,False,observed,2025-06-17,2025,6,17,168,8,45,1,Tuesday,True,False,summer,weekday,42.8925
2025-06-17 09:00:00,B003,76.3,177.58,True,,177.58,False,observed,2025-06-17,2025,6,17,168,9,0,1,Tuesday,True,False,summer,weekday,44.395
2025-06-17 09:15:00,B003,77.1,186.14,True,,186.14,False,observed,2025-06-17,2025,6,17,168,9,15,1,Tuesday,True,False,summer,weekday,46.535
2025-06-17 09:30:00,B003,78.0,182.01,True,,182.01,False,observed,2025-06-17,2025,6,17,168,9,30,1,Tuesday,True,False,summer,weekday,45.50249999999999
2025-06-17 09:45:00,B003,78.8,158.05,True,,158.05,False,observed,2025-06-17,2025,6,17,168,9,45,1,Tuesday,True,False,summer,weekday,39.5125
2025-06-17 10:00:00,B003,79.5,183.37,True,,183.37,False,observed,2025-06-17,2025,6,17,168,10,0,1,Tuesday,True,False,summer,weekday,45.8425
2025-06-17 10:15:00,B003,80.2,189.59,True,,189.59,False,observed,2025-06-17,2025,6,17,168,10,15,1,Tuesday,True,False,summer,weekday,47.3975
2025-06-17 10:30:00,B003,80.9,170.02,True,,170.02,False,observed,2025-06-17,2025,6,17,168,10,30,1,Tuesday,True,False,summer,weekday,42.505
2025-06-17 10:45:00,B003,81.5,187.6,True,,187.6,False,observed,2025-06-17,2025,6,17,168,10,45,1,Tuesday,True,False,summer,weekday,46.9
2025-06-17 11:00:00,B003,82.1,166.14,True,,166.14,False,observed,2025-06-17,2025,6,17,168,11,0,1,Tuesday,True,False,summer,weekday,41.535
2025-06-17 11:15:00,B003,82.6,184.69,True,,184.69,False,observed,2025-06-17,2025,6,17,168,11,15,1,Tuesday,True,False,summer,weekday,46.1725
2025-06-17 11:30:00,B003,83.0,179.96,True,,179.96,False,observed,2025-06-17,2025,6,17,168,11,30,1,Tuesday,True,False,summer,weekday,44.99
2025-06-17 11:45:00,B003,83.4,168.25,True,,168.25,False,observed,2025-06-17,2025,6,17,168,11,45,1,Tuesday,True,False,summer,weekday,42.0625
2025-06-17 12:00:00,B003,83.7,182.23,True,,182.23,False,observed,2025-06-17,2025,6,17,168,12,0,1,Tuesday,True,False,summer,weekday,45.5575
2025-06-17 12:15:00,B003,84.0,185.75,True,,185.75,False,observed,2025-06-17,2025,6,17,168,12,15,1,Tuesday,True,False,summer,weekday,46.4375
2025-06-17 12:30:00,B003,84.2,181.82,True,,181.82,False,observed,2025-06-17,2025,6,17,168,12,30,1,Tuesday,True,False,summer,weekday,45.455
2025-06-17 12:45:00,B003,84.4,182.92,True,,182.92,False,observed,2025-06-17,2025,6,17,168,12,45,1,Tuesday,True,False,summer,weekday,45.73
2025-06-17 13:00:00,B003,84.5,177.94,True,,177.94,False,observed,2025-06-17,2025,6,17,168,13,0,1,Tuesday,True,False,summer,weekday,44.485
2025-06-17 13:15:00,B003,84.5,170.69,True,,170.69,False,observed,2025-06-17,2025,6,17,168,13,15,1,Tuesday,True,False,summer,weekday,42.6725
2025-06-17 13:30:00,B003,84.4,183.46,True,,183.46,False,observed,2025-06-17,2025,6,17,168,13,30,1,Tuesday,True,False,summer,weekday,45.865
2025-06-17 13:45:00,B003,84.3,188.75,True,,188.75,False,observed,2025-06-17,2025,6,17,168,13,45,1,Tuesday,True,False,summer,weekday,47.1875
2025-06-17 14:00:00,B003,84.1,185.65,True,,185.65,False,observed,2025-06-17,2025,6,17,168,14,0,1,Tuesday,True,False,summer,weekday,46.4125
2025-06-17 14:15:00,B003,83.9,170.06,True,,170.06,False,observed,2025-06-17,2025,6,17,168,14,15,1,Tuesday,True,False,summer,weekday,42.515
2025-06-17 14:30:00,B003,83.6,172.43,True,,172.43,False,observed,2025-06-17,2025,6,17,168,14,30,1,Tuesday,True,False,summer,weekday,43.1075
2025-06-17 14:45:00,B003,83.3,175.77,True,,175.77,False,observed,2025-06-17,2025,6,17,168,14,45,1,Tuesday,True,False,summer,weekday,43.9425
2025-06-17 15:00:00,B003,82.8,172.04,True,,172.04,False,observed,2025-06-17,2025,6,17,168,15,0,1,Tuesday,True,False,summer,weekday,43.01
2025-06-17 15:15:00,B003,82.4,180.22,True,,180.22,False,observed,2025-06-17,2025,6,17,168,15,15,1,Tuesday,True,False,summer,weekday,45.055
2025-06-17 15:30:00,B003,81.8,181.97,True,,181.97,False,observed,2025-06-17,2025,6,17,168,15,30,1,Tuesday,True,False,summer,weekday,45.4925
2025-06-17 15:45:00,B003,81.3,172.85,True,,172.85,False,observed,2025-06-17,2025,6,17,168,15,45,1,Tuesday,True,False,summer,weekday,43.2125
2025-06-17 16:00:00,B003,80.6,183.89,True,,183.89,False,observed,2025-06-17,2025,6,17,168,16,0,1,Tuesday,True,False,summer,weekday,45.9725
2025-06-17 16:15:00,B003,79.9,183.01,True,,183.01,False,observed,2025-06-17,2025,6,17,168,16,15,1,Tuesday,True,False,summer,weekday,45.75249999999999
2025-06-17 16:30:00,B003,79.2,177.26,True,,177.26,False,observed,2025-06-17,2025,6,17,168,16,30,1,Tuesday,True,False,summer,weekday,44.31499999999999
2025-06-17 16:45:00,B003,78.4,179.14,True,,179.14,False,observed,2025-06-17,2025,6,17,168,16,45,1,Tuesday,True,False,summer,weekday,44.785
2025-06-17 17:00:00,B003,77.6,170.25,True,,170.25,False,observed,2025-06-17,2025,6,17,168,17,0,1,Tuesday,True,False,summer,weekday,42.5625
2025-06-17 17:15:00,B003,76.8,178.34,True,,178.34,False,observed,2025-06-17,2025,6,17,168,17,15,1,Tuesday,True,False,summer,weekday,44.585
2025-06-17 17:30:00,B003,75.9,180.04,True,,180.04,False,observed,2025-06-17,2025,6,17,168,17,30,1,Tuesday,True,False,summer,weekday,45.01
2025-06-17 17:45:00,B003,75.0,180.84,True,,180.84,False,observed,2025-06-17,2025,6,17,168,17,45,1,Tuesday,True,False,summer,weekday,45.21
2025-06-17 18:00:00,B003,74.1,181.89,True,,181.89,False,observed,2025-06-17,2025,6,17,168,18,0,1,Tuesday,True,False,summer,weekday,45.4725
2025-06-17 18:15:00,B003,73.2,181.22,True,,181.22,False,observed,2025-06-17,2025,6,17,168,18,15,1,Tuesday,True,False,summer,weekday,45.305
2025-06-17 18:30:00,B003,72.2,178.68,True,,178.68,False,observed,2025-06-17,2025,6,17,168,18,30,1,Tuesday,True,False,summer,weekday,44.67
2025-06-17 18:45:00,B003,71.2,181.43,True,,181.43,False,observed,2025-06-17,2025,6,17,168,18,45,1,Tuesday,True,False,summer,weekday,45.3575
2025-06-17 19:00:00,B003,70.3,185.01,True,,185.01,False,observed,2025-06-17,2025,6,17,168,19,0,1,Tuesday,True,False,summer,weekday,46.25249999999999
2025-06-17 19:15:00,B003,69.3,179.53,True,,179.53,False,observed,2025-06-17,2025,6,17,168,19,15,1,Tuesday,True,False,summer,weekday,44.8825
2025-06-17 19:30:00,B003,68.3,181.6,True,,181.6,False,observed,2025-06-17,2025,6,17,168,19,30,1,Tuesday,True,False,summer,weekday,45.4
2025-06-17 19:45:00,B003,67.3,179.08,True,,179.08,False,observed,2025-06-17,2025,6,17,168,19,45,1,Tuesday,True,False,summer,weekday,44.77
2025-06-17 20:00:00,B003,66.4,176.8,True,,176.8,False,observed,2025-06-17,2025,6,17,168,20,0,1,Tuesday,True,False,summer,weekday,44.2
2025-06-17 20:15:00,B003,65.4,182.67,True,,182.67,False,observed,2025-06-17,2025,6,17,168,20,15,1,Tuesday,True,False,summer,weekday,45.6675
2025-06-17 20:30:00,B003,64.5,177.33,True,,177.33,False,observed,2025-06-17,2025,6,17,168,20,30,1,Tuesday,True,False,summer,weekday,44.3325
2025-06-17 20:45:00,B003,63.6,182.13,True,,182.13,False,observed,2025-06-17,2025,6,17,168,20,45,1,Tuesday,True,False,summer,weekday,45.5325
2025-06-17 21:00:00,B003,62.7,180.49,True,,180.49,False,observed,2025-06-17,2025,6,17,168,21,0,1,Tuesday,True,False,summer,weekday,45.12250000000001
2025-06-17 21:15:00,B003,61.8,179.08,True,,179.08,False,observed,2025-06-17,2025,6,17,168,21,15,1,Tuesday,True,False,summer,weekday,44.77
2025-06-17 21:30:00,B003,61.0,179.36,True,,179.36,False,observed,2025-06-17,2025,6,17,168,21,30,1,Tuesday,True,False,summer,weekday,44.84
2025-06-17 21:45:00,B003,60.2,179.09,True,,179.09,False,observed,2025-06-17,2025,6,17,168,21,45,1,Tuesday,True,False,summer,weekday,44.7725
2025-06-17 22:00:00,B003,59.4,174.34,True,,174.34,False,observed,2025-06-17,2025,6,17,168,22,0,1,Tuesday,True,False,summer,weekday,43.585
2025-06-17 22:15:00,B003,58.7,185.87,True,,185.87,False,observed,2025-06-17,2025,6,17,168,22,15,1,Tuesday,True,False,summer,weekday,46.4675
2025-06-17 22:30:00,B003,58.1,187.07,True,,187.07,False,observed,2025-06-17,2025,6,17,168,22,30,1,Tuesday,True,False,summer,weekday,46.7675
2025-06-17 22:45:00,B003,57.5,192.86,True,,192.86,False,observed,2025-06-17,2025,6,17,168,22,45,1,Tuesday,True,False,summer,weekday,48.215
2025-06-17 23:00:00,B003,56.9,189.52,True,,189.52,False,observed,2025-06-17,2025,6,17,168,23,0,1,Tuesday,True,False,summer,weekday,47.38
2025-06-17 23:15:00,B003,56.4,206.24,True,,206.24,False,observed,2025-06-17,2025,6,17,168,23,15,1,Tuesday,True,False,summer,weekday,51.56000000000001
2025-06-17 23:30:00,B003,55.9,200.54,True,,200.54,False,observed,2025-06-17,2025,6,17,168,23,30,1,Tuesday,True,False,summer,weekday,50.135
2025-06-17 23:45:00,B003,55.5,204.84,True,,204.84,False,observed,2025-06-17,2025,6,17,168,23,45,1,Tuesday,True,False,summer,weekday,51.21
2025-06-18 00:00:00,B003,55.2,212.03,True,,212.03,False,observed,2025-06-18,2025,6,18,169,0,0,2,Wednesday,True,False,summer,weekday,53.0075
2025-06-18 00:15:00,B003,49.6,216.9,True,,216.9,False,observed,2025-06-18,2025,6,18,169,0,15,2,Wednesday,True,False,summer,weekday,54.225
2025-06-18 00:30:00,B003,49.4,242.25,True,,242.25,False,observed,2025-06-18,2025,6,18,169,0,30,2,Wednesday,True,False,summer,weekday,60.5625
2025-06-18 00:45:00,B003,49.3,250.45,True,,250.45,False,observed,2025-06-18,2025,6,18,169,0,45,2,Wednesday,True,False,summer,weekday,62.6125
2025-06-18 01:00:00,B003,49.2,255.07,True,,255.07,False,observed,2025-06-18,2025,6,18,169,1,0,2,Wednesday,True,False,summer,weekday,63.7675
2025-06-18 01:15:00,B003,49.2,254.94,True,,254.94,False,observed,2025-06-18,2025,6,18,169,1,15,2,Wednesday,True,False,summer,weekday,63.735
2025-06-18 01:30:00,B003,49.2,274.19,True,,274.19,False,observed,2025-06-18,2025,6,18,169,1,30,2,Wednesday,True,False,summer,weekday,68.5475
2025-06-18 01:45:00,B003,49.3,267.0,True,,267.0,False,observed,2025-06-18,2025,6,18,169,1,45,2,Wednesday,True,False,summer,weekday,66.75
2025-06-18 02:00:00,B003,49.5,268.65,True,,268.65,False,observed,2025-06-18,2025,6,18,169,2,0,2,Wednesday,True,False,summer,weekday,67.1625
2025-06-18 02:15:00,B003,49.7,275.94,True,,275.94,False,observed,2025-06-18,2025,6,18,169,2,15,2,Wednesday,True,False,summer,weekday,68.985
2025-06-18 02:30:00,B003,50.0,268.43,True,,268.43,False,observed,2025-06-18,2025,6,18,169,2,30,2,Wednesday,True,False,summer,weekday,67.1075
2025-06-18 02:45:00,B003,50.4,270.43,True,,270.43,False,observed,2025-06-18,2025,6,18,169,2,45,2,Wednesday,True,False,summer,weekday,67.6075
2025-06-18 03:00:00,B003,50.8,253.31,True,,253.31,False,observed,2025-06-18,2025,6,18,169,3,0,2,Wednesday,True,False,summer,weekday,63.3275
2025-06-18 03:15:00,B003,51.3,241.61,True,,241.61,False,observed,2025-06-18,2025,6,18,169,3,15,2,Wednesday,True,False,summer,weekday,60.4025
2025-06-18 03:30:00,B003,51.8,231.53,True,,231.53,False,observed,2025-06-18,2025,6,18,169,3,30,2,Wednesday,True,False,summer,weekday,57.8825
2025-06-18 03:45:00,B003,52.4,216.34,True,,216.34,False,observed,2025-06-18,2025,6,18,169,3,45,2,Wednesday,True,False,summer,weekday,54.085
2025-06-18 04:00:00,B003,53.0,215.61,True,,215.61,False,observed,2025-06-18,2025,6,18,169,4,0,2,Wednesday,True,False,summer,weekday,53.9025
2025-06-18 04:15:00,B003,53.7,214.94,True,,214.94,False,observed,2025-06-18,2025,6,18,169,4,15,2,Wednesday,True,False,summer,weekday,53.735
2025-06-18 04:30:00,B003,54.4,205.44,True,,205.44,False,observed,2025-06-18,2025,6,18,169,4,30,2,Wednesday,True,False,summer,weekday,51.36
2025-06-18 04:45:00,B003,55.2,196.87,True,,196.87,False,observed,2025-06-18,2025,6,18,169,4,45,2,Wednesday,True,False,summer,weekday,49.2175
2025-06-18 05:00:00,B003,56.0,187.21,True,,187.21,False,observed,2025-06-18,2025,6,18,169,5,0,2,Wednesday,True,False,summer,weekday,46.8025
2025-06-18 05:15:00,B003,56.8,189.74,True,,189.74,False,observed,2025-06-18,2025,6,18,169,5,15,2,Wednesday,True,False,summer,weekday,47.43500000000001
2025-06-18 05:30:00,B003,57.7,190.98,True,,190.98,False,observed,2025-06-18,2025,6,18,169,5,30,2,Wednesday,True,False,summer,weekday,47.745
2025-06-18 05:45:00,B003,58.6,186.11,True,,186.11,False,observed,2025-06-18,2025,6,18,169,5,45,2,Wednesday,True,False,summer,weekday,46.5275
2025-06-18 06:00:00,B003,59.5,183.4,True,,183.4,False,observed,2025-06-18,2025,6,18,169,6,0,2,Wednesday,True,False,summer,weekday,45.85
2025-06-18 06:15:00,B003,60.5,177.64,True,,177.64,False,observed,2025-06-18,2025,6,18,169,6,15,2,Wednesday,True,False,summer,weekday,44.41
2025-06-18 06:30:00,B003,61.4,185.34,True,,185.34,False,observed,2025-06-18,2025,6,18,169,6,30,2,Wednesday,True,False,summer,weekday,46.335
2025-06-18 06:45:00,B003,62.4,164.94,True,,164.94,False,observed,2025-06-18,2025,6,18,169,6,45,2,Wednesday,True,False,summer,weekday,41.235
2025-06-18 07:00:00,B003,63.4,182.26,True,,182.26,False,observed,2025-06-18,2025,6,18,169,7,0,2,Wednesday,True,False,summer,weekday,45.56499999999999
2025-06-18 07:15:00,B003,64.4,193.05,True,,193.05,False,observed,2025-06-18,2025,6,18,169,7,15,2,Wednesday,True,False,summer,weekday,48.2625
2025-06-18 07:30:00,B003,65.3,172.57,True,,172.57,False,observed,2025-06-18,2025,6,18,169,7,30,2,Wednesday,True,False,summer,weekday,43.1425
2025-06-18 07:45:00,B003,66.3,178.85,True,,178.85,False,observed,2025-06-18,2025,6,18,169,7,45,2,Wednesday,True,False,summer,weekday,44.7125
2025-06-18 08:00:00,B003,67.3,179.99,True,,179.99,False,observed,2025-06-18,2025,6,18,169,8,0,2,Wednesday,True,False,summer,weekday,44.99750000000001
2025-06-18 08:15:00,B003,68.2,177.7,True,,177.7,False,observed,2025-06-18,2025,6,18,169,8,15,2,Wednesday,True,False,summer,weekday,44.425
2025-06-18 08:30:00,B003,69.2,185.19,True,,185.19,False,observed,2025-06-18,2025,6,18,169,8,30,2,Wednesday,True,False,summer,weekday,46.2975
2025-06-18 08:45:00,B003,70.1,182.37,True,,182.37,False,observed,2025-06-18,2025,6,18,169,8,45,2,Wednesday,True,False,summer,weekday,45.5925
2025-06-18 09:00:00,B003,71.0,180.76,True,,180.76,False,observed,2025-06-18,2025,6,18,169,9,0,2,Wednesday,True,False,summer,weekday,45.18999999999999
2025-06-18 09:15:00,B003,71.8,183.99,True,,183.99,False,observed,2025-06-18,2025,6,18,169,9,15,2,Wednesday,True,False,summer,weekday,45.99750000000001
2025-06-18 09:30:00,B003,72.7,180.08,True,,180.08,False,observed,2025-06-18,2025,6,18,169,9,30,2,Wednesday,True,False,summer,weekday,45.02
2025-06-18 09:45:00,B003,73.5,195.9,True,,195.9,False,observed,2025-06-18,2025,6,18,169,9,45,2,Wednesday,True,False,summer,weekday,48.975
2025-06-18 10:00:00,B003,74.2,180.76,True,,180.76,False,observed,2025-06-18,2025,6,18,169,10,0,2,Wednesday,True,False,summer,weekday,45.18999999999999
2025-06-18 10:15:00,B003,74.9,180.98,True,,180.98,False,observed,2025-06-18,2025,6,18,169,10,15,2,Wednesday,True,False,summer,weekday,45.245
2025-06-18 10:30:00,B003,75.6,171.45,True,,171.45,False,observed,2025-06-18,2025,6,18,169,10,30,2,Wednesday,True,False,summer,weekday,42.8625
2025-06-18 10:45:00,B003,76.2,177.28,True,,177.28,False,observed,2025-06-18,2025,6,18,169,10,45,2,Wednesday,True,False,summer,weekday,44.32
2025-06-18 11:00:00,B003,76.7,185.74,True,,185.74,False,observed,2025-06-18,2025,6,18,169,11,0,2,Wednesday,True,False,summer,weekday,46.43500000000001
2025-06-18 11:15:00,B003,77.3,173.32,True,,173.32,False,observed,2025-06-18,2025,6,18,169,11,15,2,Wednesday,True,False,summer,weekday,43.33
2025-06-18 11:30:00,B003,77.7,169.21,True,,169.21,False,observed,2025-06-18,2025,6,18,169,11,30,2,Wednesday,True,False,summer,weekday,42.3025
2025-06-18 11:45:00,B003,78.1,180.16,True,,180.16,False,observed,2025-06-18,2025,6,18,169,11,45,2,Wednesday,True,False,summer,weekday,45.04
2025-06-18 12:00:00,B003,78.4,186.85,True,,186.85,False,observed,2025-06-18,2025,6,18,169,12,0,2,Wednesday,True,False,summer,weekday,46.7125
2025-06-18 12:15:00,B003,78.7,180.21,True,,180.21,False,observed,2025-06-18,2025,6,18,169,12,15,2,Wednesday,True,False,summer,weekday,45.0525
2025-06-18 12:30:00,B003,78.9,178.32,True,,178.32,False,observed,2025-06-18,2025,6,18,169,12,30,2,Wednesday,True,False,summer,weekday,44.58
2025-06-18 12:45:00,B003,79.1,170.71,True,,170.71,False,observed,2025-06-18,2025,6,18,169,12,45,2,Wednesday,True,False,summer,weekday,42.6775
2025-06-18 13:00:00,B003,79.1,182.26,True,,182.26,False,observed,2025-06-18,2025,6,18,169,13,0,2,Wednesday,True,False,summer,weekday,45.56499999999999
2025-06-18 13:15:00,B003,79.2,183.31,True,,183.31,False,observed,2025-06-18,2025,6,18,169,13,15,2,Wednesday,True,False,summer,weekday,45.8275
2025-06-18 13:30:00,B003,79.1,171.09,True,,171.09,False,observed,2025-06-18,2025,6,18,169,13,30,2,Wednesday,True,False,summer,weekday,42.7725
2025-06-18 13:45:00,B003,79.0,185.67,True,,185.67,False,observed,2025-06-18,2025,6,18,169,13,45,2,Wednesday,True,False,summer,weekday,46.4175
2025-06-18 14:00:00,B003,78.8,183.83,True,,183.83,False,observed,2025-06-18,2025,6,18,169,14,0,2,Wednesday,True,False,summer,weekday,45.9575
2025-06-18 14:15:00,B003,78.6,185.66,True,,185.66,False,observed,2025-06-18,2025,6,18,169,14,15,2,Wednesday,True,False,summer,weekday,46.415
2025-06-18 14:30:00,B003,78.3,182.92,True,,182.92,False,observed,2025-06-18,2025,6,18,169,14,30,2,Wednesday,True,False,summer,weekday,45.73
2025-06-18 14:45:00,B003,77.9,183.27,True,,183.27,False,observed,2025-06-18,2025,6,18,169,14,45,2,Wednesday,True,False,summer,weekday,45.8175
2025-06-18 15:00:00,B003,77.5,182.6,True,,182.6,False,observed,2025-06-18,2025,6,18,169,15,0,2,Wednesday,True,False,summer,weekday,45.65
2025-06-18 15:15:00,B003,77.1,184.34,True,,184.34,False,observed,2025-06-18,2025,6,18,169,15,15,2,Wednesday,True,False,summer,weekday,46.085
2025-06-18 15:30:00,B003,76.5,170.91,True,,170.91,False,observed,2025-06-18,2025,6,18,169,15,30,2,Wednesday,True,False,summer,weekday,42.7275
2025-06-18 15:45:00,B003,75.9,172.49,True,,172.49,False,observed,2025-06-18,2025,6,18,169,15,45,2,Wednesday,True,False,summer,weekday,43.12250000000001
2025-06-18 16:00:00,B003,75.3,176.32,True,,176.32,False,observed,2025-06-18,2025,6,18,169,16,0,2,Wednesday,True,False,summer,weekday,44.08
2025-06-18 16:15:00,B003,74.6,179.35,True,,179.35,False,observed,2025-06-18,2025,6,18,169,16,15,2,Wednesday,True,False,summer,weekday,44.8375
2025-06-18 16:30:00,B003,73.9,181.94,True,,181.94,False,observed,2025-06-18,2025,6,18,169,16,30,2,Wednesday,True,False,summer,weekday,45.485
2025-06-18 16:45:00,B003,73.1,181.62,True,,181.62,False,observed,2025-06-18,2025,6,18,169,16,45,2,Wednesday,True,False,summer,weekday,45.405
2025-06-18 17:00:00,B003,72.3,185.59,True,,185.59,False,observed,2025-06-18,2025,6,18,169,17,0,2,Wednesday,True,False,summer,weekday,46.3975
2025-06-18 17:15:00,B003,71.5,185.74,True,,185.74,False,observed,2025-06-18,2025,6,18,169,17,15,2,Wednesday,True,False,summer,weekday,46.43500000000001
2025-06-18 17:30:00,B003,70.6,175.64,True,,175.64,False,observed,2025-06-18,2025,6,18,169,17,30,2,Wednesday,True,False,summer,weekday,43.91
2025-06-18 17:45:00,B003,69.7,181.19,True,,181.19,False,observed,2025-06-18,2025,6,18,169,17,45,2,Wednesday,True,False,summer,weekday,45.2975
2025-06-18 18:00:00,B003,68.8,175.76,True,,175.76,False,observed,2025-06-18,2025,6,18,169,18,0,2,Wednesday,True,False,summer,weekday,43.93999999999999
2025-06-18 18:15:00,B003,67.9,179.06,True,,179.06,False,observed,2025-06-18,2025,6,18,169,18,15,2,Wednesday,True,False,summer,weekday,44.765
2025-06-18 18:30:00,B003,66.9,181.61,True,,181.61,False,observed,2025-06-18,2025,6,18,169,18,30,2,Wednesday,True,False,summer,weekday,45.4025
2025-06-18 18:45:00,B003,65.9,162.96,True,,162.96,False,observed,2025-06-18,2025,6,18,169,18,45,2,Wednesday,True,False,summer,weekday,40.74
2025-06-18 19:00:00,B003,64.9,192.06,True,,192.06,False,observed,2025-06-18,2025,6,18,169,19,0,2,Wednesday,True,False,summer,weekday,48.015
2025-06-18 19:15:00,B003,64.0,182.84,True,,182.84,False,observed,2025-06-18,2025,6,18,169,19,15,2,Wednesday,True,False,summer,weekday,45.71
2025-06-18 19:30:00,B003,63.0,177.03,True,,177.03,False,observed,2025-06-18,2025,6,18,169,19,30,2,Wednesday,True,False,summer,weekday,44.2575
2025-06-18 19:45:00,B003,62.0,189.65,True,,189.65,False,observed,2025-06-18,2025,6,18,169,19,45,2,Wednesday,True,False,summer,weekday,47.4125
2025-06-18 20:00:00,B003,61.0,178.29,True,,178.29,False,observed,2025-06-18,2025,6,18,169,20,0,2,Wednesday,True,False,summer,weekday,44.5725
2025-06-18 20:15:00,B003,60.1,180.72,True,,180.72,False,observed,2025-06-18,2025,6,18,169,20,15,2,Wednesday,True,False,summer,weekday,45.18
2025-06-18 20:30:00,B003,59.2,177.67,True,,177.67,False,observed,2025-06-18,2025,6,18,169,20,30,2,Wednesday,True,False,summer,weekday,44.4175
2025-06-18 20:45:00,B003,58.2,188.46,True,,188.46,False,observed,2025-06-18,2025,6,18,169,20,45,2,Wednesday,True,False,summer,weekday,47.115
2025-06-18 21:00:00,B003,57.4,179.82,True,,179.82,False,observed,2025-06-18,2025,6,18,169,21,0,2,Wednesday,True,False,summer,weekday,44.955
2025-06-18 21:15:00,B003,56.5,181.35,True,,181.35,False,observed,2025-06-18,2025,6,18,169,21,15,2,Wednesday,True,False,summer,weekday,45.3375
2025-06-18 21:30:00,B003,55.7,187.02,True,,187.02,False,observed,2025-06-18,2025,6,18,169,21,30,2,Wednesday,True,False,summer,weekday,46.755
2025-06-18 21:45:00,B003,54.9,184.55,True,,184.55,False,observed,2025-06-18,2025,6,18,169,21,45,2,Wednesday,True,False,summer,weekday,46.1375
2025-06-18 22:00:00,B003,54.1,182.3,True,,182.3,False,observed,2025-06-18,2025,6,18,169,22,0,2,Wednesday,True,False,summer,weekday,45.575
2025-06-18 22:15:00,B003,53.4,189.51,True,,189.51,False,observed,2025-06-18,2025,6,18,169,22,15,2,Wednesday,True,False,summer,weekday,47.37749999999999
2025-06-18 22:30:00,B003,52.8,198.61,True,,198.61,False,observed,2025-06-18,2025,6,18,169,22,30,2,Wednesday,True,False,summer,weekday,49.6525
2025-06-18 22:45:00,B003,52.1,190.19,True,,190.19,False,observed,2025-06-18,2025,6,18,169,22,45,2,Wednesday,True,False,summer,weekday,47.5475
2025-06-18 23:00:00,B003,51.6,192.76,True,,192.76,False,observed,2025-06-18,2025,6,18,169,23,0,2,Wednesday,True,False,summer,weekday,48.18999999999999
2025-06-18 23:15:00,B003,51.1,197.62,True,,197.62,False,observed,2025-06-18,2025,6,18,169,23,15,2,Wednesday,True,False,summer,weekday,49.405
2025-06-18 23:30:00,B003,50.6,208.99,True,,208.99,False,observed,2025-06-18,2025,6,18,169,23,30,2,Wednesday,True,False,summer,weekday,52.24750000000001
2025-06-18 23:45:00,B003,50.2,206.22,True,,206.22,False,observed,2025-06-18,2025,6,18,169,23,45,2,Wednesday,True,False,summer,weekday,51.555
2025-06-19 00:00:00,B003,49.9,215.61,True,,215.61,False,observed,2025-06-19,2025,6,19,170,0,0,3,Thursday,True,False,summer,holiday,53.9025
2025-06-19 00:15:00,B003,57.0,217.88,True,,217.88,False,observed,2025-06-19,2025,6,19,170,0,15,3,Thursday,True,False,summer,holiday,54.47
2025-06-19 00:30:00,B003,56.8,228.67,True,,228.67,False,observed,2025-06-19,2025,6,19,170,0,30,3,Thursday,True,False,summer,holiday,57.1675
2025-06-19 00:45:00,B003,56.6,241.01,True,,241.01,False,observed,2025-06-19,2025,6,19,170,0,45,3,Thursday,True,False,summer,holiday,60.25249999999999
2025-06-19 01:00:00,B003,56.5,251.79,True,,251.79,False,observed,2025-06-19,2025,6,19,170,1,0,3,Thursday,True,False,summer,holiday,62.9475
2025-06-19 01:15:00,B003,56.5,268.27,True,,268.27,False,observed,2025-06-19,2025,6,19,170,1,15,3,Thursday,True,False,summer,holiday,67.0675
2025-06-19 01:30:00,B003,56.6,267.82,True,,267.82,False,observed,2025-06-19,2025,6,19,170,1,30,3,Thursday,True,False,summer,holiday,66.955
2025-06-19 01:45:00,B003,56.7,264.2,True,,264.2,False,observed,2025-06-19,2025,6,19,170,1,45,3,Thursday,True,False,summer,holiday,66.05
2025-06-19 02:00:00,B003,56.8,266.36,True,,266.36,False,observed,2025-06-19,2025,6,19,170,2,0,3,Thursday,True,False,summer,holiday,66.59
2025-06-19 02:15:00,B003,57.1,275.63,True,,275.63,False,observed,2025-06-19,2025,6,19,170,2,15,3,Thursday,True,False,summer,holiday,68.9075
2025-06-19 02:30:00,B003,57.4,270.77,True,,270.77,False,observed,2025-06-19,2025,6,19,170,2,30,3,Thursday,True,False,summer,holiday,67.6925
2025-06-19 02:45:00,B003,57.7,259.57,True,,259.57,False,observed,2025-06-19,2025,6,19,170,2,45,3,Thursday,True,False,summer,holiday,64.8925
2025-06-19 03:00:00,B003,58.1,249.85,True,,249.85,False,observed,2025-06-19,2025,6,19,170,3,0,3,Thursday,True,False,summer,holiday,62.4625
2025-06-19 03:15:00,B003,58.6,249.22,True,,249.22,False,observed,2025-06-19,2025,6,19,170,3,15,3,Thursday,True,False,summer,holiday,62.305
2025-06-19 03:30:00,B003,59.2,229.62,True,,229.62,False,observed,2025-06-19,2025,6,19,170,3,30,3,Thursday,True,False,summer,holiday,57.405
2025-06-19 03:45:00,B003,59.7,227.53,True,,227.53,False,observed,2025-06-19,2025,6,19,170,3,45,3,Thursday,True,False,summer,holiday,56.8825
2025-06-19 04:00:00,B003,60.4,228.36,True,,228.36,False,observed,2025-06-19,2025,6,19,170,4,0,3,Thursday,True,False,summer,holiday,57.09
2025-06-19 04:15:00,B003,61.0,210.25,True,,210.25,False,observed,2025-06-19,2025,6,19,170,4,15,3,Thursday,True,False,summer,holiday,52.5625
2025-06-19 04:30:00,B003,61.8,198.56,True,,198.56,False,observed,2025-06-19,2025,6,19,170,4,30,3,Thursday,True,False,summer,holiday,49.64
2025-06-19 04:45:00,B003,62.5,198.82,True,,198.82,False,observed,2025-06-19,2025,6,19,170,4,45,3,Thursday,True,False,summer,holiday,49.705
2025-06-19 05:00:00,B003,63.3,189.83,True,,189.83,False,observed,2025-06-19,2025,6,19,170,5,0,3,Thursday,True,False,summer,holiday,47.4575
2025-06-19 05:15:00,B003,64.2,181.64,True,,181.64,False,observed,2025-06-19,2025,6,19,170,5,15,3,Thursday,True,False,summer,holiday,45.41
2025-06-19 05:30:00,B003,65.1,189.42,True,,189.42,False,observed,2025-06-19,2025,6,19,170,5,30,3,Thursday,True,False,summer,holiday,47.355
2025-06-19 05:45:00,B003,66.0,189.54,True,,189.54,False,observed,2025-06-19,2025,6,19,170,5,45,3,Thursday,True,False,summer,holiday,47.385
2025-06-19 06:00:00,B003,66.9,181.02,True,,181.02,False,observed,2025-06-19,2025,6,19,170,6,0,3,Thursday,True,False,summer,holiday,45.255
2025-06-19 06:15:00,B003,67.8,179.74,True,,179.74,False,observed,2025-06-19,2025,6,19,170,6,15,3,Thursday,True,False,summer,holiday,44.93500000000001
2025-06-19 06:30:00,B003,68.8,176.19,True,,176.19,False,observed,2025-06-19,2025,6,19,170,6,30,3,Thursday,True,False,summer,holiday,44.0475
2025-06-19 06:45:00,B003,69.8,179.85,True,,179.85,False,observed,2025-06-19,2025,6,19,170,6,45,3,Thursday,True,False,summer,holiday,44.9625
2025-06-19 07:00:00,B003,70.7,177.54,True,,177.54,False,observed,2025-06-19,2025,6,19,170,7,0,3,Thursday,True,False,summer,holiday,44.385
2025-06-19 07:15:00,B003,71.7,175.14,True,,175.14,False,observed,2025-06-19,2025,6,19,170,7,15,3,Thursday,True,False,summer,holiday,43.785
2025-06-19 07:30:00,B003,72.7,189.57,True,,189.57,False,observed,2025-06-19,2025,6,19,170,7,30,3,Thursday,True,False,summer,holiday,47.3925
2025-06-19 07:45:00,B003,73.7,182.39,True,,182.39,False,observed,2025-06-19,2025,6,19,170,7,45,3,Thursday,True,False,summer,holiday,45.5975
2025-06-19 08:00:00,B003,74.6,182.89,True,,182.89,False,observed,2025-06-19,2025,6,19,170,8,0,3,Thursday,True,False,summer,holiday,45.7225
2025-06-19 08:15:00,B003,75.6,184.43,True,,184.43,False,observed,2025-06-19,2025,6,19,170,8,15,3,Thursday,True,False,summer,holiday,46.1075
2025-06-19 08:30:00,B003,76.5,183.86,True,,183.86,False,observed,2025-06-19,2025,6,19,170,8,30,3,Thursday,True,False,summer,holiday,45.965
2025-06-19 08:45:00,B003,77.4,177.94,True,,177.94,False,observed,2025-06-19,2025,6,19,170,8,45,3,Thursday,True,False,summer,holiday,44.485
2025-06-19 09:00:00,B003,78.3,181.36,True,,181.36,False,observed,2025-06-19,2025,6,19,170,9,0,3,Thursday,True,False,summer,holiday,45.34
2025-06-19 09:15:00,B003,79.2,178.66,True,,178.66,False,observed,2025-06-19,2025,6,19,170,9,15,3,Thursday,True,False,summer,holiday,44.665
2025-06-19 09:30:00,B003,80.0,182.19,True,,182.19,False,observed,2025-06-19,2025,6,19,170,9,30,3,Thursday,True,False,summer,holiday,45.5475
2025-06-19 09:45:00,B003,80.8,181.71,True,,181.71,False,observed,2025-06-19,2025,6,19,170,9,45,3,Thursday,True,False,summer,holiday,45.4275
2025-06-19 10:00:00,B003,81.6,178.09,True,,178.09,False,observed,2025-06-19,2025,6,19,170,10,0,3,Thursday,True,False,summer,holiday,44.5225
2025-06-19 10:15:00,B003,82.3,173.35,True,,173.35,False,observed,2025-06-19,2025,6,19,170,10,15,3,Thursday,True,False,summer,holiday,43.3375
2025-06-19 10:30:00,B003,82.9,180.73,True,,180.73,False,observed,2025-06-19,2025,6,19,170,10,30,3,Thursday,True,False,summer,holiday,45.1825
2025-06-19 10:45:00,B003,83.5,178.98,True,,178.98,False,observed,2025-06-19,2025,6,19,170,10,45,3,Thursday,True,False,summer,holiday,44.745
2025-06-19 11:00:00,B003,84.1,170.55,True,,170.55,False,observed,2025-06-19,2025,6,19,170,11,0,3,Thursday,True,False,summer,holiday,42.6375
2025-06-19 11:15:00,B003,84.6,182.54,True,,182.54,False,observed,2025-06-19,2025,6,19,170,11,15,3,Thursday,True,False,summer,holiday,45.635
2025-06-19 11:30:00,B003,85.1,184.83,True,,184.83,False,observed,2025-06-19,2025,6,19,170,11,30,3,Thursday,True,False,summer,holiday,46.2075
2025-06-19 11:45:00,B003,85.4,192.64,True,,192.64,False,observed,2025-06-19,2025,6,19,170,11,45,3,Thursday,True,False,summer,holiday,48.16
2025-06-19 12:00:00,B003,85.8,178.04,True,,178.04,False,observed,2025-06-19,2025,6,19,170,12,0,3,Thursday,True,False,summer,holiday,44.51
2025-06-19 12:15:00,B003,86.1,177.31,True,,177.31,False,observed,2025-06-19,2025,6,19,170,12,15,3,Thursday,True,False,summer,holiday,44.3275
2025-06-19 12:30:00,B003,86.3,174.45,True,,174.45,False,observed,2025-06-19,2025,6,19,170,12,30,3,Thursday,True,False,summer,holiday,43.6125
2025-06-19 12:45:00,B003,86.4,181.04,True,,181.04,False,observed,2025-06-19,2025,6,19,170,12,45,3,Thursday,True,False,summer,holiday,45.26
2025-06-19 13:00:00,B003,86.5,181.01,True,,181.01,False,observed,2025-06-19,2025,6,19,170,13,0,3,Thursday,True,False,summer,holiday,45.25249999999999
2025-06-19 13:15:00,B003,86.5,175.94,True,,175.94,False,observed,2025-06-19,2025,6,19,170,13,15,3,Thursday,True,False,summer,holiday,43.985
2025-06-19 13:30:00,B003,86.5,179.13,True,,179.13,False,observed,2025-06-19,2025,6,19,170,13,30,3,Thursday,True,False,summer,holiday,44.7825
2025-06-19 13:45:00,B003,86.4,170.11,True,,170.11,False,observed,2025-06-19,2025,6,19,170,13,45,3,Thursday,True,False,summer,holiday,42.5275
2025-06-19 14:00:00,B003,86.2,184.63,True,,184.63,False,observed,2025-06-19,2025,6,19,170,14,0,3,Thursday,True,False,summer,holiday,46.1575
2025-06-19 14:15:00,B003,86.0,176.15,True,,176.15,False,observed,2025-06-19,2025,6,19,170,14,15,3,Thursday,True,False,summer,holiday,44.0375
2025-06-19 14:30:00,B003,85.7,179.83,True,,179.83,False,observed,2025-06-19,2025,6,19,170,14,30,3,Thursday,True,False,summer,holiday,44.9575
2025-06-19 14:45:00,B003,85.3,172.87,True,,172.87,False,observed,2025-06-19,2025,6,19,170,14,45,3,Thursday,True,False,summer,holiday,43.2175
2025-06-19 15:00:00,B003,84.9,177.09,True,,177.09,False,observed,2025-06-19,2025,6,19,170,15,0,3,Thursday,True,False,summer,holiday,44.2725
2025-06-19 15:15:00,B003,84.4,178.6,True,,178.6,False,observed,2025-06-19,2025,6,19,170,15,15,3,Thursday,True,False,summer,holiday,44.65
2025-06-19 15:30:00,B003,83.9,179.94,True,,179.94,False,observed,2025-06-19,2025,6,19,170,15,30,3,Thursday,True,False,summer,holiday,44.985
2025-06-19 15:45:00,B003,83.3,182.4,True,,182.4,False,observed,2025-06-19,2025,6,19,170,15,45,3,Thursday,True,False,summer,holiday,45.6
2025-06-19 16:00:00,B003,82.7,187.2,True,,187.2,False,observed,2025-06-19,2025,6,19,170,16,0,3,Thursday,True,False,summer,holiday,46.8
2025-06-19 16:15:00,B003,82.0,183.66,True,,183.66,False,observed,2025-06-19,2025,6,19,170,16,15,3,Thursday,True,False,summer,holiday,45.915
2025-06-19 16:30:00,B003,81.3,184.81,True,,184.81,False,observed,2025-06-19,2025,6,19,170,16,30,3,Thursday,True,False,summer,holiday,46.2025
2025-06-19 16:45:00,B003,80.5,187.23,True,,187.23,False,observed,2025-06-19,2025,6,19,170,16,45,3,Thursday,True,False,summer,holiday,46.8075
2025-06-19 17:00:00,B003,79.7,182.85,True,,182.85,False,observed,2025-06-19,2025,6,19,170,17,0,3,Thursday,True,False,summer,holiday,45.7125
2025-06-19 17:15:00,B003,78.8,179.82,True,,179.82,False,observed,2025-06-19,2025,6,19,170,17,15,3,Thursday,True,False,summer,holiday,44.955
2025-06-19 17:30:00,B003,78.0,185.05,True,,185.05,False,observed,2025-06-19,2025,6,19,170,17,30,3,Thursday,True,False,summer,holiday,46.2625
2025-06-19 17:45:00,B003,77.1,185.37,True,,185.37,False,observed,2025-06-19,2025,6,19,170,17,45,3,Thursday,True,False,summer,holiday,46.3425
2025-06-19 18:00:00,B003,76.1,183.24,True,,183.24,False,observed,2025-06-19,2025,6,19,170,18,0,3,Thursday,True,False,summer,holiday,45.81000000000001
2025-06-19 18:15:00,B003,75.2,172.73,True,,172.73,False,observed,2025-06-19,2025,6,19,170,18,15,3,Thursday,True,False,summer,holiday,43.1825
2025-06-19 18:30:00,B003,74.2,175.79,True,,175.79,False,observed,2025-06-19,2025,6,19,170,18,30,3,Thursday,True,False,summer,holiday,43.9475
2025-06-19 18:45:00,B003,73.3,178.63,True,,178.63,False,observed,2025-06-19,2025,6,19,170,18,45,3,Thursday,True,False,summer,holiday,44.6575
2025-06-19 19:00:00,B003,72.3,183.9,True,,183.9,False,observed,2025-06-19,2025,6,19,170,19,0,3,Thursday,True,False,summer,holiday,45.975
2025-06-19 19:15:00,B003,71.3,179.9,True,,179.9,False,observed,2025-06-19,2025,6,19,170,19,15,3,Thursday,True,False,summer,holiday,44.975
2025-06-19 19:30:00,B003,70.3,185.69,True,,185.69,False,observed,2025-06-19,2025,6,19,170,19,30,3,Thursday,True,False,summer,holiday,46.4225
2025-06-19 19:45:00,B003,69.4,186.59,True,,186.59,False,observed,2025-06-19,2025,6,19,170,19,45,3,Thursday,True,False,summer,holiday,46.6475
2025-06-19 20:00:00,B003,68.4,186.03,True,,186.03,False,observed,2025-06-19,2025,6,19,170,20,0,3,Thursday,True,False,summer,holiday,46.5075
2025-06-19 20:15:00,B003,67.4,186.09,True,,186.09,False,observed,2025-06-19,2025,6,19,170,20,15,3,Thursday,True,False,summer,holiday,46.5225
2025-06-19 20:30:00,B003,66.5,174.92,True,,174.92,False,observed,2025-06-19,2025,6,19,170,20,30,3,Thursday,True,False,summer,holiday,43.73
2025-06-19 20:45:00,B003,65.6,182.61,True,,182.61,False,observed,2025-06-19,2025,6,19,170,20,45,3,Thursday,True,False,summer,holiday,45.6525
2025-06-19 21:00:00,B003,64.7,177.31,True,,177.31,False,observed,2025-06-19,2025,6,19,170,21,0,3,Thursday,True,False,summer,holiday,44.3275
2025-06-19 21:15:00,B003,63.8,172.35,True,,172.35,False,observed,2025-06-19,2025,6,19,170,21,15,3,Thursday,True,False,summer,holiday,43.0875
2025-06-19 21:30:00,B003,63.0,179.56,True,,179.56,False,observed,2025-06-19,2025,6,19,170,21,30,3,Thursday,True,False,summer,holiday,44.89
2025-06-19 21:45:00,B003,62.2,188.25,True,,188.25,False,observed,2025-06-19,2025,6,19,170,21,45,3,Thursday,True,False,summer,holiday,47.0625
2025-06-19 22:00:00,B003,61.5,184.87,True,,184.87,False,observed,2025-06-19,2025,6,19,170,22,0,3,Thursday,True,False,summer,holiday,46.2175
2025-06-19 22:15:00,B003,60.8,194.04,True,,194.04,False,observed,2025-06-19,2025,6,19,170,22,15,3,Thursday,True,False,summer,holiday,48.51
2025-06-19 22:30:00,B003,60.1,186.8,True,,186.8,False,observed,2025-06-19,2025,6,19,170,22,30,3,Thursday,True,False,summer,holiday,46.7
2025-06-19 22:45:00,B003,59.5,200.85,True,,200.85,False,observed,2025-06-19,2025,6,19,170,22,45,3,Thursday,True,False,summer,holiday,50.2125
2025-06-19 23:00:00,B003,58.9,193.07,True,,193.07,False,observed,2025-06-19,2025,6,19,170,23,0,3,Thursday,True,False,summer,holiday,48.2675
2025-06-19 23:15:00,B003,58.4,196.88,True,,196.88,False,observed,2025-06-19,2025,6,19,170,23,15,3,Thursday,True,False,summer,holiday,49.22
2025-06-19 23:30:00,B003,58.0,196.04,True,,196.04,False,observed,2025-06-19,2025,6,19,170,23,30,3,Thursday,True,False,summer,holiday,49.01
2025-06-19 23:45:00,B003,57.6,214.77,True,,214.77,False,observed,2025-06-19,2025,6,19,170,23,45,3,Thursday,True,False,summer,holiday,53.6925
2025-06-20 00:00:00,B003,57.2,214.49,True,,214.49,False,observed,2025-06-20,2025,6,20,171,0,0,4,Friday,True,False,summer,weekday,53.62250000000001
2025-06-20 00:15:00,B003,53.3,222.33,True,,222.33,False,observed,2025-06-20,2025,6,20,171,0,15,4,Friday,True,False,summer,weekday,55.5825
2025-06-20 00:30:00,B003,53.1,240.99,True,,240.99,False,observed,2025-06-20,2025,6,20,171,0,30,4,Friday,True,False,summer,weekday,60.24750000000001
2025-06-20 00:45:00,B003,52.9,249.39,True,,249.39,False,observed,2025-06-20,2025,6,20,171,0,45,4,Friday,True,False,summer,weekday,62.3475
2025-06-20 01:00:00,B003,52.8,257.73,True,,257.73,False,observed,2025-06-20,2025,6,20,171,1,0,4,Friday,True,False,summer,weekday,64.4325
2025-06-20 01:15:00,B003,52.8,257.61,True,,257.61,False,observed,2025-06-20,2025,6,20,171,1,15,4,Friday,True,False,summer,weekday,64.4025
2025-06-20 01:30:00,B003,52.8,264.88,True,,264.88,False,observed,2025-06-20,2025,6,20,171,1,30,4,Friday,True,False,summer,weekday,66.22
2025-06-20 01:45:00,B003,53.0,268.46,True,,268.46,False,observed,2025-06-20,2025,6,20,171,1,45,4,Friday,True,False,summer,weekday,67.115
2025-06-20 02:00:00,B003,53.1,273.91,True,,273.91,False,observed,2025-06-20,2025,6,20,171,2,0,4,Friday,True,False,summer,weekday,68.4775
2025-06-20 02:15:00,B003,53.4,276.53,True,,276.53,False,observed,2025-06-20,2025,6,20,171,2,15,4,Friday,True,False,summer,weekday,69.1325
2025-06-20 02:30:00,B003,53.7,266.98,True,,266.98,False,observed,2025-06-20,2025,6,20,171,2,30,4,Friday,True,False,summer,weekday,66.745
2025-06-20 02:45:00,B003,54.0,269.3,True,,269.3,False,observed,2025-06-20,2025,6,20,171,2,45,4,Friday,True,False,summer,weekday,67.325
2025-06-20 03:00:00,B003,54.4,256.55,True,,256.55,False,observed,2025-06-20,2025,6,20,171,3,0,4,Friday,True,False,summer,weekday,64.1375
2025-06-20 03:15:00,B003,54.9,242.42,True,,242.42,False,observed,2025-06-20,2025,6,20,171,3,15,4,Friday,True,False,summer,weekday,60.605
2025-06-20 03:30:00,B003,55.4,238.73,True,,238.73,False,observed,2025-06-20,2025,6,20,171,3,30,4,Friday,True,False,summer,weekday,59.6825
2025-06-20 03:45:00,B003,56.0,234.1,True,,234.1,False,observed,2025-06-20,2025,6,20,171,3,45,4,Friday,True,False,summer,weekday,58.525
2025-06-20 04:00:00,B003,56.7,226.99,True,,226.99,False,observed,2025-06-20,2025,6,20,171,4,0,4,Friday,True,False,summer,weekday,56.74750000000001
2025-06-20 04:15:00,B003,57.3,215.15,True,,215.15,False,observed,2025-06-20,2025,6,20,171,4,15,4,Friday,True,False,summer,weekday,53.7875
2025-06-20 04:30:00,B003,58.1,202.57,True,,202.57,False,observed,2025-06-20,2025,6,20,171,4,30,4,Friday,True,False,summer,weekday,50.6425
2025-06-20 04:45:00,B003,58.8,195.68,True,,195.68,False,observed,2025-06-20,2025,6,20,171,4,45,4,Friday,True,False,summer,weekday,48.92
2025-06-20 05:00:00,B003,59.6,195.06,True,,195.06,False,observed,2025-06-20,2025,6,20,171,5,0,4,Friday,True,False,summer,weekday,48.765
2025-06-20 05:15:00,B003,60.5,196.98,True,,196.98,False,observed,2025-06-20,2025,6,20,171,5,15,4,Friday,True,False,summer,weekday,49.245
2025-06-20 05:30:00,B003,61.3,188.08,True,,188.08,False,observed,2025-06-20,2025,6,20,171,5,30,4,Friday,True,False,summer,weekday,47.02
2025-06-20 05:45:00,B003,62.2,186.23,True,,186.23,False,observed,2025-06-20,2025,6,20,171,5,45,4,Friday,True,False,summer,weekday,46.5575
2025-06-20 06:00:00,B003,63.2,182.83,True,,182.83,False,observed,2025-06-20,2025,6,20,171,6,0,4,Friday,True,False,summer,weekday,45.7075
2025-06-20 06:15:00,B003,64.1,179.99,True,,179.99,False,observed,2025-06-20,2025,6,20,171,6,15,4,Friday,True,False,summer,weekday,44.99750000000001
2025-06-20 06:30:00,B003,65.1,180.19,True,,180.19,False,observed,2025-06-20,2025,6,20,171,6,30,4,Friday,True,False,summer,weekday,45.0475
2025-06-20 06:45:00,B003,66.0,181.28,True,,181.28,False,observed,2025-06-20,2025,6,20,171,6,45,4,Friday,True,False,summer,weekday,45.32
2025-06-20 07:00:00,B003,67.0,188.94,True,,188.94,False,observed,2025-06-20,2025,6,20,171,7,0,4,Friday,True,False,summer,weekday,47.235
2025-06-20 07:15:00,B003,68.0,179.0,True,,179.0,False,observed,2025-06-20,2025,6,20,171,7,15,4,Friday,True,False,summer,weekday,44.75
2025-06-20 07:30:00,B003,69.0,180.37,True,,180.37,False,observed,2025-06-20,2025,6,20,171,7,30,4,Friday,True,False,summer,weekday,45.0925
2025-06-20 07:45:00,B003,70.0,175.73,True,,175.73,False,observed,2025-06-20,2025,6,20,171,7,45,4,Friday,True,False,summer,weekday,43.9325
2025-06-20 08:00:00,B003,70.9,183.61,True,,183.61,False,observed,2025-06-20,2025,6,20,171,8,0,4,Friday,True,False,summer,weekday,45.9025
2025-06-20 08:15:00,B003,71.9,186.85,True,,186.85,False,observed,2025-06-20,2025,6,20,171,8,15,4,Friday,True,False,summer,weekday,46.7125
2025-06-20 08:30:00,B003,72.8,188.13,True,,188.13,False,observed,2025-06-20,2025,6,20,171,8,30,4,Friday,True,False,summer,weekday,47.0325
2025-06-20 08:45:00,B003,73.7,181.02,True,,181.02,False,observed,2025-06-20,2025,6,20,171,8,45,4,Friday,True,False,summer,weekday,45.255
2025-06-20 09:00:00,B003,74.6,182.87,True,,182.87,False,observed,2025-06-20,2025,6,20,171,9,0,4,Friday,True,False,summer,weekday,45.7175
2025-06-20 09:15:00,B003,75.5,179.23,True,,179.23,False,observed,2025-06-20,2025,6,20,171,9,15,4,Friday,True,False,summer,weekday,44.8075
2025-06-20 09:30:00,B003,76.3,182.64,True,,182.64,False,observed,2025-06-20,2025,6,20,171,9,30,4,Friday,True,False,summer,weekday,45.66
2025-06-20 09:45:00,B003,77.1,181.57,True,,181.57,False,observed,2025-06-20,2025,6,20,171,9,45,4,Friday,True,False,summer,weekday,45.3925
2025-06-20 10:00:00,B003,77.8,180.29,True,,180.29,False,observed,2025-06-20,2025,6,20,171,10,0,4,Friday,True,False,summer,weekday,45.0725
2025-06-20 10:15:00,B003,78.5,180.69,True,,180.69,False,observed,2025-06-20,2025,6,20,171,10,15,4,Friday,True,False,summer,weekday,45.1725
2025-06-20 10:30:00,B003,79.2,182.26,True,,182.26,False,observed,2025-06-20,2025,6,20,171,10,30,4,Friday,True,False,summer,weekday,45.56499999999999
2025-06-20 10:45:00,B003,79.8,178.53,True,,178.53,False,observed,2025-06-20,2025,6,20,171,10,45,4,Friday,True,False,summer,weekday,44.6325
2025-06-20 11:00:00,B003,80.4,178.79,True,,178.79,False,observed,2025-06-20,2025,6,20,171,11,0,4,Friday,True,False,summer,weekday,44.6975
2025-06-20 11:15:00,B003,80.9,188.54,True,,188.54,False,observed,2025-06-20,2025,6,20,171,11,15,4,Friday,True,False,summer,weekday,47.135
2025-06-20 11:30:00,B003,81.3,193.55,True,,193.55,False,observed,2025-06-20,2025,6,20,171,11,30,4,Friday,True,False,summer,weekday,48.3875
2025-06-20 11:45:00,B003,81.7,173.98,True,,173.98,False,observed,2025-06-20,2025,6,20,171,11,45,4,Friday,True,False,summer,weekday,43.495
2025-06-20 12:00:00,B003,82.1,173.7,True,,173.7,False,observed,2025-06-20,2025,6,20,171,12,0,4,Friday,True,False,summer,weekday,43.425
2025-06-20 12:15:00,B003,82.3,175.21,True,,175.21,False,observed,2025-06-20,2025,6,20,171,12,15,4,Friday,True,False,summer,weekday,43.8025
2025-06-20 12:30:00,B003,82.5,179.48,True,,179.48,False,observed,2025-06-20,2025,6,20,171,12,30,4,Friday,True,False,summer,weekday,44.87
2025-06-20 12:45:00,B003,82.7,184.48,True,,184.48,False,observed,2025-06-20,2025,6,20,171,12,45,4,Friday,True,False,summer,weekday,46.12
2025-06-20 13:00:00,B003,82.8,182.96,True,,182.96,False,observed,2025-06-20,2025,6,20,171,13,0,4,Friday,True,False,summer,weekday,45.74
2025-06-20 13:15:00,B003,82.8,180.86,True,,180.86,False,observed,2025-06-20,2025,6,20,171,13,15,4,Friday,True,False,summer,weekday,45.215
2025-06-20 13:30:00,B003,82.8,182.64,True,,182.64,False,observed,2025-06-20,2025,6,20,171,13,30,4,Friday,True,False,summer,weekday,45.66
2025-06-20 13:45:00,B003,82.6,176.54,True,,176.54,False,observed,2025-06-20,2025,6,20,171,13,45,4,Friday,True,False,summer,weekday,44.135
2025-06-20 14:00:00,B003,82.5,178.78,True,,178.78,False,observed,2025-06-20,2025,6,20,171,14,0,4,Friday,True,False,summer,weekday,44.695
2025-06-20 14:15:00,B003,82.2,179.9,True,,179.9,False,observed,2025-06-20,2025,6,20,171,14,15,4,Friday,True,False,summer,weekday,44.975
2025-06-20 14:30:00,B003,81.9,172.08,True,,172.08,False,observed,2025-06-20,2025,6,20,171,14,30,4,Friday,True,False,summer,weekday,43.02
2025-06-20 14:45:00,B003,81.6,174.19,True,,174.19,False,observed,2025-06-20,2025,6,20,171,14,45,4,Friday,True,False,summer,weekday,43.5475
2025-06-20 15:00:00,B003,81.2,174.39,True,,174.39,False,observed,2025-06-20,2025,6,20,171,15,0,4,Friday,True,False,summer,weekday,43.5975
2025-06-20 15:15:00,B003,80.7,183.82,True,,183.82,False,observed,2025-06-20,2025,6,20,171,15,15,4,Friday,True,False,summer,weekday,45.955
2025-06-20 15:30:00,B003,80.2,181.23,True,,181.23,False,observed,2025-06-20,2025,6,20,171,15,30,4,Friday,True,False,summer,weekday,45.3075
2025-06-20 15:45:00,B003,79.6,183.06,True,,183.06,False,observed,2025-06-20,2025,6,20,171,15,45,4,Friday,True,False,summer,weekday,45.765
2025-06-20 16:00:00,B003,78.9,170.8,True,,170.8,False,observed,2025-06-20,2025,6,20,171,16,0,4,Friday,True,False,summer,weekday,42.7
2025-06-20 16:15:00,B003,78.3,172.58,True,,172.58,False,observed,2025-06-20,2025,6,20,171,16,15,4,Friday,True,False,summer,weekday,43.145
2025-06-20 16:30:00,B003,77.5,183.32,True,,183.32,False,observed,2025-06-20,2025,6,20,171,16,30,4,Friday,True,False,summer,weekday,45.83
2025-06-20 16:45:00,B003,76.8,166.11,True,,166.11,False,observed,2025-06-20,2025,6,20,171,16,45,4,Friday,True,False,summer,weekday,41.5275
2025-06-20 17:00:00,B003,76.0,186.12,True,,186.12,False,observed,2025-06-20,2025,6,20,171,17,0,4,Friday,True,False,summer,weekday,46.53
2025-06-20 17:15:00,B003,75.1,170.88,True,,170.88,False,observed,2025-06-20,2025,6,20,171,17,15,4,Friday,True,False,summer,weekday,42.72
2025-06-20 17:30:00,B003,74.3,184.22,True,,184.22,False,observed,2025-06-20,2025,6,20,171,17,30,4,Friday,True,False,summer,weekday,46.055
2025-06-20 17:45:00,B003,73.4,175.56,True,,175.56,False,observed,2025-06-20,2025,6,20,171,17,45,4,Friday,True,False,summer,weekday,43.89
2025-06-20 18:00:00,B003,72.4,185.24,True,,185.24,False,observed,2025-06-20,2025,6,20,171,18,0,4,Friday,True,False,summer,weekday,46.31000000000001
2025-06-20 18:15:00,B003,71.5,196.04,True,,196.04,False,observed,2025-06-20,2025,6,20,171,18,15,4,Friday,True,False,summer,weekday,49.01
2025-06-20 18:30:00,B003,70.5,168.63,True,,168.63,False,observed,2025-06-20,2025,6,20,171,18,30,4,Friday,True,False,summer,weekday,42.1575
2025-06-20 18:45:00,B003,69.6,183.48,True,,183.48,False,observed,2025-06-20,2025,6,20,171,18,45,4,Friday,True,False,summer,weekday,45.87
2025-06-20 19:00:00,B003,68.6,170.96,True,,170.96,False,observed,2025-06-20,2025,6,20,171,19,0,4,Friday,True,False,summer,weekday,42.74
2025-06-20 19:15:00,B003,67.6,182.14,True,,182.14,False,observed,2025-06-20,2025,6,20,171,19,15,4,Friday,True,False,summer,weekday,45.535
2025-06-20 19:30:00,B003,66.6,178.97,True,,178.97,False,observed,2025-06-20,2025,6,20,171,19,30,4,Friday,True,False,summer,weekday,44.7425
2025-06-20 19:45:00,B003,65.6,180.66,True,,180.66,False,observed,2025-06-20,2025,6,20,171,19,45,4,Friday,True,False,summer,weekday,45.165
2025-06-20 20:00:00,B003,64.7,175.47,True,,175.47,False,observed,2025-06-20,2025,6,20,171,20,0,4,Friday,True,False,summer,weekday,43.8675
2025-06-20 20:15:00,B003,63.7,183.96,True,,183.96,False,observed,2025-06-20,2025,6,20,171,20,15,4,Friday,True,False,summer,weekday,45.99
2025-06-20 20:30:00,B003,62.8,172.87,True,,172.87,False,observed,2025-06-20,2025,6,20,171,20,30,4,Friday,True,False,summer,weekday,43.2175
2025-06-20 20:45:00,B003,61.9,186.41,True,,186.41,False,observed,2025-06-20,2025,6,20,171,20,45,4,Friday,True,False,summer,weekday,46.6025
2025-06-20 21:00:00,B003,61.0,178.3,True,,178.3,False,observed,2025-06-20,2025,6,20,171,21,0,4,Friday,True,False,summer,weekday,44.575
2025-06-20 21:15:00,B003,60.1,173.58,True,,173.58,False,observed,2025-06-20,2025,6,20,171,21,15,4,Friday,True,False,summer,weekday,43.395
2025-06-20 21:30:00,B003,59.3,188.97,True,,188.97,False,observed,2025-06-20,2025,6,20,171,21,30,4,Friday,True,False,summer,weekday,47.2425
2025-06-20 21:45:00,B003,58.5,181.29,True,,181.29,False,observed,2025-06-20,2025,6,20,171,21,45,4,Friday,True,False,summer,weekday,45.3225
2025-06-20 22:00:00,B003,57.8,192.11,True,,192.11,False,observed,2025-06-20,2025,6,20,171,22,0,4,Friday,True,False,summer,weekday,48.0275
2025-06-20 22:15:00,B003,57.1,190.06,True,,190.06,False,observed,2025-06-20,2025,6,20,171,22,15,4,Friday,True,False,summer,weekday,47.515
2025-06-20 22:30:00,B003,56.4,181.92,True,,181.92,False,observed,2025-06-20,2025,6,20,171,22,30,4,Friday,True,False,summer,weekday,45.48
2025-06-20 22:45:00,B003,55.8,188.18,True,,188.18,False,observed,2025-06-20,2025,6,20,171,22,45,4,Friday,True,False,summer,weekday,47.045
2025-06-20 23:00:00,B003,55.2,192.79,True,,192.79,False,observed,2025-06-20,2025,6,20,171,23,0,4,Friday,True,False,summer,weekday,48.1975
2025-06-20 23:15:00,B003,54.7,204.4,True,,204.4,False,observed,2025-06-20,2025,6,20,171,23,15,4,Friday,True,False,summer,weekday,51.1
2025-06-20 23:30:00,B003,54.3,204.63,True,,204.63,False,observed,2025-06-20,2025,6,20,171,23,30,4,Friday,True,False,summer,weekday,51.1575
2025-06-20 23:45:00,B003,53.9,210.1,True,,210.1,False,observed,2025-06-20,2025,6,20,171,23,45,4,Friday,True,False,summer,weekday,52.525
2025-06-21 00:00:00,B003,53.5,216.0,True,,216.0,False,observed,2025-06-21,2025,6,21,172,0,0,5,Saturday,False,True,summer,weekend,54.0
2025-06-21 00:15:00,B003,52.7,225.32,True,,225.32,False,observed,2025-06-21,2025,6,21,172,0,15,5,Saturday,False,True,summer,weekend,56.33
2025-06-21 00:30:00,B003,52.5,241.11,True,,241.11,False,observed,2025-06-21,2025,6,21,172,0,30,5,Saturday,False,True,summer,weekend,60.2775
2025-06-21 00:45:00,B003,52.4,243.62,True,,243.62,False,observed,2025-06-21,2025,6,21,172,0,45,5,Saturday,False,True,summer,weekend,60.905
2025-06-21 01:00:00,B003,52.3,250.09,True,,250.09,False,observed,2025-06-21,2025,6,21,172,1,0,5,Saturday,False,True,summer,weekend,62.5225
2025-06-21 01:15:00,B003,52.3,256.6,True,,256.6,False,observed,2025-06-21,2025,6,21,172,1,15,5,Saturday,False,True,summer,weekend,64.15
2025-06-21 01:30:00,B003,52.3,262.37,True,,262.37,False,observed,2025-06-21,2025,6,21,172,1,30,5,Saturday,False,True,summer,weekend,65.5925
2025-06-21 01:45:00,B003,52.4,261.75,True,,261.75,False,observed,2025-06-21,2025,6,21,172,1,45,5,Saturday,False,True,summer,weekend,65.4375
2025-06-21 02:00:00,B003,52.6,266.25,True,,266.25,False,observed,2025-06-21,2025,6,21,172,2,0,5,Saturday,False,True,summer,weekend,66.5625
2025-06-21 02:15:00,B003,52.8,276.25,True,,276.25,False,observed,2025-06-21,2025,6,21,172,2,15,5,Saturday,False,True,summer,weekend,69.0625
2025-06-21 02:30:00,B003,53.1,264.1,True,,264.1,False,observed,2025-06-21,2025,6,21,172,2,30,5,Saturday,False,True,summer,weekend,66.025
2025-06-21 02:45:00,B003,53.5,262.95,True,,262.95,False,observed,2025-06-21,2025,6,21,172,2,45,5,Saturday,False,True,summer,weekend,65.7375
2025-06-21 03:00:00,B003,53.9,239.67,True,,239.67,False,observed,2025-06-21,2025,6,21,172,3,0,5,Saturday,False,True,summer,weekend,59.9175
2025-06-21 03:15:00,B003,54.4,246.44,True,,246.44,False,observed,2025-06-21,2025,6,21,172,3,15,5,Saturday,False,True,summer,weekend,61.61
2025-06-21 03:30:00,B003,54.9,233.78,True,,233.78,False,observed,2025-06-21,2025,6,21,172,3,30,5,Saturday,False,True,summer,weekend,58.445
2025-06-21 03:45:00,B003,55.5,223.16,True,,223.16,False,observed,2025-06-21,2025,6,21,172,3,45,5,Saturday,False,True,summer,weekend,55.79
2025-06-21 04:00:00,B003,56.1,217.9,True,,217.9,False,observed,2025-06-21,2025,6,21,172,4,0,5,Saturday,False,True,summer,weekend,54.475
2025-06-21 04:15:00,B003,56.8,206.74,True,,206.74,False,observed,2025-06-21,2025,6,21,172,4,15,5,Saturday,False,True,summer,weekend,51.68500000000001
2025-06-21 04:30:00,B003,57.5,191.82,True,,191.82,False,observed,2025-06-21,2025,6,21,172,4,30,5,Saturday,False,True,summer,weekend,47.955
2025-06-21 04:45:00,B003,58.3,201.38,True,,201.38,False,observed,2025-06-21,2025,6,21,172,4,45,5,Saturday,False,True,summer,weekend,50.345
2025-06-21 05:00:00,B003,59.1,193.4,True,,193.4,False,observed,2025-06-21,2025,6,21,172,5,0,5,Saturday,False,True,summer,weekend,48.35
2025-06-21 05:15:00,B003,59.9,187.04,True,,187.04,False,observed,2025-06-21,2025,6,21,172,5,15,5,Saturday,False,True,summer,weekend,46.76
2025-06-21 05:30:00,B003,60.8,181.08,True,,181.08,False,observed,2025-06-21,2025,6,21,172,5,30,5,Saturday,False,True,summer,weekend,45.27
2025-06-21 05:45:00,B003,61.7,176.61,True,,176.61,False,observed,2025-06-21,2025,6,21,172,5,45,5,Saturday,False,True,summer,weekend,44.1525
2025-06-21 06:00:00,B003,62.6,183.69,True,,183.69,False,observed,2025-06-21,2025,6,21,172,6,0,5,Saturday,False,True,summer,weekend,45.9225
2025-06-21 06:15:00,B003,63.6,189.69,True,,189.69,False,observed,2025-06-21,2025,6,21,172,6,15,5,Saturday,False,True,summer,weekend,47.4225
2025-06-21 06:30:00,B003,64.5,182.02,True,,182.02,False,observed,2025-06-21,2025,6,21,172,6,30,5,Saturday,False,True,summer,weekend,45.505
2025-06-21 06:45:00,B003,65.5,173.68,True,,173.68,False,observed,2025-06-21,2025,6,21,172,6,45,5,Saturday,False,True,summer,weekend,43.42
2025-06-21 07:00:00,B003,66.5,181.47,True,,181.47,False,observed,2025-06-21,2025,6,21,172,7,0,5,Saturday,False,True,summer,weekend,45.3675
2025-06-21 07:15:00,B003,67.5,179.93,True,,179.93,False,observed,2025-06-21,2025,6,21,172,7,15,5,Saturday,False,True,summer,weekend,44.9825
2025-06-21 07:30:00,B003,68.4,184.43,True,,184.43,False,observed,2025-06-21,2025,6,21,172,7,30,5,Saturday,False,True,summer,weekend,46.1075
2025-06-21 07:45:00,B003,69.4,183.09,True,,183.09,False,observed,2025-06-21,2025,6,21,172,7,45,5,Saturday,False,True,summer,weekend,45.7725
2025-06-21 08:00:00,B003,70.4,165.1,True,,165.1,False,observed,2025-06-21,2025,6,21,172,8,0,5,Saturday,False,True,summer,weekend,41.275
2025-06-21 08:15:00,B003,71.3,182.74,True,,182.74,False,observed,2025-06-21,2025,6,21,172,8,15,5,Saturday,False,True,summer,weekend,45.68500000000001
2025-06-21 08:30:00,B003,72.3,174.99,True,,174.99,False,observed,2025-06-21,2025,6,21,172,8,30,5,Saturday,False,True,summer,weekend,43.74750000000001
2025-06-21 08:45:00,B003,73.2,172.89,True,,172.89,False,observed,2025-06-21,2025,6,21,172,8,45,5,Saturday,False,True,summer,weekend,43.2225
2025-06-21 09:00:00,B003,74.1,179.06,True,,179.06,False,observed,2025-06-21,2025,6,21,172,9,0,5,Saturday,False,True,summer,weekend,44.765
2025-06-21 09:15:00,B003,74.9,182.06,True,,182.06,False,observed,2025-06-21,2025,6,21,172,9,15,5,Saturday,False,True,summer,weekend,45.515
2025-06-21 09:30:00,B003,75.8,171.8,True,,171.8,False,observed,2025-06-21,2025,6,21,172,9,30,5,Saturday,False,True,summer,weekend,42.95
2025-06-21 09:45:00,B003,76.5,183.52,True,,183.52,False,observed,2025-06-21,2025,6,21,172,9,45,5,Saturday,False,True,summer,weekend,45.88
2025-06-21 10:00:00,B003,77.3,183.82,True,,183.82,False,observed,2025-06-21,2025,6,21,172,10,0,5,Saturday,False,True,summer,weekend,45.955
2025-06-21 10:15:00,B003,78.0,180.23,True,,180.23,False,observed,2025-06-21,2025,6,21,172,10,15,5,Saturday,False,True,summer,weekend,45.0575
2025-06-21 10:30:00,B003,78.7,175.66,True,,175.66,False,observed,2025-06-21,2025,6,21,172,10,30,5,Saturday,False,True,summer,weekend,43.915
2025-06-21 10:45:00,B003,79.3,175.1,True,,175.1,False,observed,2025-06-21,2025,6,21,172,10,45,5,Saturday,False,True,summer,weekend,43.775
2025-06-21 11:00:00,B003,79.8,185.13,True,,185.13,False,observed,2025-06-21,2025,6,21,172,11,0,5,Saturday,False,True,summer,weekend,46.2825
2025-06-21 11:15:00,B003,80.3,172.44,True,,172.44,False,observed,2025-06-21,2025,6,21,172,11,15,5,Saturday,False,True,summer,weekend,43.11
2025-06-21 11:30:00,B003,80.8,185.32,True,,185.32,False,observed,2025-06-21,2025,6,21,172,11,30,5,Saturday,False,True,summer,weekend,46.33
2025-06-21 11:45:00,B003,81.2,179.17,True,,179.17,False,observed,2025-06-21,2025,6,21,172,11,45,5,Saturday,False,True,summer,weekend,44.7925
2025-06-21 12:00:00,B003,81.5,179.52,True,,179.52,False,observed,2025-06-21,2025,6,21,172,12,0,5,Saturday,False,True,summer,weekend,44.88
2025-06-21 12:15:00,B003,81.8,171.46,True,,171.46,False,observed,2025-06-21,2025,6,21,172,12,15,5,Saturday,False,True,summer,weekend,42.865
2025-06-21 12:30:00,B003,82.0,179.27,True,,179.27,False,observed,2025-06-21,2025,6,21,172,12,30,5,Saturday,False,True,summer,weekend,44.8175
2025-06-21 12:45:00,B003,82.2,183.07,True,,183.07,False,observed,2025-06-21,2025,6,21,172,12,45,5,Saturday,False,True,summer,weekend,45.7675
2025-06-21 13:00:00,B003,82.2,173.32,True,,173.32,False,observed,2025-06-21,2025,6,21,172,13,0,5,Saturday,False,True,summer,weekend,43.33
2025-06-21 13:15:00,B003,82.3,182.49,True,,182.49,False,observed,2025-06-21,2025,6,21,172,13,15,5,Saturday,False,True,summer,weekend,45.62250000000001
2025-06-21 13:30:00,B003,82.2,180.45,True,,180.45,False,observed,2025-06-21,2025,6,21,172,13,30,5,Saturday,False,True,summer,weekend,45.1125
2025-06-21 13:45:00,B003,82.1,176.78,True,,176.78,False,observed,2025-06-21,2025,6,21,172,13,45,5,Saturday,False,True,summer,weekend,44.195
2025-06-21 14:00:00,B003,81.9,184.27,True,,184.27,False,observed,2025-06-21,2025,6,21,172,14,0,5,Saturday,False,True,summer,weekend,46.0675
2025-06-21 14:15:00,B003,81.7,168.99,True,,168.99,False,observed,2025-06-21,2025,6,21,172,14,15,5,Saturday,False,True,summer,weekend,42.24750000000001
2025-06-21 14:30:00,B003,81.4,181.73,True,,181.73,False,observed,2025-06-21,2025,6,21,172,14,30,5,Saturday,False,True,summer,weekend,45.4325
2025-06-21 14:45:00,B003,81.0,188.1,True,,188.1,False,observed,2025-06-21,2025,6,21,172,14,45,5,Saturday,False,True,summer,weekend,47.025
2025-06-21 15:00:00,B003,80.6,187.2,True,,187.2,False,observed,2025-06-21,2025,6,21,172,15,0,5,Saturday,False,True,summer,weekend,46.8
2025-06-21 15:15:00,B003,80.2,181.95,True,,181.95,False,observed,2025-06-21,2025,6,21,172,15,15,5,Saturday,False,True,summer,weekend,45.4875
2025-06-21 15:30:00,B003,79.6,178.49,True,,178.49,False,observed,2025-06-21,2025,6,21,172,15,30,5,Saturday,False,True,summer,weekend,44.62250000000001
2025-06-21 15:45:00,B003,79.0,176.82,True,,176.82,False,observed,2025-06-21,2025,6,21,172,15,45,5,Saturday,False,True,summer,weekend,44.205
2025-06-21 16:00:00,B003,78.4,178.49,True,,178.49,False,observed,2025-06-21,2025,6,21,172,16,0,5,Saturday,False,True,summer,weekend,44.62250000000001
2025-06-21 16:15:00,B003,77.7,182.72,True,,182.72,False,observed,2025-06-21,2025,6,21,172,16,15,5,Saturday,False,True,summer,weekend,45.68
2025-06-21 16:30:00,B003,77.0,175.96,True,,175.96,False,observed,2025-06-21,2025,6,21,172,16,30,5,Saturday,False,True,summer,weekend,43.99
2025-06-21 16:45:00,B003,76.2,183.79,True,,183.79,False,observed,2025-06-21,2025,6,21,172,16,45,5,Saturday,False,True,summer,weekend,45.9475
2025-06-21 17:00:00,B003,75.4,190.67,True,,190.67,False,observed,2025-06-21,2025,6,21,172,17,0,5,Saturday,False,True,summer,weekend,47.6675
2025-06-21 17:15:00,B003,74.6,179.69,True,,179.69,False,observed,2025-06-21,2025,6,21,172,17,15,5,Saturday,False,True,summer,weekend,44.9225
2025-06-21 17:30:00,B003,73.7,173.28,True,,173.28,False,observed,2025-06-21,2025,6,21,172,17,30,5,Saturday,False,True,summer,weekend,43.32
2025-06-21 17:45:00,B003,72.8,173.28,True,,173.28,False,observed,2025-06-21,2025,6,21,172,17,45,5,Saturday,False,True,summer,weekend,43.32
2025-06-21 18:00:00,B003,71.9,183.88,True,,183.88,False,observed,2025-06-21,2025,6,21,172,18,0,5,Saturday,False,True,summer,weekend,45.97
2025-06-21 18:15:00,B003,71.0,179.7,True,,179.7,False,observed,2025-06-21,2025,6,21,172,18,15,5,Saturday,False,True,summer,weekend,44.925
2025-06-21 18:30:00,B003,70.0,184.38,True,,184.38,False,observed,2025-06-21,2025,6,21,172,18,30,5,Saturday,False,True,summer,weekend,46.095
2025-06-21 18:45:00,B003,69.0,177.33,True,,177.33,False,observed,2025-06-21,2025,6,21,172,18,45,5,Saturday,False,True,summer,weekend,44.3325
2025-06-21 19:00:00,B003,68.0,184.15,True,,184.15,False,observed,2025-06-21,2025,6,21,172,19,0,5,Saturday,False,True,summer,weekend,46.0375
2025-06-21 19:15:00,B003,67.1,179.21,True,,179.21,False,observed,2025-06-21,2025,6,21,172,19,15,5,Saturday,False,True,summer,weekend,44.8025
2025-06-21 19:30:00,B003,66.1,176.35,True,,176.35,False,observed,2025-06-21,2025,6,21,172,19,30,5,Saturday,False,True,summer,weekend,44.0875
2025-06-21 19:45:00,B003,65.1,178.01,True,,178.01,False,observed,2025-06-21,2025,6,21,172,19,45,5,Saturday,False,True,summer,weekend,44.50249999999999
2025-06-21 20:00:00,B003,64.1,174.04,True,,174.04,False,observed,2025-06-21,2025,6,21,172,20,0,5,Saturday,False,True,summer,weekend,43.51
2025-06-21 20:15:00,B003,63.2,190.0,True,,190.0,False,observed,2025-06-21,2025,6,21,172,20,15,5,Saturday,False,True,summer,weekend,47.5
2025-06-21 20:30:00,B003,62.3,179.63,True,,179.63,False,observed,2025-06-21,2025,6,21,172,20,30,5,Saturday,False,True,summer,weekend,44.9075
2025-06-21 20:45:00,B003,61.3,183.42,True,,183.42,False,observed,2025-06-21,2025,6,21,172,20,45,5,Saturday,False,True,summer,weekend,45.855
2025-06-21 21:00:00,B003,60.5,177.66,True,,177.66,False,observed,2025-06-21,2025,6,21,172,21,0,5,Saturday,False,True,summer,weekend,44.415
2025-06-21 21:15:00,B003,59.6,175.34,True,,175.34,False,observed,2025-06-21,2025,6,21,172,21,15,5,Saturday,False,True,summer,weekend,43.835
2025-06-21 21:30:00,B003,58.8,179.83,True,,179.83,False,observed,2025-06-21,2025,6,21,172,21,30,5,Saturday,False,True,summer,weekend,44.9575
2025-06-21 21:45:00,B003,58.0,187.13,True,,187.13,False,observed,2025-06-21,2025,6,21,172,21,45,5,Saturday,False,True,summer,weekend,46.7825
2025-06-21 22:00:00,B003,57.2,179.97,True,,179.97,False,observed,2025-06-21,2025,6,21,172,22,0,5,Saturday,False,True,summer,weekend,44.9925
2025-06-21 22:15:00,B003,56.5,179.6,True,,179.6,False,observed,2025-06-21,2025,6,21,172,22,15,5,Saturday,False,True,summer,weekend,44.9
2025-06-21 22:30:00,B003,55.9,186.69,True,,186.69,False,observed,2025-06-21,2025,6,21,172,22,30,5,Saturday,False,True,summer,weekend,46.6725
2025-06-21 22:45:00,B003,55.2,191.1,True,,191.1,False,observed,2025-06-21,2025,6,21,172,22,45,5,Saturday,False,True,summer,weekend,47.775
2025-06-21 23:00:00,B003,54.7,200.39,True,,200.39,False,observed,2025-06-21,2025,6,21,172,23,0,5,Saturday,False,True,summer,weekend,50.0975
2025-06-21 23:15:00,B003,54.2,198.53,True,,198.53,False,observed,2025-06-21,2025,6,21,172,23,15,5,Saturday,False,True,summer,weekend,49.6325
2025-06-21 23:30:00,B003,53.7,205.66,True,,205.66,False,observed,2025-06-21,2025,6,21,172,23,30,5,Saturday,False,True,summer,weekend,51.415
2025-06-21 23:45:00,B003,53.3,212.82,True,,212.82,False,observed,2025-06-21,2025,6,21,172,23,45,5,Saturday,False,True,summer,weekend,53.205
2025-06-22 00:00:00,B003,53.0,211.24,True,,211.24,False,observed,2025-06-22,2025,6,22,173,0,0,6,Sunday,False,True,summer,weekend,52.81000000000001
